2026-08-10 13:57:56,538 | INFO | apscheduler.scheduler | Adding job tentatively -- it will be properly scheduled when the scheduler starts
2026-08-10 13:57:56,540 | INFO | apscheduler.scheduler | Added job "MonitoringService.run_cycle" to job store "default"
2026-08-10 13:57:56,540 | INFO | apscheduler.scheduler | Scheduler started
2026-08-10 13:57:56,541 | INFO | app.services.monitoring_service | monitoring_cycle_started
2026-08-10 13:57:57,466 | INFO | httpx | HTTP Request: GET https://legacy.winningform.co.za "HTTP/1.1 200 OK"
2026-08-10 13:57:57,475 | INFO | app.scrapers.winning_form_scraper | fetch_index_frames=['https://legacy.winningform.co.za/guide.htm', 'https://legacy.winningform.co.za/cover.htm']
2026-08-10 13:57:57,570 | INFO | httpx | HTTP Request: GET https://legacy.winningform.co.za "HTTP/1.1 200 OK"
2026-08-10 13:57:57,753 | INFO | httpx | HTTP Request: GET https://legacy.winningform.co.za/guide.htm "HTTP/1.1 200 OK"
2026-08-10 13:57:57,890 | INFO | httpx | HTTP Request: GET https://legacy.winningform.co.za/cover.htm "HTTP/1.1 200 OK"
2026-08-10 13:57:57,993 | INFO | httpx | HTTP Request: GET https://legacy.winningform.co.za "HTTP/1.1 200 OK"
2026-08-10 13:57:58,104 | INFO | httpx | HTTP Request: GET https://legacy.winningform.co.za/guide.htm "HTTP/1.1 200 OK"
2026-08-10 13:57:58,283 | INFO | httpx | HTTP Request: GET https://legacy.winningform.co.za/cover.htm "HTTP/1.1 200 OK"
2026-08-10 13:57:58,306 | INFO | app.scrapers.winning_form_scraper | race_links_total=24
2026-08-10 13:57:58,308 | INFO | app.scrapers.winning_form_scraper | meetings_seen=['gau-p260810', 'gau-r260813', 'wcp-k260812']
2026-08-10 13:57:58,455 | INFO | httpx | HTTP Request: GET https://legacy.winningform.co.za/GAU/2P260810_1.htm "HTTP/1.1 200 OK"
2026-08-10 13:57:58,668 | INFO | app.scrapers.winning_form_scraper | runner_table_used columns={'number': 0, 'name': 1, 'length_behind': 2, 'speed_index': 3, 'predicted_time': 4, 'merit': 5, 'weight': 6, 'draw': 7, 'jockey': 9, 'trainer': 10, 'previous_run': 12, 'time': 17} extracted=10 stated=10
2026-08-10 13:57:58,668 | INFO | app.scrapers.winning_form_scraper | race_parsed url=https://legacy.winningform.co.za/GAU/2P260810_1.htm venue=Fairview Polytrack date=2026-08-10 race=1 stated=10 parsed=9
2026-08-10 13:57:58,668 | INFO | app.scrapers.winning_form_scraper | horse_names=["Monkey's Wedding", 'Masterofthebaroque', 'Capranica', 'Dead Poets Society', 'Window To My Soul', 'Straight Red', 'Luca Da Wheels', 'Lyrics And Songs', 'Fleet Return', 'Island Jewel']
2026-08-10 13:57:59,175 | INFO | httpx | HTTP Request: GET https://legacy.winningform.co.za/GAU/2P260810_2.htm "HTTP/1.1 200 OK"
2026-08-10 13:57:59,302 | INFO | app.scrapers.winning_form_scraper | runner_table_used columns={'number': 0, 'name': 1, 'length_behind': 2, 'speed_index': 3, 'predicted_time': 4, 'merit': 5, 'weight': 6, 'draw': 7, 'jockey': 9, 'trainer': 10, 'previous_run': 12, 'time': 17} extracted=7 stated=7
2026-08-10 13:57:59,302 | INFO | app.scrapers.winning_form_scraper | race_parsed url=https://legacy.winningform.co.za/GAU/2P260810_2.htm venue=Fairview Polytrack date=2026-08-10 race=2 stated=7 parsed=6
2026-08-10 13:57:59,303 | INFO | app.scrapers.winning_form_scraper | horse_names=['Gimmethegold', 'Love From Afar', 'Xtines Princess', 'Apples And Tea', 'Makajima', 'Norse Warrior', 'Playmaker']
2026-08-10 13:57:59,490 | INFO | httpx | HTTP Request: GET https://legacy.winningform.co.za/GAU/2P260810_3.htm "HTTP/1.1 200 OK"
2026-08-10 13:57:59,600 | INFO | app.scrapers.winning_form_scraper | runner_table_used columns={'number': 0, 'name': 1, 'length_behind': 2, 'speed_index': 3, 'predicted_time': 4, 'merit': 5, 'weight': 6, 'draw': 7, 'jockey': 9, 'trainer': 10, 'previous_run': 12, 'time': 17} extracted=6 stated=6
2026-08-10 13:57:59,600 | INFO | app.scrapers.winning_form_scraper | race_parsed url=https://legacy.winningform.co.za/GAU/2P260810_3.htm venue=Fairview Polytrack date=2026-08-10 race=3 stated=6 parsed=5
2026-08-10 13:57:59,601 | INFO | app.scrapers.winning_form_scraper | horse_names=['Rhythm', 'Warrior Of Royalty', "Slash 'n Burn", 'Chocolate Bomb', 'Master Mtoto', 'Bumps Last Grind']
2026-08-10 13:57:59,787 | INFO | httpx | HTTP Request: GET https://legacy.winningform.co.za/GAU/2P260810_4.htm "HTTP/1.1 200 OK"
2026-08-10 13:57:59,941 | INFO | app.scrapers.winning_form_scraper | runner_table_used columns={'number': 0, 'name': 1, 'length_behind': 2, 'speed_index': 3, 'predicted_time': 4, 'merit': 5, 'weight': 6, 'draw': 7, 'jockey': 9, 'trainer': 10, 'previous_run': 12, 'time': 17} extracted=8 stated=8
2026-08-10 13:57:59,942 | INFO | app.scrapers.winning_form_scraper | race_parsed url=https://legacy.winningform.co.za/GAU/2P260810_4.htm venue=Fairview Polytrack date=2026-08-10 race=4 stated=8 parsed=8
2026-08-10 13:57:59,942 | INFO | app.scrapers.winning_form_scraper | horse_names=['Kings Again', 'Gorgeous Cape', 'Sports Fan', 'Sweet Julia', 'Roaming Spirit', 'Detailed Forecast', 'Gaslight Dancer', 'Windsor Silk']
2026-08-10 13:58:00,132 | INFO | httpx | HTTP Request: GET https://legacy.winningform.co.za/GAU/2P260810_5.htm "HTTP/1.1 200 OK"
2026-08-10 13:58:00,248 | INFO | app.scrapers.winning_form_scraper | runner_table_used columns={'number': 0, 'name': 1, 'length_behind': 2, 'speed_index': 3, 'predicted_time': 4, 'merit': 5, 'weight': 6, 'draw': 7, 'jockey': 9, 'trainer': 10, 'previous_run': 12, 'time': 17} extracted=8 stated=8
2026-08-10 13:58:00,248 | INFO | app.scrapers.winning_form_scraper | race_parsed url=https://legacy.winningform.co.za/GAU/2P260810_5.htm venue=Fairview Polytrack date=2026-08-10 race=5 stated=8 parsed=8
2026-08-10 13:58:00,249 | INFO | app.scrapers.winning_form_scraper | horse_names=['Spirit Of Nical', 'Tp Thunderchild', "You're My Angel", 'Rare Earth', 'Looking Good', 'Queen Of Castille', 'Jazz Away', 'Love You Lots']
2026-08-10 13:58:00,462 | INFO | httpx | HTTP Request: GET https://legacy.winningform.co.za/GAU/2P260810_6.htm "HTTP/1.1 200 OK"
2026-08-10 13:58:00,577 | INFO | app.scrapers.winning_form_scraper | runner_table_used columns={'number': 0, 'name': 1, 'length_behind': 2, 'speed_index': 3, 'predicted_time': 4, 'merit': 5, 'weight': 6, 'draw': 7, 'jockey': 9, 'trainer': 10, 'previous_run': 12, 'time': 17} extracted=9 stated=9
2026-08-10 13:58:00,577 | INFO | app.scrapers.winning_form_scraper | race_parsed url=https://legacy.winningform.co.za/GAU/2P260810_6.htm venue=Fairview Polytrack date=2026-08-10 race=6 stated=9 parsed=8
2026-08-10 13:58:00,578 | INFO | app.scrapers.winning_form_scraper | horse_names=['El Capitan', "Honorine's Gimmie", 'Diablo', 'Charlie Malone', 'Eugenius', 'Ayuwi Yuwi', "Clara Lume'", 'Clairwood Rose', 'Notorix']
2026-08-10 13:58:00,899 | INFO | httpx | HTTP Request: GET https://legacy.winningform.co.za/GAU/2P260810_7.htm "HTTP/1.1 200 OK"
2026-08-10 13:58:01,013 | INFO | app.scrapers.winning_form_scraper | runner_table_used columns={'number': 0, 'name': 1, 'length_behind': 2, 'speed_index': 3, 'predicted_time': 4, 'merit': 5, 'weight': 6, 'draw': 7, 'jockey': 9, 'trainer': 10, 'previous_run': 12, 'time': 17} extracted=8 stated=8
2026-08-10 13:58:01,014 | INFO | app.scrapers.winning_form_scraper | race_parsed url=https://legacy.winningform.co.za/GAU/2P260810_7.htm venue=Fairview Polytrack date=2026-08-10 race=7 stated=8 parsed=7
2026-08-10 13:58:01,014 | INFO | app.scrapers.winning_form_scraper | horse_names=['Kleinzee', 'Royal Missy', 'Silvonian', 'Honorable Member', 'George Handel', 'Ingqwele', 'Terminator', 'Royal City Girl']
2026-08-10 13:58:01,339 | INFO | httpx | HTTP Request: GET https://legacy.winningform.co.za/GAU/2P260810_8.htm "HTTP/1.1 200 OK"
2026-08-10 13:58:01,495 | INFO | app.scrapers.winning_form_scraper | runner_table_used columns={'number': 0, 'name': 1, 'length_behind': 2, 'speed_index': 3, 'predicted_time': 4, 'merit': 5, 'weight': 6, 'draw': 7, 'jockey': 9, 'trainer': 10, 'previous_run': 12, 'time': 17} extracted=13 stated=13
2026-08-10 13:58:01,496 | INFO | app.scrapers.winning_form_scraper | race_parsed url=https://legacy.winningform.co.za/GAU/2P260810_8.htm venue=Fairview Polytrack date=2026-08-10 race=8 stated=13 parsed=12
2026-08-10 13:58:01,496 | INFO | app.scrapers.winning_form_scraper | horse_names=['Past And Present', 'Supreme Judge', 'El Romiachi', 'Amanzimtexas', 'Blue Palace', 'Fantine', 'Sabrage', 'King Rahul', 'Northern Kitten', 'Gimme The Truth', 'Greek Heiress', 'Dream Decision', 'Hospices De Beaune']
2026-08-10 13:58:02,188 | INFO | httpx | HTTP Request: GET https://legacy.winningform.co.za/WCP/2K260812_1.htm "HTTP/1.1 200 OK"
2026-08-10 13:58:02,312 | INFO | app.scrapers.winning_form_scraper | runner_table_used columns={'number': 0, 'name': 1, 'length_behind': 2, 'speed_index': 3, 'predicted_time': 4, 'merit': 5, 'weight': 6, 'draw': 7, 'jockey': 9, 'trainer': 10, 'previous_run': 12, 'time': 17} extracted=16 stated=16
2026-08-10 13:58:02,313 | INFO | app.scrapers.winning_form_scraper | race_parsed url=https://legacy.winningform.co.za/WCP/2K260812_1.htm venue=Hollywoodbets Kenilworth date=2026-08-12 race=1 stated=16 parsed=16
2026-08-10 13:58:02,313 | INFO | app.scrapers.winning_form_scraper | horse_names=['Senorita Lolita', 'Peach Cobbler', 'Roman Beauty', 'Viridian Ruby', 'Kim Chanel', 'Bursturbubble', 'Polar Expedition', 'Nadia Nerina', 'Mac D', 'One Ripple', 'Uncut Gem', 'Pipsqueak', 'Lila Kendy', 'Frozen Asset', 'Desert Ice', 'Burnout']
2026-08-10 13:58:02,679 | INFO | httpx | HTTP Request: GET https://legacy.winningform.co.za/WCP/2K260812_2.htm "HTTP/1.1 200 OK"
2026-08-10 13:58:02,763 | INFO | app.scrapers.winning_form_scraper | runner_table_used columns={'number': 0, 'name': 1, 'length_behind': 2, 'speed_index': 3, 'predicted_time': 4, 'merit': 5, 'weight': 6, 'draw': 7, 'jockey': 9, 'trainer': 10, 'previous_run': 12, 'time': 17} extracted=12 stated=12
2026-08-10 13:58:02,763 | INFO | app.scrapers.winning_form_scraper | race_parsed url=https://legacy.winningform.co.za/WCP/2K260812_2.htm venue=Hollywoodbets Kenilworth date=2026-08-12 race=2 stated=12 parsed=12
2026-08-10 13:58:02,764 | INFO | app.scrapers.winning_form_scraper | horse_names=['Le Tissier', 'Royal Clinton', 'Lord Chamberlain', 'Big City Roller', 'Sukhoi', 'Tango Master', 'Bart Nel', 'Augusta Rouge', 'Daley Park', 'Ulez Camera', 'Gimmethejackhammer', 'Miyabi King']
2026-08-10 13:58:03,063 | INFO | httpx | HTTP Request: GET https://legacy.winningform.co.za/WCP/2K260812_3.htm "HTTP/1.1 200 OK"
2026-08-10 13:58:03,140 | INFO | app.scrapers.winning_form_scraper | runner_table_used columns={'number': 0, 'name': 1, 'length_behind': 2, 'speed_index': 3, 'predicted_time': 4, 'merit': 5, 'weight': 6, 'draw': 7, 'jockey': 9, 'trainer': 10, 'previous_run': 12, 'time': 17} extracted=12 stated=12
2026-08-10 13:58:03,141 | INFO | app.scrapers.winning_form_scraper | race_parsed url=https://legacy.winningform.co.za/WCP/2K260812_3.htm venue=Hollywoodbets Kenilworth date=2026-08-12 race=3 stated=12 parsed=12
2026-08-10 13:58:03,141 | INFO | app.scrapers.winning_form_scraper | horse_names=['Saratoga Sunrise', 'Fourth Of July', 'Blackbird', 'Bullet Tooth Tony', 'Ile Moris', 'Brothers In Arms', 'Grey Knight', 'Bright Fate', 'Time Of Our Lives', "Warrior's Legacy", 'Rain In France', 'Red Hot Rifle']
2026-08-10 13:58:04,064 | INFO | httpx | HTTP Request: GET https://legacy.winningform.co.za/WCP/2K260812_4.htm "HTTP/1.1 200 OK"
2026-08-10 13:58:04,185 | INFO | app.scrapers.winning_form_scraper | runner_table_used columns={'number': 0, 'name': 1, 'length_behind': 2, 'speed_index': 3, 'predicted_time': 4, 'merit': 5, 'weight': 6, 'draw': 7, 'jockey': 9, 'trainer': 10, 'previous_run': 12, 'time': 17} extracted=8 stated=8
2026-08-10 13:58:04,212 | INFO | app.scrapers.winning_form_scraper | race_parsed url=https://legacy.winningform.co.za/WCP/2K260812_4.htm venue=Hollywoodbets Kenilworth date=2026-08-12 race=4 stated=8 parsed=8
2026-08-10 13:58:04,213 | INFO | app.scrapers.winning_form_scraper | horse_names=['Catch Me', "Captain's Angel", 'Warrior Of Destiny', 'Waterfront', 'Zanfan Moris', 'Fractal', 'Rumbo Russi', 'Gimmeagamble']
2026-08-10 13:58:04,704 | INFO | httpx | HTTP Request: GET https://legacy.winningform.co.za/WCP/2K260812_5.htm "HTTP/1.1 200 OK"
2026-08-10 13:58:04,904 | INFO | app.scrapers.winning_form_scraper | runner_table_used columns={'number': 0, 'name': 1, 'length_behind': 2, 'speed_index': 3, 'predicted_time': 4, 'merit': 5, 'weight': 6, 'draw': 7, 'jockey': 9, 'trainer': 10, 'previous_run': 12, 'time': 17} extracted=8 stated=8
2026-08-10 13:58:04,905 | INFO | app.scrapers.winning_form_scraper | race_parsed url=https://legacy.winningform.co.za/WCP/2K260812_5.htm venue=Hollywoodbets Kenilworth date=2026-08-12 race=5 stated=8 parsed=8
2026-08-10 13:58:04,905 | INFO | app.scrapers.winning_form_scraper | horse_names=['October Fest', 'Maritzburg Memory', 'Cliffscape', 'Raffish Trend', 'Star World', 'Black Erika', 'All Is Green', 'Sing Forevermore']
2026-08-10 13:58:05,350 | INFO | httpx | HTTP Request: GET https://legacy.winningform.co.za/WCP/2K260812_6.htm "HTTP/1.1 200 OK"
2026-08-10 13:58:05,541 | INFO | app.scrapers.winning_form_scraper | runner_table_used columns={'number': 0, 'name': 1, 'length_behind': 2, 'speed_index': 3, 'predicted_time': 4, 'merit': 5, 'weight': 6, 'draw': 7, 'jockey': 9, 'trainer': 10, 'previous_run': 12, 'time': 17} extracted=9 stated=9
2026-08-10 13:58:05,542 | INFO | app.scrapers.winning_form_scraper | race_parsed url=https://legacy.winningform.co.za/WCP/2K260812_6.htm venue=Hollywoodbets Kenilworth date=2026-08-12 race=6 stated=9 parsed=9
2026-08-10 13:58:05,542 | INFO | app.scrapers.winning_form_scraper | horse_names=['Un Bel Di', 'Churchillian', "Objet D' Art", 'Pomp It Up', 'Tanneron', "Berry's Boogie", 'Babelicious', 'Black Cheetah', 'Shesgotclass']
2026-08-10 13:58:05,732 | INFO | httpx | HTTP Request: GET https://legacy.winningform.co.za/WCP/2K260812_7.htm "HTTP/1.1 200 OK"
2026-08-10 13:58:05,858 | INFO | app.scrapers.winning_form_scraper | runner_table_used columns={'number': 0, 'name': 1, 'length_behind': 2, 'speed_index': 3, 'predicted_time': 4, 'merit': 5, 'weight': 6, 'draw': 7, 'jockey': 9, 'trainer': 10, 'previous_run': 12, 'time': 17} extracted=8 stated=8
2026-08-10 13:58:05,859 | INFO | app.scrapers.winning_form_scraper | race_parsed url=https://legacy.winningform.co.za/WCP/2K260812_7.htm venue=Hollywoodbets Kenilworth date=2026-08-12 race=7 stated=8 parsed=8
2026-08-10 13:58:05,859 | INFO | app.scrapers.winning_form_scraper | horse_names=['Mente Et Manu', 'Absolutely Yes', 'Handsome Prince', 'It Is My Time', 'Witch Hazel', 'Voorloopertjie', 'Promettere', 'Three Tigers']
2026-08-10 13:58:06,707 | INFO | httpx | HTTP Request: GET https://legacy.winningform.co.za/WCP/2K260812_8.htm "HTTP/1.1 200 OK"
2026-08-10 13:58:06,885 | INFO | app.scrapers.winning_form_scraper | runner_table_used columns={'number': 0, 'name': 1, 'length_behind': 2, 'speed_index': 3, 'predicted_time': 4, 'merit': 5, 'weight': 6, 'draw': 7, 'jockey': 9, 'trainer': 10, 'previous_run': 12, 'time': 17} extracted=13 stated=13
2026-08-10 13:58:06,886 | INFO | app.scrapers.winning_form_scraper | race_parsed url=https://legacy.winningform.co.za/WCP/2K260812_8.htm venue=Hollywoodbets Kenilworth date=2026-08-12 race=8 stated=13 parsed=13
2026-08-10 13:58:06,886 | INFO | app.scrapers.winning_form_scraper | horse_names=['Cedar Point', 'Clark Griswold', 'Captains Alliance', 'Red Dawn', 'Diamond Rock', 'Rockanrollin', 'Bonelli', 'Bombers In The Sky', 'Noble Hero', "Caesar's Ransom", 'District Master', 'Groovejet', 'Ignite The Fire']
2026-08-10 13:58:07,824 | INFO | httpx | HTTP Request: GET https://legacy.winningform.co.za/GAU/2R260813_1.htm "HTTP/1.1 200 OK"
2026-08-10 13:58:07,908 | INFO | app.scrapers.winning_form_scraper | runner_table_used columns={'number': 0, 'name': 1, 'length_behind': 2, 'speed_index': 3, 'predicted_time': 4, 'merit': 5, 'weight': 6, 'draw': 7, 'jockey': 9, 'trainer': 10, 'previous_run': 12, 'time': 17} extracted=6 stated=6
2026-08-10 13:58:07,908 | INFO | app.scrapers.winning_form_scraper | race_parsed url=https://legacy.winningform.co.za/GAU/2R260813_1.htm venue=Vaal Classic date=2026-08-13 race=1 stated=6 parsed=6
2026-08-10 13:58:07,909 | INFO | app.scrapers.winning_form_scraper | horse_names=['Epidaurus', 'Clairwood Breeze', 'Comic Artist', 'Evening News', "Captain's Express", 'Eden Gardens']
2026-08-10 13:58:08,159 | INFO | httpx | HTTP Request: GET https://legacy.winningform.co.za/GAU/2R260813_2.htm "HTTP/1.1 200 OK"
2026-08-10 13:58:08,273 | INFO | app.scrapers.winning_form_scraper | runner_table_used columns={'number': 0, 'name': 1, 'length_behind': 2, 'speed_index': 3, 'predicted_time': 4, 'merit': 5, 'weight': 6, 'draw': 7, 'jockey': 9, 'trainer': 10, 'previous_run': 12, 'time': 17} extracted=9 stated=9
2026-08-10 13:58:08,273 | INFO | app.scrapers.winning_form_scraper | race_parsed url=https://legacy.winningform.co.za/GAU/2R260813_2.htm venue=Vaal Classic date=2026-08-13 race=2 stated=9 parsed=9
2026-08-10 13:58:08,273 | INFO | app.scrapers.winning_form_scraper | horse_names=['The Bachelorette', 'Corsaro Super', 'Lady Enid', 'Autograph', 'Golden Slipstream', 'Justhavefun', 'Torpedo', 'Shiraz Glow', 'Thorn Bird']
2026-08-10 13:58:09,041 | INFO | httpx | HTTP Request: GET https://legacy.winningform.co.za/GAU/2R260813_3.htm "HTTP/1.1 200 OK"
2026-08-10 13:58:09,136 | INFO | app.scrapers.winning_form_scraper | runner_table_used columns={'number': 0, 'name': 1, 'length_behind': 2, 'speed_index': 3, 'predicted_time': 4, 'merit': 5, 'weight': 6, 'draw': 7, 'jockey': 9, 'trainer': 10, 'previous_run': 12, 'time': 17} extracted=8 stated=8
2026-08-10 13:58:09,136 | INFO | app.scrapers.winning_form_scraper | race_parsed url=https://legacy.winningform.co.za/GAU/2R260813_3.htm venue=Vaal Classic date=2026-08-13 race=3 stated=8 parsed=8
2026-08-10 13:58:09,136 | INFO | app.scrapers.winning_form_scraper | horse_names=['Northern European', 'Be The One', "Life's Treasures", 'Grains Of Paradise', 'Royal Rant', 'Pilates', 'Tea For Three', 'Volare Veloce']
2026-08-10 13:58:09,322 | INFO | httpx | HTTP Request: GET https://legacy.winningform.co.za/GAU/2R260813_4.htm "HTTP/1.1 200 OK"
2026-08-10 13:58:09,440 | INFO | app.scrapers.winning_form_scraper | runner_table_used columns={'number': 0, 'name': 1, 'length_behind': 2, 'speed_index': 3, 'predicted_time': 4, 'merit': 5, 'weight': 6, 'draw': 7, 'jockey': 9, 'trainer': 10, 'previous_run': 12, 'time': 17} extracted=8 stated=8
2026-08-10 13:58:09,441 | INFO | app.scrapers.winning_form_scraper | race_parsed url=https://legacy.winningform.co.za/GAU/2R260813_4.htm venue=Vaal Classic date=2026-08-13 race=4 stated=8 parsed=8
2026-08-10 13:58:09,442 | INFO | app.scrapers.winning_form_scraper | horse_names=['Skitt Smiling', 'Crimson Ranger', 'Verdandi', 'One State', 'Campo Formio', 'Steel Spring', 'Reachingforthemoon', 'Flotilla']
2026-08-10 13:58:09,962 | INFO | httpx | HTTP Request: GET https://legacy.winningform.co.za/GAU/2R260813_5.htm "HTTP/1.1 200 OK"
2026-08-10 13:58:10,093 | INFO | app.scrapers.winning_form_scraper | runner_table_used columns={'number': 0, 'name': 1, 'length_behind': 2, 'speed_index': 3, 'predicted_time': 4, 'merit': 5, 'weight': 6, 'draw': 7, 'jockey': 9, 'trainer': 10, 'previous_run': 12, 'time': 17} extracted=8 stated=8
2026-08-10 13:58:10,094 | INFO | app.scrapers.winning_form_scraper | race_parsed url=https://legacy.winningform.co.za/GAU/2R260813_5.htm venue=Vaal Classic date=2026-08-13 race=5 stated=8 parsed=8
2026-08-10 13:58:10,094 | INFO | app.scrapers.winning_form_scraper | horse_names=["Scarlet O'hara", 'Azaleas For All', 'Surprise Party', 'Instant Attraction', 'Utsaah', 'Lady Sabrina', 'Red Sparrow', "Kylie's Angel"]
2026-08-10 13:58:10,779 | INFO | httpx | HTTP Request: GET https://legacy.winningform.co.za/GAU/2R260813_6.htm "HTTP/1.1 200 OK"
2026-08-10 13:58:10,880 | INFO | app.scrapers.winning_form_scraper | runner_table_used columns={'number': 0, 'name': 1, 'length_behind': 2, 'speed_index': 3, 'predicted_time': 4, 'merit': 5, 'weight': 6, 'draw': 7, 'jockey': 9, 'trainer': 10, 'previous_run': 12, 'time': 17} extracted=8 stated=8
2026-08-10 13:58:10,880 | INFO | app.scrapers.winning_form_scraper | race_parsed url=https://legacy.winningform.co.za/GAU/2R260813_6.htm venue=Vaal Classic date=2026-08-13 race=6 stated=8 parsed=8
2026-08-10 13:58:10,881 | INFO | app.scrapers.winning_form_scraper | horse_names=["Angel's Oasis", 'Hammer Blow', 'Lonely As A Cloud', 'Sergeant Soqrat', 'Ice Dragon', "Trompe L'oeil", 'Var Park', 'Oriental Bouquet']
2026-08-10 13:58:11,803 | INFO | httpx | HTTP Request: GET https://legacy.winningform.co.za/GAU/2R260813_7.htm "HTTP/1.1 200 OK"
2026-08-10 13:58:12,103 | INFO | app.scrapers.winning_form_scraper | runner_table_used columns={'number': 0, 'name': 1, 'length_behind': 2, 'speed_index': 3, 'predicted_time': 4, 'merit': 5, 'weight': 6, 'draw': 7, 'jockey': 9, 'trainer': 10, 'previous_run': 12, 'time': 17} extracted=9 stated=9
2026-08-10 13:58:12,103 | INFO | app.scrapers.winning_form_scraper | race_parsed url=https://legacy.winningform.co.za/GAU/2R260813_7.htm venue=Vaal Classic date=2026-08-13 race=7 stated=9 parsed=9
2026-08-10 13:58:12,104 | INFO | app.scrapers.winning_form_scraper | horse_names=['After Hours', 'Cold Shine', 'Big Unit', 'Longsword', 'Turbo Power', 'Sea Shanty', 'Fair Proposal', 'Gunboat', 'Onceinabluemoon']
2026-08-10 13:58:12,601 | INFO | httpx | HTTP Request: GET https://legacy.winningform.co.za/GAU/2R260813_8.htm "HTTP/1.1 200 OK"
2026-08-10 13:58:12,748 | INFO | app.scrapers.winning_form_scraper | runner_table_used columns={'number': 0, 'name': 1, 'length_behind': 2, 'speed_index': 3, 'predicted_time': 4, 'merit': 5, 'weight': 6, 'draw': 7, 'jockey': 9, 'trainer': 10, 'previous_run': 12, 'time': 17} extracted=11 stated=11
2026-08-10 13:58:12,749 | INFO | app.scrapers.winning_form_scraper | race_parsed url=https://legacy.winningform.co.za/GAU/2R260813_8.htm venue=Vaal Classic date=2026-08-13 race=8 stated=11 parsed=11
2026-08-10 13:58:12,749 | INFO | app.scrapers.winning_form_scraper | horse_names=['Elusive Red', 'Unsolved Riddle', 'Ubermensch', 'Frere Jacques', 'Tracksuit Dave', 'Gallic Victor', 'Sunset Warrior', 'Brave Waam', 'Laughing William', 'Coming In Hot', 'Matroosberg']
2026-08-10 13:58:14,349 | INFO | app.services.monitoring_service | monitoring_cycle_completed
2026-08-10 13:58:14,349 | INFO | app.main | application_started
2026-08-10 14:00:18,513 | INFO | apscheduler.scheduler | Scheduler has been shut down
2026-08-10 14:00:18,515 | INFO | app.main | application_stopped
2026-08-10 14:00:32,993 | INFO | apscheduler.scheduler | Adding job tentatively -- it will be properly scheduled when the scheduler starts
2026-08-10 14:00:32,995 | INFO | apscheduler.scheduler | Added job "MonitoringService.run_cycle" to job store "default"
2026-08-10 14:00:32,995 | INFO | apscheduler.scheduler | Scheduler started
2026-08-10 14:00:32,996 | INFO | app.services.monitoring_service | monitoring_cycle_started
2026-08-10 14:00:33,482 | INFO | httpx | HTTP Request: GET https://legacy.winningform.co.za "HTTP/1.1 200 OK"
2026-08-10 14:00:33,490 | INFO | app.scrapers.winning_form_scraper | fetch_index_frames=['https://legacy.winningform.co.za/guide.htm', 'https://legacy.winningform.co.za/cover.htm']
2026-08-10 14:00:33,616 | INFO | httpx | HTTP Request: GET https://legacy.winningform.co.za "HTTP/1.1 200 OK"
2026-08-10 14:00:33,749 | INFO | httpx | HTTP Request: GET https://legacy.winningform.co.za/guide.htm "HTTP/1.1 200 OK"
2026-08-10 14:00:33,859 | INFO | httpx | HTTP Request: GET https://legacy.winningform.co.za/cover.htm "HTTP/1.1 200 OK"
2026-08-10 14:00:33,960 | INFO | httpx | HTTP Request: GET https://legacy.winningform.co.za "HTTP/1.1 200 OK"
2026-08-10 14:00:34,064 | INFO | httpx | HTTP Request: GET https://legacy.winningform.co.za/guide.htm "HTTP/1.1 200 OK"
2026-08-10 14:00:34,183 | INFO | httpx | HTTP Request: GET https://legacy.winningform.co.za/cover.htm "HTTP/1.1 200 OK"
2026-08-10 14:00:34,202 | INFO | app.scrapers.winning_form_scraper | race_links_total=24
2026-08-10 14:00:34,203 | INFO | app.scrapers.winning_form_scraper | meetings_seen=['gau-p260810', 'gau-r260813', 'wcp-k260812']
2026-08-10 14:00:34,330 | INFO | httpx | HTTP Request: GET https://legacy.winningform.co.za/GAU/2P260810_1.htm "HTTP/1.1 200 OK"
2026-08-10 14:00:34,580 | INFO | app.scrapers.winning_form_scraper | runner_table_used columns={'number': 0, 'name': 1, 'length_behind': 2, 'speed_index': 3, 'predicted_time': 4, 'merit': 5, 'weight': 6, 'draw': 7, 'jockey': 9, 'trainer': 10, 'previous_run': 12, 'time': 17} extracted=10 stated=10
2026-08-10 14:00:34,580 | INFO | app.scrapers.winning_form_scraper | race_parsed url=https://legacy.winningform.co.za/GAU/2P260810_1.htm venue=Fairview Polytrack date=2026-08-10 race=1 stated=10 parsed=9
2026-08-10 14:00:34,580 | INFO | app.scrapers.winning_form_scraper | horse_names=["Monkey's Wedding", 'Masterofthebaroque', 'Capranica', 'Dead Poets Society', 'Window To My Soul', 'Straight Red', 'Luca Da Wheels', 'Lyrics And Songs', 'Fleet Return', 'Island Jewel']
2026-08-10 14:00:34,874 | INFO | httpx | HTTP Request: GET https://legacy.winningform.co.za/GAU/2P260810_2.htm "HTTP/1.1 200 OK"
2026-08-10 14:00:34,961 | INFO | app.scrapers.winning_form_scraper | runner_table_used columns={'number': 0, 'name': 1, 'length_behind': 2, 'speed_index': 3, 'predicted_time': 4, 'merit': 5, 'weight': 6, 'draw': 7, 'jockey': 9, 'trainer': 10, 'previous_run': 12, 'time': 17} extracted=7 stated=7
2026-08-10 14:00:34,962 | INFO | app.scrapers.winning_form_scraper | race_parsed url=https://legacy.winningform.co.za/GAU/2P260810_2.htm venue=Fairview Polytrack date=2026-08-10 race=2 stated=7 parsed=6
2026-08-10 14:00:34,962 | INFO | app.scrapers.winning_form_scraper | horse_names=['Gimmethegold', 'Love From Afar', 'Xtines Princess', 'Apples And Tea', 'Makajima', 'Norse Warrior', 'Playmaker']
2026-08-10 14:00:35,132 | INFO | httpx | HTTP Request: GET https://legacy.winningform.co.za/GAU/2P260810_3.htm "HTTP/1.1 200 OK"
2026-08-10 14:00:35,229 | INFO | app.scrapers.winning_form_scraper | runner_table_used columns={'number': 0, 'name': 1, 'length_behind': 2, 'speed_index': 3, 'predicted_time': 4, 'merit': 5, 'weight': 6, 'draw': 7, 'jockey': 9, 'trainer': 10, 'previous_run': 12, 'time': 17} extracted=6 stated=6
2026-08-10 14:00:35,230 | INFO | app.scrapers.winning_form_scraper | race_parsed url=https://legacy.winningform.co.za/GAU/2P260810_3.htm venue=Fairview Polytrack date=2026-08-10 race=3 stated=6 parsed=5
2026-08-10 14:00:35,230 | INFO | app.scrapers.winning_form_scraper | horse_names=['Rhythm', 'Warrior Of Royalty', "Slash 'n Burn", 'Chocolate Bomb', 'Master Mtoto', 'Bumps Last Grind']
2026-08-10 14:00:35,394 | INFO | httpx | HTTP Request: GET https://legacy.winningform.co.za/GAU/2P260810_4.htm "HTTP/1.1 200 OK"
2026-08-10 14:00:35,524 | INFO | app.scrapers.winning_form_scraper | runner_table_used columns={'number': 0, 'name': 1, 'length_behind': 2, 'speed_index': 3, 'predicted_time': 4, 'merit': 5, 'weight': 6, 'draw': 7, 'jockey': 9, 'trainer': 10, 'previous_run': 12, 'time': 17} extracted=8 stated=8
2026-08-10 14:00:35,524 | INFO | app.scrapers.winning_form_scraper | race_parsed url=https://legacy.winningform.co.za/GAU/2P260810_4.htm venue=Fairview Polytrack date=2026-08-10 race=4 stated=8 parsed=8
2026-08-10 14:00:35,524 | INFO | app.scrapers.winning_form_scraper | horse_names=['Kings Again', 'Gorgeous Cape', 'Sports Fan', 'Sweet Julia', 'Roaming Spirit', 'Detailed Forecast', 'Gaslight Dancer', 'Windsor Silk']
2026-08-10 14:00:35,704 | INFO | httpx | HTTP Request: GET https://legacy.winningform.co.za/GAU/2P260810_5.htm "HTTP/1.1 200 OK"
2026-08-10 14:00:35,857 | INFO | app.scrapers.winning_form_scraper | runner_table_used columns={'number': 0, 'name': 1, 'length_behind': 2, 'speed_index': 3, 'predicted_time': 4, 'merit': 5, 'weight': 6, 'draw': 7, 'jockey': 9, 'trainer': 10, 'previous_run': 12, 'time': 17} extracted=8 stated=8
2026-08-10 14:00:35,858 | INFO | app.scrapers.winning_form_scraper | race_parsed url=https://legacy.winningform.co.za/GAU/2P260810_5.htm venue=Fairview Polytrack date=2026-08-10 race=5 stated=8 parsed=8
2026-08-10 14:00:35,858 | INFO | app.scrapers.winning_form_scraper | horse_names=['Spirit Of Nical', 'Tp Thunderchild', "You're My Angel", 'Rare Earth', 'Looking Good', 'Queen Of Castille', 'Jazz Away', 'Love You Lots']
2026-08-10 14:00:36,054 | INFO | httpx | HTTP Request: GET https://legacy.winningform.co.za/GAU/2P260810_6.htm "HTTP/1.1 200 OK"
2026-08-10 14:00:36,173 | INFO | app.scrapers.winning_form_scraper | runner_table_used columns={'number': 0, 'name': 1, 'length_behind': 2, 'speed_index': 3, 'predicted_time': 4, 'merit': 5, 'weight': 6, 'draw': 7, 'jockey': 9, 'trainer': 10, 'previous_run': 12, 'time': 17} extracted=9 stated=9
2026-08-10 14:00:36,174 | INFO | app.scrapers.winning_form_scraper | race_parsed url=https://legacy.winningform.co.za/GAU/2P260810_6.htm venue=Fairview Polytrack date=2026-08-10 race=6 stated=9 parsed=8
2026-08-10 14:00:36,174 | INFO | app.scrapers.winning_form_scraper | horse_names=['El Capitan', "Honorine's Gimmie", 'Diablo', 'Charlie Malone', 'Eugenius', 'Ayuwi Yuwi', "Clara Lume'", 'Clairwood Rose', 'Notorix']
2026-08-10 14:00:36,349 | INFO | httpx | HTTP Request: GET https://legacy.winningform.co.za/GAU/2P260810_7.htm "HTTP/1.1 200 OK"
2026-08-10 14:00:36,481 | INFO | app.scrapers.winning_form_scraper | runner_table_used columns={'number': 0, 'name': 1, 'length_behind': 2, 'speed_index': 3, 'predicted_time': 4, 'merit': 5, 'weight': 6, 'draw': 7, 'jockey': 9, 'trainer': 10, 'previous_run': 12, 'time': 17} extracted=8 stated=8
2026-08-10 14:00:36,481 | INFO | app.scrapers.winning_form_scraper | race_parsed url=https://legacy.winningform.co.za/GAU/2P260810_7.htm venue=Fairview Polytrack date=2026-08-10 race=7 stated=8 parsed=7
2026-08-10 14:00:36,482 | INFO | app.scrapers.winning_form_scraper | horse_names=['Kleinzee', 'Royal Missy', 'Silvonian', 'Honorable Member', 'George Handel', 'Ingqwele', 'Terminator', 'Royal City Girl']
2026-08-10 14:00:36,694 | INFO | httpx | HTTP Request: GET https://legacy.winningform.co.za/GAU/2P260810_8.htm "HTTP/1.1 200 OK"
2026-08-10 14:00:36,922 | INFO | app.scrapers.winning_form_scraper | runner_table_used columns={'number': 0, 'name': 1, 'length_behind': 2, 'speed_index': 3, 'predicted_time': 4, 'merit': 5, 'weight': 6, 'draw': 7, 'jockey': 9, 'trainer': 10, 'previous_run': 12, 'time': 17} extracted=13 stated=13
2026-08-10 14:00:36,923 | INFO | app.scrapers.winning_form_scraper | race_parsed url=https://legacy.winningform.co.za/GAU/2P260810_8.htm venue=Fairview Polytrack date=2026-08-10 race=8 stated=13 parsed=12
2026-08-10 14:00:36,923 | INFO | app.scrapers.winning_form_scraper | horse_names=['Past And Present', 'Supreme Judge', 'El Romiachi', 'Amanzimtexas', 'Blue Palace', 'Fantine', 'Sabrage', 'King Rahul', 'Northern Kitten', 'Gimme The Truth', 'Greek Heiress', 'Dream Decision', 'Hospices De Beaune']
2026-08-10 14:00:37,161 | INFO | httpx | HTTP Request: GET https://legacy.winningform.co.za/WCP/2K260812_1.htm "HTTP/1.1 200 OK"
2026-08-10 14:00:37,264 | INFO | app.scrapers.winning_form_scraper | runner_table_used columns={'number': 0, 'name': 1, 'length_behind': 2, 'speed_index': 3, 'predicted_time': 4, 'merit': 5, 'weight': 6, 'draw': 7, 'jockey': 9, 'trainer': 10, 'previous_run': 12, 'time': 17} extracted=16 stated=16
2026-08-10 14:00:37,264 | INFO | app.scrapers.winning_form_scraper | race_parsed url=https://legacy.winningform.co.za/WCP/2K260812_1.htm venue=Hollywoodbets Kenilworth date=2026-08-12 race=1 stated=16 parsed=16
2026-08-10 14:00:37,264 | INFO | app.scrapers.winning_form_scraper | horse_names=['Senorita Lolita', 'Peach Cobbler', 'Roman Beauty', 'Viridian Ruby', 'Kim Chanel', 'Bursturbubble', 'Polar Expedition', 'Nadia Nerina', 'Mac D', 'One Ripple', 'Uncut Gem', 'Pipsqueak', 'Lila Kendy', 'Frozen Asset', 'Desert Ice', 'Burnout']
2026-08-10 14:00:37,469 | INFO | httpx | HTTP Request: GET https://legacy.winningform.co.za/WCP/2K260812_2.htm "HTTP/1.1 200 OK"
2026-08-10 14:00:37,539 | INFO | app.scrapers.winning_form_scraper | runner_table_used columns={'number': 0, 'name': 1, 'length_behind': 2, 'speed_index': 3, 'predicted_time': 4, 'merit': 5, 'weight': 6, 'draw': 7, 'jockey': 9, 'trainer': 10, 'previous_run': 12, 'time': 17} extracted=12 stated=12
2026-08-10 14:00:37,540 | INFO | app.scrapers.winning_form_scraper | race_parsed url=https://legacy.winningform.co.za/WCP/2K260812_2.htm venue=Hollywoodbets Kenilworth date=2026-08-12 race=2 stated=12 parsed=12
2026-08-10 14:00:37,540 | INFO | app.scrapers.winning_form_scraper | horse_names=['Le Tissier', 'Royal Clinton', 'Lord Chamberlain', 'Big City Roller', 'Sukhoi', 'Tango Master', 'Bart Nel', 'Augusta Rouge', 'Daley Park', 'Ulez Camera', 'Gimmethejackhammer', 'Miyabi King']
2026-08-10 14:00:37,683 | INFO | httpx | HTTP Request: GET https://legacy.winningform.co.za/WCP/2K260812_3.htm "HTTP/1.1 200 OK"
2026-08-10 14:00:37,764 | INFO | app.scrapers.winning_form_scraper | runner_table_used columns={'number': 0, 'name': 1, 'length_behind': 2, 'speed_index': 3, 'predicted_time': 4, 'merit': 5, 'weight': 6, 'draw': 7, 'jockey': 9, 'trainer': 10, 'previous_run': 12, 'time': 17} extracted=12 stated=12
2026-08-10 14:00:37,765 | INFO | app.scrapers.winning_form_scraper | race_parsed url=https://legacy.winningform.co.za/WCP/2K260812_3.htm venue=Hollywoodbets Kenilworth date=2026-08-12 race=3 stated=12 parsed=12
2026-08-10 14:00:37,765 | INFO | app.scrapers.winning_form_scraper | horse_names=['Saratoga Sunrise', 'Fourth Of July', 'Blackbird', 'Bullet Tooth Tony', 'Ile Moris', 'Brothers In Arms', 'Grey Knight', 'Bright Fate', 'Time Of Our Lives', "Warrior's Legacy", 'Rain In France', 'Red Hot Rifle']
2026-08-10 14:00:37,934 | INFO | httpx | HTTP Request: GET https://legacy.winningform.co.za/WCP/2K260812_4.htm "HTTP/1.1 200 OK"
2026-08-10 14:00:38,010 | INFO | app.scrapers.winning_form_scraper | runner_table_used columns={'number': 0, 'name': 1, 'length_behind': 2, 'speed_index': 3, 'predicted_time': 4, 'merit': 5, 'weight': 6, 'draw': 7, 'jockey': 9, 'trainer': 10, 'previous_run': 12, 'time': 17} extracted=8 stated=8
2026-08-10 14:00:38,010 | INFO | app.scrapers.winning_form_scraper | race_parsed url=https://legacy.winningform.co.za/WCP/2K260812_4.htm venue=Hollywoodbets Kenilworth date=2026-08-12 race=4 stated=8 parsed=8
2026-08-10 14:00:38,011 | INFO | app.scrapers.winning_form_scraper | horse_names=['Catch Me', "Captain's Angel", 'Warrior Of Destiny', 'Waterfront', 'Zanfan Moris', 'Fractal', 'Rumbo Russi', 'Gimmeagamble']
2026-08-10 14:00:38,190 | INFO | httpx | HTTP Request: GET https://legacy.winningform.co.za/WCP/2K260812_5.htm "HTTP/1.1 200 OK"
2026-08-10 14:00:38,312 | INFO | app.scrapers.winning_form_scraper | runner_table_used columns={'number': 0, 'name': 1, 'length_behind': 2, 'speed_index': 3, 'predicted_time': 4, 'merit': 5, 'weight': 6, 'draw': 7, 'jockey': 9, 'trainer': 10, 'previous_run': 12, 'time': 17} extracted=8 stated=8
2026-08-10 14:00:38,312 | INFO | app.scrapers.winning_form_scraper | race_parsed url=https://legacy.winningform.co.za/WCP/2K260812_5.htm venue=Hollywoodbets Kenilworth date=2026-08-12 race=5 stated=8 parsed=8
2026-08-10 14:00:38,312 | INFO | app.scrapers.winning_form_scraper | horse_names=['October Fest', 'Maritzburg Memory', 'Cliffscape', 'Raffish Trend', 'Star World', 'Black Erika', 'All Is Green', 'Sing Forevermore']
2026-08-10 14:00:38,489 | INFO | httpx | HTTP Request: GET https://legacy.winningform.co.za/WCP/2K260812_6.htm "HTTP/1.1 200 OK"
2026-08-10 14:00:38,604 | INFO | app.scrapers.winning_form_scraper | runner_table_used columns={'number': 0, 'name': 1, 'length_behind': 2, 'speed_index': 3, 'predicted_time': 4, 'merit': 5, 'weight': 6, 'draw': 7, 'jockey': 9, 'trainer': 10, 'previous_run': 12, 'time': 17} extracted=9 stated=9
2026-08-10 14:00:38,605 | INFO | app.scrapers.winning_form_scraper | race_parsed url=https://legacy.winningform.co.za/WCP/2K260812_6.htm venue=Hollywoodbets Kenilworth date=2026-08-12 race=6 stated=9 parsed=9
2026-08-10 14:00:38,605 | INFO | app.scrapers.winning_form_scraper | horse_names=['Un Bel Di', 'Churchillian', "Objet D' Art", 'Pomp It Up', 'Tanneron', "Berry's Boogie", 'Babelicious', 'Black Cheetah', 'Shesgotclass']
2026-08-10 14:00:38,786 | INFO | httpx | HTTP Request: GET https://legacy.winningform.co.za/WCP/2K260812_7.htm "HTTP/1.1 200 OK"
2026-08-10 14:00:38,898 | INFO | app.scrapers.winning_form_scraper | runner_table_used columns={'number': 0, 'name': 1, 'length_behind': 2, 'speed_index': 3, 'predicted_time': 4, 'merit': 5, 'weight': 6, 'draw': 7, 'jockey': 9, 'trainer': 10, 'previous_run': 12, 'time': 17} extracted=8 stated=8
2026-08-10 14:00:38,898 | INFO | app.scrapers.winning_form_scraper | race_parsed url=https://legacy.winningform.co.za/WCP/2K260812_7.htm venue=Hollywoodbets Kenilworth date=2026-08-12 race=7 stated=8 parsed=8
2026-08-10 14:00:38,899 | INFO | app.scrapers.winning_form_scraper | horse_names=['Mente Et Manu', 'Absolutely Yes', 'Handsome Prince', 'It Is My Time', 'Witch Hazel', 'Voorloopertjie', 'Promettere', 'Three Tigers']
2026-08-10 14:00:39,073 | INFO | httpx | HTTP Request: GET https://legacy.winningform.co.za/WCP/2K260812_8.htm "HTTP/1.1 200 OK"
2026-08-10 14:00:39,241 | INFO | app.scrapers.winning_form_scraper | runner_table_used columns={'number': 0, 'name': 1, 'length_behind': 2, 'speed_index': 3, 'predicted_time': 4, 'merit': 5, 'weight': 6, 'draw': 7, 'jockey': 9, 'trainer': 10, 'previous_run': 12, 'time': 17} extracted=13 stated=13
2026-08-10 14:00:39,241 | INFO | app.scrapers.winning_form_scraper | race_parsed url=https://legacy.winningform.co.za/WCP/2K260812_8.htm venue=Hollywoodbets Kenilworth date=2026-08-12 race=8 stated=13 parsed=13
2026-08-10 14:00:39,242 | INFO | app.scrapers.winning_form_scraper | horse_names=['Cedar Point', 'Clark Griswold', 'Captains Alliance', 'Red Dawn', 'Diamond Rock', 'Rockanrollin', 'Bonelli', 'Bombers In The Sky', 'Noble Hero', "Caesar's Ransom", 'District Master', 'Groovejet', 'Ignite The Fire']
2026-08-10 14:00:39,444 | INFO | httpx | HTTP Request: GET https://legacy.winningform.co.za/GAU/2R260813_1.htm "HTTP/1.1 200 OK"
2026-08-10 14:00:39,519 | INFO | app.scrapers.winning_form_scraper | runner_table_used columns={'number': 0, 'name': 1, 'length_behind': 2, 'speed_index': 3, 'predicted_time': 4, 'merit': 5, 'weight': 6, 'draw': 7, 'jockey': 9, 'trainer': 10, 'previous_run': 12, 'time': 17} extracted=6 stated=6
2026-08-10 14:00:39,519 | INFO | app.scrapers.winning_form_scraper | race_parsed url=https://legacy.winningform.co.za/GAU/2R260813_1.htm venue=Vaal Classic date=2026-08-13 race=1 stated=6 parsed=6
2026-08-10 14:00:39,519 | INFO | app.scrapers.winning_form_scraper | horse_names=['Epidaurus', 'Clairwood Breeze', 'Comic Artist', 'Evening News', "Captain's Express", 'Eden Gardens']
2026-08-10 14:00:39,664 | INFO | httpx | HTTP Request: GET https://legacy.winningform.co.za/GAU/2R260813_2.htm "HTTP/1.1 200 OK"
2026-08-10 14:00:39,754 | INFO | app.scrapers.winning_form_scraper | runner_table_used columns={'number': 0, 'name': 1, 'length_behind': 2, 'speed_index': 3, 'predicted_time': 4, 'merit': 5, 'weight': 6, 'draw': 7, 'jockey': 9, 'trainer': 10, 'previous_run': 12, 'time': 17} extracted=9 stated=9
2026-08-10 14:00:39,754 | INFO | app.scrapers.winning_form_scraper | race_parsed url=https://legacy.winningform.co.za/GAU/2R260813_2.htm venue=Vaal Classic date=2026-08-13 race=2 stated=9 parsed=9
2026-08-10 14:00:39,754 | INFO | app.scrapers.winning_form_scraper | horse_names=['The Bachelorette', 'Corsaro Super', 'Lady Enid', 'Autograph', 'Golden Slipstream', 'Justhavefun', 'Torpedo', 'Shiraz Glow', 'Thorn Bird']
2026-08-10 14:00:39,974 | INFO | httpx | HTTP Request: GET https://legacy.winningform.co.za/GAU/2R260813_3.htm "HTTP/1.1 200 OK"
2026-08-10 14:00:40,044 | INFO | app.scrapers.winning_form_scraper | runner_table_used columns={'number': 0, 'name': 1, 'length_behind': 2, 'speed_index': 3, 'predicted_time': 4, 'merit': 5, 'weight': 6, 'draw': 7, 'jockey': 9, 'trainer': 10, 'previous_run': 12, 'time': 17} extracted=8 stated=8
2026-08-10 14:00:40,045 | INFO | app.scrapers.winning_form_scraper | race_parsed url=https://legacy.winningform.co.za/GAU/2R260813_3.htm venue=Vaal Classic date=2026-08-13 race=3 stated=8 parsed=8
2026-08-10 14:00:40,045 | INFO | app.scrapers.winning_form_scraper | horse_names=['Northern European', 'Be The One', "Life's Treasures", 'Grains Of Paradise', 'Royal Rant', 'Pilates', 'Tea For Three', 'Volare Veloce']
2026-08-10 14:00:40,213 | INFO | httpx | HTTP Request: GET https://legacy.winningform.co.za/GAU/2R260813_4.htm "HTTP/1.1 200 OK"
2026-08-10 14:00:40,283 | INFO | app.scrapers.winning_form_scraper | runner_table_used columns={'number': 0, 'name': 1, 'length_behind': 2, 'speed_index': 3, 'predicted_time': 4, 'merit': 5, 'weight': 6, 'draw': 7, 'jockey': 9, 'trainer': 10, 'previous_run': 12, 'time': 17} extracted=8 stated=8
2026-08-10 14:00:40,283 | INFO | app.scrapers.winning_form_scraper | race_parsed url=https://legacy.winningform.co.za/GAU/2R260813_4.htm venue=Vaal Classic date=2026-08-13 race=4 stated=8 parsed=8
2026-08-10 14:00:40,284 | INFO | app.scrapers.winning_form_scraper | horse_names=['Skitt Smiling', 'Crimson Ranger', 'Verdandi', 'One State', 'Campo Formio', 'Steel Spring', 'Reachingforthemoon', 'Flotilla']
2026-08-10 14:00:40,453 | INFO | httpx | HTTP Request: GET https://legacy.winningform.co.za/GAU/2R260813_5.htm "HTTP/1.1 200 OK"
2026-08-10 14:00:40,570 | INFO | app.scrapers.winning_form_scraper | runner_table_used columns={'number': 0, 'name': 1, 'length_behind': 2, 'speed_index': 3, 'predicted_time': 4, 'merit': 5, 'weight': 6, 'draw': 7, 'jockey': 9, 'trainer': 10, 'previous_run': 12, 'time': 17} extracted=8 stated=8
2026-08-10 14:00:40,570 | INFO | app.scrapers.winning_form_scraper | race_parsed url=https://legacy.winningform.co.za/GAU/2R260813_5.htm venue=Vaal Classic date=2026-08-13 race=5 stated=8 parsed=8
2026-08-10 14:00:40,570 | INFO | app.scrapers.winning_form_scraper | horse_names=["Scarlet O'hara", 'Azaleas For All', 'Surprise Party', 'Instant Attraction', 'Utsaah', 'Lady Sabrina', 'Red Sparrow', "Kylie's Angel"]
2026-08-10 14:00:40,751 | INFO | httpx | HTTP Request: GET https://legacy.winningform.co.za/GAU/2R260813_6.htm "HTTP/1.1 200 OK"
2026-08-10 14:00:40,854 | INFO | app.scrapers.winning_form_scraper | runner_table_used columns={'number': 0, 'name': 1, 'length_behind': 2, 'speed_index': 3, 'predicted_time': 4, 'merit': 5, 'weight': 6, 'draw': 7, 'jockey': 9, 'trainer': 10, 'previous_run': 12, 'time': 17} extracted=8 stated=8
2026-08-10 14:00:40,854 | INFO | app.scrapers.winning_form_scraper | race_parsed url=https://legacy.winningform.co.za/GAU/2R260813_6.htm venue=Vaal Classic date=2026-08-13 race=6 stated=8 parsed=8
2026-08-10 14:00:40,854 | INFO | app.scrapers.winning_form_scraper | horse_names=["Angel's Oasis", 'Hammer Blow', 'Lonely As A Cloud', 'Sergeant Soqrat', 'Ice Dragon', "Trompe L'oeil", 'Var Park', 'Oriental Bouquet']
2026-08-10 14:00:41,064 | INFO | httpx | HTTP Request: GET https://legacy.winningform.co.za/GAU/2R260813_7.htm "HTTP/1.1 200 OK"
2026-08-10 14:00:41,295 | INFO | app.scrapers.winning_form_scraper | runner_table_used columns={'number': 0, 'name': 1, 'length_behind': 2, 'speed_index': 3, 'predicted_time': 4, 'merit': 5, 'weight': 6, 'draw': 7, 'jockey': 9, 'trainer': 10, 'previous_run': 12, 'time': 17} extracted=9 stated=9
2026-08-10 14:00:41,296 | INFO | app.scrapers.winning_form_scraper | race_parsed url=https://legacy.winningform.co.za/GAU/2R260813_7.htm venue=Vaal Classic date=2026-08-13 race=7 stated=9 parsed=9
2026-08-10 14:00:41,296 | INFO | app.scrapers.winning_form_scraper | horse_names=['After Hours', 'Cold Shine', 'Big Unit', 'Longsword', 'Turbo Power', 'Sea Shanty', 'Fair Proposal', 'Gunboat', 'Onceinabluemoon']
2026-08-10 14:00:41,498 | INFO | httpx | HTTP Request: GET https://legacy.winningform.co.za/GAU/2R260813_8.htm "HTTP/1.1 200 OK"
2026-08-10 14:00:41,629 | INFO | app.scrapers.winning_form_scraper | runner_table_used columns={'number': 0, 'name': 1, 'length_behind': 2, 'speed_index': 3, 'predicted_time': 4, 'merit': 5, 'weight': 6, 'draw': 7, 'jockey': 9, 'trainer': 10, 'previous_run': 12, 'time': 17} extracted=11 stated=11
2026-08-10 14:00:41,629 | INFO | app.scrapers.winning_form_scraper | race_parsed url=https://legacy.winningform.co.za/GAU/2R260813_8.htm venue=Vaal Classic date=2026-08-13 race=8 stated=11 parsed=11
2026-08-10 14:00:41,630 | INFO | app.scrapers.winning_form_scraper | horse_names=['Elusive Red', 'Unsolved Riddle', 'Ubermensch', 'Frere Jacques', 'Tracksuit Dave', 'Gallic Victor', 'Sunset Warrior', 'Brave Waam', 'Laughing William', 'Coming In Hot', 'Matroosberg']
2026-08-10 14:00:41,746 | INFO | app.services.monitoring_service | monitoring_cycle_completed
2026-08-10 14:00:41,747 | INFO | app.main | application_started
2026-08-10 14:41:17,261 | INFO | apscheduler.scheduler | Scheduler has been shut down
2026-08-10 14:41:17,264 | INFO | app.main | application_stopped
2026-08-10 14:44:07,323 | INFO | apscheduler.scheduler | Adding job tentatively -- it will be properly scheduled when the scheduler starts
2026-08-10 14:44:07,325 | INFO | apscheduler.scheduler | Added job "MonitoringService.run_cycle" to job store "default"
2026-08-10 14:44:07,326 | INFO | apscheduler.scheduler | Scheduler started
2026-08-10 14:44:07,326 | INFO | app.services.monitoring_service | monitoring_cycle_started
2026-08-10 14:44:08,007 | INFO | httpx | HTTP Request: GET https://legacy.winningform.co.za "HTTP/1.1 200 OK"
2026-08-10 14:44:08,014 | INFO | app.scrapers.winning_form_scraper | fetch_index_frames=['https://legacy.winningform.co.za/guide.htm', 'https://legacy.winningform.co.za/cover.htm']
2026-08-10 14:44:08,196 | INFO | httpx | HTTP Request: GET https://legacy.winningform.co.za "HTTP/1.1 200 OK"
2026-08-10 14:44:08,327 | INFO | httpx | HTTP Request: GET https://legacy.winningform.co.za/guide.htm "HTTP/1.1 200 OK"
2026-08-10 14:44:08,480 | INFO | httpx | HTTP Request: GET https://legacy.winningform.co.za/cover.htm "HTTP/1.1 200 OK"
2026-08-10 14:44:08,589 | INFO | httpx | HTTP Request: GET https://legacy.winningform.co.za "HTTP/1.1 200 OK"
2026-08-10 14:44:08,729 | INFO | httpx | HTTP Request: GET https://legacy.winningform.co.za/guide.htm "HTTP/1.1 200 OK"
2026-08-10 14:44:08,853 | INFO | httpx | HTTP Request: GET https://legacy.winningform.co.za/cover.htm "HTTP/1.1 200 OK"
2026-08-10 14:44:08,871 | INFO | app.scrapers.winning_form_scraper | race_links_total=24
2026-08-10 14:44:08,872 | INFO | app.scrapers.winning_form_scraper | meetings_seen=['gau-p260810', 'gau-r260813', 'wcp-k260812']
2026-08-10 14:44:09,235 | INFO | httpx | HTTP Request: GET https://legacy.winningform.co.za/GAU/2P260810_1.htm "HTTP/1.1 200 OK"
2026-08-10 14:44:09,383 | INFO | app.scrapers.winning_form_scraper | runner_table_used columns={'number': 0, 'name': 1, 'length_behind': 2, 'speed_index': 3, 'predicted_time': 4, 'merit': 5, 'weight': 6, 'draw': 7, 'jockey': 9, 'trainer': 10, 'previous_run': 12, 'time': 17} extracted=10 stated=10
2026-08-10 14:44:09,384 | INFO | app.scrapers.winning_form_scraper | race_parsed url=https://legacy.winningform.co.za/GAU/2P260810_1.htm venue=Fairview Polytrack date=2026-08-10 race=1 stated=10 parsed=9
2026-08-10 14:44:09,384 | INFO | app.scrapers.winning_form_scraper | horse_names=["Monkey's Wedding", 'Masterofthebaroque', 'Capranica', 'Dead Poets Society', 'Window To My Soul', 'Straight Red', 'Luca Da Wheels', 'Lyrics And Songs', 'Fleet Return', 'Island Jewel']
2026-08-10 14:44:09,850 | INFO | httpx | HTTP Request: GET https://legacy.winningform.co.za/GAU/2P260810_2.htm "HTTP/1.1 200 OK"
2026-08-10 14:44:09,926 | INFO | app.scrapers.winning_form_scraper | runner_table_used columns={'number': 0, 'name': 1, 'length_behind': 2, 'speed_index': 3, 'predicted_time': 4, 'merit': 5, 'weight': 6, 'draw': 7, 'jockey': 9, 'trainer': 10, 'previous_run': 12, 'time': 17} extracted=7 stated=7
2026-08-10 14:44:09,927 | INFO | app.scrapers.winning_form_scraper | race_parsed url=https://legacy.winningform.co.za/GAU/2P260810_2.htm venue=Fairview Polytrack date=2026-08-10 race=2 stated=7 parsed=6
2026-08-10 14:44:09,927 | INFO | app.scrapers.winning_form_scraper | horse_names=['Gimmethegold', 'Love From Afar', 'Xtines Princess', 'Apples And Tea', 'Makajima', 'Norse Warrior', 'Playmaker']
2026-08-10 14:44:10,258 | INFO | httpx | HTTP Request: GET https://legacy.winningform.co.za/GAU/2P260810_3.htm "HTTP/1.1 200 OK"
2026-08-10 14:44:10,361 | INFO | app.scrapers.winning_form_scraper | runner_table_used columns={'number': 0, 'name': 1, 'length_behind': 2, 'speed_index': 3, 'predicted_time': 4, 'merit': 5, 'weight': 6, 'draw': 7, 'jockey': 9, 'trainer': 10, 'previous_run': 12, 'time': 17} extracted=6 stated=6
2026-08-10 14:44:10,361 | INFO | app.scrapers.winning_form_scraper | race_parsed url=https://legacy.winningform.co.za/GAU/2P260810_3.htm venue=Fairview Polytrack date=2026-08-10 race=3 stated=6 parsed=5
2026-08-10 14:44:10,362 | INFO | app.scrapers.winning_form_scraper | horse_names=['Rhythm', 'Warrior Of Royalty', "Slash 'n Burn", 'Chocolate Bomb', 'Master Mtoto', 'Bumps Last Grind']
2026-08-10 14:44:10,606 | INFO | httpx | HTTP Request: GET https://legacy.winningform.co.za/GAU/2P260810_4.htm "HTTP/1.1 200 OK"
2026-08-10 14:44:10,706 | INFO | app.scrapers.winning_form_scraper | runner_table_used columns={'number': 0, 'name': 1, 'length_behind': 2, 'speed_index': 3, 'predicted_time': 4, 'merit': 5, 'weight': 6, 'draw': 7, 'jockey': 9, 'trainer': 10, 'previous_run': 12, 'time': 17} extracted=8 stated=8
2026-08-10 14:44:10,706 | INFO | app.scrapers.winning_form_scraper | race_parsed url=https://legacy.winningform.co.za/GAU/2P260810_4.htm venue=Fairview Polytrack date=2026-08-10 race=4 stated=8 parsed=8
2026-08-10 14:44:10,706 | INFO | app.scrapers.winning_form_scraper | horse_names=['Kings Again', 'Gorgeous Cape', 'Sports Fan', 'Sweet Julia', 'Roaming Spirit', 'Detailed Forecast', 'Gaslight Dancer', 'Windsor Silk']
2026-08-10 14:44:12,204 | INFO | httpx | HTTP Request: GET https://legacy.winningform.co.za/GAU/2P260810_5.htm "HTTP/1.1 200 OK"
2026-08-10 14:44:12,356 | INFO | app.scrapers.winning_form_scraper | runner_table_used columns={'number': 0, 'name': 1, 'length_behind': 2, 'speed_index': 3, 'predicted_time': 4, 'merit': 5, 'weight': 6, 'draw': 7, 'jockey': 9, 'trainer': 10, 'previous_run': 12, 'time': 17} extracted=8 stated=8
2026-08-10 14:44:12,357 | INFO | app.scrapers.winning_form_scraper | race_parsed url=https://legacy.winningform.co.za/GAU/2P260810_5.htm venue=Fairview Polytrack date=2026-08-10 race=5 stated=8 parsed=8
2026-08-10 14:44:12,357 | INFO | app.scrapers.winning_form_scraper | horse_names=['Spirit Of Nical', 'Tp Thunderchild', "You're My Angel", 'Rare Earth', 'Looking Good', 'Queen Of Castille', 'Jazz Away', 'Love You Lots']
2026-08-10 14:44:13,024 | INFO | httpx | HTTP Request: GET https://legacy.winningform.co.za/GAU/2P260810_6.htm "HTTP/1.1 200 OK"
2026-08-10 14:44:13,127 | INFO | app.scrapers.winning_form_scraper | runner_table_used columns={'number': 0, 'name': 1, 'length_behind': 2, 'speed_index': 3, 'predicted_time': 4, 'merit': 5, 'weight': 6, 'draw': 7, 'jockey': 9, 'trainer': 10, 'previous_run': 12, 'time': 17} extracted=9 stated=9
2026-08-10 14:44:13,128 | INFO | app.scrapers.winning_form_scraper | race_parsed url=https://legacy.winningform.co.za/GAU/2P260810_6.htm venue=Fairview Polytrack date=2026-08-10 race=6 stated=9 parsed=8
2026-08-10 14:44:13,128 | INFO | app.scrapers.winning_form_scraper | horse_names=['El Capitan', "Honorine's Gimmie", 'Diablo', 'Charlie Malone', 'Eugenius', 'Ayuwi Yuwi', "Clara Lume'", 'Clairwood Rose', 'Notorix']
2026-08-10 14:44:13,353 | INFO | httpx | HTTP Request: GET https://legacy.winningform.co.za/GAU/2P260810_7.htm "HTTP/1.1 200 OK"
2026-08-10 14:44:13,455 | INFO | app.scrapers.winning_form_scraper | runner_table_used columns={'number': 0, 'name': 1, 'length_behind': 2, 'speed_index': 3, 'predicted_time': 4, 'merit': 5, 'weight': 6, 'draw': 7, 'jockey': 9, 'trainer': 10, 'previous_run': 12, 'time': 17} extracted=8 stated=8
2026-08-10 14:44:13,455 | INFO | app.scrapers.winning_form_scraper | race_parsed url=https://legacy.winningform.co.za/GAU/2P260810_7.htm venue=Fairview Polytrack date=2026-08-10 race=7 stated=8 parsed=7
2026-08-10 14:44:13,455 | INFO | app.scrapers.winning_form_scraper | horse_names=['Kleinzee', 'Royal Missy', 'Silvonian', 'Honorable Member', 'George Handel', 'Ingqwele', 'Terminator', 'Royal City Girl']
2026-08-10 14:44:13,672 | INFO | httpx | HTTP Request: GET https://legacy.winningform.co.za/GAU/2P260810_8.htm "HTTP/1.1 200 OK"
2026-08-10 14:44:13,827 | INFO | app.scrapers.winning_form_scraper | runner_table_used columns={'number': 0, 'name': 1, 'length_behind': 2, 'speed_index': 3, 'predicted_time': 4, 'merit': 5, 'weight': 6, 'draw': 7, 'jockey': 9, 'trainer': 10, 'previous_run': 12, 'time': 17} extracted=13 stated=13
2026-08-10 14:44:13,828 | INFO | app.scrapers.winning_form_scraper | race_parsed url=https://legacy.winningform.co.za/GAU/2P260810_8.htm venue=Fairview Polytrack date=2026-08-10 race=8 stated=13 parsed=12
2026-08-10 14:44:13,828 | INFO | app.scrapers.winning_form_scraper | horse_names=['Past And Present', 'Supreme Judge', 'El Romiachi', 'Amanzimtexas', 'Blue Palace', 'Fantine', 'Sabrage', 'King Rahul', 'Northern Kitten', 'Gimme The Truth', 'Greek Heiress', 'Dream Decision', 'Hospices De Beaune']
2026-08-10 14:44:14,126 | INFO | httpx | HTTP Request: GET https://legacy.winningform.co.za/WCP/2K260812_1.htm "HTTP/1.1 200 OK"
2026-08-10 14:44:14,227 | INFO | app.scrapers.winning_form_scraper | runner_table_used columns={'number': 0, 'name': 1, 'length_behind': 2, 'speed_index': 3, 'predicted_time': 4, 'merit': 5, 'weight': 6, 'draw': 7, 'jockey': 9, 'trainer': 10, 'previous_run': 12, 'time': 17} extracted=16 stated=16
2026-08-10 14:44:14,228 | INFO | app.scrapers.winning_form_scraper | race_parsed url=https://legacy.winningform.co.za/WCP/2K260812_1.htm venue=Hollywoodbets Kenilworth date=2026-08-12 race=1 stated=16 parsed=16
2026-08-10 14:44:14,228 | INFO | app.scrapers.winning_form_scraper | horse_names=['Senorita Lolita', 'Peach Cobbler', 'Roman Beauty', 'Viridian Ruby', 'Kim Chanel', 'Bursturbubble', 'Polar Expedition', 'Nadia Nerina', 'Mac D', 'One Ripple', 'Uncut Gem', 'Pipsqueak', 'Lila Kendy', 'Frozen Asset', 'Desert Ice', 'Burnout']
2026-08-10 14:44:14,465 | INFO | httpx | HTTP Request: GET https://legacy.winningform.co.za/WCP/2K260812_2.htm "HTTP/1.1 200 OK"
2026-08-10 14:44:14,552 | INFO | app.scrapers.winning_form_scraper | runner_table_used columns={'number': 0, 'name': 1, 'length_behind': 2, 'speed_index': 3, 'predicted_time': 4, 'merit': 5, 'weight': 6, 'draw': 7, 'jockey': 9, 'trainer': 10, 'previous_run': 12, 'time': 17} extracted=12 stated=12
2026-08-10 14:44:14,552 | INFO | app.scrapers.winning_form_scraper | race_parsed url=https://legacy.winningform.co.za/WCP/2K260812_2.htm venue=Hollywoodbets Kenilworth date=2026-08-12 race=2 stated=12 parsed=12
2026-08-10 14:44:14,553 | INFO | app.scrapers.winning_form_scraper | horse_names=['Le Tissier', 'Royal Clinton', 'Lord Chamberlain', 'Big City Roller', 'Sukhoi', 'Tango Master', 'Bart Nel', 'Augusta Rouge', 'Daley Park', 'Ulez Camera', 'Gimmethejackhammer', 'Miyabi King']
2026-08-10 14:44:14,747 | INFO | httpx | HTTP Request: GET https://legacy.winningform.co.za/WCP/2K260812_3.htm "HTTP/1.1 200 OK"
2026-08-10 14:44:14,821 | INFO | app.scrapers.winning_form_scraper | runner_table_used columns={'number': 0, 'name': 1, 'length_behind': 2, 'speed_index': 3, 'predicted_time': 4, 'merit': 5, 'weight': 6, 'draw': 7, 'jockey': 9, 'trainer': 10, 'previous_run': 12, 'time': 17} extracted=12 stated=12
2026-08-10 14:44:14,822 | INFO | app.scrapers.winning_form_scraper | race_parsed url=https://legacy.winningform.co.za/WCP/2K260812_3.htm venue=Hollywoodbets Kenilworth date=2026-08-12 race=3 stated=12 parsed=12
2026-08-10 14:44:14,822 | INFO | app.scrapers.winning_form_scraper | horse_names=['Saratoga Sunrise', 'Fourth Of July', 'Blackbird', 'Bullet Tooth Tony', 'Ile Moris', 'Brothers In Arms', 'Grey Knight', 'Bright Fate', 'Time Of Our Lives', "Warrior's Legacy", 'Rain In France', 'Red Hot Rifle']
2026-08-10 14:44:15,164 | INFO | httpx | HTTP Request: GET https://legacy.winningform.co.za/WCP/2K260812_4.htm "HTTP/1.1 200 OK"
2026-08-10 14:44:15,257 | INFO | app.scrapers.winning_form_scraper | runner_table_used columns={'number': 0, 'name': 1, 'length_behind': 2, 'speed_index': 3, 'predicted_time': 4, 'merit': 5, 'weight': 6, 'draw': 7, 'jockey': 9, 'trainer': 10, 'previous_run': 12, 'time': 17} extracted=8 stated=8
2026-08-10 14:44:15,257 | INFO | app.scrapers.winning_form_scraper | race_parsed url=https://legacy.winningform.co.za/WCP/2K260812_4.htm venue=Hollywoodbets Kenilworth date=2026-08-12 race=4 stated=8 parsed=8
2026-08-10 14:44:15,258 | INFO | app.scrapers.winning_form_scraper | horse_names=['Catch Me', "Captain's Angel", 'Warrior Of Destiny', 'Waterfront', 'Zanfan Moris', 'Fractal', 'Rumbo Russi', 'Gimmeagamble']
2026-08-10 14:44:15,534 | INFO | httpx | HTTP Request: GET https://legacy.winningform.co.za/WCP/2K260812_5.htm "HTTP/1.1 200 OK"
2026-08-10 14:44:15,670 | INFO | app.scrapers.winning_form_scraper | runner_table_used columns={'number': 0, 'name': 1, 'length_behind': 2, 'speed_index': 3, 'predicted_time': 4, 'merit': 5, 'weight': 6, 'draw': 7, 'jockey': 9, 'trainer': 10, 'previous_run': 12, 'time': 17} extracted=8 stated=8
2026-08-10 14:44:15,671 | INFO | app.scrapers.winning_form_scraper | race_parsed url=https://legacy.winningform.co.za/WCP/2K260812_5.htm venue=Hollywoodbets Kenilworth date=2026-08-12 race=5 stated=8 parsed=8
2026-08-10 14:44:15,671 | INFO | app.scrapers.winning_form_scraper | horse_names=['October Fest', 'Maritzburg Memory', 'Cliffscape', 'Raffish Trend', 'Star World', 'Black Erika', 'All Is Green', 'Sing Forevermore']
2026-08-10 14:44:15,861 | INFO | httpx | HTTP Request: GET https://legacy.winningform.co.za/WCP/2K260812_6.htm "HTTP/1.1 200 OK"
2026-08-10 14:44:15,986 | INFO | app.scrapers.winning_form_scraper | runner_table_used columns={'number': 0, 'name': 1, 'length_behind': 2, 'speed_index': 3, 'predicted_time': 4, 'merit': 5, 'weight': 6, 'draw': 7, 'jockey': 9, 'trainer': 10, 'previous_run': 12, 'time': 17} extracted=9 stated=9
2026-08-10 14:44:15,987 | INFO | app.scrapers.winning_form_scraper | race_parsed url=https://legacy.winningform.co.za/WCP/2K260812_6.htm venue=Hollywoodbets Kenilworth date=2026-08-12 race=6 stated=9 parsed=9
2026-08-10 14:44:15,987 | INFO | app.scrapers.winning_form_scraper | horse_names=['Un Bel Di', 'Churchillian', "Objet D' Art", 'Pomp It Up', 'Tanneron', "Berry's Boogie", 'Babelicious', 'Black Cheetah', 'Shesgotclass']
2026-08-10 14:44:16,404 | INFO | httpx | HTTP Request: GET https://legacy.winningform.co.za/WCP/2K260812_7.htm "HTTP/1.1 200 OK"
2026-08-10 14:44:16,505 | INFO | app.scrapers.winning_form_scraper | runner_table_used columns={'number': 0, 'name': 1, 'length_behind': 2, 'speed_index': 3, 'predicted_time': 4, 'merit': 5, 'weight': 6, 'draw': 7, 'jockey': 9, 'trainer': 10, 'previous_run': 12, 'time': 17} extracted=8 stated=8
2026-08-10 14:44:16,506 | INFO | app.scrapers.winning_form_scraper | race_parsed url=https://legacy.winningform.co.za/WCP/2K260812_7.htm venue=Hollywoodbets Kenilworth date=2026-08-12 race=7 stated=8 parsed=8
2026-08-10 14:44:16,506 | INFO | app.scrapers.winning_form_scraper | horse_names=['Mente Et Manu', 'Absolutely Yes', 'Handsome Prince', 'It Is My Time', 'Witch Hazel', 'Voorloopertjie', 'Promettere', 'Three Tigers']
2026-08-10 14:44:16,813 | INFO | httpx | HTTP Request: GET https://legacy.winningform.co.za/WCP/2K260812_8.htm "HTTP/1.1 200 OK"
2026-08-10 14:44:17,201 | INFO | app.scrapers.winning_form_scraper | runner_table_used columns={'number': 0, 'name': 1, 'length_behind': 2, 'speed_index': 3, 'predicted_time': 4, 'merit': 5, 'weight': 6, 'draw': 7, 'jockey': 9, 'trainer': 10, 'previous_run': 12, 'time': 17} extracted=13 stated=13
2026-08-10 14:44:17,201 | INFO | app.scrapers.winning_form_scraper | race_parsed url=https://legacy.winningform.co.za/WCP/2K260812_8.htm venue=Hollywoodbets Kenilworth date=2026-08-12 race=8 stated=13 parsed=13
2026-08-10 14:44:17,202 | INFO | app.scrapers.winning_form_scraper | horse_names=['Cedar Point', 'Clark Griswold', 'Captains Alliance', 'Red Dawn', 'Diamond Rock', 'Rockanrollin', 'Bonelli', 'Bombers In The Sky', 'Noble Hero', "Caesar's Ransom", 'District Master', 'Groovejet', 'Ignite The Fire']
2026-08-10 14:44:17,599 | INFO | httpx | HTTP Request: GET https://legacy.winningform.co.za/GAU/2R260813_1.htm "HTTP/1.1 200 OK"
2026-08-10 14:44:17,661 | INFO | app.scrapers.winning_form_scraper | runner_table_used columns={'number': 0, 'name': 1, 'length_behind': 2, 'speed_index': 3, 'predicted_time': 4, 'merit': 5, 'weight': 6, 'draw': 7, 'jockey': 9, 'trainer': 10, 'previous_run': 12, 'time': 17} extracted=6 stated=6
2026-08-10 14:44:17,662 | INFO | app.scrapers.winning_form_scraper | race_parsed url=https://legacy.winningform.co.za/GAU/2R260813_1.htm venue=Vaal Classic date=2026-08-13 race=1 stated=6 parsed=6
2026-08-10 14:44:17,662 | INFO | app.scrapers.winning_form_scraper | horse_names=['Epidaurus', 'Clairwood Breeze', 'Comic Artist', 'Evening News', "Captain's Express", 'Eden Gardens']
2026-08-10 14:44:18,148 | INFO | httpx | HTTP Request: GET https://legacy.winningform.co.za/GAU/2R260813_2.htm "HTTP/1.1 200 OK"
2026-08-10 14:44:18,211 | INFO | app.scrapers.winning_form_scraper | runner_table_used columns={'number': 0, 'name': 1, 'length_behind': 2, 'speed_index': 3, 'predicted_time': 4, 'merit': 5, 'weight': 6, 'draw': 7, 'jockey': 9, 'trainer': 10, 'previous_run': 12, 'time': 17} extracted=9 stated=9
2026-08-10 14:44:18,212 | INFO | app.scrapers.winning_form_scraper | race_parsed url=https://legacy.winningform.co.za/GAU/2R260813_2.htm venue=Vaal Classic date=2026-08-13 race=2 stated=9 parsed=9
2026-08-10 14:44:18,212 | INFO | app.scrapers.winning_form_scraper | horse_names=['The Bachelorette', 'Corsaro Super', 'Lady Enid', 'Autograph', 'Golden Slipstream', 'Justhavefun', 'Torpedo', 'Shiraz Glow', 'Thorn Bird']
2026-08-10 14:44:18,481 | INFO | httpx | HTTP Request: GET https://legacy.winningform.co.za/GAU/2R260813_3.htm "HTTP/1.1 200 OK"
2026-08-10 14:44:18,564 | INFO | app.scrapers.winning_form_scraper | runner_table_used columns={'number': 0, 'name': 1, 'length_behind': 2, 'speed_index': 3, 'predicted_time': 4, 'merit': 5, 'weight': 6, 'draw': 7, 'jockey': 9, 'trainer': 10, 'previous_run': 12, 'time': 17} extracted=8 stated=8
2026-08-10 14:44:18,565 | INFO | app.scrapers.winning_form_scraper | race_parsed url=https://legacy.winningform.co.za/GAU/2R260813_3.htm venue=Vaal Classic date=2026-08-13 race=3 stated=8 parsed=8
2026-08-10 14:44:18,565 | INFO | app.scrapers.winning_form_scraper | horse_names=['Northern European', 'Be The One', "Life's Treasures", 'Grains Of Paradise', 'Royal Rant', 'Pilates', 'Tea For Three', 'Volare Veloce']
2026-08-10 14:44:18,738 | INFO | httpx | HTTP Request: GET https://legacy.winningform.co.za/GAU/2R260813_4.htm "HTTP/1.1 200 OK"
2026-08-10 14:44:18,805 | INFO | app.scrapers.winning_form_scraper | runner_table_used columns={'number': 0, 'name': 1, 'length_behind': 2, 'speed_index': 3, 'predicted_time': 4, 'merit': 5, 'weight': 6, 'draw': 7, 'jockey': 9, 'trainer': 10, 'previous_run': 12, 'time': 17} extracted=8 stated=8
2026-08-10 14:44:18,805 | INFO | app.scrapers.winning_form_scraper | race_parsed url=https://legacy.winningform.co.za/GAU/2R260813_4.htm venue=Vaal Classic date=2026-08-13 race=4 stated=8 parsed=8
2026-08-10 14:44:18,805 | INFO | app.scrapers.winning_form_scraper | horse_names=['Skitt Smiling', 'Crimson Ranger', 'Verdandi', 'One State', 'Campo Formio', 'Steel Spring', 'Reachingforthemoon', 'Flotilla']
2026-08-10 14:44:18,977 | INFO | httpx | HTTP Request: GET https://legacy.winningform.co.za/GAU/2R260813_5.htm "HTTP/1.1 200 OK"
2026-08-10 14:44:19,086 | INFO | app.scrapers.winning_form_scraper | runner_table_used columns={'number': 0, 'name': 1, 'length_behind': 2, 'speed_index': 3, 'predicted_time': 4, 'merit': 5, 'weight': 6, 'draw': 7, 'jockey': 9, 'trainer': 10, 'previous_run': 12, 'time': 17} extracted=8 stated=8
2026-08-10 14:44:19,087 | INFO | app.scrapers.winning_form_scraper | race_parsed url=https://legacy.winningform.co.za/GAU/2R260813_5.htm venue=Vaal Classic date=2026-08-13 race=5 stated=8 parsed=8
2026-08-10 14:44:19,087 | INFO | app.scrapers.winning_form_scraper | horse_names=["Scarlet O'hara", 'Azaleas For All', 'Surprise Party', 'Instant Attraction', 'Utsaah', 'Lady Sabrina', 'Red Sparrow', "Kylie's Angel"]
2026-08-10 14:44:19,257 | INFO | httpx | HTTP Request: GET https://legacy.winningform.co.za/GAU/2R260813_6.htm "HTTP/1.1 200 OK"
2026-08-10 14:44:19,351 | INFO | app.scrapers.winning_form_scraper | runner_table_used columns={'number': 0, 'name': 1, 'length_behind': 2, 'speed_index': 3, 'predicted_time': 4, 'merit': 5, 'weight': 6, 'draw': 7, 'jockey': 9, 'trainer': 10, 'previous_run': 12, 'time': 17} extracted=8 stated=8
2026-08-10 14:44:19,351 | INFO | app.scrapers.winning_form_scraper | race_parsed url=https://legacy.winningform.co.za/GAU/2R260813_6.htm venue=Vaal Classic date=2026-08-13 race=6 stated=8 parsed=8
2026-08-10 14:44:19,352 | INFO | app.scrapers.winning_form_scraper | horse_names=["Angel's Oasis", 'Hammer Blow', 'Lonely As A Cloud', 'Sergeant Soqrat', 'Ice Dragon', "Trompe L'oeil", 'Var Park', 'Oriental Bouquet']
2026-08-10 14:44:19,572 | INFO | httpx | HTTP Request: GET https://legacy.winningform.co.za/GAU/2R260813_7.htm "HTTP/1.1 200 OK"
2026-08-10 14:44:19,815 | INFO | app.scrapers.winning_form_scraper | runner_table_used columns={'number': 0, 'name': 1, 'length_behind': 2, 'speed_index': 3, 'predicted_time': 4, 'merit': 5, 'weight': 6, 'draw': 7, 'jockey': 9, 'trainer': 10, 'previous_run': 12, 'time': 17} extracted=9 stated=9
2026-08-10 14:44:19,815 | INFO | app.scrapers.winning_form_scraper | race_parsed url=https://legacy.winningform.co.za/GAU/2R260813_7.htm venue=Vaal Classic date=2026-08-13 race=7 stated=9 parsed=9
2026-08-10 14:44:19,815 | INFO | app.scrapers.winning_form_scraper | horse_names=['After Hours', 'Cold Shine', 'Big Unit', 'Longsword', 'Turbo Power', 'Sea Shanty', 'Fair Proposal', 'Gunboat', 'Onceinabluemoon']
2026-08-10 14:44:20,091 | INFO | httpx | HTTP Request: GET https://legacy.winningform.co.za/GAU/2R260813_8.htm "HTTP/1.1 200 OK"
2026-08-10 14:44:20,212 | INFO | app.scrapers.winning_form_scraper | runner_table_used columns={'number': 0, 'name': 1, 'length_behind': 2, 'speed_index': 3, 'predicted_time': 4, 'merit': 5, 'weight': 6, 'draw': 7, 'jockey': 9, 'trainer': 10, 'previous_run': 12, 'time': 17} extracted=11 stated=11
2026-08-10 14:44:20,213 | INFO | app.scrapers.winning_form_scraper | race_parsed url=https://legacy.winningform.co.za/GAU/2R260813_8.htm venue=Vaal Classic date=2026-08-13 race=8 stated=11 parsed=11
2026-08-10 14:44:20,213 | INFO | app.scrapers.winning_form_scraper | horse_names=['Elusive Red', 'Unsolved Riddle', 'Ubermensch', 'Frere Jacques', 'Tracksuit Dave', 'Gallic Victor', 'Sunset Warrior', 'Brave Waam', 'Laughing William', 'Coming In Hot', 'Matroosberg']
2026-08-10 14:44:20,312 | INFO | app.services.monitoring_service | monitoring_cycle_completed
2026-08-10 14:44:20,312 | INFO | app.main | application_started
2026-08-10 14:45:34,175 | INFO | apscheduler.scheduler | Scheduler has been shut down
2026-08-10 14:45:34,178 | INFO | app.main | application_stopped
2026-08-10 14:55:38,030 | INFO | apscheduler.scheduler | Adding job tentatively -- it will be properly scheduled when the scheduler starts
2026-08-10 14:55:38,032 | INFO | apscheduler.scheduler | Added job "MonitoringService.run_cycle" to job store "default"
2026-08-10 14:55:38,032 | INFO | apscheduler.scheduler | Scheduler started
2026-08-10 14:55:38,033 | INFO | app.services.monitoring_service | monitoring_cycle_started
2026-08-10 14:55:38,588 | INFO | httpx | HTTP Request: GET https://legacy.winningform.co.za "HTTP/1.1 200 OK"
2026-08-10 14:55:38,596 | INFO | app.scrapers.winning_form_scraper | fetch_index_frames=['https://legacy.winningform.co.za/guide.htm', 'https://legacy.winningform.co.za/cover.htm']
2026-08-10 14:55:38,719 | INFO | httpx | HTTP Request: GET https://legacy.winningform.co.za "HTTP/1.1 200 OK"
2026-08-10 14:55:38,835 | INFO | httpx | HTTP Request: GET https://legacy.winningform.co.za/guide.htm "HTTP/1.1 200 OK"
2026-08-10 14:55:38,958 | INFO | httpx | HTTP Request: GET https://legacy.winningform.co.za/cover.htm "HTTP/1.1 200 OK"
2026-08-10 14:55:39,068 | INFO | httpx | HTTP Request: GET https://legacy.winningform.co.za "HTTP/1.1 200 OK"
2026-08-10 14:55:39,211 | INFO | httpx | HTTP Request: GET https://legacy.winningform.co.za/guide.htm "HTTP/1.1 200 OK"
2026-08-10 14:55:39,362 | INFO | httpx | HTTP Request: GET https://legacy.winningform.co.za/cover.htm "HTTP/1.1 200 OK"
2026-08-10 14:55:39,401 | INFO | app.scrapers.winning_form_scraper | race_links_total=24
2026-08-10 14:55:39,402 | INFO | app.scrapers.winning_form_scraper | meetings_seen=['gau-p260810', 'gau-r260813', 'wcp-k260812']
2026-08-10 14:55:39,587 | INFO | httpx | HTTP Request: GET https://legacy.winningform.co.za/GAU/2P260810_1.htm "HTTP/1.1 200 OK"
2026-08-10 14:55:39,780 | INFO | app.scrapers.winning_form_scraper | runner_table_used columns={'number': 0, 'name': 1, 'length_behind': 2, 'speed_index': 3, 'predicted_time': 4, 'merit': 5, 'weight': 6, 'draw': 7, 'jockey': 9, 'trainer': 10, 'previous_run': 12, 'time': 17} extracted=10 stated=10
2026-08-10 14:55:39,780 | INFO | app.scrapers.winning_form_scraper | race_parsed url=https://legacy.winningform.co.za/GAU/2P260810_1.htm venue=Fairview Polytrack date=2026-08-10 race=1 stated=10 parsed=9
2026-08-10 14:55:39,780 | INFO | app.scrapers.winning_form_scraper | horse_names=["Monkey's Wedding", 'Masterofthebaroque', 'Capranica', 'Dead Poets Society', 'Window To My Soul', 'Straight Red', 'Luca Da Wheels', 'Lyrics And Songs', 'Fleet Return', 'Island Jewel']
2026-08-10 14:55:40,094 | INFO | httpx | HTTP Request: GET https://legacy.winningform.co.za/GAU/2P260810_2.htm "HTTP/1.1 200 OK"
2026-08-10 14:55:40,193 | INFO | app.scrapers.winning_form_scraper | runner_table_used columns={'number': 0, 'name': 1, 'length_behind': 2, 'speed_index': 3, 'predicted_time': 4, 'merit': 5, 'weight': 6, 'draw': 7, 'jockey': 9, 'trainer': 10, 'previous_run': 12, 'time': 17} extracted=7 stated=7
2026-08-10 14:55:40,193 | INFO | app.scrapers.winning_form_scraper | race_parsed url=https://legacy.winningform.co.za/GAU/2P260810_2.htm venue=Fairview Polytrack date=2026-08-10 race=2 stated=7 parsed=6
2026-08-10 14:55:40,193 | INFO | app.scrapers.winning_form_scraper | horse_names=['Gimmethegold', 'Love From Afar', 'Xtines Princess', 'Apples And Tea', 'Makajima', 'Norse Warrior', 'Playmaker']
2026-08-10 14:55:40,362 | INFO | httpx | HTTP Request: GET https://legacy.winningform.co.za/GAU/2P260810_3.htm "HTTP/1.1 200 OK"
2026-08-10 14:55:40,467 | INFO | app.scrapers.winning_form_scraper | runner_table_used columns={'number': 0, 'name': 1, 'length_behind': 2, 'speed_index': 3, 'predicted_time': 4, 'merit': 5, 'weight': 6, 'draw': 7, 'jockey': 9, 'trainer': 10, 'previous_run': 12, 'time': 17} extracted=6 stated=6
2026-08-10 14:55:40,467 | INFO | app.scrapers.winning_form_scraper | race_parsed url=https://legacy.winningform.co.za/GAU/2P260810_3.htm venue=Fairview Polytrack date=2026-08-10 race=3 stated=6 parsed=5
2026-08-10 14:55:40,467 | INFO | app.scrapers.winning_form_scraper | horse_names=['Rhythm', 'Warrior Of Royalty', "Slash 'n Burn", 'Chocolate Bomb', 'Master Mtoto', 'Bumps Last Grind']
2026-08-10 14:55:40,823 | INFO | httpx | HTTP Request: GET https://legacy.winningform.co.za/GAU/2P260810_4.htm "HTTP/1.1 200 OK"
2026-08-10 14:55:40,972 | INFO | app.scrapers.winning_form_scraper | runner_table_used columns={'number': 0, 'name': 1, 'length_behind': 2, 'speed_index': 3, 'predicted_time': 4, 'merit': 5, 'weight': 6, 'draw': 7, 'jockey': 9, 'trainer': 10, 'previous_run': 12, 'time': 17} extracted=8 stated=8
2026-08-10 14:55:40,973 | INFO | app.scrapers.winning_form_scraper | race_parsed url=https://legacy.winningform.co.za/GAU/2P260810_4.htm venue=Fairview Polytrack date=2026-08-10 race=4 stated=8 parsed=8
2026-08-10 14:55:40,973 | INFO | app.scrapers.winning_form_scraper | horse_names=['Kings Again', 'Gorgeous Cape', 'Sports Fan', 'Sweet Julia', 'Roaming Spirit', 'Detailed Forecast', 'Gaslight Dancer', 'Windsor Silk']
2026-08-10 14:55:41,522 | INFO | httpx | HTTP Request: GET https://legacy.winningform.co.za/GAU/2P260810_5.htm "HTTP/1.1 200 OK"
2026-08-10 14:55:41,736 | INFO | app.scrapers.winning_form_scraper | runner_table_used columns={'number': 0, 'name': 1, 'length_behind': 2, 'speed_index': 3, 'predicted_time': 4, 'merit': 5, 'weight': 6, 'draw': 7, 'jockey': 9, 'trainer': 10, 'previous_run': 12, 'time': 17} extracted=8 stated=8
2026-08-10 14:55:41,736 | INFO | app.scrapers.winning_form_scraper | race_parsed url=https://legacy.winningform.co.za/GAU/2P260810_5.htm venue=Fairview Polytrack date=2026-08-10 race=5 stated=8 parsed=8
2026-08-10 14:55:41,736 | INFO | app.scrapers.winning_form_scraper | horse_names=['Spirit Of Nical', 'Tp Thunderchild', "You're My Angel", 'Rare Earth', 'Looking Good', 'Queen Of Castille', 'Jazz Away', 'Love You Lots']
2026-08-10 14:55:42,396 | INFO | httpx | HTTP Request: GET https://legacy.winningform.co.za/GAU/2P260810_6.htm "HTTP/1.1 200 OK"
2026-08-10 14:55:42,506 | INFO | app.scrapers.winning_form_scraper | runner_table_used columns={'number': 0, 'name': 1, 'length_behind': 2, 'speed_index': 3, 'predicted_time': 4, 'merit': 5, 'weight': 6, 'draw': 7, 'jockey': 9, 'trainer': 10, 'previous_run': 12, 'time': 17} extracted=9 stated=9
2026-08-10 14:55:42,507 | INFO | app.scrapers.winning_form_scraper | race_parsed url=https://legacy.winningform.co.za/GAU/2P260810_6.htm venue=Fairview Polytrack date=2026-08-10 race=6 stated=9 parsed=8
2026-08-10 14:55:42,507 | INFO | app.scrapers.winning_form_scraper | horse_names=['El Capitan', "Honorine's Gimmie", 'Diablo', 'Charlie Malone', 'Eugenius', 'Ayuwi Yuwi', "Clara Lume'", 'Clairwood Rose', 'Notorix']
2026-08-10 14:55:42,708 | INFO | httpx | HTTP Request: GET https://legacy.winningform.co.za/GAU/2P260810_7.htm "HTTP/1.1 200 OK"
2026-08-10 14:55:42,821 | INFO | app.scrapers.winning_form_scraper | runner_table_used columns={'number': 0, 'name': 1, 'length_behind': 2, 'speed_index': 3, 'predicted_time': 4, 'merit': 5, 'weight': 6, 'draw': 7, 'jockey': 9, 'trainer': 10, 'previous_run': 12, 'time': 17} extracted=8 stated=8
2026-08-10 14:55:42,821 | INFO | app.scrapers.winning_form_scraper | race_parsed url=https://legacy.winningform.co.za/GAU/2P260810_7.htm venue=Fairview Polytrack date=2026-08-10 race=7 stated=8 parsed=7
2026-08-10 14:55:42,821 | INFO | app.scrapers.winning_form_scraper | horse_names=['Kleinzee', 'Royal Missy', 'Silvonian', 'Honorable Member', 'George Handel', 'Ingqwele', 'Terminator', 'Royal City Girl']
2026-08-10 14:55:43,001 | INFO | httpx | HTTP Request: GET https://legacy.winningform.co.za/GAU/2P260810_8.htm "HTTP/1.1 200 OK"
2026-08-10 14:55:43,171 | INFO | app.scrapers.winning_form_scraper | runner_table_used columns={'number': 0, 'name': 1, 'length_behind': 2, 'speed_index': 3, 'predicted_time': 4, 'merit': 5, 'weight': 6, 'draw': 7, 'jockey': 9, 'trainer': 10, 'previous_run': 12, 'time': 17} extracted=13 stated=13
2026-08-10 14:55:43,171 | INFO | app.scrapers.winning_form_scraper | race_parsed url=https://legacy.winningform.co.za/GAU/2P260810_8.htm venue=Fairview Polytrack date=2026-08-10 race=8 stated=13 parsed=12
2026-08-10 14:55:43,171 | INFO | app.scrapers.winning_form_scraper | horse_names=['Past And Present', 'Supreme Judge', 'El Romiachi', 'Amanzimtexas', 'Blue Palace', 'Fantine', 'Sabrage', 'King Rahul', 'Northern Kitten', 'Gimme The Truth', 'Greek Heiress', 'Dream Decision', 'Hospices De Beaune']
2026-08-10 14:55:43,367 | INFO | httpx | HTTP Request: GET https://legacy.winningform.co.za/WCP/2K260812_1.htm "HTTP/1.1 200 OK"
2026-08-10 14:55:43,448 | INFO | app.scrapers.winning_form_scraper | runner_table_used columns={'number': 0, 'name': 1, 'length_behind': 2, 'speed_index': 3, 'predicted_time': 4, 'merit': 5, 'weight': 6, 'draw': 7, 'jockey': 9, 'trainer': 10, 'previous_run': 12, 'time': 17} extracted=16 stated=16
2026-08-10 14:55:43,449 | INFO | app.scrapers.winning_form_scraper | race_parsed url=https://legacy.winningform.co.za/WCP/2K260812_1.htm venue=Hollywoodbets Kenilworth date=2026-08-12 race=1 stated=16 parsed=16
2026-08-10 14:55:43,449 | INFO | app.scrapers.winning_form_scraper | horse_names=['Senorita Lolita', 'Peach Cobbler', 'Roman Beauty', 'Viridian Ruby', 'Kim Chanel', 'Bursturbubble', 'Polar Expedition', 'Nadia Nerina', 'Mac D', 'One Ripple', 'Uncut Gem', 'Pipsqueak', 'Lila Kendy', 'Frozen Asset', 'Desert Ice', 'Burnout']
2026-08-10 14:55:43,644 | INFO | httpx | HTTP Request: GET https://legacy.winningform.co.za/WCP/2K260812_2.htm "HTTP/1.1 200 OK"
2026-08-10 14:55:43,746 | INFO | app.scrapers.winning_form_scraper | runner_table_used columns={'number': 0, 'name': 1, 'length_behind': 2, 'speed_index': 3, 'predicted_time': 4, 'merit': 5, 'weight': 6, 'draw': 7, 'jockey': 9, 'trainer': 10, 'previous_run': 12, 'time': 17} extracted=12 stated=12
2026-08-10 14:55:43,747 | INFO | app.scrapers.winning_form_scraper | race_parsed url=https://legacy.winningform.co.za/WCP/2K260812_2.htm venue=Hollywoodbets Kenilworth date=2026-08-12 race=2 stated=12 parsed=12
2026-08-10 14:55:43,747 | INFO | app.scrapers.winning_form_scraper | horse_names=['Le Tissier', 'Royal Clinton', 'Lord Chamberlain', 'Big City Roller', 'Sukhoi', 'Tango Master', 'Bart Nel', 'Augusta Rouge', 'Daley Park', 'Ulez Camera', 'Gimmethejackhammer', 'Miyabi King']
2026-08-10 14:55:43,934 | INFO | httpx | HTTP Request: GET https://legacy.winningform.co.za/WCP/2K260812_3.htm "HTTP/1.1 200 OK"
2026-08-10 14:55:44,016 | INFO | app.scrapers.winning_form_scraper | runner_table_used columns={'number': 0, 'name': 1, 'length_behind': 2, 'speed_index': 3, 'predicted_time': 4, 'merit': 5, 'weight': 6, 'draw': 7, 'jockey': 9, 'trainer': 10, 'previous_run': 12, 'time': 17} extracted=12 stated=12
2026-08-10 14:55:44,016 | INFO | app.scrapers.winning_form_scraper | race_parsed url=https://legacy.winningform.co.za/WCP/2K260812_3.htm venue=Hollywoodbets Kenilworth date=2026-08-12 race=3 stated=12 parsed=12
2026-08-10 14:55:44,016 | INFO | app.scrapers.winning_form_scraper | horse_names=['Saratoga Sunrise', 'Fourth Of July', 'Blackbird', 'Bullet Tooth Tony', 'Ile Moris', 'Brothers In Arms', 'Grey Knight', 'Bright Fate', 'Time Of Our Lives', "Warrior's Legacy", 'Rain In France', 'Red Hot Rifle']
2026-08-10 14:55:44,175 | INFO | httpx | HTTP Request: GET https://legacy.winningform.co.za/WCP/2K260812_4.htm "HTTP/1.1 200 OK"
2026-08-10 14:55:44,269 | INFO | app.scrapers.winning_form_scraper | runner_table_used columns={'number': 0, 'name': 1, 'length_behind': 2, 'speed_index': 3, 'predicted_time': 4, 'merit': 5, 'weight': 6, 'draw': 7, 'jockey': 9, 'trainer': 10, 'previous_run': 12, 'time': 17} extracted=8 stated=8
2026-08-10 14:55:44,269 | INFO | app.scrapers.winning_form_scraper | race_parsed url=https://legacy.winningform.co.za/WCP/2K260812_4.htm venue=Hollywoodbets Kenilworth date=2026-08-12 race=4 stated=8 parsed=8
2026-08-10 14:55:44,269 | INFO | app.scrapers.winning_form_scraper | horse_names=['Catch Me', "Captain's Angel", 'Warrior Of Destiny', 'Waterfront', 'Zanfan Moris', 'Fractal', 'Rumbo Russi', 'Gimmeagamble']
2026-08-10 14:55:44,440 | INFO | httpx | HTTP Request: GET https://legacy.winningform.co.za/WCP/2K260812_5.htm "HTTP/1.1 200 OK"
2026-08-10 14:55:44,573 | INFO | app.scrapers.winning_form_scraper | runner_table_used columns={'number': 0, 'name': 1, 'length_behind': 2, 'speed_index': 3, 'predicted_time': 4, 'merit': 5, 'weight': 6, 'draw': 7, 'jockey': 9, 'trainer': 10, 'previous_run': 12, 'time': 17} extracted=8 stated=8
2026-08-10 14:55:44,573 | INFO | app.scrapers.winning_form_scraper | race_parsed url=https://legacy.winningform.co.za/WCP/2K260812_5.htm venue=Hollywoodbets Kenilworth date=2026-08-12 race=5 stated=8 parsed=8
2026-08-10 14:55:44,573 | INFO | app.scrapers.winning_form_scraper | horse_names=['October Fest', 'Maritzburg Memory', 'Cliffscape', 'Raffish Trend', 'Star World', 'Black Erika', 'All Is Green', 'Sing Forevermore']
2026-08-10 14:55:44,824 | INFO | httpx | HTTP Request: GET https://legacy.winningform.co.za/WCP/2K260812_6.htm "HTTP/1.1 200 OK"
2026-08-10 14:55:44,944 | INFO | app.scrapers.winning_form_scraper | runner_table_used columns={'number': 0, 'name': 1, 'length_behind': 2, 'speed_index': 3, 'predicted_time': 4, 'merit': 5, 'weight': 6, 'draw': 7, 'jockey': 9, 'trainer': 10, 'previous_run': 12, 'time': 17} extracted=9 stated=9
2026-08-10 14:55:44,944 | INFO | app.scrapers.winning_form_scraper | race_parsed url=https://legacy.winningform.co.za/WCP/2K260812_6.htm venue=Hollywoodbets Kenilworth date=2026-08-12 race=6 stated=9 parsed=9
2026-08-10 14:55:44,944 | INFO | app.scrapers.winning_form_scraper | horse_names=['Un Bel Di', 'Churchillian', "Objet D' Art", 'Pomp It Up', 'Tanneron', "Berry's Boogie", 'Babelicious', 'Black Cheetah', 'Shesgotclass']
2026-08-10 14:55:45,131 | INFO | httpx | HTTP Request: GET https://legacy.winningform.co.za/WCP/2K260812_7.htm "HTTP/1.1 200 OK"
2026-08-10 14:55:45,242 | INFO | app.scrapers.winning_form_scraper | runner_table_used columns={'number': 0, 'name': 1, 'length_behind': 2, 'speed_index': 3, 'predicted_time': 4, 'merit': 5, 'weight': 6, 'draw': 7, 'jockey': 9, 'trainer': 10, 'previous_run': 12, 'time': 17} extracted=8 stated=8
2026-08-10 14:55:45,243 | INFO | app.scrapers.winning_form_scraper | race_parsed url=https://legacy.winningform.co.za/WCP/2K260812_7.htm venue=Hollywoodbets Kenilworth date=2026-08-12 race=7 stated=8 parsed=8
2026-08-10 14:55:45,243 | INFO | app.scrapers.winning_form_scraper | horse_names=['Mente Et Manu', 'Absolutely Yes', 'Handsome Prince', 'It Is My Time', 'Witch Hazel', 'Voorloopertjie', 'Promettere', 'Three Tigers']
2026-08-10 14:55:45,469 | INFO | httpx | HTTP Request: GET https://legacy.winningform.co.za/WCP/2K260812_8.htm "HTTP/1.1 200 OK"
2026-08-10 14:55:45,662 | INFO | app.scrapers.winning_form_scraper | runner_table_used columns={'number': 0, 'name': 1, 'length_behind': 2, 'speed_index': 3, 'predicted_time': 4, 'merit': 5, 'weight': 6, 'draw': 7, 'jockey': 9, 'trainer': 10, 'previous_run': 12, 'time': 17} extracted=13 stated=13
2026-08-10 14:55:45,662 | INFO | app.scrapers.winning_form_scraper | race_parsed url=https://legacy.winningform.co.za/WCP/2K260812_8.htm venue=Hollywoodbets Kenilworth date=2026-08-12 race=8 stated=13 parsed=13
2026-08-10 14:55:45,662 | INFO | app.scrapers.winning_form_scraper | horse_names=['Cedar Point', 'Clark Griswold', 'Captains Alliance', 'Red Dawn', 'Diamond Rock', 'Rockanrollin', 'Bonelli', 'Bombers In The Sky', 'Noble Hero', "Caesar's Ransom", 'District Master', 'Groovejet', 'Ignite The Fire']
2026-08-10 14:55:45,914 | INFO | httpx | HTTP Request: GET https://legacy.winningform.co.za/GAU/2R260813_1.htm "HTTP/1.1 200 OK"
2026-08-10 14:55:46,058 | INFO | app.scrapers.winning_form_scraper | runner_table_used columns={'number': 0, 'name': 1, 'length_behind': 2, 'speed_index': 3, 'predicted_time': 4, 'merit': 5, 'weight': 6, 'draw': 7, 'jockey': 9, 'trainer': 10, 'previous_run': 12, 'time': 17} extracted=6 stated=6
2026-08-10 14:55:46,059 | INFO | app.scrapers.winning_form_scraper | race_parsed url=https://legacy.winningform.co.za/GAU/2R260813_1.htm venue=Vaal Classic date=2026-08-13 race=1 stated=6 parsed=6
2026-08-10 14:55:46,059 | INFO | app.scrapers.winning_form_scraper | horse_names=['Epidaurus', 'Clairwood Breeze', 'Comic Artist', 'Evening News', "Captain's Express", 'Eden Gardens']
2026-08-10 14:55:46,249 | INFO | httpx | HTTP Request: GET https://legacy.winningform.co.za/GAU/2R260813_2.htm "HTTP/1.1 200 OK"
2026-08-10 14:55:46,327 | INFO | app.scrapers.winning_form_scraper | runner_table_used columns={'number': 0, 'name': 1, 'length_behind': 2, 'speed_index': 3, 'predicted_time': 4, 'merit': 5, 'weight': 6, 'draw': 7, 'jockey': 9, 'trainer': 10, 'previous_run': 12, 'time': 17} extracted=9 stated=9
2026-08-10 14:55:46,327 | INFO | app.scrapers.winning_form_scraper | race_parsed url=https://legacy.winningform.co.za/GAU/2R260813_2.htm venue=Vaal Classic date=2026-08-13 race=2 stated=9 parsed=9
2026-08-10 14:55:46,327 | INFO | app.scrapers.winning_form_scraper | horse_names=['The Bachelorette', 'Corsaro Super', 'Lady Enid', 'Autograph', 'Golden Slipstream', 'Justhavefun', 'Torpedo', 'Shiraz Glow', 'Thorn Bird']
2026-08-10 14:55:46,508 | INFO | httpx | HTTP Request: GET https://legacy.winningform.co.za/GAU/2R260813_3.htm "HTTP/1.1 200 OK"
2026-08-10 14:55:46,584 | INFO | app.scrapers.winning_form_scraper | runner_table_used columns={'number': 0, 'name': 1, 'length_behind': 2, 'speed_index': 3, 'predicted_time': 4, 'merit': 5, 'weight': 6, 'draw': 7, 'jockey': 9, 'trainer': 10, 'previous_run': 12, 'time': 17} extracted=8 stated=8
2026-08-10 14:55:46,584 | INFO | app.scrapers.winning_form_scraper | race_parsed url=https://legacy.winningform.co.za/GAU/2R260813_3.htm venue=Vaal Classic date=2026-08-13 race=3 stated=8 parsed=8
2026-08-10 14:55:46,584 | INFO | app.scrapers.winning_form_scraper | horse_names=['Northern European', 'Be The One', "Life's Treasures", 'Grains Of Paradise', 'Royal Rant', 'Pilates', 'Tea For Three', 'Volare Veloce']
2026-08-10 14:55:46,773 | INFO | httpx | HTTP Request: GET https://legacy.winningform.co.za/GAU/2R260813_4.htm "HTTP/1.1 200 OK"
2026-08-10 14:55:46,866 | INFO | app.scrapers.winning_form_scraper | runner_table_used columns={'number': 0, 'name': 1, 'length_behind': 2, 'speed_index': 3, 'predicted_time': 4, 'merit': 5, 'weight': 6, 'draw': 7, 'jockey': 9, 'trainer': 10, 'previous_run': 12, 'time': 17} extracted=8 stated=8
2026-08-10 14:55:46,866 | INFO | app.scrapers.winning_form_scraper | race_parsed url=https://legacy.winningform.co.za/GAU/2R260813_4.htm venue=Vaal Classic date=2026-08-13 race=4 stated=8 parsed=8
2026-08-10 14:55:46,866 | INFO | app.scrapers.winning_form_scraper | horse_names=['Skitt Smiling', 'Crimson Ranger', 'Verdandi', 'One State', 'Campo Formio', 'Steel Spring', 'Reachingforthemoon', 'Flotilla']
2026-08-10 14:55:47,049 | INFO | httpx | HTTP Request: GET https://legacy.winningform.co.za/GAU/2R260813_5.htm "HTTP/1.1 200 OK"
2026-08-10 14:55:47,179 | INFO | app.scrapers.winning_form_scraper | runner_table_used columns={'number': 0, 'name': 1, 'length_behind': 2, 'speed_index': 3, 'predicted_time': 4, 'merit': 5, 'weight': 6, 'draw': 7, 'jockey': 9, 'trainer': 10, 'previous_run': 12, 'time': 17} extracted=8 stated=8
2026-08-10 14:55:47,180 | INFO | app.scrapers.winning_form_scraper | race_parsed url=https://legacy.winningform.co.za/GAU/2R260813_5.htm venue=Vaal Classic date=2026-08-13 race=5 stated=8 parsed=8
2026-08-10 14:55:47,180 | INFO | app.scrapers.winning_form_scraper | horse_names=["Scarlet O'hara", 'Azaleas For All', 'Surprise Party', 'Instant Attraction', 'Utsaah', 'Lady Sabrina', 'Red Sparrow', "Kylie's Angel"]
2026-08-10 14:55:47,411 | INFO | httpx | HTTP Request: GET https://legacy.winningform.co.za/GAU/2R260813_6.htm "HTTP/1.1 200 OK"
2026-08-10 14:55:47,519 | INFO | app.scrapers.winning_form_scraper | runner_table_used columns={'number': 0, 'name': 1, 'length_behind': 2, 'speed_index': 3, 'predicted_time': 4, 'merit': 5, 'weight': 6, 'draw': 7, 'jockey': 9, 'trainer': 10, 'previous_run': 12, 'time': 17} extracted=8 stated=8
2026-08-10 14:55:47,519 | INFO | app.scrapers.winning_form_scraper | race_parsed url=https://legacy.winningform.co.za/GAU/2R260813_6.htm venue=Vaal Classic date=2026-08-13 race=6 stated=8 parsed=8
2026-08-10 14:55:47,519 | INFO | app.scrapers.winning_form_scraper | horse_names=["Angel's Oasis", 'Hammer Blow', 'Lonely As A Cloud', 'Sergeant Soqrat', 'Ice Dragon', "Trompe L'oeil", 'Var Park', 'Oriental Bouquet']
2026-08-10 14:55:47,814 | INFO | httpx | HTTP Request: GET https://legacy.winningform.co.za/GAU/2R260813_7.htm "HTTP/1.1 200 OK"
2026-08-10 14:55:48,050 | INFO | app.scrapers.winning_form_scraper | runner_table_used columns={'number': 0, 'name': 1, 'length_behind': 2, 'speed_index': 3, 'predicted_time': 4, 'merit': 5, 'weight': 6, 'draw': 7, 'jockey': 9, 'trainer': 10, 'previous_run': 12, 'time': 17} extracted=9 stated=9
2026-08-10 14:55:48,051 | INFO | app.scrapers.winning_form_scraper | race_parsed url=https://legacy.winningform.co.za/GAU/2R260813_7.htm venue=Vaal Classic date=2026-08-13 race=7 stated=9 parsed=9
2026-08-10 14:55:48,051 | INFO | app.scrapers.winning_form_scraper | horse_names=['After Hours', 'Cold Shine', 'Big Unit', 'Longsword', 'Turbo Power', 'Sea Shanty', 'Fair Proposal', 'Gunboat', 'Onceinabluemoon']
2026-08-10 14:55:48,257 | INFO | httpx | HTTP Request: GET https://legacy.winningform.co.za/GAU/2R260813_8.htm "HTTP/1.1 200 OK"
2026-08-10 14:55:48,372 | INFO | app.scrapers.winning_form_scraper | runner_table_used columns={'number': 0, 'name': 1, 'length_behind': 2, 'speed_index': 3, 'predicted_time': 4, 'merit': 5, 'weight': 6, 'draw': 7, 'jockey': 9, 'trainer': 10, 'previous_run': 12, 'time': 17} extracted=11 stated=11
2026-08-10 14:55:48,373 | INFO | app.scrapers.winning_form_scraper | race_parsed url=https://legacy.winningform.co.za/GAU/2R260813_8.htm venue=Vaal Classic date=2026-08-13 race=8 stated=11 parsed=11
2026-08-10 14:55:48,373 | INFO | app.scrapers.winning_form_scraper | horse_names=['Elusive Red', 'Unsolved Riddle', 'Ubermensch', 'Frere Jacques', 'Tracksuit Dave', 'Gallic Victor', 'Sunset Warrior', 'Brave Waam', 'Laughing William', 'Coming In Hot', 'Matroosberg']
2026-08-10 14:55:48,478 | INFO | app.services.monitoring_service | monitoring_cycle_completed
2026-08-10 14:55:48,479 | INFO | app.main | application_started
2026-08-10 14:55:56,872 | INFO | apscheduler.scheduler | Adding job tentatively -- it will be properly scheduled when the scheduler starts
2026-08-10 14:55:56,874 | INFO | apscheduler.scheduler | Added job "MonitoringService.run_cycle" to job store "default"
2026-08-10 14:55:56,874 | INFO | apscheduler.scheduler | Scheduler started
2026-08-10 14:55:56,874 | INFO | app.services.monitoring_service | monitoring_cycle_started
2026-08-10 14:55:57,290 | INFO | httpx | HTTP Request: GET https://legacy.winningform.co.za "HTTP/1.1 200 OK"
2026-08-10 14:55:57,301 | INFO | app.scrapers.winning_form_scraper | fetch_index_frames=['https://legacy.winningform.co.za/guide.htm', 'https://legacy.winningform.co.za/cover.htm']
2026-08-10 14:55:57,478 | INFO | httpx | HTTP Request: GET https://legacy.winningform.co.za "HTTP/1.1 200 OK"
2026-08-10 14:55:57,597 | INFO | httpx | HTTP Request: GET https://legacy.winningform.co.za/guide.htm "HTTP/1.1 200 OK"
2026-08-10 14:55:57,733 | INFO | httpx | HTTP Request: GET https://legacy.winningform.co.za/cover.htm "HTTP/1.1 200 OK"
2026-08-10 14:55:57,833 | INFO | httpx | HTTP Request: GET https://legacy.winningform.co.za "HTTP/1.1 200 OK"
2026-08-10 14:55:57,933 | INFO | httpx | HTTP Request: GET https://legacy.winningform.co.za/guide.htm "HTTP/1.1 200 OK"
2026-08-10 14:55:58,035 | INFO | httpx | HTTP Request: GET https://legacy.winningform.co.za/cover.htm "HTTP/1.1 200 OK"
2026-08-10 14:55:58,050 | INFO | app.scrapers.winning_form_scraper | race_links_total=24
2026-08-10 14:55:58,051 | INFO | app.scrapers.winning_form_scraper | meetings_seen=['gau-p260810', 'gau-r260813', 'wcp-k260812']
2026-08-10 14:55:58,184 | INFO | httpx | HTTP Request: GET https://legacy.winningform.co.za/GAU/2P260810_1.htm "HTTP/1.1 200 OK"
2026-08-10 14:55:58,375 | INFO | app.scrapers.winning_form_scraper | runner_table_used columns={'number': 0, 'name': 1, 'length_behind': 2, 'speed_index': 3, 'predicted_time': 4, 'merit': 5, 'weight': 6, 'draw': 7, 'jockey': 9, 'trainer': 10, 'previous_run': 12, 'time': 17} extracted=10 stated=10
2026-08-10 14:55:58,375 | INFO | app.scrapers.winning_form_scraper | race_parsed url=https://legacy.winningform.co.za/GAU/2P260810_1.htm venue=Fairview Polytrack date=2026-08-10 race=1 stated=10 parsed=9
2026-08-10 14:55:58,375 | INFO | app.scrapers.winning_form_scraper | horse_names=["Monkey's Wedding", 'Masterofthebaroque', 'Capranica', 'Dead Poets Society', 'Window To My Soul', 'Straight Red', 'Luca Da Wheels', 'Lyrics And Songs', 'Fleet Return', 'Island Jewel']
2026-08-10 14:55:58,630 | INFO | httpx | HTTP Request: GET https://legacy.winningform.co.za/GAU/2P260810_2.htm "HTTP/1.1 200 OK"
2026-08-10 14:55:58,734 | INFO | app.scrapers.winning_form_scraper | runner_table_used columns={'number': 0, 'name': 1, 'length_behind': 2, 'speed_index': 3, 'predicted_time': 4, 'merit': 5, 'weight': 6, 'draw': 7, 'jockey': 9, 'trainer': 10, 'previous_run': 12, 'time': 17} extracted=7 stated=7
2026-08-10 14:55:58,734 | INFO | app.scrapers.winning_form_scraper | race_parsed url=https://legacy.winningform.co.za/GAU/2P260810_2.htm venue=Fairview Polytrack date=2026-08-10 race=2 stated=7 parsed=6
2026-08-10 14:55:58,734 | INFO | app.scrapers.winning_form_scraper | horse_names=['Gimmethegold', 'Love From Afar', 'Xtines Princess', 'Apples And Tea', 'Makajima', 'Norse Warrior', 'Playmaker']
2026-08-10 14:55:58,914 | INFO | httpx | HTTP Request: GET https://legacy.winningform.co.za/GAU/2P260810_3.htm "HTTP/1.1 200 OK"
2026-08-10 14:55:59,005 | INFO | app.scrapers.winning_form_scraper | runner_table_used columns={'number': 0, 'name': 1, 'length_behind': 2, 'speed_index': 3, 'predicted_time': 4, 'merit': 5, 'weight': 6, 'draw': 7, 'jockey': 9, 'trainer': 10, 'previous_run': 12, 'time': 17} extracted=6 stated=6
2026-08-10 14:55:59,005 | INFO | app.scrapers.winning_form_scraper | race_parsed url=https://legacy.winningform.co.za/GAU/2P260810_3.htm venue=Fairview Polytrack date=2026-08-10 race=3 stated=6 parsed=5
2026-08-10 14:55:59,005 | INFO | app.scrapers.winning_form_scraper | horse_names=['Rhythm', 'Warrior Of Royalty', "Slash 'n Burn", 'Chocolate Bomb', 'Master Mtoto', 'Bumps Last Grind']
2026-08-10 14:55:59,162 | INFO | httpx | HTTP Request: GET https://legacy.winningform.co.za/GAU/2P260810_4.htm "HTTP/1.1 200 OK"
2026-08-10 14:55:59,275 | INFO | app.scrapers.winning_form_scraper | runner_table_used columns={'number': 0, 'name': 1, 'length_behind': 2, 'speed_index': 3, 'predicted_time': 4, 'merit': 5, 'weight': 6, 'draw': 7, 'jockey': 9, 'trainer': 10, 'previous_run': 12, 'time': 17} extracted=8 stated=8
2026-08-10 14:55:59,276 | INFO | app.scrapers.winning_form_scraper | race_parsed url=https://legacy.winningform.co.za/GAU/2P260810_4.htm venue=Fairview Polytrack date=2026-08-10 race=4 stated=8 parsed=8
2026-08-10 14:55:59,276 | INFO | app.scrapers.winning_form_scraper | horse_names=['Kings Again', 'Gorgeous Cape', 'Sports Fan', 'Sweet Julia', 'Roaming Spirit', 'Detailed Forecast', 'Gaslight Dancer', 'Windsor Silk']
2026-08-10 14:55:59,440 | INFO | httpx | HTTP Request: GET https://legacy.winningform.co.za/GAU/2P260810_5.htm "HTTP/1.1 200 OK"
2026-08-10 14:55:59,586 | INFO | app.scrapers.winning_form_scraper | runner_table_used columns={'number': 0, 'name': 1, 'length_behind': 2, 'speed_index': 3, 'predicted_time': 4, 'merit': 5, 'weight': 6, 'draw': 7, 'jockey': 9, 'trainer': 10, 'previous_run': 12, 'time': 17} extracted=8 stated=8
2026-08-10 14:55:59,587 | INFO | app.scrapers.winning_form_scraper | race_parsed url=https://legacy.winningform.co.za/GAU/2P260810_5.htm venue=Fairview Polytrack date=2026-08-10 race=5 stated=8 parsed=8
2026-08-10 14:55:59,587 | INFO | app.scrapers.winning_form_scraper | horse_names=['Spirit Of Nical', 'Tp Thunderchild', "You're My Angel", 'Rare Earth', 'Looking Good', 'Queen Of Castille', 'Jazz Away', 'Love You Lots']
2026-08-10 14:55:59,750 | INFO | httpx | HTTP Request: GET https://legacy.winningform.co.za/GAU/2P260810_6.htm "HTTP/1.1 200 OK"
2026-08-10 14:55:59,881 | INFO | app.scrapers.winning_form_scraper | runner_table_used columns={'number': 0, 'name': 1, 'length_behind': 2, 'speed_index': 3, 'predicted_time': 4, 'merit': 5, 'weight': 6, 'draw': 7, 'jockey': 9, 'trainer': 10, 'previous_run': 12, 'time': 17} extracted=9 stated=9
2026-08-10 14:55:59,881 | INFO | app.scrapers.winning_form_scraper | race_parsed url=https://legacy.winningform.co.za/GAU/2P260810_6.htm venue=Fairview Polytrack date=2026-08-10 race=6 stated=9 parsed=8
2026-08-10 14:55:59,881 | INFO | app.scrapers.winning_form_scraper | horse_names=['El Capitan', "Honorine's Gimmie", 'Diablo', 'Charlie Malone', 'Eugenius', 'Ayuwi Yuwi', "Clara Lume'", 'Clairwood Rose', 'Notorix']
2026-08-10 14:56:00,079 | INFO | httpx | HTTP Request: GET https://legacy.winningform.co.za/GAU/2P260810_7.htm "HTTP/1.1 200 OK"
2026-08-10 14:56:00,198 | INFO | app.scrapers.winning_form_scraper | runner_table_used columns={'number': 0, 'name': 1, 'length_behind': 2, 'speed_index': 3, 'predicted_time': 4, 'merit': 5, 'weight': 6, 'draw': 7, 'jockey': 9, 'trainer': 10, 'previous_run': 12, 'time': 17} extracted=8 stated=8
2026-08-10 14:56:00,198 | INFO | app.scrapers.winning_form_scraper | race_parsed url=https://legacy.winningform.co.za/GAU/2P260810_7.htm venue=Fairview Polytrack date=2026-08-10 race=7 stated=8 parsed=7
2026-08-10 14:56:00,198 | INFO | app.scrapers.winning_form_scraper | horse_names=['Kleinzee', 'Royal Missy', 'Silvonian', 'Honorable Member', 'George Handel', 'Ingqwele', 'Terminator', 'Royal City Girl']
2026-08-10 14:56:00,387 | INFO | httpx | HTTP Request: GET https://legacy.winningform.co.za/GAU/2P260810_8.htm "HTTP/1.1 200 OK"
2026-08-10 14:56:00,547 | INFO | app.scrapers.winning_form_scraper | runner_table_used columns={'number': 0, 'name': 1, 'length_behind': 2, 'speed_index': 3, 'predicted_time': 4, 'merit': 5, 'weight': 6, 'draw': 7, 'jockey': 9, 'trainer': 10, 'previous_run': 12, 'time': 17} extracted=13 stated=13
2026-08-10 14:56:00,547 | INFO | app.scrapers.winning_form_scraper | race_parsed url=https://legacy.winningform.co.za/GAU/2P260810_8.htm venue=Fairview Polytrack date=2026-08-10 race=8 stated=13 parsed=12
2026-08-10 14:56:00,547 | INFO | app.scrapers.winning_form_scraper | horse_names=['Past And Present', 'Supreme Judge', 'El Romiachi', 'Amanzimtexas', 'Blue Palace', 'Fantine', 'Sabrage', 'King Rahul', 'Northern Kitten', 'Gimme The Truth', 'Greek Heiress', 'Dream Decision', 'Hospices De Beaune']
2026-08-10 14:56:00,955 | INFO | httpx | HTTP Request: GET https://legacy.winningform.co.za/WCP/2K260812_1.htm "HTTP/1.1 200 OK"
2026-08-10 14:56:01,088 | INFO | app.scrapers.winning_form_scraper | runner_table_used columns={'number': 0, 'name': 1, 'length_behind': 2, 'speed_index': 3, 'predicted_time': 4, 'merit': 5, 'weight': 6, 'draw': 7, 'jockey': 9, 'trainer': 10, 'previous_run': 12, 'time': 17} extracted=16 stated=16
2026-08-10 14:56:01,088 | INFO | app.scrapers.winning_form_scraper | race_parsed url=https://legacy.winningform.co.za/WCP/2K260812_1.htm venue=Hollywoodbets Kenilworth date=2026-08-12 race=1 stated=16 parsed=16
2026-08-10 14:56:01,088 | INFO | app.scrapers.winning_form_scraper | horse_names=['Senorita Lolita', 'Peach Cobbler', 'Roman Beauty', 'Viridian Ruby', 'Kim Chanel', 'Bursturbubble', 'Polar Expedition', 'Nadia Nerina', 'Mac D', 'One Ripple', 'Uncut Gem', 'Pipsqueak', 'Lila Kendy', 'Frozen Asset', 'Desert Ice', 'Burnout']
2026-08-10 14:56:01,297 | INFO | httpx | HTTP Request: GET https://legacy.winningform.co.za/WCP/2K260812_2.htm "HTTP/1.1 200 OK"
2026-08-10 14:56:01,378 | INFO | app.scrapers.winning_form_scraper | runner_table_used columns={'number': 0, 'name': 1, 'length_behind': 2, 'speed_index': 3, 'predicted_time': 4, 'merit': 5, 'weight': 6, 'draw': 7, 'jockey': 9, 'trainer': 10, 'previous_run': 12, 'time': 17} extracted=12 stated=12
2026-08-10 14:56:01,378 | INFO | app.scrapers.winning_form_scraper | race_parsed url=https://legacy.winningform.co.za/WCP/2K260812_2.htm venue=Hollywoodbets Kenilworth date=2026-08-12 race=2 stated=12 parsed=12
2026-08-10 14:56:01,378 | INFO | app.scrapers.winning_form_scraper | horse_names=['Le Tissier', 'Royal Clinton', 'Lord Chamberlain', 'Big City Roller', 'Sukhoi', 'Tango Master', 'Bart Nel', 'Augusta Rouge', 'Daley Park', 'Ulez Camera', 'Gimmethejackhammer', 'Miyabi King']
2026-08-10 14:56:01,548 | INFO | httpx | HTTP Request: GET https://legacy.winningform.co.za/WCP/2K260812_3.htm "HTTP/1.1 200 OK"
2026-08-10 14:56:01,623 | INFO | app.scrapers.winning_form_scraper | runner_table_used columns={'number': 0, 'name': 1, 'length_behind': 2, 'speed_index': 3, 'predicted_time': 4, 'merit': 5, 'weight': 6, 'draw': 7, 'jockey': 9, 'trainer': 10, 'previous_run': 12, 'time': 17} extracted=12 stated=12
2026-08-10 14:56:01,624 | INFO | app.scrapers.winning_form_scraper | race_parsed url=https://legacy.winningform.co.za/WCP/2K260812_3.htm venue=Hollywoodbets Kenilworth date=2026-08-12 race=3 stated=12 parsed=12
2026-08-10 14:56:01,624 | INFO | app.scrapers.winning_form_scraper | horse_names=['Saratoga Sunrise', 'Fourth Of July', 'Blackbird', 'Bullet Tooth Tony', 'Ile Moris', 'Brothers In Arms', 'Grey Knight', 'Bright Fate', 'Time Of Our Lives', "Warrior's Legacy", 'Rain In France', 'Red Hot Rifle']
2026-08-10 14:56:01,777 | INFO | httpx | HTTP Request: GET https://legacy.winningform.co.za/WCP/2K260812_4.htm "HTTP/1.1 200 OK"
2026-08-10 14:56:01,857 | INFO | app.scrapers.winning_form_scraper | runner_table_used columns={'number': 0, 'name': 1, 'length_behind': 2, 'speed_index': 3, 'predicted_time': 4, 'merit': 5, 'weight': 6, 'draw': 7, 'jockey': 9, 'trainer': 10, 'previous_run': 12, 'time': 17} extracted=8 stated=8
2026-08-10 14:56:01,858 | INFO | app.scrapers.winning_form_scraper | race_parsed url=https://legacy.winningform.co.za/WCP/2K260812_4.htm venue=Hollywoodbets Kenilworth date=2026-08-12 race=4 stated=8 parsed=8
2026-08-10 14:56:01,858 | INFO | app.scrapers.winning_form_scraper | horse_names=['Catch Me', "Captain's Angel", 'Warrior Of Destiny', 'Waterfront', 'Zanfan Moris', 'Fractal', 'Rumbo Russi', 'Gimmeagamble']
2026-08-10 14:56:02,031 | INFO | httpx | HTTP Request: GET https://legacy.winningform.co.za/WCP/2K260812_5.htm "HTTP/1.1 200 OK"
2026-08-10 14:56:02,129 | INFO | app.scrapers.winning_form_scraper | runner_table_used columns={'number': 0, 'name': 1, 'length_behind': 2, 'speed_index': 3, 'predicted_time': 4, 'merit': 5, 'weight': 6, 'draw': 7, 'jockey': 9, 'trainer': 10, 'previous_run': 12, 'time': 17} extracted=8 stated=8
2026-08-10 14:56:02,129 | INFO | app.scrapers.winning_form_scraper | race_parsed url=https://legacy.winningform.co.za/WCP/2K260812_5.htm venue=Hollywoodbets Kenilworth date=2026-08-12 race=5 stated=8 parsed=8
2026-08-10 14:56:02,129 | INFO | app.scrapers.winning_form_scraper | horse_names=['October Fest', 'Maritzburg Memory', 'Cliffscape', 'Raffish Trend', 'Star World', 'Black Erika', 'All Is Green', 'Sing Forevermore']
2026-08-10 14:56:02,293 | INFO | httpx | HTTP Request: GET https://legacy.winningform.co.za/WCP/2K260812_6.htm "HTTP/1.1 200 OK"
2026-08-10 14:56:02,422 | INFO | app.scrapers.winning_form_scraper | runner_table_used columns={'number': 0, 'name': 1, 'length_behind': 2, 'speed_index': 3, 'predicted_time': 4, 'merit': 5, 'weight': 6, 'draw': 7, 'jockey': 9, 'trainer': 10, 'previous_run': 12, 'time': 17} extracted=9 stated=9
2026-08-10 14:56:02,423 | INFO | app.scrapers.winning_form_scraper | race_parsed url=https://legacy.winningform.co.za/WCP/2K260812_6.htm venue=Hollywoodbets Kenilworth date=2026-08-12 race=6 stated=9 parsed=9
2026-08-10 14:56:02,423 | INFO | app.scrapers.winning_form_scraper | horse_names=['Un Bel Di', 'Churchillian', "Objet D' Art", 'Pomp It Up', 'Tanneron', "Berry's Boogie", 'Babelicious', 'Black Cheetah', 'Shesgotclass']
2026-08-10 14:56:02,710 | INFO | httpx | HTTP Request: GET https://legacy.winningform.co.za/WCP/2K260812_7.htm "HTTP/1.1 200 OK"
2026-08-10 14:56:02,865 | INFO | app.scrapers.winning_form_scraper | runner_table_used columns={'number': 0, 'name': 1, 'length_behind': 2, 'speed_index': 3, 'predicted_time': 4, 'merit': 5, 'weight': 6, 'draw': 7, 'jockey': 9, 'trainer': 10, 'previous_run': 12, 'time': 17} extracted=8 stated=8
2026-08-10 14:56:02,865 | INFO | app.scrapers.winning_form_scraper | race_parsed url=https://legacy.winningform.co.za/WCP/2K260812_7.htm venue=Hollywoodbets Kenilworth date=2026-08-12 race=7 stated=8 parsed=8
2026-08-10 14:56:02,866 | INFO | app.scrapers.winning_form_scraper | horse_names=['Mente Et Manu', 'Absolutely Yes', 'Handsome Prince', 'It Is My Time', 'Witch Hazel', 'Voorloopertjie', 'Promettere', 'Three Tigers']
2026-08-10 14:56:03,038 | INFO | httpx | HTTP Request: GET https://legacy.winningform.co.za/WCP/2K260812_8.htm "HTTP/1.1 200 OK"
2026-08-10 14:56:03,201 | INFO | app.scrapers.winning_form_scraper | runner_table_used columns={'number': 0, 'name': 1, 'length_behind': 2, 'speed_index': 3, 'predicted_time': 4, 'merit': 5, 'weight': 6, 'draw': 7, 'jockey': 9, 'trainer': 10, 'previous_run': 12, 'time': 17} extracted=13 stated=13
2026-08-10 14:56:03,201 | INFO | app.scrapers.winning_form_scraper | race_parsed url=https://legacy.winningform.co.za/WCP/2K260812_8.htm venue=Hollywoodbets Kenilworth date=2026-08-12 race=8 stated=13 parsed=13
2026-08-10 14:56:03,201 | INFO | app.scrapers.winning_form_scraper | horse_names=['Cedar Point', 'Clark Griswold', 'Captains Alliance', 'Red Dawn', 'Diamond Rock', 'Rockanrollin', 'Bonelli', 'Bombers In The Sky', 'Noble Hero', "Caesar's Ransom", 'District Master', 'Groovejet', 'Ignite The Fire']
2026-08-10 14:56:03,374 | INFO | httpx | HTTP Request: GET https://legacy.winningform.co.za/GAU/2R260813_1.htm "HTTP/1.1 200 OK"
2026-08-10 14:56:03,455 | INFO | app.scrapers.winning_form_scraper | runner_table_used columns={'number': 0, 'name': 1, 'length_behind': 2, 'speed_index': 3, 'predicted_time': 4, 'merit': 5, 'weight': 6, 'draw': 7, 'jockey': 9, 'trainer': 10, 'previous_run': 12, 'time': 17} extracted=6 stated=6
2026-08-10 14:56:03,455 | INFO | app.scrapers.winning_form_scraper | race_parsed url=https://legacy.winningform.co.za/GAU/2R260813_1.htm venue=Vaal Classic date=2026-08-13 race=1 stated=6 parsed=6
2026-08-10 14:56:03,455 | INFO | app.scrapers.winning_form_scraper | horse_names=['Epidaurus', 'Clairwood Breeze', 'Comic Artist', 'Evening News', "Captain's Express", 'Eden Gardens']
2026-08-10 14:56:03,614 | INFO | httpx | HTTP Request: GET https://legacy.winningform.co.za/GAU/2R260813_2.htm "HTTP/1.1 200 OK"
2026-08-10 14:56:03,692 | INFO | app.scrapers.winning_form_scraper | runner_table_used columns={'number': 0, 'name': 1, 'length_behind': 2, 'speed_index': 3, 'predicted_time': 4, 'merit': 5, 'weight': 6, 'draw': 7, 'jockey': 9, 'trainer': 10, 'previous_run': 12, 'time': 17} extracted=9 stated=9
2026-08-10 14:56:03,692 | INFO | app.scrapers.winning_form_scraper | race_parsed url=https://legacy.winningform.co.za/GAU/2R260813_2.htm venue=Vaal Classic date=2026-08-13 race=2 stated=9 parsed=9
2026-08-10 14:56:03,692 | INFO | app.scrapers.winning_form_scraper | horse_names=['The Bachelorette', 'Corsaro Super', 'Lady Enid', 'Autograph', 'Golden Slipstream', 'Justhavefun', 'Torpedo', 'Shiraz Glow', 'Thorn Bird']
2026-08-10 14:56:03,845 | INFO | httpx | HTTP Request: GET https://legacy.winningform.co.za/GAU/2R260813_3.htm "HTTP/1.1 200 OK"
2026-08-10 14:56:03,917 | INFO | app.scrapers.winning_form_scraper | runner_table_used columns={'number': 0, 'name': 1, 'length_behind': 2, 'speed_index': 3, 'predicted_time': 4, 'merit': 5, 'weight': 6, 'draw': 7, 'jockey': 9, 'trainer': 10, 'previous_run': 12, 'time': 17} extracted=8 stated=8
2026-08-10 14:56:03,917 | INFO | app.scrapers.winning_form_scraper | race_parsed url=https://legacy.winningform.co.za/GAU/2R260813_3.htm venue=Vaal Classic date=2026-08-13 race=3 stated=8 parsed=8
2026-08-10 14:56:03,917 | INFO | app.scrapers.winning_form_scraper | horse_names=['Northern European', 'Be The One', "Life's Treasures", 'Grains Of Paradise', 'Royal Rant', 'Pilates', 'Tea For Three', 'Volare Veloce']
2026-08-10 14:56:04,090 | INFO | httpx | HTTP Request: GET https://legacy.winningform.co.za/GAU/2R260813_4.htm "HTTP/1.1 200 OK"
2026-08-10 14:56:04,208 | INFO | app.scrapers.winning_form_scraper | runner_table_used columns={'number': 0, 'name': 1, 'length_behind': 2, 'speed_index': 3, 'predicted_time': 4, 'merit': 5, 'weight': 6, 'draw': 7, 'jockey': 9, 'trainer': 10, 'previous_run': 12, 'time': 17} extracted=8 stated=8
2026-08-10 14:56:04,208 | INFO | app.scrapers.winning_form_scraper | race_parsed url=https://legacy.winningform.co.za/GAU/2R260813_4.htm venue=Vaal Classic date=2026-08-13 race=4 stated=8 parsed=8
2026-08-10 14:56:04,208 | INFO | app.scrapers.winning_form_scraper | horse_names=['Skitt Smiling', 'Crimson Ranger', 'Verdandi', 'One State', 'Campo Formio', 'Steel Spring', 'Reachingforthemoon', 'Flotilla']
2026-08-10 14:56:04,422 | INFO | httpx | HTTP Request: GET https://legacy.winningform.co.za/GAU/2R260813_5.htm "HTTP/1.1 200 OK"
2026-08-10 14:56:04,571 | INFO | app.scrapers.winning_form_scraper | runner_table_used columns={'number': 0, 'name': 1, 'length_behind': 2, 'speed_index': 3, 'predicted_time': 4, 'merit': 5, 'weight': 6, 'draw': 7, 'jockey': 9, 'trainer': 10, 'previous_run': 12, 'time': 17} extracted=8 stated=8
2026-08-10 14:56:04,571 | INFO | app.scrapers.winning_form_scraper | race_parsed url=https://legacy.winningform.co.za/GAU/2R260813_5.htm venue=Vaal Classic date=2026-08-13 race=5 stated=8 parsed=8
2026-08-10 14:56:04,571 | INFO | app.scrapers.winning_form_scraper | horse_names=["Scarlet O'hara", 'Azaleas For All', 'Surprise Party', 'Instant Attraction', 'Utsaah', 'Lady Sabrina', 'Red Sparrow', "Kylie's Angel"]
2026-08-10 14:56:04,749 | INFO | httpx | HTTP Request: GET https://legacy.winningform.co.za/GAU/2R260813_6.htm "HTTP/1.1 200 OK"
2026-08-10 14:56:04,853 | INFO | app.scrapers.winning_form_scraper | runner_table_used columns={'number': 0, 'name': 1, 'length_behind': 2, 'speed_index': 3, 'predicted_time': 4, 'merit': 5, 'weight': 6, 'draw': 7, 'jockey': 9, 'trainer': 10, 'previous_run': 12, 'time': 17} extracted=8 stated=8
2026-08-10 14:56:04,854 | INFO | app.scrapers.winning_form_scraper | race_parsed url=https://legacy.winningform.co.za/GAU/2R260813_6.htm venue=Vaal Classic date=2026-08-13 race=6 stated=8 parsed=8
2026-08-10 14:56:04,854 | INFO | app.scrapers.winning_form_scraper | horse_names=["Angel's Oasis", 'Hammer Blow', 'Lonely As A Cloud', 'Sergeant Soqrat', 'Ice Dragon', "Trompe L'oeil", 'Var Park', 'Oriental Bouquet']
2026-08-10 14:56:05,223 | INFO | httpx | HTTP Request: GET https://legacy.winningform.co.za/GAU/2R260813_7.htm "HTTP/1.1 200 OK"
2026-08-10 14:56:05,473 | INFO | app.scrapers.winning_form_scraper | runner_table_used columns={'number': 0, 'name': 1, 'length_behind': 2, 'speed_index': 3, 'predicted_time': 4, 'merit': 5, 'weight': 6, 'draw': 7, 'jockey': 9, 'trainer': 10, 'previous_run': 12, 'time': 17} extracted=9 stated=9
2026-08-10 14:56:05,474 | INFO | app.scrapers.winning_form_scraper | race_parsed url=https://legacy.winningform.co.za/GAU/2R260813_7.htm venue=Vaal Classic date=2026-08-13 race=7 stated=9 parsed=9
2026-08-10 14:56:05,474 | INFO | app.scrapers.winning_form_scraper | horse_names=['After Hours', 'Cold Shine', 'Big Unit', 'Longsword', 'Turbo Power', 'Sea Shanty', 'Fair Proposal', 'Gunboat', 'Onceinabluemoon']
2026-08-10 14:56:05,655 | INFO | httpx | HTTP Request: GET https://legacy.winningform.co.za/GAU/2R260813_8.htm "HTTP/1.1 200 OK"
2026-08-10 14:56:05,791 | INFO | app.scrapers.winning_form_scraper | runner_table_used columns={'number': 0, 'name': 1, 'length_behind': 2, 'speed_index': 3, 'predicted_time': 4, 'merit': 5, 'weight': 6, 'draw': 7, 'jockey': 9, 'trainer': 10, 'previous_run': 12, 'time': 17} extracted=11 stated=11
2026-08-10 14:56:05,791 | INFO | app.scrapers.winning_form_scraper | race_parsed url=https://legacy.winningform.co.za/GAU/2R260813_8.htm venue=Vaal Classic date=2026-08-13 race=8 stated=11 parsed=11
2026-08-10 14:56:05,791 | INFO | app.scrapers.winning_form_scraper | horse_names=['Elusive Red', 'Unsolved Riddle', 'Ubermensch', 'Frere Jacques', 'Tracksuit Dave', 'Gallic Victor', 'Sunset Warrior', 'Brave Waam', 'Laughing William', 'Coming In Hot', 'Matroosberg']
2026-08-10 14:56:05,889 | INFO | app.services.monitoring_service | monitoring_cycle_completed
2026-08-10 14:56:05,889 | INFO | app.main | application_started
2026-08-10 14:56:05,891 | INFO | apscheduler.scheduler | Scheduler has been shut down
2026-08-10 14:56:05,892 | INFO | app.main | application_stopped
2026-08-10 18:10:09,551 | WARNING | apscheduler.executors.default | Run time of job "MonitoringService.run_cycle (trigger: cron[hour='0,6,12,18', minute='0'], next run at: 2026-08-11 00:00:00 SAST)" was missed by 0:10:09.551812
2026-08-11 02:32:48,292 | WARNING | apscheduler.executors.default | Run time of job "MonitoringService.run_cycle (trigger: cron[hour='0,6,12,18', minute='0'], next run at: 2026-08-11 06:00:00 SAST)" was missed by 2:32:48.292778
2026-08-11 07:41:34,515 | WARNING | apscheduler.executors.default | Run time of job "MonitoringService.run_cycle (trigger: cron[hour='0,6,12,18', minute='0'], next run at: 2026-08-11 12:00:00 SAST)" was missed by 1:41:34.515393
2026-08-11 12:00:00,016 | INFO | apscheduler.executors.default | Running job "MonitoringService.run_cycle (trigger: cron[hour='0,6,12,18', minute='0'], next run at: 2026-08-11 18:00:00 SAST)" (scheduled at 2026-08-11 12:00:00+02:00)
2026-08-11 12:00:00,017 | INFO | app.services.monitoring_service | monitoring_cycle_started
2026-08-11 12:00:00,337 | INFO | httpx | HTTP Request: GET https://legacy.winningform.co.za "HTTP/1.1 200 OK"
2026-08-11 12:00:00,359 | INFO | app.scrapers.winning_form_scraper | fetch_index_frames=['https://legacy.winningform.co.za/guide.htm', 'https://legacy.winningform.co.za/cover.htm']
2026-08-11 12:00:00,493 | INFO | httpx | HTTP Request: GET https://legacy.winningform.co.za "HTTP/1.1 200 OK"
2026-08-11 12:00:00,620 | INFO | httpx | HTTP Request: GET https://legacy.winningform.co.za/guide.htm "HTTP/1.1 200 OK"
2026-08-11 12:00:00,753 | INFO | httpx | HTTP Request: GET https://legacy.winningform.co.za/cover.htm "HTTP/1.1 200 OK"
2026-08-11 12:00:00,858 | INFO | httpx | HTTP Request: GET https://legacy.winningform.co.za "HTTP/1.1 200 OK"
2026-08-11 12:00:00,965 | INFO | httpx | HTTP Request: GET https://legacy.winningform.co.za/guide.htm "HTTP/1.1 200 OK"
2026-08-11 12:00:01,074 | INFO | httpx | HTTP Request: GET https://legacy.winningform.co.za/cover.htm "HTTP/1.1 200 OK"
2026-08-11 12:00:01,087 | INFO | app.scrapers.winning_form_scraper | race_links_total=16
2026-08-11 12:00:01,087 | INFO | app.scrapers.winning_form_scraper | meetings_seen=['gau-r260813', 'wcp-k260812']
2026-08-11 12:00:01,231 | INFO | httpx | HTTP Request: GET https://legacy.winningform.co.za/WCP/2K260812_1.htm "HTTP/1.1 200 OK"
2026-08-11 12:00:01,462 | INFO | app.scrapers.winning_form_scraper | runner_table_used columns={'number': 0, 'name': 1, 'length_behind': 2, 'speed_index': 3, 'predicted_time': 4, 'merit': 5, 'weight': 6, 'draw': 7, 'jockey': 9, 'trainer': 10, 'previous_run': 12, 'time': 17} extracted=16 stated=16
2026-08-11 12:00:01,462 | INFO | app.scrapers.winning_form_scraper | race_parsed url=https://legacy.winningform.co.za/WCP/2K260812_1.htm venue=Hollywoodbets Kenilworth date=2026-08-12 race=1 stated=16 parsed=16
2026-08-11 12:00:01,463 | INFO | app.scrapers.winning_form_scraper | horse_names=['Senorita Lolita', 'Peach Cobbler', 'Roman Beauty', 'Viridian Ruby', 'Kim Chanel', 'Bursturbubble', 'Polar Expedition', 'Nadia Nerina', 'Mac D', 'One Ripple', 'Uncut Gem', 'Pipsqueak', 'Lila Kendy', 'Frozen Asset', 'Desert Ice', 'Burnout']
2026-08-11 12:00:01,739 | INFO | httpx | HTTP Request: GET https://legacy.winningform.co.za/WCP/2K260812_2.htm "HTTP/1.1 200 OK"
2026-08-11 12:00:01,812 | INFO | app.scrapers.winning_form_scraper | runner_table_used columns={'number': 0, 'name': 1, 'length_behind': 2, 'speed_index': 3, 'predicted_time': 4, 'merit': 5, 'weight': 6, 'draw': 7, 'jockey': 9, 'trainer': 10, 'previous_run': 12, 'time': 17} extracted=12 stated=12
2026-08-11 12:00:01,812 | INFO | app.scrapers.winning_form_scraper | race_parsed url=https://legacy.winningform.co.za/WCP/2K260812_2.htm venue=Hollywoodbets Kenilworth date=2026-08-12 race=2 stated=12 parsed=12
2026-08-11 12:00:01,812 | INFO | app.scrapers.winning_form_scraper | horse_names=['Le Tissier', 'Royal Clinton', 'Lord Chamberlain', 'Big City Roller', 'Sukhoi', 'Tango Master', 'Bart Nel', 'Augusta Rouge', 'Daley Park', 'Ulez Camera', 'Gimmethejackhammer', 'Miyabi King']
2026-08-11 12:00:01,978 | INFO | httpx | HTTP Request: GET https://legacy.winningform.co.za/WCP/2K260812_3.htm "HTTP/1.1 200 OK"
2026-08-11 12:00:02,044 | INFO | app.scrapers.winning_form_scraper | runner_table_used columns={'number': 0, 'name': 1, 'length_behind': 2, 'speed_index': 3, 'predicted_time': 4, 'merit': 5, 'weight': 6, 'draw': 7, 'jockey': 9, 'trainer': 10, 'previous_run': 12, 'time': 17} extracted=12 stated=12
2026-08-11 12:00:02,044 | INFO | app.scrapers.winning_form_scraper | race_parsed url=https://legacy.winningform.co.za/WCP/2K260812_3.htm venue=Hollywoodbets Kenilworth date=2026-08-12 race=3 stated=12 parsed=12
2026-08-11 12:00:02,045 | INFO | app.scrapers.winning_form_scraper | horse_names=['Saratoga Sunrise', 'Fourth Of July', 'Blackbird', 'Bullet Tooth Tony', 'Ile Moris', 'Brothers In Arms', 'Grey Knight', 'Bright Fate', 'Time Of Our Lives', "Warrior's Legacy", 'Rain In France', 'Red Hot Rifle']
2026-08-11 12:00:02,242 | INFO | httpx | HTTP Request: GET https://legacy.winningform.co.za/WCP/2K260812_4.htm "HTTP/1.1 200 OK"
2026-08-11 12:00:02,394 | INFO | app.scrapers.winning_form_scraper | runner_table_used columns={'number': 0, 'name': 1, 'length_behind': 2, 'speed_index': 3, 'predicted_time': 4, 'merit': 5, 'weight': 6, 'draw': 7, 'jockey': 9, 'trainer': 10, 'previous_run': 12, 'time': 17} extracted=8 stated=8
2026-08-11 12:00:02,395 | INFO | app.scrapers.winning_form_scraper | race_parsed url=https://legacy.winningform.co.za/WCP/2K260812_4.htm venue=Hollywoodbets Kenilworth date=2026-08-12 race=4 stated=8 parsed=8
2026-08-11 12:00:02,395 | INFO | app.scrapers.winning_form_scraper | horse_names=['Catch Me', "Captain's Angel", 'Warrior Of Destiny', 'Waterfront', 'Zanfan Moris', 'Fractal', 'Rumbo Russi', 'Gimmeagamble']
2026-08-11 12:00:02,609 | INFO | httpx | HTTP Request: GET https://legacy.winningform.co.za/WCP/2K260812_5.htm "HTTP/1.1 200 OK"
2026-08-11 12:00:02,796 | INFO | app.scrapers.winning_form_scraper | runner_table_used columns={'number': 0, 'name': 1, 'length_behind': 2, 'speed_index': 3, 'predicted_time': 4, 'merit': 5, 'weight': 6, 'draw': 7, 'jockey': 9, 'trainer': 10, 'previous_run': 12, 'time': 17} extracted=8 stated=8
2026-08-11 12:00:02,796 | INFO | app.scrapers.winning_form_scraper | race_parsed url=https://legacy.winningform.co.za/WCP/2K260812_5.htm venue=Hollywoodbets Kenilworth date=2026-08-12 race=5 stated=8 parsed=8
2026-08-11 12:00:02,796 | INFO | app.scrapers.winning_form_scraper | horse_names=['October Fest', 'Maritzburg Memory', 'Cliffscape', 'Raffish Trend', 'Star World', 'Black Erika', 'All Is Green', 'Sing Forevermore']
2026-08-11 12:00:03,005 | INFO | httpx | HTTP Request: GET https://legacy.winningform.co.za/WCP/2K260812_6.htm "HTTP/1.1 200 OK"
2026-08-11 12:00:03,225 | INFO | app.scrapers.winning_form_scraper | runner_table_used columns={'number': 0, 'name': 1, 'length_behind': 2, 'speed_index': 3, 'predicted_time': 4, 'merit': 5, 'weight': 6, 'draw': 7, 'jockey': 9, 'trainer': 10, 'previous_run': 12, 'time': 17} extracted=9 stated=9
2026-08-11 12:00:03,225 | INFO | app.scrapers.winning_form_scraper | race_parsed url=https://legacy.winningform.co.za/WCP/2K260812_6.htm venue=Hollywoodbets Kenilworth date=2026-08-12 race=6 stated=9 parsed=9
2026-08-11 12:00:03,226 | INFO | app.scrapers.winning_form_scraper | horse_names=['Un Bel Di', 'Churchillian', "Objet D' Art", 'Pomp It Up', 'Tanneron', "Berry's Boogie", 'Babelicious', 'Black Cheetah', 'Shesgotclass']
2026-08-11 12:00:03,441 | INFO | httpx | HTTP Request: GET https://legacy.winningform.co.za/WCP/2K260812_7.htm "HTTP/1.1 200 OK"
2026-08-11 12:00:03,624 | INFO | app.scrapers.winning_form_scraper | runner_table_used columns={'number': 0, 'name': 1, 'length_behind': 2, 'speed_index': 3, 'predicted_time': 4, 'merit': 5, 'weight': 6, 'draw': 7, 'jockey': 9, 'trainer': 10, 'previous_run': 12, 'time': 17} extracted=8 stated=8
2026-08-11 12:00:03,624 | INFO | app.scrapers.winning_form_scraper | race_parsed url=https://legacy.winningform.co.za/WCP/2K260812_7.htm venue=Hollywoodbets Kenilworth date=2026-08-12 race=7 stated=8 parsed=8
2026-08-11 12:00:03,624 | INFO | app.scrapers.winning_form_scraper | horse_names=['Mente Et Manu', 'Absolutely Yes', 'Handsome Prince', 'It Is My Time', 'Witch Hazel', 'Voorloopertjie', 'Promettere', 'Three Tigers']
2026-08-11 12:00:03,815 | INFO | httpx | HTTP Request: GET https://legacy.winningform.co.za/WCP/2K260812_8.htm "HTTP/1.1 200 OK"
2026-08-11 12:00:04,020 | INFO | app.scrapers.winning_form_scraper | runner_table_used columns={'number': 0, 'name': 1, 'length_behind': 2, 'speed_index': 3, 'predicted_time': 4, 'merit': 5, 'weight': 6, 'draw': 7, 'jockey': 9, 'trainer': 10, 'previous_run': 12, 'time': 17} extracted=13 stated=13
2026-08-11 12:00:04,020 | INFO | app.scrapers.winning_form_scraper | race_parsed url=https://legacy.winningform.co.za/WCP/2K260812_8.htm venue=Hollywoodbets Kenilworth date=2026-08-12 race=8 stated=13 parsed=13
2026-08-11 12:00:04,020 | INFO | app.scrapers.winning_form_scraper | horse_names=['Cedar Point', 'Clark Griswold', 'Captains Alliance', 'Red Dawn', 'Diamond Rock', 'Rockanrollin', 'Bonelli', 'Bombers In The Sky', 'Noble Hero', "Caesar's Ransom", 'District Master', 'Groovejet', 'Ignite The Fire']
2026-08-11 12:00:04,237 | INFO | httpx | HTTP Request: GET https://legacy.winningform.co.za/GAU/2R260813_1.htm "HTTP/1.1 200 OK"
2026-08-11 12:00:04,326 | INFO | app.scrapers.winning_form_scraper | runner_table_used columns={'number': 0, 'name': 1, 'length_behind': 2, 'speed_index': 3, 'predicted_time': 4, 'merit': 5, 'weight': 6, 'draw': 7, 'jockey': 9, 'trainer': 10, 'previous_run': 12, 'time': 17} extracted=6 stated=6
2026-08-11 12:00:04,326 | INFO | app.scrapers.winning_form_scraper | race_parsed url=https://legacy.winningform.co.za/GAU/2R260813_1.htm venue=Vaal Classic date=2026-08-13 race=1 stated=6 parsed=6
2026-08-11 12:00:04,326 | INFO | app.scrapers.winning_form_scraper | horse_names=['Epidaurus', 'Clairwood Breeze', 'Comic Artist', 'Evening News', "Captain's Express", 'Eden Gardens']
2026-08-11 12:00:04,496 | INFO | httpx | HTTP Request: GET https://legacy.winningform.co.za/GAU/2R260813_2.htm "HTTP/1.1 200 OK"
2026-08-11 12:00:04,632 | INFO | app.scrapers.winning_form_scraper | runner_table_used columns={'number': 0, 'name': 1, 'length_behind': 2, 'speed_index': 3, 'predicted_time': 4, 'merit': 5, 'weight': 6, 'draw': 7, 'jockey': 9, 'trainer': 10, 'previous_run': 12, 'time': 17} extracted=9 stated=9
2026-08-11 12:00:04,632 | INFO | app.scrapers.winning_form_scraper | race_parsed url=https://legacy.winningform.co.za/GAU/2R260813_2.htm venue=Vaal Classic date=2026-08-13 race=2 stated=9 parsed=9
2026-08-11 12:00:04,632 | INFO | app.scrapers.winning_form_scraper | horse_names=['The Bachelorette', 'Corsaro Super', 'Lady Enid', 'Autograph', 'Golden Slipstream', 'Justhavefun', 'Torpedo', 'Shiraz Glow', 'Thorn Bird']
2026-08-11 12:00:04,844 | INFO | httpx | HTTP Request: GET https://legacy.winningform.co.za/GAU/2R260813_3.htm "HTTP/1.1 200 OK"
2026-08-11 12:00:04,995 | INFO | app.scrapers.winning_form_scraper | runner_table_used columns={'number': 0, 'name': 1, 'length_behind': 2, 'speed_index': 3, 'predicted_time': 4, 'merit': 5, 'weight': 6, 'draw': 7, 'jockey': 9, 'trainer': 10, 'previous_run': 12, 'time': 17} extracted=8 stated=8
2026-08-11 12:00:04,996 | INFO | app.scrapers.winning_form_scraper | race_parsed url=https://legacy.winningform.co.za/GAU/2R260813_3.htm venue=Vaal Classic date=2026-08-13 race=3 stated=8 parsed=8
2026-08-11 12:00:04,996 | INFO | app.scrapers.winning_form_scraper | horse_names=['Northern European', 'Be The One', "Life's Treasures", 'Grains Of Paradise', 'Royal Rant', 'Pilates', 'Tea For Three', 'Volare Veloce']
2026-08-11 12:00:05,164 | INFO | httpx | HTTP Request: GET https://legacy.winningform.co.za/GAU/2R260813_4.htm "HTTP/1.1 200 OK"
2026-08-11 12:00:05,324 | INFO | app.scrapers.winning_form_scraper | runner_table_used columns={'number': 0, 'name': 1, 'length_behind': 2, 'speed_index': 3, 'predicted_time': 4, 'merit': 5, 'weight': 6, 'draw': 7, 'jockey': 9, 'trainer': 10, 'previous_run': 12, 'time': 17} extracted=8 stated=8
2026-08-11 12:00:05,325 | INFO | app.scrapers.winning_form_scraper | race_parsed url=https://legacy.winningform.co.za/GAU/2R260813_4.htm venue=Vaal Classic date=2026-08-13 race=4 stated=8 parsed=8
2026-08-11 12:00:05,325 | INFO | app.scrapers.winning_form_scraper | horse_names=['Skitt Smiling', 'Crimson Ranger', 'Verdandi', 'One State', 'Campo Formio', 'Steel Spring', 'Reachingforthemoon', 'Flotilla']
2026-08-11 12:00:05,526 | INFO | httpx | HTTP Request: GET https://legacy.winningform.co.za/GAU/2R260813_5.htm "HTTP/1.1 200 OK"
2026-08-11 12:00:05,669 | INFO | app.scrapers.winning_form_scraper | runner_table_used columns={'number': 0, 'name': 1, 'length_behind': 2, 'speed_index': 3, 'predicted_time': 4, 'merit': 5, 'weight': 6, 'draw': 7, 'jockey': 9, 'trainer': 10, 'previous_run': 12, 'time': 17} extracted=8 stated=8
2026-08-11 12:00:05,669 | INFO | app.scrapers.winning_form_scraper | race_parsed url=https://legacy.winningform.co.za/GAU/2R260813_5.htm venue=Vaal Classic date=2026-08-13 race=5 stated=8 parsed=8
2026-08-11 12:00:05,670 | INFO | app.scrapers.winning_form_scraper | horse_names=["Scarlet O'hara", 'Azaleas For All', 'Surprise Party', 'Instant Attraction', 'Utsaah', 'Lady Sabrina', 'Red Sparrow', "Kylie's Angel"]
2026-08-11 12:00:05,913 | INFO | httpx | HTTP Request: GET https://legacy.winningform.co.za/GAU/2R260813_6.htm "HTTP/1.1 200 OK"
2026-08-11 12:00:06,059 | INFO | app.scrapers.winning_form_scraper | runner_table_used columns={'number': 0, 'name': 1, 'length_behind': 2, 'speed_index': 3, 'predicted_time': 4, 'merit': 5, 'weight': 6, 'draw': 7, 'jockey': 9, 'trainer': 10, 'previous_run': 12, 'time': 17} extracted=8 stated=8
2026-08-11 12:00:06,059 | INFO | app.scrapers.winning_form_scraper | race_parsed url=https://legacy.winningform.co.za/GAU/2R260813_6.htm venue=Vaal Classic date=2026-08-13 race=6 stated=8 parsed=8
2026-08-11 12:00:06,059 | INFO | app.scrapers.winning_form_scraper | horse_names=["Angel's Oasis", 'Hammer Blow', 'Lonely As A Cloud', 'Sergeant Soqrat', 'Ice Dragon', "Trompe L'oeil", 'Var Park', 'Oriental Bouquet']
2026-08-11 12:00:06,324 | INFO | httpx | HTTP Request: GET https://legacy.winningform.co.za/GAU/2R260813_7.htm "HTTP/1.1 200 OK"
2026-08-11 12:00:06,719 | INFO | app.scrapers.winning_form_scraper | runner_table_used columns={'number': 0, 'name': 1, 'length_behind': 2, 'speed_index': 3, 'predicted_time': 4, 'merit': 5, 'weight': 6, 'draw': 7, 'jockey': 9, 'trainer': 10, 'previous_run': 12, 'time': 17} extracted=9 stated=9
2026-08-11 12:00:06,719 | INFO | app.scrapers.winning_form_scraper | race_parsed url=https://legacy.winningform.co.za/GAU/2R260813_7.htm venue=Vaal Classic date=2026-08-13 race=7 stated=9 parsed=9
2026-08-11 12:00:06,719 | INFO | app.scrapers.winning_form_scraper | horse_names=['After Hours', 'Cold Shine', 'Big Unit', 'Longsword', 'Turbo Power', 'Sea Shanty', 'Fair Proposal', 'Gunboat', 'Onceinabluemoon']
2026-08-11 12:00:07,001 | INFO | httpx | HTTP Request: GET https://legacy.winningform.co.za/GAU/2R260813_8.htm "HTTP/1.1 200 OK"
2026-08-11 12:00:07,150 | INFO | app.scrapers.winning_form_scraper | runner_table_used columns={'number': 0, 'name': 1, 'length_behind': 2, 'speed_index': 3, 'predicted_time': 4, 'merit': 5, 'weight': 6, 'draw': 7, 'jockey': 9, 'trainer': 10, 'previous_run': 12, 'time': 17} extracted=11 stated=11
2026-08-11 12:00:07,150 | INFO | app.scrapers.winning_form_scraper | race_parsed url=https://legacy.winningform.co.za/GAU/2R260813_8.htm venue=Vaal Classic date=2026-08-13 race=8 stated=11 parsed=11
2026-08-11 12:00:07,150 | INFO | app.scrapers.winning_form_scraper | horse_names=['Elusive Red', 'Unsolved Riddle', 'Ubermensch', 'Frere Jacques', 'Tracksuit Dave', 'Gallic Victor', 'Sunset Warrior', 'Brave Waam', 'Laughing William', 'Coming In Hot', 'Matroosberg']
2026-08-11 12:00:07,204 | INFO | app.services.monitoring_service | monitoring_cycle_completed
2026-08-11 12:00:07,204 | INFO | apscheduler.executors.default | Job "MonitoringService.run_cycle (trigger: cron[hour='0,6,12,18', minute='0'], next run at: 2026-08-11 18:00:00 SAST)" executed successfully
2026-08-11 12:21:35,842 | INFO | apscheduler.scheduler | Adding job tentatively -- it will be properly scheduled when the scheduler starts
2026-08-11 12:21:35,844 | INFO | apscheduler.scheduler | Added job "MonitoringService.run_cycle" to job store "default"
2026-08-11 12:21:35,844 | INFO | apscheduler.scheduler | Scheduler started
2026-08-11 12:21:35,844 | INFO | app.services.monitoring_service | monitoring_cycle_started
2026-08-11 12:21:36,240 | INFO | httpx | HTTP Request: GET https://legacy.winningform.co.za "HTTP/1.1 200 OK"
2026-08-11 12:21:36,252 | INFO | app.scrapers.winning_form_scraper | fetch_index_frames=['https://legacy.winningform.co.za/guide.htm', 'https://legacy.winningform.co.za/cover.htm']
2026-08-11 12:21:36,391 | INFO | httpx | HTTP Request: GET https://legacy.winningform.co.za "HTTP/1.1 200 OK"
2026-08-11 12:21:36,563 | INFO | httpx | HTTP Request: GET https://legacy.winningform.co.za/guide.htm "HTTP/1.1 200 OK"
2026-08-11 12:21:36,674 | INFO | httpx | HTTP Request: GET https://legacy.winningform.co.za/cover.htm "HTTP/1.1 200 OK"
2026-08-11 12:21:36,792 | INFO | httpx | HTTP Request: GET https://legacy.winningform.co.za "HTTP/1.1 200 OK"
2026-08-11 12:21:36,904 | INFO | httpx | HTTP Request: GET https://legacy.winningform.co.za/guide.htm "HTTP/1.1 200 OK"
2026-08-11 12:21:37,026 | INFO | httpx | HTTP Request: GET https://legacy.winningform.co.za/cover.htm "HTTP/1.1 200 OK"
2026-08-11 12:21:37,031 | INFO | app.scrapers.winning_form_scraper | race_links_total=16
2026-08-11 12:21:37,031 | INFO | app.scrapers.winning_form_scraper | meetings_seen=['gau-r260813', 'wcp-k260812']
2026-08-11 12:21:37,158 | INFO | httpx | HTTP Request: GET https://legacy.winningform.co.za/WCP/2K260812_1.htm "HTTP/1.1 200 OK"
2026-08-11 12:21:37,264 | INFO | app.scrapers.winning_form_scraper | runner_table_used columns={'number': 0, 'name': 1, 'length_behind': 2, 'speed_index': 3, 'predicted_time': 4, 'merit': 5, 'weight': 6, 'draw': 7, 'jockey': 9, 'trainer': 10, 'previous_run': 12, 'time': 17} extracted=16 stated=16
2026-08-11 12:21:37,264 | INFO | app.scrapers.winning_form_scraper | race_parsed url=https://legacy.winningform.co.za/WCP/2K260812_1.htm venue=Hollywoodbets Kenilworth date=2026-08-12 race=1 stated=16 parsed=16
2026-08-11 12:21:37,264 | INFO | app.scrapers.winning_form_scraper | horse_names=['Senorita Lolita', 'Peach Cobbler', 'Roman Beauty', 'Viridian Ruby', 'Kim Chanel', 'Bursturbubble', 'Polar Expedition', 'Nadia Nerina', 'Mac D', 'One Ripple', 'Uncut Gem', 'Pipsqueak', 'Lila Kendy', 'Frozen Asset', 'Desert Ice', 'Burnout']
2026-08-11 12:21:37,476 | INFO | httpx | HTTP Request: GET https://legacy.winningform.co.za/WCP/2K260812_2.htm "HTTP/1.1 200 OK"
2026-08-11 12:21:37,511 | INFO | app.scrapers.winning_form_scraper | runner_table_used columns={'number': 0, 'name': 1, 'length_behind': 2, 'speed_index': 3, 'predicted_time': 4, 'merit': 5, 'weight': 6, 'draw': 7, 'jockey': 9, 'trainer': 10, 'previous_run': 12, 'time': 17} extracted=12 stated=12
2026-08-11 12:21:37,512 | INFO | app.scrapers.winning_form_scraper | race_parsed url=https://legacy.winningform.co.za/WCP/2K260812_2.htm venue=Hollywoodbets Kenilworth date=2026-08-12 race=2 stated=12 parsed=12
2026-08-11 12:21:37,512 | INFO | app.scrapers.winning_form_scraper | horse_names=['Le Tissier', 'Royal Clinton', 'Lord Chamberlain', 'Big City Roller', 'Sukhoi', 'Tango Master', 'Bart Nel', 'Augusta Rouge', 'Daley Park', 'Ulez Camera', 'Gimmethejackhammer', 'Miyabi King']
2026-08-11 12:21:37,679 | INFO | httpx | HTTP Request: GET https://legacy.winningform.co.za/WCP/2K260812_3.htm "HTTP/1.1 200 OK"
2026-08-11 12:21:37,713 | INFO | app.scrapers.winning_form_scraper | runner_table_used columns={'number': 0, 'name': 1, 'length_behind': 2, 'speed_index': 3, 'predicted_time': 4, 'merit': 5, 'weight': 6, 'draw': 7, 'jockey': 9, 'trainer': 10, 'previous_run': 12, 'time': 17} extracted=12 stated=12
2026-08-11 12:21:37,713 | INFO | app.scrapers.winning_form_scraper | race_parsed url=https://legacy.winningform.co.za/WCP/2K260812_3.htm venue=Hollywoodbets Kenilworth date=2026-08-12 race=3 stated=12 parsed=12
2026-08-11 12:21:37,713 | INFO | app.scrapers.winning_form_scraper | horse_names=['Saratoga Sunrise', 'Fourth Of July', 'Blackbird', 'Bullet Tooth Tony', 'Ile Moris', 'Brothers In Arms', 'Grey Knight', 'Bright Fate', 'Time Of Our Lives', "Warrior's Legacy", 'Rain In France', 'Red Hot Rifle']
2026-08-11 12:21:37,884 | INFO | httpx | HTTP Request: GET https://legacy.winningform.co.za/WCP/2K260812_4.htm "HTTP/1.1 200 OK"
2026-08-11 12:21:37,931 | INFO | app.scrapers.winning_form_scraper | runner_table_used columns={'number': 0, 'name': 1, 'length_behind': 2, 'speed_index': 3, 'predicted_time': 4, 'merit': 5, 'weight': 6, 'draw': 7, 'jockey': 9, 'trainer': 10, 'previous_run': 12, 'time': 17} extracted=8 stated=8
2026-08-11 12:21:37,931 | INFO | app.scrapers.winning_form_scraper | race_parsed url=https://legacy.winningform.co.za/WCP/2K260812_4.htm venue=Hollywoodbets Kenilworth date=2026-08-12 race=4 stated=8 parsed=8
2026-08-11 12:21:37,931 | INFO | app.scrapers.winning_form_scraper | horse_names=['Catch Me', "Captain's Angel", 'Warrior Of Destiny', 'Waterfront', 'Zanfan Moris', 'Fractal', 'Rumbo Russi', 'Gimmeagamble']
2026-08-11 12:21:38,142 | INFO | httpx | HTTP Request: GET https://legacy.winningform.co.za/WCP/2K260812_5.htm "HTTP/1.1 200 OK"
2026-08-11 12:21:38,204 | INFO | app.scrapers.winning_form_scraper | runner_table_used columns={'number': 0, 'name': 1, 'length_behind': 2, 'speed_index': 3, 'predicted_time': 4, 'merit': 5, 'weight': 6, 'draw': 7, 'jockey': 9, 'trainer': 10, 'previous_run': 12, 'time': 17} extracted=8 stated=8
2026-08-11 12:21:38,204 | INFO | app.scrapers.winning_form_scraper | race_parsed url=https://legacy.winningform.co.za/WCP/2K260812_5.htm venue=Hollywoodbets Kenilworth date=2026-08-12 race=5 stated=8 parsed=8
2026-08-11 12:21:38,204 | INFO | app.scrapers.winning_form_scraper | horse_names=['October Fest', 'Maritzburg Memory', 'Cliffscape', 'Raffish Trend', 'Star World', 'Black Erika', 'All Is Green', 'Sing Forevermore']
2026-08-11 12:21:38,417 | INFO | httpx | HTTP Request: GET https://legacy.winningform.co.za/WCP/2K260812_6.htm "HTTP/1.1 200 OK"
2026-08-11 12:21:38,541 | INFO | app.scrapers.winning_form_scraper | runner_table_used columns={'number': 0, 'name': 1, 'length_behind': 2, 'speed_index': 3, 'predicted_time': 4, 'merit': 5, 'weight': 6, 'draw': 7, 'jockey': 9, 'trainer': 10, 'previous_run': 12, 'time': 17} extracted=9 stated=9
2026-08-11 12:21:38,541 | INFO | app.scrapers.winning_form_scraper | race_parsed url=https://legacy.winningform.co.za/WCP/2K260812_6.htm venue=Hollywoodbets Kenilworth date=2026-08-12 race=6 stated=9 parsed=9
2026-08-11 12:21:38,541 | INFO | app.scrapers.winning_form_scraper | horse_names=['Un Bel Di', 'Churchillian', "Objet D' Art", 'Pomp It Up', 'Tanneron', "Berry's Boogie", 'Babelicious', 'Black Cheetah', 'Shesgotclass']
2026-08-11 12:21:38,784 | INFO | httpx | HTTP Request: GET https://legacy.winningform.co.za/WCP/2K260812_7.htm "HTTP/1.1 200 OK"
2026-08-11 12:21:38,846 | INFO | app.scrapers.winning_form_scraper | runner_table_used columns={'number': 0, 'name': 1, 'length_behind': 2, 'speed_index': 3, 'predicted_time': 4, 'merit': 5, 'weight': 6, 'draw': 7, 'jockey': 9, 'trainer': 10, 'previous_run': 12, 'time': 17} extracted=8 stated=8
2026-08-11 12:21:38,846 | INFO | app.scrapers.winning_form_scraper | race_parsed url=https://legacy.winningform.co.za/WCP/2K260812_7.htm venue=Hollywoodbets Kenilworth date=2026-08-12 race=7 stated=8 parsed=8
2026-08-11 12:21:38,846 | INFO | app.scrapers.winning_form_scraper | horse_names=['Mente Et Manu', 'Absolutely Yes', 'Handsome Prince', 'It Is My Time', 'Witch Hazel', 'Voorloopertjie', 'Promettere', 'Three Tigers']
2026-08-11 12:21:39,008 | INFO | httpx | HTTP Request: GET https://legacy.winningform.co.za/WCP/2K260812_8.htm "HTTP/1.1 200 OK"
2026-08-11 12:21:39,095 | INFO | app.scrapers.winning_form_scraper | runner_table_used columns={'number': 0, 'name': 1, 'length_behind': 2, 'speed_index': 3, 'predicted_time': 4, 'merit': 5, 'weight': 6, 'draw': 7, 'jockey': 9, 'trainer': 10, 'previous_run': 12, 'time': 17} extracted=13 stated=13
2026-08-11 12:21:39,095 | INFO | app.scrapers.winning_form_scraper | race_parsed url=https://legacy.winningform.co.za/WCP/2K260812_8.htm venue=Hollywoodbets Kenilworth date=2026-08-12 race=8 stated=13 parsed=13
2026-08-11 12:21:39,095 | INFO | app.scrapers.winning_form_scraper | horse_names=['Cedar Point', 'Clark Griswold', 'Captains Alliance', 'Red Dawn', 'Diamond Rock', 'Rockanrollin', 'Bonelli', 'Bombers In The Sky', 'Noble Hero', "Caesar's Ransom", 'District Master', 'Groovejet', 'Ignite The Fire']
2026-08-11 12:21:39,289 | INFO | httpx | HTTP Request: GET https://legacy.winningform.co.za/GAU/2R260813_1.htm "HTTP/1.1 200 OK"
2026-08-11 12:21:39,327 | INFO | app.scrapers.winning_form_scraper | runner_table_used columns={'number': 0, 'name': 1, 'length_behind': 2, 'speed_index': 3, 'predicted_time': 4, 'merit': 5, 'weight': 6, 'draw': 7, 'jockey': 9, 'trainer': 10, 'previous_run': 12, 'time': 17} extracted=6 stated=6
2026-08-11 12:21:39,328 | INFO | app.scrapers.winning_form_scraper | race_parsed url=https://legacy.winningform.co.za/GAU/2R260813_1.htm venue=Vaal Classic date=2026-08-13 race=1 stated=6 parsed=6
2026-08-11 12:21:39,328 | INFO | app.scrapers.winning_form_scraper | horse_names=['Epidaurus', 'Clairwood Breeze', 'Comic Artist', 'Evening News', "Captain's Express", 'Eden Gardens']
2026-08-11 12:21:39,500 | INFO | httpx | HTTP Request: GET https://legacy.winningform.co.za/GAU/2R260813_2.htm "HTTP/1.1 200 OK"
2026-08-11 12:21:39,543 | INFO | app.scrapers.winning_form_scraper | runner_table_used columns={'number': 0, 'name': 1, 'length_behind': 2, 'speed_index': 3, 'predicted_time': 4, 'merit': 5, 'weight': 6, 'draw': 7, 'jockey': 9, 'trainer': 10, 'previous_run': 12, 'time': 17} extracted=9 stated=9
2026-08-11 12:21:39,543 | INFO | app.scrapers.winning_form_scraper | race_parsed url=https://legacy.winningform.co.za/GAU/2R260813_2.htm venue=Vaal Classic date=2026-08-13 race=2 stated=9 parsed=9
2026-08-11 12:21:39,543 | INFO | app.scrapers.winning_form_scraper | horse_names=['The Bachelorette', 'Corsaro Super', 'Lady Enid', 'Autograph', 'Golden Slipstream', 'Justhavefun', 'Torpedo', 'Shiraz Glow', 'Thorn Bird']
2026-08-11 12:21:39,726 | INFO | httpx | HTTP Request: GET https://legacy.winningform.co.za/GAU/2R260813_3.htm "HTTP/1.1 200 OK"
2026-08-11 12:21:39,761 | INFO | app.scrapers.winning_form_scraper | runner_table_used columns={'number': 0, 'name': 1, 'length_behind': 2, 'speed_index': 3, 'predicted_time': 4, 'merit': 5, 'weight': 6, 'draw': 7, 'jockey': 9, 'trainer': 10, 'previous_run': 12, 'time': 17} extracted=8 stated=8
2026-08-11 12:21:39,761 | INFO | app.scrapers.winning_form_scraper | race_parsed url=https://legacy.winningform.co.za/GAU/2R260813_3.htm venue=Vaal Classic date=2026-08-13 race=3 stated=8 parsed=8
2026-08-11 12:21:39,761 | INFO | app.scrapers.winning_form_scraper | horse_names=['Northern European', 'Be The One', "Life's Treasures", 'Grains Of Paradise', 'Royal Rant', 'Pilates', 'Tea For Three', 'Volare Veloce']
2026-08-11 12:21:39,974 | INFO | httpx | HTTP Request: GET https://legacy.winningform.co.za/GAU/2R260813_4.htm "HTTP/1.1 200 OK"
2026-08-11 12:21:40,020 | INFO | app.scrapers.winning_form_scraper | runner_table_used columns={'number': 0, 'name': 1, 'length_behind': 2, 'speed_index': 3, 'predicted_time': 4, 'merit': 5, 'weight': 6, 'draw': 7, 'jockey': 9, 'trainer': 10, 'previous_run': 12, 'time': 17} extracted=8 stated=8
2026-08-11 12:21:40,020 | INFO | app.scrapers.winning_form_scraper | race_parsed url=https://legacy.winningform.co.za/GAU/2R260813_4.htm venue=Vaal Classic date=2026-08-13 race=4 stated=8 parsed=8
2026-08-11 12:21:40,021 | INFO | app.scrapers.winning_form_scraper | horse_names=['Skitt Smiling', 'Crimson Ranger', 'Verdandi', 'One State', 'Campo Formio', 'Steel Spring', 'Reachingforthemoon', 'Flotilla']
2026-08-11 12:21:40,204 | INFO | httpx | HTTP Request: GET https://legacy.winningform.co.za/GAU/2R260813_5.htm "HTTP/1.1 200 OK"
2026-08-11 12:21:40,264 | INFO | app.scrapers.winning_form_scraper | runner_table_used columns={'number': 0, 'name': 1, 'length_behind': 2, 'speed_index': 3, 'predicted_time': 4, 'merit': 5, 'weight': 6, 'draw': 7, 'jockey': 9, 'trainer': 10, 'previous_run': 12, 'time': 17} extracted=8 stated=8
2026-08-11 12:21:40,265 | INFO | app.scrapers.winning_form_scraper | race_parsed url=https://legacy.winningform.co.za/GAU/2R260813_5.htm venue=Vaal Classic date=2026-08-13 race=5 stated=8 parsed=8
2026-08-11 12:21:40,265 | INFO | app.scrapers.winning_form_scraper | horse_names=["Scarlet O'hara", 'Azaleas For All', 'Surprise Party', 'Instant Attraction', 'Utsaah', 'Lady Sabrina', 'Red Sparrow', "Kylie's Angel"]
2026-08-11 12:21:40,438 | INFO | httpx | HTTP Request: GET https://legacy.winningform.co.za/GAU/2R260813_6.htm "HTTP/1.1 200 OK"
2026-08-11 12:21:40,501 | INFO | app.scrapers.winning_form_scraper | runner_table_used columns={'number': 0, 'name': 1, 'length_behind': 2, 'speed_index': 3, 'predicted_time': 4, 'merit': 5, 'weight': 6, 'draw': 7, 'jockey': 9, 'trainer': 10, 'previous_run': 12, 'time': 17} extracted=8 stated=8
2026-08-11 12:21:40,502 | INFO | app.scrapers.winning_form_scraper | race_parsed url=https://legacy.winningform.co.za/GAU/2R260813_6.htm venue=Vaal Classic date=2026-08-13 race=6 stated=8 parsed=8
2026-08-11 12:21:40,502 | INFO | app.scrapers.winning_form_scraper | horse_names=["Angel's Oasis", 'Hammer Blow', 'Lonely As A Cloud', 'Sergeant Soqrat', 'Ice Dragon', "Trompe L'oeil", 'Var Park', 'Oriental Bouquet']
2026-08-11 12:21:40,707 | INFO | httpx | HTTP Request: GET https://legacy.winningform.co.za/GAU/2R260813_7.htm "HTTP/1.1 200 OK"
2026-08-11 12:21:40,774 | INFO | app.scrapers.winning_form_scraper | runner_table_used columns={'number': 0, 'name': 1, 'length_behind': 2, 'speed_index': 3, 'predicted_time': 4, 'merit': 5, 'weight': 6, 'draw': 7, 'jockey': 9, 'trainer': 10, 'previous_run': 12, 'time': 17} extracted=9 stated=9
2026-08-11 12:21:40,774 | INFO | app.scrapers.winning_form_scraper | race_parsed url=https://legacy.winningform.co.za/GAU/2R260813_7.htm venue=Vaal Classic date=2026-08-13 race=7 stated=9 parsed=9
2026-08-11 12:21:40,775 | INFO | app.scrapers.winning_form_scraper | horse_names=['After Hours', 'Cold Shine', 'Big Unit', 'Longsword', 'Turbo Power', 'Sea Shanty', 'Fair Proposal', 'Gunboat', 'Onceinabluemoon']
2026-08-11 12:21:40,981 | INFO | httpx | HTTP Request: GET https://legacy.winningform.co.za/GAU/2R260813_8.htm "HTTP/1.1 200 OK"
2026-08-11 12:21:41,082 | INFO | app.scrapers.winning_form_scraper | runner_table_used columns={'number': 0, 'name': 1, 'length_behind': 2, 'speed_index': 3, 'predicted_time': 4, 'merit': 5, 'weight': 6, 'draw': 7, 'jockey': 9, 'trainer': 10, 'previous_run': 12, 'time': 17} extracted=11 stated=11
2026-08-11 12:21:41,082 | INFO | app.scrapers.winning_form_scraper | race_parsed url=https://legacy.winningform.co.za/GAU/2R260813_8.htm venue=Vaal Classic date=2026-08-13 race=8 stated=11 parsed=11
2026-08-11 12:21:41,083 | INFO | app.scrapers.winning_form_scraper | horse_names=['Elusive Red', 'Unsolved Riddle', 'Ubermensch', 'Frere Jacques', 'Tracksuit Dave', 'Gallic Victor', 'Sunset Warrior', 'Brave Waam', 'Laughing William', 'Coming In Hot', 'Matroosberg']
2026-08-11 12:21:41,143 | INFO | app.services.monitoring_service | monitoring_cycle_completed
2026-08-11 12:21:41,143 | INFO | app.main | application_started
2026-08-11 12:26:15,230 | INFO | apscheduler.scheduler | Scheduler has been shut down
2026-08-11 12:26:15,236 | INFO | app.main | application_stopped
2026-08-12 09:18:21,254 | INFO | apscheduler.scheduler | Adding job tentatively -- it will be properly scheduled when the scheduler starts
2026-08-12 09:18:21,257 | INFO | apscheduler.scheduler | Added job "MonitoringService.run_cycle" to job store "default"
2026-08-12 09:18:21,257 | INFO | apscheduler.scheduler | Scheduler started
2026-08-12 09:18:21,257 | INFO | app.services.monitoring_service | monitoring_cycle_started
2026-08-12 09:18:21,926 | INFO | httpx | HTTP Request: GET https://legacy.winningform.co.za "HTTP/1.1 200 OK"
2026-08-12 09:18:21,936 | INFO | app.scrapers.winning_form_scraper | fetch_index_frames=['https://legacy.winningform.co.za/guide.htm', 'https://legacy.winningform.co.za/cover.htm']
2026-08-12 09:18:22,446 | INFO | httpx | HTTP Request: GET https://legacy.winningform.co.za "HTTP/1.1 200 OK"
2026-08-12 09:18:22,646 | INFO | httpx | HTTP Request: GET https://legacy.winningform.co.za/guide.htm "HTTP/1.1 200 OK"
2026-08-12 09:18:22,804 | INFO | httpx | HTTP Request: GET https://legacy.winningform.co.za/cover.htm "HTTP/1.1 200 OK"
2026-08-12 09:18:22,914 | INFO | httpx | HTTP Request: GET https://legacy.winningform.co.za "HTTP/1.1 200 OK"
2026-08-12 09:18:23,066 | INFO | httpx | HTTP Request: GET https://legacy.winningform.co.za/guide.htm "HTTP/1.1 200 OK"
2026-08-12 09:18:23,220 | INFO | httpx | HTTP Request: GET https://legacy.winningform.co.za/cover.htm "HTTP/1.1 200 OK"
2026-08-12 09:18:23,230 | INFO | app.scrapers.winning_form_scraper | race_links_total=49
2026-08-12 09:18:23,231 | INFO | app.scrapers.winning_form_scraper | meetings_seen=['gau-j260816', 'gau-p260814', 'gau-r260813', 'kzn-d260814', 'wcp-k260812', 'wcp-k260815']
2026-08-12 09:18:23,357 | INFO | httpx | HTTP Request: GET https://legacy.winningform.co.za/WCP/2K260812_1.htm "HTTP/1.1 200 OK"
2026-08-12 09:18:23,431 | INFO | app.scrapers.winning_form_scraper | runner_table_used columns={'number': 0, 'name': 1, 'length_behind': 2, 'speed_index': 3, 'predicted_time': 4, 'merit': 5, 'weight': 6, 'draw': 7, 'jockey': 9, 'trainer': 10, 'previous_run': 12, 'time': 17} extracted=16 stated=16
2026-08-12 09:18:23,432 | INFO | app.scrapers.winning_form_scraper | race_parsed url=https://legacy.winningform.co.za/WCP/2K260812_1.htm venue=Hollywoodbets Kenilworth date=2026-08-12 race=1 stated=16 parsed=14
2026-08-12 09:18:23,432 | INFO | app.scrapers.winning_form_scraper | horse_names=['Senorita Lolita', 'Peach Cobbler', 'Roman Beauty', 'Viridian Ruby', 'Kim Chanel', 'Bursturbubble', 'Nadia Nerina', 'One Ripple', 'Uncut Gem', 'Pipsqueak', 'Lila Kendy', 'Frozen Asset', 'Desert Ice', 'Burnout', 'Polar Expedition', 'Mac D']
2026-08-12 09:18:23,720 | INFO | httpx | HTTP Request: GET https://legacy.winningform.co.za/WCP/2K260812_2.htm "HTTP/1.1 200 OK"
2026-08-12 09:18:23,770 | INFO | app.scrapers.winning_form_scraper | runner_table_used columns={'number': 0, 'name': 1, 'length_behind': 2, 'speed_index': 3, 'predicted_time': 4, 'merit': 5, 'weight': 6, 'draw': 7, 'jockey': 9, 'trainer': 10, 'previous_run': 12, 'time': 17} extracted=12 stated=12
2026-08-12 09:18:23,770 | INFO | app.scrapers.winning_form_scraper | race_parsed url=https://legacy.winningform.co.za/WCP/2K260812_2.htm venue=Hollywoodbets Kenilworth date=2026-08-12 race=2 stated=12 parsed=11
2026-08-12 09:18:23,770 | INFO | app.scrapers.winning_form_scraper | horse_names=['Le Tissier', 'Royal Clinton', 'Lord Chamberlain', 'Big City Roller', 'Sukhoi', 'Tango Master', 'Bart Nel', 'Augusta Rouge', 'Daley Park', 'Ulez Camera', 'Gimmethejackhammer', 'Miyabi King']
2026-08-12 09:18:23,922 | INFO | httpx | HTTP Request: GET https://legacy.winningform.co.za/WCP/2K260812_3.htm "HTTP/1.1 200 OK"
2026-08-12 09:18:23,959 | INFO | app.scrapers.winning_form_scraper | runner_table_used columns={'number': 0, 'name': 1, 'length_behind': 2, 'speed_index': 3, 'predicted_time': 4, 'merit': 5, 'weight': 6, 'draw': 7, 'jockey': 9, 'trainer': 10, 'previous_run': 12, 'time': 17} extracted=12 stated=12
2026-08-12 09:18:23,959 | INFO | app.scrapers.winning_form_scraper | race_parsed url=https://legacy.winningform.co.za/WCP/2K260812_3.htm venue=Hollywoodbets Kenilworth date=2026-08-12 race=3 stated=12 parsed=11
2026-08-12 09:18:23,959 | INFO | app.scrapers.winning_form_scraper | horse_names=['Saratoga Sunrise', 'Fourth Of July', 'Blackbird', 'Ile Moris', 'Brothers In Arms', 'Grey Knight', 'Bright Fate', 'Time Of Our Lives', "Warrior's Legacy", 'Rain In France', 'Red Hot Rifle', 'Bullet Tooth Tony']
2026-08-12 09:18:24,115 | INFO | httpx | HTTP Request: GET https://legacy.winningform.co.za/WCP/2K260812_4.htm "HTTP/1.1 200 OK"
2026-08-12 09:18:24,160 | INFO | app.scrapers.winning_form_scraper | runner_table_used columns={'number': 0, 'name': 1, 'length_behind': 2, 'speed_index': 3, 'predicted_time': 4, 'merit': 5, 'weight': 6, 'draw': 7, 'jockey': 9, 'trainer': 10, 'previous_run': 12, 'time': 17} extracted=8 stated=8
2026-08-12 09:18:24,160 | INFO | app.scrapers.winning_form_scraper | race_parsed url=https://legacy.winningform.co.za/WCP/2K260812_4.htm venue=Hollywoodbets Kenilworth date=2026-08-12 race=4 stated=8 parsed=8
2026-08-12 09:18:24,160 | INFO | app.scrapers.winning_form_scraper | horse_names=['Catch Me', "Captain's Angel", 'Warrior Of Destiny', 'Waterfront', 'Zanfan Moris', 'Fractal', 'Rumbo Russi', 'Gimmeagamble']
2026-08-12 09:18:24,369 | INFO | httpx | HTTP Request: GET https://legacy.winningform.co.za/WCP/2K260812_5.htm "HTTP/1.1 200 OK"
2026-08-12 09:18:24,424 | INFO | app.scrapers.winning_form_scraper | runner_table_used columns={'number': 0, 'name': 1, 'length_behind': 2, 'speed_index': 3, 'predicted_time': 4, 'merit': 5, 'weight': 6, 'draw': 7, 'jockey': 9, 'trainer': 10, 'previous_run': 12, 'time': 17} extracted=8 stated=8
2026-08-12 09:18:24,425 | INFO | app.scrapers.winning_form_scraper | race_parsed url=https://legacy.winningform.co.za/WCP/2K260812_5.htm venue=Hollywoodbets Kenilworth date=2026-08-12 race=5 stated=8 parsed=8
2026-08-12 09:18:24,425 | INFO | app.scrapers.winning_form_scraper | horse_names=['October Fest', 'Maritzburg Memory', 'Cliffscape', 'Raffish Trend', 'Star World', 'Black Erika', 'All Is Green', 'Sing Forevermore']
2026-08-12 09:18:24,582 | INFO | httpx | HTTP Request: GET https://legacy.winningform.co.za/WCP/2K260812_6.htm "HTTP/1.1 200 OK"
2026-08-12 09:18:24,685 | INFO | app.scrapers.winning_form_scraper | runner_table_used columns={'number': 0, 'name': 1, 'length_behind': 2, 'speed_index': 3, 'predicted_time': 4, 'merit': 5, 'weight': 6, 'draw': 7, 'jockey': 9, 'trainer': 10, 'previous_run': 12, 'time': 17} extracted=9 stated=9
2026-08-12 09:18:24,686 | INFO | app.scrapers.winning_form_scraper | race_parsed url=https://legacy.winningform.co.za/WCP/2K260812_6.htm venue=Hollywoodbets Kenilworth date=2026-08-12 race=6 stated=9 parsed=7
2026-08-12 09:18:24,686 | INFO | app.scrapers.winning_form_scraper | horse_names=['Churchillian', "Objet D' Art", 'Pomp It Up', 'Tanneron', "Berry's Boogie", 'Black Cheetah', 'Shesgotclass', 'Babelicious', 'Un Bel Di']
2026-08-12 09:18:24,887 | INFO | httpx | HTTP Request: GET https://legacy.winningform.co.za/WCP/2K260812_7.htm "HTTP/1.1 200 OK"
2026-08-12 09:18:24,958 | INFO | app.scrapers.winning_form_scraper | runner_table_used columns={'number': 0, 'name': 1, 'length_behind': 2, 'speed_index': 3, 'predicted_time': 4, 'merit': 5, 'weight': 6, 'draw': 7, 'jockey': 9, 'trainer': 10, 'previous_run': 12, 'time': 17} extracted=8 stated=8
2026-08-12 09:18:24,958 | INFO | app.scrapers.winning_form_scraper | race_parsed url=https://legacy.winningform.co.za/WCP/2K260812_7.htm venue=Hollywoodbets Kenilworth date=2026-08-12 race=7 stated=8 parsed=8
2026-08-12 09:18:24,959 | INFO | app.scrapers.winning_form_scraper | horse_names=['Mente Et Manu', 'Absolutely Yes', 'Handsome Prince', 'It Is My Time', 'Witch Hazel', 'Voorloopertjie', 'Promettere', 'Three Tigers']
2026-08-12 09:18:25,165 | INFO | httpx | HTTP Request: GET https://legacy.winningform.co.za/WCP/2K260812_8.htm "HTTP/1.1 200 OK"
2026-08-12 09:18:25,257 | INFO | app.scrapers.winning_form_scraper | runner_table_used columns={'number': 0, 'name': 1, 'length_behind': 2, 'speed_index': 3, 'predicted_time': 4, 'merit': 5, 'weight': 6, 'draw': 7, 'jockey': 9, 'trainer': 10, 'previous_run': 12, 'time': 17} extracted=13 stated=13
2026-08-12 09:18:25,257 | INFO | app.scrapers.winning_form_scraper | race_parsed url=https://legacy.winningform.co.za/WCP/2K260812_8.htm venue=Hollywoodbets Kenilworth date=2026-08-12 race=8 stated=13 parsed=11
2026-08-12 09:18:25,258 | INFO | app.scrapers.winning_form_scraper | horse_names=['Cedar Point', 'Captains Alliance', 'Red Dawn', 'Diamond Rock', 'Rockanrollin', 'Bonelli', 'Noble Hero', "Caesar's Ransom", 'District Master', 'Groovejet', 'Ignite The Fire', 'Clark Griswold', 'Bombers In The Sky']
2026-08-12 09:18:25,447 | INFO | httpx | HTTP Request: GET https://legacy.winningform.co.za/GAU/2R260813_1.htm "HTTP/1.1 200 OK"
2026-08-12 09:18:25,487 | INFO | app.scrapers.winning_form_scraper | runner_table_used columns={'number': 0, 'name': 1, 'length_behind': 2, 'speed_index': 3, 'predicted_time': 4, 'merit': 5, 'weight': 6, 'draw': 7, 'jockey': 9, 'trainer': 10, 'previous_run': 12, 'time': 17} extracted=6 stated=6
2026-08-12 09:18:25,487 | INFO | app.scrapers.winning_form_scraper | race_parsed url=https://legacy.winningform.co.za/GAU/2R260813_1.htm venue=Vaal Classic date=2026-08-13 race=1 stated=6 parsed=6
2026-08-12 09:18:25,488 | INFO | app.scrapers.winning_form_scraper | horse_names=['Epidaurus', 'Clairwood Breeze', 'Comic Artist', 'Evening News', "Captain's Express", 'Eden Gardens']
2026-08-12 09:18:25,666 | INFO | httpx | HTTP Request: GET https://legacy.winningform.co.za/GAU/2R260813_2.htm "HTTP/1.1 200 OK"
2026-08-12 09:18:25,705 | INFO | app.scrapers.winning_form_scraper | runner_table_used columns={'number': 0, 'name': 1, 'length_behind': 2, 'speed_index': 3, 'predicted_time': 4, 'merit': 5, 'weight': 6, 'draw': 7, 'jockey': 9, 'trainer': 10, 'previous_run': 12, 'time': 17} extracted=9 stated=9
2026-08-12 09:18:25,706 | INFO | app.scrapers.winning_form_scraper | race_parsed url=https://legacy.winningform.co.za/GAU/2R260813_2.htm venue=Vaal Classic date=2026-08-13 race=2 stated=9 parsed=9
2026-08-12 09:18:25,706 | INFO | app.scrapers.winning_form_scraper | horse_names=['The Bachelorette', 'Corsaro Super', 'Lady Enid', 'Autograph', 'Golden Slipstream', 'Justhavefun', 'Torpedo', 'Shiraz Glow', 'Thorn Bird']
2026-08-12 09:18:25,869 | INFO | httpx | HTTP Request: GET https://legacy.winningform.co.za/GAU/2R260813_3.htm "HTTP/1.1 200 OK"
2026-08-12 09:18:25,905 | INFO | app.scrapers.winning_form_scraper | runner_table_used columns={'number': 0, 'name': 1, 'length_behind': 2, 'speed_index': 3, 'predicted_time': 4, 'merit': 5, 'weight': 6, 'draw': 7, 'jockey': 9, 'trainer': 10, 'previous_run': 12, 'time': 17} extracted=8 stated=8
2026-08-12 09:18:25,905 | INFO | app.scrapers.winning_form_scraper | race_parsed url=https://legacy.winningform.co.za/GAU/2R260813_3.htm venue=Vaal Classic date=2026-08-13 race=3 stated=8 parsed=8
2026-08-12 09:18:25,906 | INFO | app.scrapers.winning_form_scraper | horse_names=['Northern European', 'Be The One', "Life's Treasures", 'Grains Of Paradise', 'Royal Rant', 'Pilates', 'Tea For Three', 'Volare Veloce']
2026-08-12 09:18:26,061 | INFO | httpx | HTTP Request: GET https://legacy.winningform.co.za/GAU/2R260813_4.htm "HTTP/1.1 200 OK"
2026-08-12 09:18:26,096 | INFO | app.scrapers.winning_form_scraper | runner_table_used columns={'number': 0, 'name': 1, 'length_behind': 2, 'speed_index': 3, 'predicted_time': 4, 'merit': 5, 'weight': 6, 'draw': 7, 'jockey': 9, 'trainer': 10, 'previous_run': 12, 'time': 17} extracted=8 stated=8
2026-08-12 09:18:26,096 | INFO | app.scrapers.winning_form_scraper | race_parsed url=https://legacy.winningform.co.za/GAU/2R260813_4.htm venue=Vaal Classic date=2026-08-13 race=4 stated=8 parsed=8
2026-08-12 09:18:26,096 | INFO | app.scrapers.winning_form_scraper | horse_names=['Skitt Smiling', 'Crimson Ranger', 'Verdandi', 'One State', 'Campo Formio', 'Steel Spring', 'Reachingforthemoon', 'Flotilla']
2026-08-12 09:18:26,247 | INFO | httpx | HTTP Request: GET https://legacy.winningform.co.za/GAU/2R260813_5.htm "HTTP/1.1 200 OK"
2026-08-12 09:18:26,316 | INFO | app.scrapers.winning_form_scraper | runner_table_used columns={'number': 0, 'name': 1, 'length_behind': 2, 'speed_index': 3, 'predicted_time': 4, 'merit': 5, 'weight': 6, 'draw': 7, 'jockey': 9, 'trainer': 10, 'previous_run': 12, 'time': 17} extracted=8 stated=8
2026-08-12 09:18:26,316 | INFO | app.scrapers.winning_form_scraper | race_parsed url=https://legacy.winningform.co.za/GAU/2R260813_5.htm venue=Vaal Classic date=2026-08-13 race=5 stated=8 parsed=8
2026-08-12 09:18:26,316 | INFO | app.scrapers.winning_form_scraper | horse_names=["Scarlet O'hara", 'Azaleas For All', 'Surprise Party', 'Instant Attraction', 'Utsaah', 'Lady Sabrina', 'Red Sparrow', "Kylie's Angel"]
2026-08-12 09:18:26,525 | INFO | httpx | HTTP Request: GET https://legacy.winningform.co.za/GAU/2R260813_6.htm "HTTP/1.1 200 OK"
2026-08-12 09:18:26,587 | INFO | app.scrapers.winning_form_scraper | runner_table_used columns={'number': 0, 'name': 1, 'length_behind': 2, 'speed_index': 3, 'predicted_time': 4, 'merit': 5, 'weight': 6, 'draw': 7, 'jockey': 9, 'trainer': 10, 'previous_run': 12, 'time': 17} extracted=8 stated=8
2026-08-12 09:18:26,587 | INFO | app.scrapers.winning_form_scraper | race_parsed url=https://legacy.winningform.co.za/GAU/2R260813_6.htm venue=Vaal Classic date=2026-08-13 race=6 stated=8 parsed=8
2026-08-12 09:18:26,587 | INFO | app.scrapers.winning_form_scraper | horse_names=["Angel's Oasis", 'Hammer Blow', 'Lonely As A Cloud', 'Sergeant Soqrat', 'Ice Dragon', "Trompe L'oeil", 'Var Park', 'Oriental Bouquet']
2026-08-12 09:18:26,760 | INFO | httpx | HTTP Request: GET https://legacy.winningform.co.za/GAU/2R260813_7.htm "HTTP/1.1 200 OK"
2026-08-12 09:18:26,832 | INFO | app.scrapers.winning_form_scraper | runner_table_used columns={'number': 0, 'name': 1, 'length_behind': 2, 'speed_index': 3, 'predicted_time': 4, 'merit': 5, 'weight': 6, 'draw': 7, 'jockey': 9, 'trainer': 10, 'previous_run': 12, 'time': 17} extracted=9 stated=9
2026-08-12 09:18:26,832 | INFO | app.scrapers.winning_form_scraper | race_parsed url=https://legacy.winningform.co.za/GAU/2R260813_7.htm venue=Vaal Classic date=2026-08-13 race=7 stated=9 parsed=9
2026-08-12 09:18:26,832 | INFO | app.scrapers.winning_form_scraper | horse_names=['After Hours', 'Cold Shine', 'Big Unit', 'Longsword', 'Turbo Power', 'Sea Shanty', 'Fair Proposal', 'Gunboat', 'Onceinabluemoon']
2026-08-12 09:18:26,999 | INFO | httpx | HTTP Request: GET https://legacy.winningform.co.za/GAU/2R260813_8.htm "HTTP/1.1 200 OK"
2026-08-12 09:18:27,078 | INFO | app.scrapers.winning_form_scraper | runner_table_used columns={'number': 0, 'name': 1, 'length_behind': 2, 'speed_index': 3, 'predicted_time': 4, 'merit': 5, 'weight': 6, 'draw': 7, 'jockey': 9, 'trainer': 10, 'previous_run': 12, 'time': 17} extracted=11 stated=11
2026-08-12 09:18:27,078 | INFO | app.scrapers.winning_form_scraper | race_parsed url=https://legacy.winningform.co.za/GAU/2R260813_8.htm venue=Vaal Classic date=2026-08-13 race=8 stated=11 parsed=11
2026-08-12 09:18:27,078 | INFO | app.scrapers.winning_form_scraper | horse_names=['Elusive Red', 'Unsolved Riddle', 'Ubermensch', 'Frere Jacques', 'Tracksuit Dave', 'Gallic Victor', 'Sunset Warrior', 'Brave Waam', 'Laughing William', 'Coming In Hot', 'Matroosberg']
2026-08-12 09:18:27,272 | INFO | httpx | HTTP Request: GET https://legacy.winningform.co.za/KZN/2D260814_1.htm "HTTP/1.1 200 OK"
2026-08-12 09:18:27,349 | INFO | app.scrapers.winning_form_scraper | runner_table_used columns={'number': 0, 'name': 1, 'length_behind': 2, 'speed_index': 3, 'predicted_time': 4, 'merit': 5, 'weight': 6, 'draw': 7, 'jockey': 9, 'trainer': 10, 'previous_run': 12, 'time': 17} extracted=10 stated=10
2026-08-12 09:18:27,349 | INFO | app.scrapers.winning_form_scraper | race_parsed url=https://legacy.winningform.co.za/KZN/2D260814_1.htm venue=Hollywoodbets Greyville date=2026-08-14 race=1 stated=10 parsed=10
2026-08-12 09:18:27,350 | INFO | app.scrapers.winning_form_scraper | horse_names=['Cartel Queen', 'Enjoy The Ride', "Barry's Boy", 'Bon Appetite', 'Donmagoo', 'Task Force', 'Camogie', 'Ka Chow', 'Calliope', 'Little Lollita']
2026-08-12 09:18:27,528 | INFO | httpx | HTTP Request: GET https://legacy.winningform.co.za/KZN/2D260814_2.htm "HTTP/1.1 200 OK"
2026-08-12 09:18:27,587 | INFO | app.scrapers.winning_form_scraper | runner_table_used columns={'number': 0, 'name': 1, 'length_behind': 2, 'speed_index': 3, 'predicted_time': 4, 'merit': 5, 'weight': 6, 'draw': 7, 'jockey': 9, 'trainer': 10, 'previous_run': 12, 'time': 17} extracted=9 stated=9
2026-08-12 09:18:27,587 | INFO | app.scrapers.winning_form_scraper | race_parsed url=https://legacy.winningform.co.za/KZN/2D260814_2.htm venue=Hollywoodbets Greyville date=2026-08-14 race=2 stated=9 parsed=9
2026-08-12 09:18:27,587 | INFO | app.scrapers.winning_form_scraper | horse_names=["Roy's Glorious", 'Mustang Highway', 'Nautical Fire', 'Danny Atlas', 'Le Concierge', "Trip To Maverick's", 'A M C Zara', 'Whisky Soul', 'Taranaki Nomad']
2026-08-12 09:18:27,769 | INFO | httpx | HTTP Request: GET https://legacy.winningform.co.za/KZN/2D260814_3.htm "HTTP/1.1 200 OK"
2026-08-12 09:18:27,821 | INFO | app.scrapers.winning_form_scraper | runner_table_used columns={'number': 0, 'name': 1, 'length_behind': 2, 'speed_index': 3, 'predicted_time': 4, 'merit': 5, 'weight': 6, 'draw': 7, 'jockey': 9, 'trainer': 10, 'previous_run': 12, 'time': 17} extracted=9 stated=9
2026-08-12 09:18:27,821 | INFO | app.scrapers.winning_form_scraper | race_parsed url=https://legacy.winningform.co.za/KZN/2D260814_3.htm venue=Hollywoodbets Greyville date=2026-08-14 race=3 stated=9 parsed=9
2026-08-12 09:18:27,821 | INFO | app.scrapers.winning_form_scraper | horse_names=['Dee Day', 'Anything But Love', 'Brightsunnyday', 'Greenside Girl', "That's A Gimme", 'Chooks Kiss', 'Lady Regal', 'Sargasso Sea', "A M C Roy's Star"]
2026-08-12 09:18:28,017 | INFO | httpx | HTTP Request: GET https://legacy.winningform.co.za/KZN/2D260814_4.htm "HTTP/1.1 200 OK"
2026-08-12 09:18:28,067 | INFO | app.scrapers.winning_form_scraper | runner_table_used columns={'number': 0, 'name': 1, 'length_behind': 2, 'speed_index': 3, 'predicted_time': 4, 'merit': 5, 'weight': 6, 'draw': 7, 'jockey': 9, 'trainer': 10, 'previous_run': 12, 'time': 17} extracted=7 stated=7
2026-08-12 09:18:28,067 | INFO | app.scrapers.winning_form_scraper | race_parsed url=https://legacy.winningform.co.za/KZN/2D260814_4.htm venue=Hollywoodbets Greyville date=2026-08-14 race=4 stated=7 parsed=7
2026-08-12 09:18:28,068 | INFO | app.scrapers.winning_form_scraper | horse_names=['Who Blinked', 'Grand Appeal', 'Bangkok Magic', 'Music Is Life', "She's A Machine", 'Sky Rocket', 'Omkhulu Boss']
2026-08-12 09:18:28,254 | INFO | httpx | HTTP Request: GET https://legacy.winningform.co.za/KZN/2D260814_5.htm "HTTP/1.1 200 OK"
2026-08-12 09:18:28,324 | INFO | app.scrapers.winning_form_scraper | runner_table_used columns={'number': 0, 'name': 1, 'length_behind': 2, 'speed_index': 3, 'predicted_time': 4, 'merit': 5, 'weight': 6, 'draw': 7, 'jockey': 9, 'trainer': 10, 'previous_run': 12, 'time': 17} extracted=9 stated=9
2026-08-12 09:18:28,324 | INFO | app.scrapers.winning_form_scraper | race_parsed url=https://legacy.winningform.co.za/KZN/2D260814_5.htm venue=Hollywoodbets Greyville date=2026-08-14 race=5 stated=9 parsed=9
2026-08-12 09:18:28,324 | INFO | app.scrapers.winning_form_scraper | horse_names=["Heaven's Will", 'Victor Rail', 'Clickbait', 'Kaapse Klopse', 'Master Silvano', "L'ultimo", 'Saudi Sweep', 'Queen Fenn', 'Indecent Proposal']
2026-08-12 09:18:28,532 | INFO | httpx | HTTP Request: GET https://legacy.winningform.co.za/KZN/2D260814_6.htm "HTTP/1.1 200 OK"
2026-08-12 09:18:28,610 | INFO | app.scrapers.winning_form_scraper | runner_table_used columns={'number': 0, 'name': 1, 'length_behind': 2, 'speed_index': 3, 'predicted_time': 4, 'merit': 5, 'weight': 6, 'draw': 7, 'jockey': 9, 'trainer': 10, 'previous_run': 12, 'time': 17} extracted=10 stated=10
2026-08-12 09:18:28,610 | INFO | app.scrapers.winning_form_scraper | race_parsed url=https://legacy.winningform.co.za/KZN/2D260814_6.htm venue=Hollywoodbets Greyville date=2026-08-14 race=6 stated=10 parsed=10
2026-08-12 09:18:28,610 | INFO | app.scrapers.winning_form_scraper | horse_names=['Blazing Fury', 'Kythera', 'Hithemhardsunshine', 'Kalahari Roller', 'Rainbow Reward', 'Mojo Man', 'Donquerari', 'Mighty Zambezi', 'Magic Surprise', 'Bourbon Warrior']
2026-08-12 09:18:28,893 | INFO | httpx | HTTP Request: GET https://legacy.winningform.co.za/KZN/2D260814_7.htm "HTTP/1.1 200 OK"
2026-08-12 09:18:29,031 | INFO | app.scrapers.winning_form_scraper | runner_table_used columns={'number': 0, 'name': 1, 'length_behind': 2, 'speed_index': 3, 'predicted_time': 4, 'merit': 5, 'weight': 6, 'draw': 7, 'jockey': 9, 'trainer': 10, 'previous_run': 12, 'time': 17} extracted=8 stated=8
2026-08-12 09:18:29,031 | INFO | app.scrapers.winning_form_scraper | race_parsed url=https://legacy.winningform.co.za/KZN/2D260814_7.htm venue=Hollywoodbets Greyville date=2026-08-14 race=7 stated=8 parsed=8
2026-08-12 09:18:29,031 | INFO | app.scrapers.winning_form_scraper | horse_names=['Amor Fati', 'Please Be True', 'Sundance Kid', 'Rollo The Viking', 'Royal Sword', 'African Dusk', 'French Trip', 'Etiquette']
2026-08-12 09:18:29,229 | INFO | httpx | HTTP Request: GET https://legacy.winningform.co.za/KZN/2D260814_8.htm "HTTP/1.1 200 OK"
2026-08-12 09:18:29,298 | INFO | app.scrapers.winning_form_scraper | runner_table_used columns={'number': 0, 'name': 1, 'length_behind': 2, 'speed_index': 3, 'predicted_time': 4, 'merit': 5, 'weight': 6, 'draw': 7, 'jockey': 9, 'trainer': 10, 'previous_run': 12, 'time': 17} extracted=9 stated=9
2026-08-12 09:18:29,299 | INFO | app.scrapers.winning_form_scraper | race_parsed url=https://legacy.winningform.co.za/KZN/2D260814_8.htm venue=Hollywoodbets Greyville date=2026-08-14 race=8 stated=9 parsed=9
2026-08-12 09:18:29,299 | INFO | app.scrapers.winning_form_scraper | horse_names=['Poursomesugaronme', 'The Ghost', 'Red Coral', 'Oklahoma Girl', 'Ethereal View', 'Hearts On Fire', 'Capricious Miss', 'Nebulous', 'Autumn Rush']
2026-08-12 09:18:29,448 | INFO | httpx | HTTP Request: GET https://legacy.winningform.co.za/GAU/2P260814_1.htm "HTTP/1.1 200 OK"
2026-08-12 09:18:29,490 | INFO | app.scrapers.winning_form_scraper | runner_table_used columns={'number': 0, 'name': 1, 'length_behind': 2, 'speed_index': 3, 'predicted_time': 4, 'merit': 5, 'weight': 6, 'draw': 7, 'jockey': 9, 'trainer': 10, 'previous_run': 12, 'time': 17} extracted=9 stated=9
2026-08-12 09:18:29,490 | INFO | app.scrapers.winning_form_scraper | race_parsed url=https://legacy.winningform.co.za/GAU/2P260814_1.htm venue=Fairview Polytrack date=2026-08-14 race=1 stated=9 parsed=8
2026-08-12 09:18:29,491 | INFO | app.scrapers.winning_form_scraper | horse_names=['Makeover Magic', 'Silver Arrow', 'Among The Willows', 'Silver Vision', 'Bumble Bee', 'Howzit Beaut', 'Hawker Tempest', 'Destrega', "Lucy's World"]
2026-08-12 09:18:29,676 | INFO | httpx | HTTP Request: GET https://legacy.winningform.co.za/GAU/2P260814_2.htm "HTTP/1.1 200 OK"
2026-08-12 09:18:29,713 | INFO | app.scrapers.winning_form_scraper | runner_table_used columns={'number': 0, 'name': 1, 'length_behind': 2, 'speed_index': 3, 'predicted_time': 4, 'merit': 5, 'weight': 6, 'draw': 7, 'jockey': 9, 'trainer': 10, 'previous_run': 12, 'time': 17} extracted=9 stated=9
2026-08-12 09:18:29,713 | INFO | app.scrapers.winning_form_scraper | race_parsed url=https://legacy.winningform.co.za/GAU/2P260814_2.htm venue=Fairview Polytrack date=2026-08-14 race=2 stated=9 parsed=8
2026-08-12 09:18:29,714 | INFO | app.scrapers.winning_form_scraper | horse_names=['Seattle Glow', 'Weekend In Aspen', 'Grey Eagle', 'High Rider', 'Kailua Breeze', 'Red Chai', 'Magnify', 'So Welcome', 'Cosmic Dan']
2026-08-12 09:18:29,936 | INFO | httpx | HTTP Request: GET https://legacy.winningform.co.za/GAU/2P260814_3.htm "HTTP/1.1 200 OK"
2026-08-12 09:18:30,044 | INFO | app.scrapers.winning_form_scraper | runner_table_used columns={'number': 0, 'name': 1, 'length_behind': 2, 'speed_index': 3, 'predicted_time': 4, 'merit': 5, 'weight': 6, 'draw': 7, 'jockey': 9, 'trainer': 10, 'previous_run': 12, 'time': 17} extracted=12 stated=12
2026-08-12 09:18:30,044 | INFO | app.scrapers.winning_form_scraper | race_parsed url=https://legacy.winningform.co.za/GAU/2P260814_3.htm venue=Fairview Polytrack date=2026-08-14 race=3 stated=12 parsed=11
2026-08-12 09:18:30,045 | INFO | app.scrapers.winning_form_scraper | horse_names=['Mio Destino', 'Real War', 'Smiddyburn', 'Globetonic', 'Bandmaster', 'O Space O', 'Rhydian', 'Hoodwinked', 'Play Act', 'Wait For Me', 'Lucky Chance', 'Meet The King']
2026-08-12 09:18:30,289 | INFO | httpx | HTTP Request: GET https://legacy.winningform.co.za/GAU/2P260814_4.htm "HTTP/1.1 200 OK"
2026-08-12 09:18:30,370 | INFO | app.scrapers.winning_form_scraper | runner_table_used columns={'number': 0, 'name': 1, 'length_behind': 2, 'speed_index': 3, 'predicted_time': 4, 'merit': 5, 'weight': 6, 'draw': 7, 'jockey': 9, 'trainer': 10, 'previous_run': 12, 'time': 17} extracted=10 stated=10
2026-08-12 09:18:30,371 | INFO | app.scrapers.winning_form_scraper | race_parsed url=https://legacy.winningform.co.za/GAU/2P260814_4.htm venue=Fairview Polytrack date=2026-08-14 race=4 stated=10 parsed=10
2026-08-12 09:18:30,371 | INFO | app.scrapers.winning_form_scraper | horse_names=['Silent Trigger', 'Star In Motion', 'Sliver Of Sunshine', 'Run The World', 'Pardon Me', 'My Lucky Charm', 'Ready For The Road', 'Supreme Judge', "Matt's Warrior", 'Half Moon Island']
2026-08-12 09:18:30,542 | INFO | httpx | HTTP Request: GET https://legacy.winningform.co.za/GAU/2P260814_5.htm "HTTP/1.1 200 OK"
2026-08-12 09:18:30,606 | INFO | app.scrapers.winning_form_scraper | runner_table_used columns={'number': 0, 'name': 1, 'length_behind': 2, 'speed_index': 3, 'predicted_time': 4, 'merit': 5, 'weight': 6, 'draw': 7, 'jockey': 9, 'trainer': 10, 'previous_run': 12, 'time': 17} extracted=6 stated=6
2026-08-12 09:18:30,606 | INFO | app.scrapers.winning_form_scraper | race_parsed url=https://legacy.winningform.co.za/GAU/2P260814_5.htm venue=Fairview Polytrack date=2026-08-14 race=5 stated=6 parsed=6
2026-08-12 09:18:30,606 | INFO | app.scrapers.winning_form_scraper | horse_names=['Zinovi', 'Firealley', 'Lanciafiamme', 'Gold Giboski', 'Tenjiku', 'Champion Warrior']
2026-08-12 09:18:30,784 | INFO | httpx | HTTP Request: GET https://legacy.winningform.co.za/GAU/2P260814_6.htm "HTTP/1.1 200 OK"
2026-08-12 09:18:30,863 | INFO | app.scrapers.winning_form_scraper | runner_table_used columns={'number': 0, 'name': 1, 'length_behind': 2, 'speed_index': 3, 'predicted_time': 4, 'merit': 5, 'weight': 6, 'draw': 7, 'jockey': 9, 'trainer': 10, 'previous_run': 12, 'time': 17} extracted=11 stated=11
2026-08-12 09:18:30,864 | INFO | app.scrapers.winning_form_scraper | race_parsed url=https://legacy.winningform.co.za/GAU/2P260814_6.htm venue=Fairview Polytrack date=2026-08-14 race=6 stated=11 parsed=11
2026-08-12 09:18:30,864 | INFO | app.scrapers.winning_form_scraper | horse_names=['Lotus Silk', 'Instaworthy', 'Dupont Emerald', 'Fiery Countess', 'Silva City', 'Haze And Smoke', 'Exceedingly Glam', 'Golden Palm', 'Comic Relief', 'Indebe Mayibuye', 'Bosnay']
2026-08-12 09:18:31,059 | INFO | httpx | HTTP Request: GET https://legacy.winningform.co.za/GAU/2P260814_7.htm "HTTP/1.1 200 OK"
2026-08-12 09:18:31,163 | INFO | app.scrapers.winning_form_scraper | runner_table_used columns={'number': 0, 'name': 1, 'length_behind': 2, 'speed_index': 3, 'predicted_time': 4, 'merit': 5, 'weight': 6, 'draw': 7, 'jockey': 9, 'trainer': 10, 'previous_run': 12, 'time': 17} extracted=11 stated=11
2026-08-12 09:18:31,164 | INFO | app.scrapers.winning_form_scraper | race_parsed url=https://legacy.winningform.co.za/GAU/2P260814_7.htm venue=Fairview Polytrack date=2026-08-14 race=7 stated=11 parsed=10
2026-08-12 09:18:31,164 | INFO | app.scrapers.winning_form_scraper | horse_names=['Enchanting Choice', 'Epikleros', 'Heliotrope', 'Bakwena', 'Family Power', 'Homing Pigeon', 'Beneath The Clouds', 'Silvan Mistress', 'Green Isle', 'Hat Montera', 'Beware The Bomb']
2026-08-12 09:18:31,365 | INFO | httpx | HTTP Request: GET https://legacy.winningform.co.za/GAU/2P260814_8.htm "HTTP/1.1 200 OK"
2026-08-12 09:18:31,476 | INFO | app.scrapers.winning_form_scraper | runner_table_used columns={'number': 0, 'name': 1, 'length_behind': 2, 'speed_index': 3, 'predicted_time': 4, 'merit': 5, 'weight': 6, 'draw': 7, 'jockey': 9, 'trainer': 10, 'previous_run': 12, 'time': 17} extracted=14 stated=14
2026-08-12 09:18:31,476 | INFO | app.scrapers.winning_form_scraper | race_parsed url=https://legacy.winningform.co.za/GAU/2P260814_8.htm venue=Fairview Polytrack date=2026-08-14 race=8 stated=14 parsed=14
2026-08-12 09:18:31,477 | INFO | app.scrapers.winning_form_scraper | horse_names=['Global Speak', "Alado's Pride", 'San Quintin', 'Blackberry Breeze', 'Intuitive Spirit', 'Crepuscolo', 'Pick A Pomodoro', 'Global Drumbeat', 'Flash Lightning', "Tori's Girl", 'Glenalmond', "Donny's Boy", 'Terminal Velocity', 'Royal Influencer']
2026-08-12 09:18:31,649 | INFO | httpx | HTTP Request: GET https://legacy.winningform.co.za/WCP/2K260815_1.htm "HTTP/1.1 200 OK"
2026-08-12 09:18:31,698 | INFO | app.scrapers.winning_form_scraper | runner_table_used columns={'number': 0, 'name': 1, 'length_behind': 2, 'speed_index': 3, 'predicted_time': 4, 'merit': 5, 'weight': 6, 'draw': 7, 'jockey': 9, 'trainer': 10, 'previous_run': 12, 'time': 17} extracted=15 stated=15
2026-08-12 09:18:31,699 | INFO | app.scrapers.winning_form_scraper | race_parsed url=https://legacy.winningform.co.za/WCP/2K260815_1.htm venue=Hollywoodbets Kenilworth date=2026-08-15 race=1 stated=15 parsed=15
2026-08-12 09:18:31,699 | INFO | app.scrapers.winning_form_scraper | horse_names=['Red Flag', 'Onthewingsofadove', 'Evana', "Captain's Elect", 'Future Runway', 'Lillie Langtree', 'Victoria Cross', 'Mac D', 'Epernay', 'Summer Sunshine', 'Night Fever', 'Aqua Storm', 'Whistlin Susie', 'African Kingfisher', 'Fundamentalist']
2026-08-12 09:18:31,907 | INFO | httpx | HTTP Request: GET https://legacy.winningform.co.za/WCP/2K260815_2.htm "HTTP/1.1 200 OK"
2026-08-12 09:18:31,984 | INFO | app.scrapers.winning_form_scraper | runner_table_used columns={'number': 0, 'name': 1, 'length_behind': 2, 'speed_index': 3, 'predicted_time': 4, 'merit': 5, 'weight': 6, 'draw': 7, 'jockey': 9, 'trainer': 10, 'previous_run': 12, 'time': 17} extracted=8 stated=8
2026-08-12 09:18:31,984 | INFO | app.scrapers.winning_form_scraper | race_parsed url=https://legacy.winningform.co.za/WCP/2K260815_2.htm venue=Hollywoodbets Kenilworth date=2026-08-15 race=2 stated=8 parsed=8
2026-08-12 09:18:31,984 | INFO | app.scrapers.winning_form_scraper | horse_names=['The Us Of A', 'Dumbledore', 'Dance Variety', 'Empire State', 'Sugar Mountain', 'Dreamworld', 'Fast Train', 'Winter Snap']
2026-08-12 09:18:32,144 | INFO | httpx | HTTP Request: GET https://legacy.winningform.co.za/WCP/2K260815_3.htm "HTTP/1.1 200 OK"
2026-08-12 09:18:32,183 | INFO | app.scrapers.winning_form_scraper | runner_table_used columns={'number': 0, 'name': 1, 'length_behind': 2, 'speed_index': 3, 'predicted_time': 4, 'merit': 5, 'weight': 6, 'draw': 7, 'jockey': 9, 'trainer': 10, 'previous_run': 12, 'time': 17} extracted=8 stated=8
2026-08-12 09:18:32,183 | INFO | app.scrapers.winning_form_scraper | race_parsed url=https://legacy.winningform.co.za/WCP/2K260815_3.htm venue=Hollywoodbets Kenilworth date=2026-08-15 race=3 stated=8 parsed=8
2026-08-12 09:18:32,184 | INFO | app.scrapers.winning_form_scraper | horse_names=['Chinwag', 'Golden Shimmer', 'Ntibindi', 'My Sunshine', 'Spirit Of Life', 'Leonista', 'United We Stand', 'Coco Beach']
2026-08-12 09:18:32,356 | INFO | httpx | HTTP Request: GET https://legacy.winningform.co.za/WCP/2K260815_4.htm "HTTP/1.1 200 OK"
2026-08-12 09:18:32,419 | INFO | app.scrapers.winning_form_scraper | runner_table_used columns={'number': 0, 'name': 1, 'length_behind': 2, 'speed_index': 3, 'predicted_time': 4, 'merit': 5, 'weight': 6, 'draw': 7, 'jockey': 9, 'trainer': 10, 'previous_run': 12, 'time': 17} extracted=9 stated=9
2026-08-12 09:18:32,419 | INFO | app.scrapers.winning_form_scraper | race_parsed url=https://legacy.winningform.co.za/WCP/2K260815_4.htm venue=Hollywoodbets Kenilworth date=2026-08-15 race=4 stated=9 parsed=9
2026-08-12 09:18:32,419 | INFO | app.scrapers.winning_form_scraper | horse_names=['Masteronthemoon', 'Born To Master', "O'fellow", 'Quiet Place', 'Conditionally', 'Wizarding World', 'Fate Of Pace', 'Echo Foxtrot', 'Gimme More Apache']
2026-08-12 09:18:32,590 | INFO | httpx | HTTP Request: GET https://legacy.winningform.co.za/WCP/2K260815_5.htm "HTTP/1.1 200 OK"
2026-08-12 09:18:32,650 | INFO | app.scrapers.winning_form_scraper | runner_table_used columns={'number': 0, 'name': 1, 'length_behind': 2, 'speed_index': 3, 'predicted_time': 4, 'merit': 5, 'weight': 6, 'draw': 7, 'jockey': 9, 'trainer': 10, 'previous_run': 12, 'time': 17} extracted=9 stated=9
2026-08-12 09:18:32,651 | INFO | app.scrapers.winning_form_scraper | race_parsed url=https://legacy.winningform.co.za/WCP/2K260815_5.htm venue=Hollywoodbets Kenilworth date=2026-08-15 race=5 stated=9 parsed=9
2026-08-12 09:18:32,651 | INFO | app.scrapers.winning_form_scraper | horse_names=['Fort Liam', 'Baton Rouge', 'Bourbon King', 'Waloyo Yamoni', "April Fools' Day", 'Superhero', 'Balzi Rossi', 'Liefling', 'Royal Celeb']
2026-08-12 09:18:32,820 | INFO | httpx | HTTP Request: GET https://legacy.winningform.co.za/WCP/2K260815_6.htm "HTTP/1.1 200 OK"
2026-08-12 09:18:32,877 | INFO | app.scrapers.winning_form_scraper | runner_table_used columns={'number': 0, 'name': 1, 'length_behind': 2, 'speed_index': 3, 'predicted_time': 4, 'merit': 5, 'weight': 6, 'draw': 7, 'jockey': 9, 'trainer': 10, 'previous_run': 12, 'time': 17} extracted=8 stated=8
2026-08-12 09:18:32,877 | INFO | app.scrapers.winning_form_scraper | race_parsed url=https://legacy.winningform.co.za/WCP/2K260815_6.htm venue=Hollywoodbets Kenilworth date=2026-08-15 race=6 stated=8 parsed=8
2026-08-12 09:18:32,878 | INFO | app.scrapers.winning_form_scraper | horse_names=['Black Path', 'La Patrona', 'Playful Joules', 'Mon Papillon', 'Little Nimbus', 'Money Extractor', 'Miss Attitude', 'Peace Garland']
2026-08-12 09:18:33,052 | INFO | httpx | HTTP Request: GET https://legacy.winningform.co.za/WCP/2K260815_7.htm "HTTP/1.1 200 OK"
2026-08-12 09:18:33,198 | INFO | app.scrapers.winning_form_scraper | runner_table_used columns={'number': 0, 'name': 1, 'length_behind': 2, 'speed_index': 3, 'predicted_time': 4, 'merit': 5, 'weight': 6, 'draw': 7, 'jockey': 9, 'trainer': 10, 'previous_run': 12, 'time': 17} extracted=10 stated=10
2026-08-12 09:18:33,203 | INFO | app.scrapers.winning_form_scraper | race_parsed url=https://legacy.winningform.co.za/WCP/2K260815_7.htm venue=Hollywoodbets Kenilworth date=2026-08-15 race=7 stated=10 parsed=10
2026-08-12 09:18:33,204 | INFO | app.scrapers.winning_form_scraper | horse_names=['Palace Gift', 'Major Apollo', 'Kelp Forest', 'Escarpment', 'Earn The Weekend', 'African Memoir', 'Trailfinder', 'My Bonny Boy', 'Winter Pirate', 'Champagne Castle']
2026-08-12 09:18:33,406 | INFO | httpx | HTTP Request: GET https://legacy.winningform.co.za/WCP/2K260815_8.htm "HTTP/1.1 200 OK"
2026-08-12 09:18:33,520 | INFO | app.scrapers.winning_form_scraper | runner_table_used columns={'number': 0, 'name': 1, 'length_behind': 2, 'speed_index': 3, 'predicted_time': 4, 'merit': 5, 'weight': 6, 'draw': 7, 'jockey': 9, 'trainer': 10, 'previous_run': 12, 'time': 17} extracted=11 stated=11
2026-08-12 09:18:33,521 | INFO | app.scrapers.winning_form_scraper | race_parsed url=https://legacy.winningform.co.za/WCP/2K260815_8.htm venue=Hollywoodbets Kenilworth date=2026-08-15 race=8 stated=11 parsed=11
2026-08-12 09:18:33,521 | INFO | app.scrapers.winning_form_scraper | horse_names=['Oliver', 'Un Bel Di', 'All About Al', 'Flying Finley', 'Inside Voice', 'Pink Pigeon', 'Magical Place', 'One Liner', 'Elusive Winter', 'North Point', 'Dreamland']
2026-08-12 09:18:33,688 | INFO | httpx | HTTP Request: GET https://legacy.winningform.co.za/WCP/2K260815_9.htm "HTTP/1.1 200 OK"
2026-08-12 09:18:33,782 | INFO | app.scrapers.winning_form_scraper | runner_table_used columns={'number': 0, 'name': 1, 'length_behind': 2, 'speed_index': 3, 'predicted_time': 4, 'merit': 5, 'weight': 6, 'draw': 7, 'jockey': 9, 'trainer': 10, 'previous_run': 12, 'time': 17} extracted=11 stated=11
2026-08-12 09:18:33,782 | INFO | app.scrapers.winning_form_scraper | race_parsed url=https://legacy.winningform.co.za/WCP/2K260815_9.htm venue=Hollywoodbets Kenilworth date=2026-08-15 race=9 stated=11 parsed=11
2026-08-12 09:18:33,783 | INFO | app.scrapers.winning_form_scraper | horse_names=['Peace Of Mind', "William's Woman", 'Gravity', 'Galactus', 'Ruby Rex', 'Easy Money', 'Heritage Ridge', 'Country Time', 'Du Maurier', 'True Horizon', 'Love Shack']
2026-08-12 09:18:34,010 | INFO | httpx | HTTP Request: GET https://legacy.winningform.co.za/GAU/2J260816_1.htm "HTTP/1.1 200 OK"
2026-08-12 09:18:34,060 | INFO | app.scrapers.winning_form_scraper | runner_table_used columns={'number': 0, 'name': 1, 'length_behind': 2, 'speed_index': 3, 'predicted_time': 4, 'merit': 5, 'weight': 6, 'draw': 7, 'jockey': 9, 'trainer': 10, 'previous_run': 12, 'time': 17} extracted=6 stated=6
2026-08-12 09:18:34,060 | INFO | app.scrapers.winning_form_scraper | race_parsed url=https://legacy.winningform.co.za/GAU/2J260816_1.htm venue=Turffontein New Course date=2026-08-16 race=1 stated=6 parsed=6
2026-08-12 09:18:34,060 | INFO | app.scrapers.winning_form_scraper | horse_names=["Reece's Wish", 'Fully Loaded', 'Winding Power', 'Diogenes', 'Space Mission', 'Calla Lagoon']
2026-08-12 09:18:34,231 | INFO | httpx | HTTP Request: GET https://legacy.winningform.co.za/GAU/2J260816_2.htm "HTTP/1.1 200 OK"
2026-08-12 09:18:34,273 | INFO | app.scrapers.winning_form_scraper | runner_table_used columns={'number': 0, 'name': 1, 'length_behind': 2, 'speed_index': 3, 'predicted_time': 4, 'merit': 5, 'weight': 6, 'draw': 7, 'jockey': 9, 'trainer': 10, 'previous_run': 12, 'time': 17} extracted=8 stated=8
2026-08-12 09:18:34,273 | INFO | app.scrapers.winning_form_scraper | race_parsed url=https://legacy.winningform.co.za/GAU/2J260816_2.htm venue=Turffontein New Course date=2026-08-16 race=2 stated=8 parsed=8
2026-08-12 09:18:34,273 | INFO | app.scrapers.winning_form_scraper | horse_names=['Forever Canford', 'Mega Awesome', 'Willow Charm', 'Starlite Silk', "Mary's Captain", 'Jabberwocky', 'Camillo Cavour', 'One Eye On Dubai']
2026-08-12 09:18:34,438 | INFO | httpx | HTTP Request: GET https://legacy.winningform.co.za/GAU/2J260816_3.htm "HTTP/1.1 200 OK"
2026-08-12 09:18:34,487 | INFO | app.scrapers.winning_form_scraper | runner_table_used columns={'number': 0, 'name': 1, 'length_behind': 2, 'speed_index': 3, 'predicted_time': 4, 'merit': 5, 'weight': 6, 'draw': 7, 'jockey': 9, 'trainer': 10, 'previous_run': 12, 'time': 17} extracted=9 stated=9
2026-08-12 09:18:34,488 | INFO | app.scrapers.winning_form_scraper | race_parsed url=https://legacy.winningform.co.za/GAU/2J260816_3.htm venue=Turffontein New Course date=2026-08-16 race=3 stated=9 parsed=9
2026-08-12 09:18:34,488 | INFO | app.scrapers.winning_form_scraper | horse_names=['Kwaito', 'Corsaro Super', 'Mocha Magic', 'Two Tigers', 'Blue Storm Runner', 'Chic Shack', 'Fascinator', 'Razzpath Rebel', 'Reckless Abandon']
2026-08-12 09:18:34,728 | INFO | httpx | HTTP Request: GET https://legacy.winningform.co.za/GAU/2J260816_4.htm "HTTP/1.1 200 OK"
2026-08-12 09:18:34,777 | INFO | app.scrapers.winning_form_scraper | runner_table_used columns={'number': 0, 'name': 1, 'length_behind': 2, 'speed_index': 3, 'predicted_time': 4, 'merit': 5, 'weight': 6, 'draw': 7, 'jockey': 9, 'trainer': 10, 'previous_run': 12, 'time': 17} extracted=8 stated=8
2026-08-12 09:18:34,777 | INFO | app.scrapers.winning_form_scraper | race_parsed url=https://legacy.winningform.co.za/GAU/2J260816_4.htm venue=Turffontein New Course date=2026-08-16 race=4 stated=8 parsed=8
2026-08-12 09:18:34,777 | INFO | app.scrapers.winning_form_scraper | horse_names=['Elusive Dragon', 'Northern European', 'Go For Broke', 'Pista Resistance', 'Champagne Air', 'Night Shuffle', 'Komhieso Princess', 'Defining Winter']
2026-08-12 09:18:34,950 | INFO | httpx | HTTP Request: GET https://legacy.winningform.co.za/GAU/2J260816_5.htm "HTTP/1.1 200 OK"
2026-08-12 09:18:35,007 | INFO | app.scrapers.winning_form_scraper | runner_table_used columns={'number': 0, 'name': 1, 'length_behind': 2, 'speed_index': 3, 'predicted_time': 4, 'merit': 5, 'weight': 6, 'draw': 7, 'jockey': 9, 'trainer': 10, 'previous_run': 12, 'time': 17} extracted=6 stated=6
2026-08-12 09:18:35,008 | INFO | app.scrapers.winning_form_scraper | race_parsed url=https://legacy.winningform.co.za/GAU/2J260816_5.htm venue=Turffontein New Course date=2026-08-16 race=5 stated=6 parsed=6
2026-08-12 09:18:35,008 | INFO | app.scrapers.winning_form_scraper | horse_names=['Set To Music', 'Arizona Magic', 'Dads Dream', 'One Tiger', 'Hemisphere', 'Nightshine']
2026-08-12 09:18:35,225 | INFO | httpx | HTTP Request: GET https://legacy.winningform.co.za/GAU/2J260816_6.htm "HTTP/1.1 200 OK"
2026-08-12 09:18:35,284 | INFO | app.scrapers.winning_form_scraper | runner_table_used columns={'number': 0, 'name': 1, 'length_behind': 2, 'speed_index': 3, 'predicted_time': 4, 'merit': 5, 'weight': 6, 'draw': 7, 'jockey': 9, 'trainer': 10, 'previous_run': 12, 'time': 17} extracted=7 stated=7
2026-08-12 09:18:35,285 | INFO | app.scrapers.winning_form_scraper | race_parsed url=https://legacy.winningform.co.za/GAU/2J260816_6.htm venue=Turffontein New Course date=2026-08-16 race=6 stated=7 parsed=7
2026-08-12 09:18:35,285 | INFO | app.scrapers.winning_form_scraper | horse_names=['Zip Code', 'Ubermensch', 'Millennium Warrior', 'Malshana Mou', 'Peace Treaty', 'A Bit Of Class', 'Galaxy Queen']
2026-08-12 09:18:35,454 | INFO | httpx | HTTP Request: GET https://legacy.winningform.co.za/GAU/2J260816_7.htm "HTTP/1.1 200 OK"
2026-08-12 09:18:35,518 | INFO | app.scrapers.winning_form_scraper | runner_table_used columns={'number': 0, 'name': 1, 'length_behind': 2, 'speed_index': 3, 'predicted_time': 4, 'merit': 5, 'weight': 6, 'draw': 7, 'jockey': 9, 'trainer': 10, 'previous_run': 12, 'time': 17} extracted=7 stated=7
2026-08-12 09:18:35,518 | INFO | app.scrapers.winning_form_scraper | race_parsed url=https://legacy.winningform.co.za/GAU/2J260816_7.htm venue=Turffontein New Course date=2026-08-16 race=7 stated=7 parsed=7
2026-08-12 09:18:35,518 | INFO | app.scrapers.winning_form_scraper | horse_names=['Itsnowornever', 'Spirit Of Gabz', 'Play With Fire', 'American Rebel', 'Circle Of Grace', 'Heroic Act', 'Knight Heist']
2026-08-12 09:18:35,713 | INFO | httpx | HTTP Request: GET https://legacy.winningform.co.za/GAU/2J260816_8.htm "HTTP/1.1 200 OK"
2026-08-12 09:18:35,799 | INFO | app.scrapers.winning_form_scraper | runner_table_used columns={'number': 0, 'name': 1, 'length_behind': 2, 'speed_index': 3, 'predicted_time': 4, 'merit': 5, 'weight': 6, 'draw': 7, 'jockey': 9, 'trainer': 10, 'previous_run': 12, 'time': 17} extracted=10 stated=10
2026-08-12 09:18:35,799 | INFO | app.scrapers.winning_form_scraper | race_parsed url=https://legacy.winningform.co.za/GAU/2J260816_8.htm venue=Turffontein New Course date=2026-08-16 race=8 stated=10 parsed=10
2026-08-12 09:18:35,799 | INFO | app.scrapers.winning_form_scraper | horse_names=['Nkandla Gold', 'Time Will Tell', 'Kotinos', 'King Bluetooth', 'Sunshine Day', 'Irish Wilma', 'Iconic Winter', 'Echoes Of War', 'Phala Millions', 'Star Magnolia']
2026-08-12 09:18:35,879 | INFO | app.services.monitoring_service | monitoring_cycle_completed
2026-08-12 09:18:35,879 | INFO | app.main | application_started
2026-08-12 11:36:07,303 | INFO | apscheduler.scheduler | Scheduler has been shut down
2026-08-12 11:36:07,307 | INFO | app.main | application_stopped
2026-08-12 15:11:40,496 | INFO | apscheduler.scheduler | Adding job tentatively -- it will be properly scheduled when the scheduler starts
2026-08-12 15:11:40,498 | INFO | apscheduler.scheduler | Added job "MonitoringService.run_cycle" to job store "default"
2026-08-12 15:11:40,498 | INFO | apscheduler.scheduler | Scheduler started
2026-08-12 15:11:40,498 | INFO | app.services.monitoring_service | monitoring_cycle_started
2026-08-12 15:11:40,825 | INFO | httpx | HTTP Request: GET https://legacy.winningform.co.za "HTTP/1.1 200 OK"
2026-08-12 15:11:40,834 | INFO | app.scrapers.winning_form_scraper | fetch_index_frames=['https://legacy.winningform.co.za/guide.htm', 'https://legacy.winningform.co.za/cover.htm']
2026-08-12 15:11:40,980 | INFO | httpx | HTTP Request: GET https://legacy.winningform.co.za "HTTP/1.1 200 OK"
2026-08-12 15:11:41,093 | INFO | httpx | HTTP Request: GET https://legacy.winningform.co.za/guide.htm "HTTP/1.1 200 OK"
2026-08-12 15:11:41,233 | INFO | httpx | HTTP Request: GET https://legacy.winningform.co.za/cover.htm "HTTP/1.1 200 OK"
2026-08-12 15:11:41,345 | INFO | httpx | HTTP Request: GET https://legacy.winningform.co.za "HTTP/1.1 200 OK"
2026-08-12 15:11:41,498 | INFO | httpx | HTTP Request: GET https://legacy.winningform.co.za/guide.htm "HTTP/1.1 200 OK"
2026-08-12 15:11:41,643 | INFO | httpx | HTTP Request: GET https://legacy.winningform.co.za/cover.htm "HTTP/1.1 200 OK"
2026-08-12 15:11:41,667 | INFO | app.scrapers.winning_form_scraper | race_links_total=49
2026-08-12 15:11:41,668 | INFO | app.scrapers.winning_form_scraper | meetings_seen=['gau-j260816', 'gau-p260814', 'gau-r260813', 'kzn-d260814', 'wcp-k260812', 'wcp-k260815']
2026-08-12 15:11:41,808 | INFO | httpx | HTTP Request: GET https://legacy.winningform.co.za/WCP/2K260812_1.htm "HTTP/1.1 200 OK"
2026-08-12 15:11:41,868 | INFO | app.scrapers.winning_form_scraper | runner_table_used columns={'number': 0, 'name': 1, 'length_behind': 2, 'speed_index': 3, 'predicted_time': 4, 'merit': 5, 'weight': 6, 'draw': 7, 'jockey': 9, 'trainer': 10, 'previous_run': 12, 'time': 17} extracted=16 stated=16
2026-08-12 15:11:41,868 | INFO | app.scrapers.winning_form_scraper | race_parsed url=https://legacy.winningform.co.za/WCP/2K260812_1.htm venue=Hollywoodbets Kenilworth date=2026-08-12 race=1 stated=16 parsed=14
2026-08-12 15:11:41,869 | INFO | app.scrapers.winning_form_scraper | horse_names=['Senorita Lolita', 'Peach Cobbler', 'Roman Beauty', 'Viridian Ruby', 'Kim Chanel', 'Bursturbubble', 'Nadia Nerina', 'One Ripple', 'Uncut Gem', 'Pipsqueak', 'Lila Kendy', 'Frozen Asset', 'Desert Ice', 'Burnout', 'Polar Expedition', 'Mac D']
2026-08-12 15:11:42,050 | INFO | httpx | HTTP Request: GET https://legacy.winningform.co.za/WCP/2K260812_2.htm "HTTP/1.1 200 OK"
2026-08-12 15:11:42,081 | INFO | app.scrapers.winning_form_scraper | runner_table_used columns={'number': 0, 'name': 1, 'length_behind': 2, 'speed_index': 3, 'predicted_time': 4, 'merit': 5, 'weight': 6, 'draw': 7, 'jockey': 9, 'trainer': 10, 'previous_run': 12, 'time': 17} extracted=12 stated=12
2026-08-12 15:11:42,081 | INFO | app.scrapers.winning_form_scraper | race_parsed url=https://legacy.winningform.co.za/WCP/2K260812_2.htm venue=Hollywoodbets Kenilworth date=2026-08-12 race=2 stated=12 parsed=11
2026-08-12 15:11:42,081 | INFO | app.scrapers.winning_form_scraper | horse_names=['Le Tissier', 'Royal Clinton', 'Lord Chamberlain', 'Big City Roller', 'Sukhoi', 'Tango Master', 'Bart Nel', 'Augusta Rouge', 'Daley Park', 'Ulez Camera', 'Gimmethejackhammer', 'Miyabi King']
2026-08-12 15:11:42,237 | INFO | httpx | HTTP Request: GET https://legacy.winningform.co.za/WCP/2K260812_3.htm "HTTP/1.1 200 OK"
2026-08-12 15:11:42,268 | INFO | app.scrapers.winning_form_scraper | runner_table_used columns={'number': 0, 'name': 1, 'length_behind': 2, 'speed_index': 3, 'predicted_time': 4, 'merit': 5, 'weight': 6, 'draw': 7, 'jockey': 9, 'trainer': 10, 'previous_run': 12, 'time': 17} extracted=12 stated=12
2026-08-12 15:11:42,268 | INFO | app.scrapers.winning_form_scraper | race_parsed url=https://legacy.winningform.co.za/WCP/2K260812_3.htm venue=Hollywoodbets Kenilworth date=2026-08-12 race=3 stated=12 parsed=11
2026-08-12 15:11:42,268 | INFO | app.scrapers.winning_form_scraper | horse_names=['Saratoga Sunrise', 'Fourth Of July', 'Blackbird', 'Ile Moris', 'Brothers In Arms', 'Grey Knight', 'Bright Fate', 'Time Of Our Lives', "Warrior's Legacy", 'Rain In France', 'Red Hot Rifle', 'Bullet Tooth Tony']
2026-08-12 15:11:42,415 | INFO | httpx | HTTP Request: GET https://legacy.winningform.co.za/WCP/2K260812_4.htm "HTTP/1.1 200 OK"
2026-08-12 15:11:42,459 | INFO | app.scrapers.winning_form_scraper | runner_table_used columns={'number': 0, 'name': 1, 'length_behind': 2, 'speed_index': 3, 'predicted_time': 4, 'merit': 5, 'weight': 6, 'draw': 7, 'jockey': 9, 'trainer': 10, 'previous_run': 12, 'time': 17} extracted=8 stated=8
2026-08-12 15:11:42,460 | INFO | app.scrapers.winning_form_scraper | race_parsed url=https://legacy.winningform.co.za/WCP/2K260812_4.htm venue=Hollywoodbets Kenilworth date=2026-08-12 race=4 stated=8 parsed=8
2026-08-12 15:11:42,460 | INFO | app.scrapers.winning_form_scraper | horse_names=['Catch Me', "Captain's Angel", 'Warrior Of Destiny', 'Waterfront', 'Zanfan Moris', 'Fractal', 'Rumbo Russi', 'Gimmeagamble']
2026-08-12 15:11:42,613 | INFO | httpx | HTTP Request: GET https://legacy.winningform.co.za/WCP/2K260812_5.htm "HTTP/1.1 200 OK"
2026-08-12 15:11:42,662 | INFO | app.scrapers.winning_form_scraper | runner_table_used columns={'number': 0, 'name': 1, 'length_behind': 2, 'speed_index': 3, 'predicted_time': 4, 'merit': 5, 'weight': 6, 'draw': 7, 'jockey': 9, 'trainer': 10, 'previous_run': 12, 'time': 17} extracted=8 stated=8
2026-08-12 15:11:42,663 | INFO | app.scrapers.winning_form_scraper | race_parsed url=https://legacy.winningform.co.za/WCP/2K260812_5.htm venue=Hollywoodbets Kenilworth date=2026-08-12 race=5 stated=8 parsed=8
2026-08-12 15:11:42,663 | INFO | app.scrapers.winning_form_scraper | horse_names=['October Fest', 'Maritzburg Memory', 'Cliffscape', 'Raffish Trend', 'Star World', 'Black Erika', 'All Is Green', 'Sing Forevermore']
2026-08-12 15:11:42,822 | INFO | httpx | HTTP Request: GET https://legacy.winningform.co.za/WCP/2K260812_6.htm "HTTP/1.1 200 OK"
2026-08-12 15:11:42,908 | INFO | app.scrapers.winning_form_scraper | runner_table_used columns={'number': 0, 'name': 1, 'length_behind': 2, 'speed_index': 3, 'predicted_time': 4, 'merit': 5, 'weight': 6, 'draw': 7, 'jockey': 9, 'trainer': 10, 'previous_run': 12, 'time': 17} extracted=9 stated=9
2026-08-12 15:11:42,908 | INFO | app.scrapers.winning_form_scraper | race_parsed url=https://legacy.winningform.co.za/WCP/2K260812_6.htm venue=Hollywoodbets Kenilworth date=2026-08-12 race=6 stated=9 parsed=7
2026-08-12 15:11:42,909 | INFO | app.scrapers.winning_form_scraper | horse_names=['Churchillian', "Objet D' Art", 'Pomp It Up', 'Tanneron', "Berry's Boogie", 'Black Cheetah', 'Shesgotclass', 'Babelicious', 'Un Bel Di']
2026-08-12 15:11:43,097 | INFO | httpx | HTTP Request: GET https://legacy.winningform.co.za/WCP/2K260812_7.htm "HTTP/1.1 200 OK"
2026-08-12 15:11:43,143 | INFO | app.scrapers.winning_form_scraper | runner_table_used columns={'number': 0, 'name': 1, 'length_behind': 2, 'speed_index': 3, 'predicted_time': 4, 'merit': 5, 'weight': 6, 'draw': 7, 'jockey': 9, 'trainer': 10, 'previous_run': 12, 'time': 17} extracted=8 stated=8
2026-08-12 15:11:43,143 | INFO | app.scrapers.winning_form_scraper | race_parsed url=https://legacy.winningform.co.za/WCP/2K260812_7.htm venue=Hollywoodbets Kenilworth date=2026-08-12 race=7 stated=8 parsed=8
2026-08-12 15:11:43,143 | INFO | app.scrapers.winning_form_scraper | horse_names=['Mente Et Manu', 'Absolutely Yes', 'Handsome Prince', 'It Is My Time', 'Witch Hazel', 'Voorloopertjie', 'Promettere', 'Three Tigers']
2026-08-12 15:11:43,336 | INFO | httpx | HTTP Request: GET https://legacy.winningform.co.za/WCP/2K260812_8.htm "HTTP/1.1 200 OK"
2026-08-12 15:11:43,406 | INFO | app.scrapers.winning_form_scraper | runner_table_used columns={'number': 0, 'name': 1, 'length_behind': 2, 'speed_index': 3, 'predicted_time': 4, 'merit': 5, 'weight': 6, 'draw': 7, 'jockey': 9, 'trainer': 10, 'previous_run': 12, 'time': 17} extracted=13 stated=13
2026-08-12 15:11:43,407 | INFO | app.scrapers.winning_form_scraper | race_parsed url=https://legacy.winningform.co.za/WCP/2K260812_8.htm venue=Hollywoodbets Kenilworth date=2026-08-12 race=8 stated=13 parsed=11
2026-08-12 15:11:43,407 | INFO | app.scrapers.winning_form_scraper | horse_names=['Cedar Point', 'Captains Alliance', 'Red Dawn', 'Diamond Rock', 'Rockanrollin', 'Bonelli', 'Noble Hero', "Caesar's Ransom", 'District Master', 'Groovejet', 'Ignite The Fire', 'Clark Griswold', 'Bombers In The Sky']
2026-08-12 15:11:43,610 | INFO | httpx | HTTP Request: GET https://legacy.winningform.co.za/GAU/2R260813_1.htm "HTTP/1.1 200 OK"
2026-08-12 15:11:43,642 | INFO | app.scrapers.winning_form_scraper | runner_table_used columns={'number': 0, 'name': 1, 'length_behind': 2, 'speed_index': 3, 'predicted_time': 4, 'merit': 5, 'weight': 6, 'draw': 7, 'jockey': 9, 'trainer': 10, 'previous_run': 12, 'time': 17} extracted=6 stated=6
2026-08-12 15:11:43,643 | INFO | app.scrapers.winning_form_scraper | race_parsed url=https://legacy.winningform.co.za/GAU/2R260813_1.htm venue=Vaal Classic date=2026-08-13 race=1 stated=6 parsed=6
2026-08-12 15:11:43,643 | INFO | app.scrapers.winning_form_scraper | horse_names=['Epidaurus', 'Clairwood Breeze', 'Comic Artist', 'Evening News', "Captain's Express", 'Eden Gardens']
2026-08-12 15:11:43,935 | INFO | httpx | HTTP Request: GET https://legacy.winningform.co.za/GAU/2R260813_2.htm "HTTP/1.1 200 OK"
2026-08-12 15:11:43,973 | INFO | app.scrapers.winning_form_scraper | runner_table_used columns={'number': 0, 'name': 1, 'length_behind': 2, 'speed_index': 3, 'predicted_time': 4, 'merit': 5, 'weight': 6, 'draw': 7, 'jockey': 9, 'trainer': 10, 'previous_run': 12, 'time': 17} extracted=9 stated=9
2026-08-12 15:11:43,973 | INFO | app.scrapers.winning_form_scraper | race_parsed url=https://legacy.winningform.co.za/GAU/2R260813_2.htm venue=Vaal Classic date=2026-08-13 race=2 stated=9 parsed=9
2026-08-12 15:11:43,974 | INFO | app.scrapers.winning_form_scraper | horse_names=['The Bachelorette', 'Corsaro Super', 'Lady Enid', 'Autograph', 'Golden Slipstream', 'Justhavefun', 'Torpedo', 'Shiraz Glow', 'Thorn Bird']
2026-08-12 15:11:44,145 | INFO | httpx | HTTP Request: GET https://legacy.winningform.co.za/GAU/2R260813_3.htm "HTTP/1.1 200 OK"
2026-08-12 15:11:44,177 | INFO | app.scrapers.winning_form_scraper | runner_table_used columns={'number': 0, 'name': 1, 'length_behind': 2, 'speed_index': 3, 'predicted_time': 4, 'merit': 5, 'weight': 6, 'draw': 7, 'jockey': 9, 'trainer': 10, 'previous_run': 12, 'time': 17} extracted=8 stated=8
2026-08-12 15:11:44,178 | INFO | app.scrapers.winning_form_scraper | race_parsed url=https://legacy.winningform.co.za/GAU/2R260813_3.htm venue=Vaal Classic date=2026-08-13 race=3 stated=8 parsed=8
2026-08-12 15:11:44,178 | INFO | app.scrapers.winning_form_scraper | horse_names=['Northern European', 'Be The One', "Life's Treasures", 'Grains Of Paradise', 'Royal Rant', 'Pilates', 'Tea For Three', 'Volare Veloce']
2026-08-12 15:11:44,345 | INFO | httpx | HTTP Request: GET https://legacy.winningform.co.za/GAU/2R260813_4.htm "HTTP/1.1 200 OK"
2026-08-12 15:11:44,374 | INFO | app.scrapers.winning_form_scraper | runner_table_used columns={'number': 0, 'name': 1, 'length_behind': 2, 'speed_index': 3, 'predicted_time': 4, 'merit': 5, 'weight': 6, 'draw': 7, 'jockey': 9, 'trainer': 10, 'previous_run': 12, 'time': 17} extracted=8 stated=8
2026-08-12 15:11:44,374 | INFO | app.scrapers.winning_form_scraper | race_parsed url=https://legacy.winningform.co.za/GAU/2R260813_4.htm venue=Vaal Classic date=2026-08-13 race=4 stated=8 parsed=8
2026-08-12 15:11:44,374 | INFO | app.scrapers.winning_form_scraper | horse_names=['Skitt Smiling', 'Crimson Ranger', 'Verdandi', 'One State', 'Campo Formio', 'Steel Spring', 'Reachingforthemoon', 'Flotilla']
2026-08-12 15:11:44,557 | INFO | httpx | HTTP Request: GET https://legacy.winningform.co.za/GAU/2R260813_5.htm "HTTP/1.1 200 OK"
2026-08-12 15:11:44,602 | INFO | app.scrapers.winning_form_scraper | runner_table_used columns={'number': 0, 'name': 1, 'length_behind': 2, 'speed_index': 3, 'predicted_time': 4, 'merit': 5, 'weight': 6, 'draw': 7, 'jockey': 9, 'trainer': 10, 'previous_run': 12, 'time': 17} extracted=8 stated=8
2026-08-12 15:11:44,602 | INFO | app.scrapers.winning_form_scraper | race_parsed url=https://legacy.winningform.co.za/GAU/2R260813_5.htm venue=Vaal Classic date=2026-08-13 race=5 stated=8 parsed=8
2026-08-12 15:11:44,602 | INFO | app.scrapers.winning_form_scraper | horse_names=["Scarlet O'hara", 'Azaleas For All', 'Surprise Party', 'Instant Attraction', 'Utsaah', 'Lady Sabrina', 'Red Sparrow', "Kylie's Angel"]
2026-08-12 15:11:44,758 | INFO | httpx | HTTP Request: GET https://legacy.winningform.co.za/GAU/2R260813_6.htm "HTTP/1.1 200 OK"
2026-08-12 15:11:44,822 | INFO | app.scrapers.winning_form_scraper | runner_table_used columns={'number': 0, 'name': 1, 'length_behind': 2, 'speed_index': 3, 'predicted_time': 4, 'merit': 5, 'weight': 6, 'draw': 7, 'jockey': 9, 'trainer': 10, 'previous_run': 12, 'time': 17} extracted=8 stated=8
2026-08-12 15:11:44,823 | INFO | app.scrapers.winning_form_scraper | race_parsed url=https://legacy.winningform.co.za/GAU/2R260813_6.htm venue=Vaal Classic date=2026-08-13 race=6 stated=8 parsed=8
2026-08-12 15:11:44,823 | INFO | app.scrapers.winning_form_scraper | horse_names=["Angel's Oasis", 'Hammer Blow', 'Lonely As A Cloud', 'Sergeant Soqrat', 'Ice Dragon', "Trompe L'oeil", 'Var Park', 'Oriental Bouquet']
2026-08-12 15:11:45,133 | INFO | httpx | HTTP Request: GET https://legacy.winningform.co.za/GAU/2R260813_7.htm "HTTP/1.1 200 OK"
2026-08-12 15:11:45,192 | INFO | app.scrapers.winning_form_scraper | runner_table_used columns={'number': 0, 'name': 1, 'length_behind': 2, 'speed_index': 3, 'predicted_time': 4, 'merit': 5, 'weight': 6, 'draw': 7, 'jockey': 9, 'trainer': 10, 'previous_run': 12, 'time': 17} extracted=9 stated=9
2026-08-12 15:11:45,192 | INFO | app.scrapers.winning_form_scraper | race_parsed url=https://legacy.winningform.co.za/GAU/2R260813_7.htm venue=Vaal Classic date=2026-08-13 race=7 stated=9 parsed=9
2026-08-12 15:11:45,192 | INFO | app.scrapers.winning_form_scraper | horse_names=['After Hours', 'Cold Shine', 'Big Unit', 'Longsword', 'Turbo Power', 'Sea Shanty', 'Fair Proposal', 'Gunboat', 'Onceinabluemoon']
2026-08-12 15:11:45,383 | INFO | httpx | HTTP Request: GET https://legacy.winningform.co.za/GAU/2R260813_8.htm "HTTP/1.1 200 OK"
2026-08-12 15:11:45,444 | INFO | app.scrapers.winning_form_scraper | runner_table_used columns={'number': 0, 'name': 1, 'length_behind': 2, 'speed_index': 3, 'predicted_time': 4, 'merit': 5, 'weight': 6, 'draw': 7, 'jockey': 9, 'trainer': 10, 'previous_run': 12, 'time': 17} extracted=11 stated=11
2026-08-12 15:11:45,444 | INFO | app.scrapers.winning_form_scraper | race_parsed url=https://legacy.winningform.co.za/GAU/2R260813_8.htm venue=Vaal Classic date=2026-08-13 race=8 stated=11 parsed=11
2026-08-12 15:11:45,444 | INFO | app.scrapers.winning_form_scraper | horse_names=['Elusive Red', 'Unsolved Riddle', 'Ubermensch', 'Frere Jacques', 'Tracksuit Dave', 'Gallic Victor', 'Sunset Warrior', 'Brave Waam', 'Laughing William', 'Coming In Hot', 'Matroosberg']
2026-08-12 15:11:45,608 | INFO | httpx | HTTP Request: GET https://legacy.winningform.co.za/KZN/2D260814_1.htm "HTTP/1.1 200 OK"
2026-08-12 15:11:45,655 | INFO | app.scrapers.winning_form_scraper | runner_table_used columns={'number': 0, 'name': 1, 'length_behind': 2, 'speed_index': 3, 'predicted_time': 4, 'merit': 5, 'weight': 6, 'draw': 7, 'jockey': 9, 'trainer': 10, 'previous_run': 12, 'time': 17} extracted=10 stated=10
2026-08-12 15:11:45,656 | INFO | app.scrapers.winning_form_scraper | race_parsed url=https://legacy.winningform.co.za/KZN/2D260814_1.htm venue=Hollywoodbets Greyville date=2026-08-14 race=1 stated=10 parsed=10
2026-08-12 15:11:45,656 | INFO | app.scrapers.winning_form_scraper | horse_names=['Cartel Queen', 'Enjoy The Ride', "Barry's Boy", 'Bon Appetite', 'Donmagoo', 'Task Force', 'Camogie', 'Ka Chow', 'Calliope', 'Little Lollita']
2026-08-12 15:11:45,829 | INFO | httpx | HTTP Request: GET https://legacy.winningform.co.za/KZN/2D260814_2.htm "HTTP/1.1 200 OK"
2026-08-12 15:11:45,859 | INFO | app.scrapers.winning_form_scraper | runner_table_used columns={'number': 0, 'name': 1, 'length_behind': 2, 'speed_index': 3, 'predicted_time': 4, 'merit': 5, 'weight': 6, 'draw': 7, 'jockey': 9, 'trainer': 10, 'previous_run': 12, 'time': 17} extracted=9 stated=9
2026-08-12 15:11:45,860 | INFO | app.scrapers.winning_form_scraper | race_parsed url=https://legacy.winningform.co.za/KZN/2D260814_2.htm venue=Hollywoodbets Greyville date=2026-08-14 race=2 stated=9 parsed=9
2026-08-12 15:11:45,860 | INFO | app.scrapers.winning_form_scraper | horse_names=["Roy's Glorious", 'Mustang Highway', 'Nautical Fire', 'Danny Atlas', 'Le Concierge', "Trip To Maverick's", 'A M C Zara', 'Whisky Soul', 'Taranaki Nomad']
2026-08-12 15:11:46,048 | INFO | httpx | HTTP Request: GET https://legacy.winningform.co.za/KZN/2D260814_3.htm "HTTP/1.1 200 OK"
2026-08-12 15:11:46,091 | INFO | app.scrapers.winning_form_scraper | runner_table_used columns={'number': 0, 'name': 1, 'length_behind': 2, 'speed_index': 3, 'predicted_time': 4, 'merit': 5, 'weight': 6, 'draw': 7, 'jockey': 9, 'trainer': 10, 'previous_run': 12, 'time': 17} extracted=9 stated=9
2026-08-12 15:11:46,091 | INFO | app.scrapers.winning_form_scraper | race_parsed url=https://legacy.winningform.co.za/KZN/2D260814_3.htm venue=Hollywoodbets Greyville date=2026-08-14 race=3 stated=9 parsed=9
2026-08-12 15:11:46,091 | INFO | app.scrapers.winning_form_scraper | horse_names=['Dee Day', 'Anything But Love', 'Brightsunnyday', 'Greenside Girl', "That's A Gimme", 'Chooks Kiss', 'Lady Regal', 'Sargasso Sea', "A M C Roy's Star"]
2026-08-12 15:11:46,259 | INFO | httpx | HTTP Request: GET https://legacy.winningform.co.za/KZN/2D260814_4.htm "HTTP/1.1 200 OK"
2026-08-12 15:11:46,296 | INFO | app.scrapers.winning_form_scraper | runner_table_used columns={'number': 0, 'name': 1, 'length_behind': 2, 'speed_index': 3, 'predicted_time': 4, 'merit': 5, 'weight': 6, 'draw': 7, 'jockey': 9, 'trainer': 10, 'previous_run': 12, 'time': 17} extracted=7 stated=7
2026-08-12 15:11:46,297 | INFO | app.scrapers.winning_form_scraper | race_parsed url=https://legacy.winningform.co.za/KZN/2D260814_4.htm venue=Hollywoodbets Greyville date=2026-08-14 race=4 stated=7 parsed=7
2026-08-12 15:11:46,297 | INFO | app.scrapers.winning_form_scraper | horse_names=['Who Blinked', 'Grand Appeal', 'Bangkok Magic', 'Music Is Life', "She's A Machine", 'Sky Rocket', 'Omkhulu Boss']
2026-08-12 15:11:47,395 | INFO | httpx | HTTP Request: GET https://legacy.winningform.co.za/KZN/2D260814_5.htm "HTTP/1.1 200 OK"
2026-08-12 15:11:47,450 | INFO | app.scrapers.winning_form_scraper | runner_table_used columns={'number': 0, 'name': 1, 'length_behind': 2, 'speed_index': 3, 'predicted_time': 4, 'merit': 5, 'weight': 6, 'draw': 7, 'jockey': 9, 'trainer': 10, 'previous_run': 12, 'time': 17} extracted=9 stated=9
2026-08-12 15:11:47,451 | INFO | app.scrapers.winning_form_scraper | race_parsed url=https://legacy.winningform.co.za/KZN/2D260814_5.htm venue=Hollywoodbets Greyville date=2026-08-14 race=5 stated=9 parsed=9
2026-08-12 15:11:47,451 | INFO | app.scrapers.winning_form_scraper | horse_names=["Heaven's Will", 'Victor Rail', 'Clickbait', 'Kaapse Klopse', 'Master Silvano', "L'ultimo", 'Saudi Sweep', 'Queen Fenn', 'Indecent Proposal']
2026-08-12 15:11:47,633 | INFO | httpx | HTTP Request: GET https://legacy.winningform.co.za/KZN/2D260814_6.htm "HTTP/1.1 200 OK"
2026-08-12 15:11:47,697 | INFO | app.scrapers.winning_form_scraper | runner_table_used columns={'number': 0, 'name': 1, 'length_behind': 2, 'speed_index': 3, 'predicted_time': 4, 'merit': 5, 'weight': 6, 'draw': 7, 'jockey': 9, 'trainer': 10, 'previous_run': 12, 'time': 17} extracted=10 stated=10
2026-08-12 15:11:47,698 | INFO | app.scrapers.winning_form_scraper | race_parsed url=https://legacy.winningform.co.za/KZN/2D260814_6.htm venue=Hollywoodbets Greyville date=2026-08-14 race=6 stated=10 parsed=10
2026-08-12 15:11:47,698 | INFO | app.scrapers.winning_form_scraper | horse_names=['Blazing Fury', 'Kythera', 'Hithemhardsunshine', 'Kalahari Roller', 'Rainbow Reward', 'Mojo Man', 'Donquerari', 'Mighty Zambezi', 'Magic Surprise', 'Bourbon Warrior']
2026-08-12 15:11:47,861 | INFO | httpx | HTTP Request: GET https://legacy.winningform.co.za/KZN/2D260814_7.htm "HTTP/1.1 200 OK"
2026-08-12 15:11:47,982 | INFO | app.scrapers.winning_form_scraper | runner_table_used columns={'number': 0, 'name': 1, 'length_behind': 2, 'speed_index': 3, 'predicted_time': 4, 'merit': 5, 'weight': 6, 'draw': 7, 'jockey': 9, 'trainer': 10, 'previous_run': 12, 'time': 17} extracted=8 stated=8
2026-08-12 15:11:47,983 | INFO | app.scrapers.winning_form_scraper | race_parsed url=https://legacy.winningform.co.za/KZN/2D260814_7.htm venue=Hollywoodbets Greyville date=2026-08-14 race=7 stated=8 parsed=8
2026-08-12 15:11:47,983 | INFO | app.scrapers.winning_form_scraper | horse_names=['Amor Fati', 'Please Be True', 'Sundance Kid', 'Rollo The Viking', 'Royal Sword', 'African Dusk', 'French Trip', 'Etiquette']
2026-08-12 15:11:48,305 | INFO | httpx | HTTP Request: GET https://legacy.winningform.co.za/KZN/2D260814_8.htm "HTTP/1.1 200 OK"
2026-08-12 15:11:48,358 | INFO | app.scrapers.winning_form_scraper | runner_table_used columns={'number': 0, 'name': 1, 'length_behind': 2, 'speed_index': 3, 'predicted_time': 4, 'merit': 5, 'weight': 6, 'draw': 7, 'jockey': 9, 'trainer': 10, 'previous_run': 12, 'time': 17} extracted=9 stated=9
2026-08-12 15:11:48,359 | INFO | app.scrapers.winning_form_scraper | race_parsed url=https://legacy.winningform.co.za/KZN/2D260814_8.htm venue=Hollywoodbets Greyville date=2026-08-14 race=8 stated=9 parsed=9
2026-08-12 15:11:48,359 | INFO | app.scrapers.winning_form_scraper | horse_names=['Poursomesugaronme', 'The Ghost', 'Red Coral', 'Oklahoma Girl', 'Ethereal View', 'Hearts On Fire', 'Capricious Miss', 'Nebulous', 'Autumn Rush']
2026-08-12 15:11:48,511 | INFO | httpx | HTTP Request: GET https://legacy.winningform.co.za/GAU/2P260814_1.htm "HTTP/1.1 200 OK"
2026-08-12 15:11:48,536 | INFO | app.scrapers.winning_form_scraper | runner_table_used columns={'number': 0, 'name': 1, 'length_behind': 2, 'speed_index': 3, 'predicted_time': 4, 'merit': 5, 'weight': 6, 'draw': 7, 'jockey': 9, 'trainer': 10, 'previous_run': 12, 'time': 17} extracted=9 stated=9
2026-08-12 15:11:48,537 | INFO | app.scrapers.winning_form_scraper | race_parsed url=https://legacy.winningform.co.za/GAU/2P260814_1.htm venue=Fairview Polytrack date=2026-08-14 race=1 stated=9 parsed=8
2026-08-12 15:11:48,537 | INFO | app.scrapers.winning_form_scraper | horse_names=['Makeover Magic', 'Silver Arrow', 'Among The Willows', 'Silver Vision', 'Bumble Bee', 'Howzit Beaut', 'Hawker Tempest', 'Destrega', "Lucy's World"]
2026-08-12 15:11:48,676 | INFO | httpx | HTTP Request: GET https://legacy.winningform.co.za/GAU/2P260814_2.htm "HTTP/1.1 200 OK"
2026-08-12 15:11:48,700 | INFO | app.scrapers.winning_form_scraper | runner_table_used columns={'number': 0, 'name': 1, 'length_behind': 2, 'speed_index': 3, 'predicted_time': 4, 'merit': 5, 'weight': 6, 'draw': 7, 'jockey': 9, 'trainer': 10, 'previous_run': 12, 'time': 17} extracted=9 stated=9
2026-08-12 15:11:48,701 | INFO | app.scrapers.winning_form_scraper | race_parsed url=https://legacy.winningform.co.za/GAU/2P260814_2.htm venue=Fairview Polytrack date=2026-08-14 race=2 stated=9 parsed=8
2026-08-12 15:11:48,701 | INFO | app.scrapers.winning_form_scraper | horse_names=['Seattle Glow', 'Weekend In Aspen', 'Grey Eagle', 'High Rider', 'Kailua Breeze', 'Red Chai', 'Magnify', 'So Welcome', 'Cosmic Dan']
2026-08-12 15:11:48,918 | INFO | httpx | HTTP Request: GET https://legacy.winningform.co.za/GAU/2P260814_3.htm "HTTP/1.1 200 OK"
2026-08-12 15:11:48,987 | INFO | app.scrapers.winning_form_scraper | runner_table_used columns={'number': 0, 'name': 1, 'length_behind': 2, 'speed_index': 3, 'predicted_time': 4, 'merit': 5, 'weight': 6, 'draw': 7, 'jockey': 9, 'trainer': 10, 'previous_run': 12, 'time': 17} extracted=12 stated=12
2026-08-12 15:11:48,987 | INFO | app.scrapers.winning_form_scraper | race_parsed url=https://legacy.winningform.co.za/GAU/2P260814_3.htm venue=Fairview Polytrack date=2026-08-14 race=3 stated=12 parsed=11
2026-08-12 15:11:48,987 | INFO | app.scrapers.winning_form_scraper | horse_names=['Mio Destino', 'Real War', 'Smiddyburn', 'Globetonic', 'Bandmaster', 'O Space O', 'Rhydian', 'Hoodwinked', 'Play Act', 'Wait For Me', 'Lucky Chance', 'Meet The King']
2026-08-12 15:11:49,184 | INFO | httpx | HTTP Request: GET https://legacy.winningform.co.za/GAU/2P260814_4.htm "HTTP/1.1 200 OK"
2026-08-12 15:11:49,239 | INFO | app.scrapers.winning_form_scraper | runner_table_used columns={'number': 0, 'name': 1, 'length_behind': 2, 'speed_index': 3, 'predicted_time': 4, 'merit': 5, 'weight': 6, 'draw': 7, 'jockey': 9, 'trainer': 10, 'previous_run': 12, 'time': 17} extracted=10 stated=10
2026-08-12 15:11:49,240 | INFO | app.scrapers.winning_form_scraper | race_parsed url=https://legacy.winningform.co.za/GAU/2P260814_4.htm venue=Fairview Polytrack date=2026-08-14 race=4 stated=10 parsed=10
2026-08-12 15:11:49,240 | INFO | app.scrapers.winning_form_scraper | horse_names=['Silent Trigger', 'Star In Motion', 'Sliver Of Sunshine', 'Run The World', 'Pardon Me', 'My Lucky Charm', 'Ready For The Road', 'Supreme Judge', "Matt's Warrior", 'Half Moon Island']
2026-08-12 15:11:49,418 | INFO | httpx | HTTP Request: GET https://legacy.winningform.co.za/GAU/2P260814_5.htm "HTTP/1.1 200 OK"
2026-08-12 15:11:49,463 | INFO | app.scrapers.winning_form_scraper | runner_table_used columns={'number': 0, 'name': 1, 'length_behind': 2, 'speed_index': 3, 'predicted_time': 4, 'merit': 5, 'weight': 6, 'draw': 7, 'jockey': 9, 'trainer': 10, 'previous_run': 12, 'time': 17} extracted=6 stated=6
2026-08-12 15:11:49,463 | INFO | app.scrapers.winning_form_scraper | race_parsed url=https://legacy.winningform.co.za/GAU/2P260814_5.htm venue=Fairview Polytrack date=2026-08-14 race=5 stated=6 parsed=6
2026-08-12 15:11:49,463 | INFO | app.scrapers.winning_form_scraper | horse_names=['Zinovi', 'Firealley', 'Lanciafiamme', 'Gold Giboski', 'Tenjiku', 'Champion Warrior']
2026-08-12 15:11:49,646 | INFO | httpx | HTTP Request: GET https://legacy.winningform.co.za/GAU/2P260814_6.htm "HTTP/1.1 200 OK"
2026-08-12 15:11:49,719 | INFO | app.scrapers.winning_form_scraper | runner_table_used columns={'number': 0, 'name': 1, 'length_behind': 2, 'speed_index': 3, 'predicted_time': 4, 'merit': 5, 'weight': 6, 'draw': 7, 'jockey': 9, 'trainer': 10, 'previous_run': 12, 'time': 17} extracted=11 stated=11
2026-08-12 15:11:49,719 | INFO | app.scrapers.winning_form_scraper | race_parsed url=https://legacy.winningform.co.za/GAU/2P260814_6.htm venue=Fairview Polytrack date=2026-08-14 race=6 stated=11 parsed=11
2026-08-12 15:11:49,719 | INFO | app.scrapers.winning_form_scraper | horse_names=['Lotus Silk', 'Instaworthy', 'Dupont Emerald', 'Fiery Countess', 'Silva City', 'Haze And Smoke', 'Exceedingly Glam', 'Golden Palm', 'Comic Relief', 'Indebe Mayibuye', 'Bosnay']
2026-08-12 15:11:49,906 | INFO | httpx | HTTP Request: GET https://legacy.winningform.co.za/GAU/2P260814_7.htm "HTTP/1.1 200 OK"
2026-08-12 15:11:49,968 | INFO | app.scrapers.winning_form_scraper | runner_table_used columns={'number': 0, 'name': 1, 'length_behind': 2, 'speed_index': 3, 'predicted_time': 4, 'merit': 5, 'weight': 6, 'draw': 7, 'jockey': 9, 'trainer': 10, 'previous_run': 12, 'time': 17} extracted=11 stated=11
2026-08-12 15:11:49,968 | INFO | app.scrapers.winning_form_scraper | race_parsed url=https://legacy.winningform.co.za/GAU/2P260814_7.htm venue=Fairview Polytrack date=2026-08-14 race=7 stated=11 parsed=10
2026-08-12 15:11:49,969 | INFO | app.scrapers.winning_form_scraper | horse_names=['Enchanting Choice', 'Epikleros', 'Heliotrope', 'Bakwena', 'Family Power', 'Homing Pigeon', 'Beneath The Clouds', 'Silvan Mistress', 'Green Isle', 'Hat Montera', 'Beware The Bomb']
2026-08-12 15:11:50,161 | INFO | httpx | HTTP Request: GET https://legacy.winningform.co.za/GAU/2P260814_8.htm "HTTP/1.1 200 OK"
2026-08-12 15:11:50,235 | INFO | app.scrapers.winning_form_scraper | runner_table_used columns={'number': 0, 'name': 1, 'length_behind': 2, 'speed_index': 3, 'predicted_time': 4, 'merit': 5, 'weight': 6, 'draw': 7, 'jockey': 9, 'trainer': 10, 'previous_run': 12, 'time': 17} extracted=14 stated=14
2026-08-12 15:11:50,236 | INFO | app.scrapers.winning_form_scraper | race_parsed url=https://legacy.winningform.co.za/GAU/2P260814_8.htm venue=Fairview Polytrack date=2026-08-14 race=8 stated=14 parsed=14
2026-08-12 15:11:50,236 | INFO | app.scrapers.winning_form_scraper | horse_names=['Global Speak', "Alado's Pride", 'San Quintin', 'Blackberry Breeze', 'Intuitive Spirit', 'Crepuscolo', 'Pick A Pomodoro', 'Global Drumbeat', 'Flash Lightning', "Tori's Girl", 'Glenalmond', "Donny's Boy", 'Terminal Velocity', 'Royal Influencer']
2026-08-12 15:11:50,425 | INFO | httpx | HTTP Request: GET https://legacy.winningform.co.za/WCP/2K260815_1.htm "HTTP/1.1 200 OK"
2026-08-12 15:11:50,464 | INFO | app.scrapers.winning_form_scraper | runner_table_used columns={'number': 0, 'name': 1, 'length_behind': 2, 'speed_index': 3, 'predicted_time': 4, 'merit': 5, 'weight': 6, 'draw': 7, 'jockey': 9, 'trainer': 10, 'previous_run': 12, 'time': 17} extracted=15 stated=15
2026-08-12 15:11:50,464 | INFO | app.scrapers.winning_form_scraper | race_parsed url=https://legacy.winningform.co.za/WCP/2K260815_1.htm venue=Hollywoodbets Kenilworth date=2026-08-15 race=1 stated=15 parsed=15
2026-08-12 15:11:50,464 | INFO | app.scrapers.winning_form_scraper | horse_names=['Red Flag', 'Onthewingsofadove', 'Evana', "Captain's Elect", 'Future Runway', 'Lillie Langtree', 'Victoria Cross', 'Mac D', 'Epernay', 'Summer Sunshine', 'Night Fever', 'Aqua Storm', 'Whistlin Susie', 'African Kingfisher', 'Fundamentalist']
2026-08-12 15:11:50,654 | INFO | httpx | HTTP Request: GET https://legacy.winningform.co.za/WCP/2K260815_2.htm "HTTP/1.1 200 OK"
2026-08-12 15:11:50,706 | INFO | app.scrapers.winning_form_scraper | runner_table_used columns={'number': 0, 'name': 1, 'length_behind': 2, 'speed_index': 3, 'predicted_time': 4, 'merit': 5, 'weight': 6, 'draw': 7, 'jockey': 9, 'trainer': 10, 'previous_run': 12, 'time': 17} extracted=8 stated=8
2026-08-12 15:11:50,706 | INFO | app.scrapers.winning_form_scraper | race_parsed url=https://legacy.winningform.co.za/WCP/2K260815_2.htm venue=Hollywoodbets Kenilworth date=2026-08-15 race=2 stated=8 parsed=8
2026-08-12 15:11:50,707 | INFO | app.scrapers.winning_form_scraper | horse_names=['The Us Of A', 'Dumbledore', 'Dance Variety', 'Empire State', 'Sugar Mountain', 'Dreamworld', 'Fast Train', 'Winter Snap']
2026-08-12 15:11:50,879 | INFO | httpx | HTTP Request: GET https://legacy.winningform.co.za/WCP/2K260815_3.htm "HTTP/1.1 200 OK"
2026-08-12 15:11:50,914 | INFO | app.scrapers.winning_form_scraper | runner_table_used columns={'number': 0, 'name': 1, 'length_behind': 2, 'speed_index': 3, 'predicted_time': 4, 'merit': 5, 'weight': 6, 'draw': 7, 'jockey': 9, 'trainer': 10, 'previous_run': 12, 'time': 17} extracted=8 stated=8
2026-08-12 15:11:50,914 | INFO | app.scrapers.winning_form_scraper | race_parsed url=https://legacy.winningform.co.za/WCP/2K260815_3.htm venue=Hollywoodbets Kenilworth date=2026-08-15 race=3 stated=8 parsed=8
2026-08-12 15:11:50,914 | INFO | app.scrapers.winning_form_scraper | horse_names=['Chinwag', 'Golden Shimmer', 'Ntibindi', 'My Sunshine', 'Spirit Of Life', 'Leonista', 'United We Stand', 'Coco Beach']
2026-08-12 15:11:51,054 | INFO | httpx | HTTP Request: GET https://legacy.winningform.co.za/WCP/2K260815_4.htm "HTTP/1.1 200 OK"
2026-08-12 15:11:51,100 | INFO | app.scrapers.winning_form_scraper | runner_table_used columns={'number': 0, 'name': 1, 'length_behind': 2, 'speed_index': 3, 'predicted_time': 4, 'merit': 5, 'weight': 6, 'draw': 7, 'jockey': 9, 'trainer': 10, 'previous_run': 12, 'time': 17} extracted=9 stated=9
2026-08-12 15:11:51,100 | INFO | app.scrapers.winning_form_scraper | race_parsed url=https://legacy.winningform.co.za/WCP/2K260815_4.htm venue=Hollywoodbets Kenilworth date=2026-08-15 race=4 stated=9 parsed=9
2026-08-12 15:11:51,100 | INFO | app.scrapers.winning_form_scraper | horse_names=['Masteronthemoon', 'Born To Master', "O'fellow", 'Quiet Place', 'Conditionally', 'Wizarding World', 'Fate Of Pace', 'Echo Foxtrot', 'Gimme More Apache']
2026-08-12 15:11:51,249 | INFO | httpx | HTTP Request: GET https://legacy.winningform.co.za/WCP/2K260815_5.htm "HTTP/1.1 200 OK"
2026-08-12 15:11:51,296 | INFO | app.scrapers.winning_form_scraper | runner_table_used columns={'number': 0, 'name': 1, 'length_behind': 2, 'speed_index': 3, 'predicted_time': 4, 'merit': 5, 'weight': 6, 'draw': 7, 'jockey': 9, 'trainer': 10, 'previous_run': 12, 'time': 17} extracted=9 stated=9
2026-08-12 15:11:51,297 | INFO | app.scrapers.winning_form_scraper | race_parsed url=https://legacy.winningform.co.za/WCP/2K260815_5.htm venue=Hollywoodbets Kenilworth date=2026-08-15 race=5 stated=9 parsed=9
2026-08-12 15:11:51,297 | INFO | app.scrapers.winning_form_scraper | horse_names=['Fort Liam', 'Baton Rouge', 'Bourbon King', 'Waloyo Yamoni', "April Fools' Day", 'Superhero', 'Balzi Rossi', 'Liefling', 'Royal Celeb']
2026-08-12 15:11:51,635 | INFO | httpx | HTTP Request: GET https://legacy.winningform.co.za/WCP/2K260815_6.htm "HTTP/1.1 200 OK"
2026-08-12 15:11:51,683 | INFO | app.scrapers.winning_form_scraper | runner_table_used columns={'number': 0, 'name': 1, 'length_behind': 2, 'speed_index': 3, 'predicted_time': 4, 'merit': 5, 'weight': 6, 'draw': 7, 'jockey': 9, 'trainer': 10, 'previous_run': 12, 'time': 17} extracted=8 stated=8
2026-08-12 15:11:51,683 | INFO | app.scrapers.winning_form_scraper | race_parsed url=https://legacy.winningform.co.za/WCP/2K260815_6.htm venue=Hollywoodbets Kenilworth date=2026-08-15 race=6 stated=8 parsed=8
2026-08-12 15:11:51,683 | INFO | app.scrapers.winning_form_scraper | horse_names=['Black Path', 'La Patrona', 'Playful Joules', 'Mon Papillon', 'Little Nimbus', 'Money Extractor', 'Miss Attitude', 'Peace Garland']
2026-08-12 15:11:51,835 | INFO | httpx | HTTP Request: GET https://legacy.winningform.co.za/WCP/2K260815_7.htm "HTTP/1.1 200 OK"
2026-08-12 15:11:51,983 | INFO | app.scrapers.winning_form_scraper | runner_table_used columns={'number': 0, 'name': 1, 'length_behind': 2, 'speed_index': 3, 'predicted_time': 4, 'merit': 5, 'weight': 6, 'draw': 7, 'jockey': 9, 'trainer': 10, 'previous_run': 12, 'time': 17} extracted=10 stated=10
2026-08-12 15:11:51,984 | INFO | app.scrapers.winning_form_scraper | race_parsed url=https://legacy.winningform.co.za/WCP/2K260815_7.htm venue=Hollywoodbets Kenilworth date=2026-08-15 race=7 stated=10 parsed=10
2026-08-12 15:11:51,984 | INFO | app.scrapers.winning_form_scraper | horse_names=['Palace Gift', 'Major Apollo', 'Kelp Forest', 'Escarpment', 'Earn The Weekend', 'African Memoir', 'Trailfinder', 'My Bonny Boy', 'Winter Pirate', 'Champagne Castle']
2026-08-12 15:11:52,182 | INFO | httpx | HTTP Request: GET https://legacy.winningform.co.za/WCP/2K260815_8.htm "HTTP/1.1 200 OK"
2026-08-12 15:11:52,245 | INFO | app.scrapers.winning_form_scraper | runner_table_used columns={'number': 0, 'name': 1, 'length_behind': 2, 'speed_index': 3, 'predicted_time': 4, 'merit': 5, 'weight': 6, 'draw': 7, 'jockey': 9, 'trainer': 10, 'previous_run': 12, 'time': 17} extracted=11 stated=11
2026-08-12 15:11:52,245 | INFO | app.scrapers.winning_form_scraper | race_parsed url=https://legacy.winningform.co.za/WCP/2K260815_8.htm venue=Hollywoodbets Kenilworth date=2026-08-15 race=8 stated=11 parsed=11
2026-08-12 15:11:52,245 | INFO | app.scrapers.winning_form_scraper | horse_names=['Oliver', 'Un Bel Di', 'All About Al', 'Flying Finley', 'Inside Voice', 'Pink Pigeon', 'Magical Place', 'One Liner', 'Elusive Winter', 'North Point', 'Dreamland']
2026-08-12 15:11:52,432 | INFO | httpx | HTTP Request: GET https://legacy.winningform.co.za/WCP/2K260815_9.htm "HTTP/1.1 200 OK"
2026-08-12 15:11:52,492 | INFO | app.scrapers.winning_form_scraper | runner_table_used columns={'number': 0, 'name': 1, 'length_behind': 2, 'speed_index': 3, 'predicted_time': 4, 'merit': 5, 'weight': 6, 'draw': 7, 'jockey': 9, 'trainer': 10, 'previous_run': 12, 'time': 17} extracted=11 stated=11
2026-08-12 15:11:52,492 | INFO | app.scrapers.winning_form_scraper | race_parsed url=https://legacy.winningform.co.za/WCP/2K260815_9.htm venue=Hollywoodbets Kenilworth date=2026-08-15 race=9 stated=11 parsed=11
2026-08-12 15:11:52,492 | INFO | app.scrapers.winning_form_scraper | horse_names=['Peace Of Mind', "William's Woman", 'Gravity', 'Galactus', 'Ruby Rex', 'Easy Money', 'Heritage Ridge', 'Country Time', 'Du Maurier', 'True Horizon', 'Love Shack']
2026-08-12 15:11:52,645 | INFO | httpx | HTTP Request: GET https://legacy.winningform.co.za/GAU/2J260816_1.htm "HTTP/1.1 200 OK"
2026-08-12 15:11:52,680 | INFO | app.scrapers.winning_form_scraper | runner_table_used columns={'number': 0, 'name': 1, 'length_behind': 2, 'speed_index': 3, 'predicted_time': 4, 'merit': 5, 'weight': 6, 'draw': 7, 'jockey': 9, 'trainer': 10, 'previous_run': 12, 'time': 17} extracted=6 stated=6
2026-08-12 15:11:52,681 | INFO | app.scrapers.winning_form_scraper | race_parsed url=https://legacy.winningform.co.za/GAU/2J260816_1.htm venue=Turffontein New Course date=2026-08-16 race=1 stated=6 parsed=6
2026-08-12 15:11:52,681 | INFO | app.scrapers.winning_form_scraper | horse_names=["Reece's Wish", 'Fully Loaded', 'Winding Power', 'Diogenes', 'Space Mission', 'Calla Lagoon']
2026-08-12 15:11:52,832 | INFO | httpx | HTTP Request: GET https://legacy.winningform.co.za/GAU/2J260816_2.htm "HTTP/1.1 200 OK"
2026-08-12 15:11:52,864 | INFO | app.scrapers.winning_form_scraper | runner_table_used columns={'number': 0, 'name': 1, 'length_behind': 2, 'speed_index': 3, 'predicted_time': 4, 'merit': 5, 'weight': 6, 'draw': 7, 'jockey': 9, 'trainer': 10, 'previous_run': 12, 'time': 17} extracted=8 stated=8
2026-08-12 15:11:52,864 | INFO | app.scrapers.winning_form_scraper | race_parsed url=https://legacy.winningform.co.za/GAU/2J260816_2.htm venue=Turffontein New Course date=2026-08-16 race=2 stated=8 parsed=8
2026-08-12 15:11:52,865 | INFO | app.scrapers.winning_form_scraper | horse_names=['Forever Canford', 'Mega Awesome', 'Willow Charm', 'Starlite Silk', "Mary's Captain", 'Jabberwocky', 'Camillo Cavour', 'One Eye On Dubai']
2026-08-12 15:11:53,004 | INFO | httpx | HTTP Request: GET https://legacy.winningform.co.za/GAU/2J260816_3.htm "HTTP/1.1 200 OK"
2026-08-12 15:11:53,032 | INFO | app.scrapers.winning_form_scraper | runner_table_used columns={'number': 0, 'name': 1, 'length_behind': 2, 'speed_index': 3, 'predicted_time': 4, 'merit': 5, 'weight': 6, 'draw': 7, 'jockey': 9, 'trainer': 10, 'previous_run': 12, 'time': 17} extracted=9 stated=9
2026-08-12 15:11:53,032 | INFO | app.scrapers.winning_form_scraper | race_parsed url=https://legacy.winningform.co.za/GAU/2J260816_3.htm venue=Turffontein New Course date=2026-08-16 race=3 stated=9 parsed=9
2026-08-12 15:11:53,032 | INFO | app.scrapers.winning_form_scraper | horse_names=['Kwaito', 'Corsaro Super', 'Mocha Magic', 'Two Tigers', 'Blue Storm Runner', 'Chic Shack', 'Fascinator', 'Razzpath Rebel', 'Reckless Abandon']
2026-08-12 15:11:53,180 | INFO | httpx | HTTP Request: GET https://legacy.winningform.co.za/GAU/2J260816_4.htm "HTTP/1.1 200 OK"
2026-08-12 15:11:53,212 | INFO | app.scrapers.winning_form_scraper | runner_table_used columns={'number': 0, 'name': 1, 'length_behind': 2, 'speed_index': 3, 'predicted_time': 4, 'merit': 5, 'weight': 6, 'draw': 7, 'jockey': 9, 'trainer': 10, 'previous_run': 12, 'time': 17} extracted=8 stated=8
2026-08-12 15:11:53,212 | INFO | app.scrapers.winning_form_scraper | race_parsed url=https://legacy.winningform.co.za/GAU/2J260816_4.htm venue=Turffontein New Course date=2026-08-16 race=4 stated=8 parsed=8
2026-08-12 15:11:53,213 | INFO | app.scrapers.winning_form_scraper | horse_names=['Elusive Dragon', 'Northern European', 'Go For Broke', 'Pista Resistance', 'Champagne Air', 'Night Shuffle', 'Komhieso Princess', 'Defining Winter']
2026-08-12 15:11:53,370 | INFO | httpx | HTTP Request: GET https://legacy.winningform.co.za/GAU/2J260816_5.htm "HTTP/1.1 200 OK"
2026-08-12 15:11:53,406 | INFO | app.scrapers.winning_form_scraper | runner_table_used columns={'number': 0, 'name': 1, 'length_behind': 2, 'speed_index': 3, 'predicted_time': 4, 'merit': 5, 'weight': 6, 'draw': 7, 'jockey': 9, 'trainer': 10, 'previous_run': 12, 'time': 17} extracted=6 stated=6
2026-08-12 15:11:53,407 | INFO | app.scrapers.winning_form_scraper | race_parsed url=https://legacy.winningform.co.za/GAU/2J260816_5.htm venue=Turffontein New Course date=2026-08-16 race=5 stated=6 parsed=6
2026-08-12 15:11:53,407 | INFO | app.scrapers.winning_form_scraper | horse_names=['Set To Music', 'Arizona Magic', 'Dads Dream', 'One Tiger', 'Hemisphere', 'Nightshine']
2026-08-12 15:11:53,588 | INFO | httpx | HTTP Request: GET https://legacy.winningform.co.za/GAU/2J260816_6.htm "HTTP/1.1 200 OK"
2026-08-12 15:11:53,629 | INFO | app.scrapers.winning_form_scraper | runner_table_used columns={'number': 0, 'name': 1, 'length_behind': 2, 'speed_index': 3, 'predicted_time': 4, 'merit': 5, 'weight': 6, 'draw': 7, 'jockey': 9, 'trainer': 10, 'previous_run': 12, 'time': 17} extracted=7 stated=7
2026-08-12 15:11:53,629 | INFO | app.scrapers.winning_form_scraper | race_parsed url=https://legacy.winningform.co.za/GAU/2J260816_6.htm venue=Turffontein New Course date=2026-08-16 race=6 stated=7 parsed=7
2026-08-12 15:11:53,629 | INFO | app.scrapers.winning_form_scraper | horse_names=['Zip Code', 'Ubermensch', 'Millennium Warrior', 'Malshana Mou', 'Peace Treaty', 'A Bit Of Class', 'Galaxy Queen']
2026-08-12 15:11:53,798 | INFO | httpx | HTTP Request: GET https://legacy.winningform.co.za/GAU/2J260816_7.htm "HTTP/1.1 200 OK"
2026-08-12 15:11:53,839 | INFO | app.scrapers.winning_form_scraper | runner_table_used columns={'number': 0, 'name': 1, 'length_behind': 2, 'speed_index': 3, 'predicted_time': 4, 'merit': 5, 'weight': 6, 'draw': 7, 'jockey': 9, 'trainer': 10, 'previous_run': 12, 'time': 17} extracted=7 stated=7
2026-08-12 15:11:53,840 | INFO | app.scrapers.winning_form_scraper | race_parsed url=https://legacy.winningform.co.za/GAU/2J260816_7.htm venue=Turffontein New Course date=2026-08-16 race=7 stated=7 parsed=7
2026-08-12 15:11:53,840 | INFO | app.scrapers.winning_form_scraper | horse_names=['Itsnowornever', 'Spirit Of Gabz', 'Play With Fire', 'American Rebel', 'Circle Of Grace', 'Heroic Act', 'Knight Heist']
2026-08-12 15:11:54,033 | INFO | httpx | HTTP Request: GET https://legacy.winningform.co.za/GAU/2J260816_8.htm "HTTP/1.1 200 OK"
2026-08-12 15:11:54,092 | INFO | app.scrapers.winning_form_scraper | runner_table_used columns={'number': 0, 'name': 1, 'length_behind': 2, 'speed_index': 3, 'predicted_time': 4, 'merit': 5, 'weight': 6, 'draw': 7, 'jockey': 9, 'trainer': 10, 'previous_run': 12, 'time': 17} extracted=10 stated=10
2026-08-12 15:11:54,092 | INFO | app.scrapers.winning_form_scraper | race_parsed url=https://legacy.winningform.co.za/GAU/2J260816_8.htm venue=Turffontein New Course date=2026-08-16 race=8 stated=10 parsed=10
2026-08-12 15:11:54,092 | INFO | app.scrapers.winning_form_scraper | horse_names=['Nkandla Gold', 'Time Will Tell', 'Kotinos', 'King Bluetooth', 'Sunshine Day', 'Irish Wilma', 'Iconic Winter', 'Echoes Of War', 'Phala Millions', 'Star Magnolia']
2026-08-12 15:11:54,129 | INFO | app.services.monitoring_service | monitoring_cycle_completed
2026-08-12 15:11:54,130 | INFO | app.main | application_started
2026-08-12 16:29:02,945 | INFO | apscheduler.scheduler | Scheduler has been shut down
2026-08-12 16:29:02,949 | INFO | app.main | application_stopped
2026-08-12 19:16:05,084 | INFO | apscheduler.scheduler | Adding job tentatively -- it will be properly scheduled when the scheduler starts
2026-08-12 19:16:05,086 | INFO | apscheduler.scheduler | Added job "MonitoringService.run_cycle" to job store "default"
2026-08-12 19:16:05,086 | INFO | apscheduler.scheduler | Scheduler started
2026-08-12 19:16:05,086 | INFO | app.services.monitoring_service | monitoring_cycle_started
2026-08-12 19:16:05,449 | INFO | httpx | HTTP Request: GET https://legacy.winningform.co.za "HTTP/1.1 200 OK"
2026-08-12 19:16:05,476 | INFO | app.scrapers.winning_form_scraper | fetch_index_frames=['https://legacy.winningform.co.za/guide.htm', 'https://legacy.winningform.co.za/cover.htm']
2026-08-12 19:16:05,566 | INFO | httpx | HTTP Request: GET https://legacy.winningform.co.za "HTTP/1.1 200 OK"
2026-08-12 19:16:05,675 | INFO | httpx | HTTP Request: GET https://legacy.winningform.co.za/guide.htm "HTTP/1.1 200 OK"
2026-08-12 19:16:05,824 | INFO | httpx | HTTP Request: GET https://legacy.winningform.co.za/cover.htm "HTTP/1.1 200 OK"
2026-08-12 19:16:05,919 | INFO | httpx | HTTP Request: GET https://legacy.winningform.co.za "HTTP/1.1 200 OK"
2026-08-12 19:16:06,012 | INFO | httpx | HTTP Request: GET https://legacy.winningform.co.za/guide.htm "HTTP/1.1 200 OK"
2026-08-12 19:16:06,120 | INFO | httpx | HTTP Request: GET https://legacy.winningform.co.za/cover.htm "HTTP/1.1 200 OK"
2026-08-12 19:16:06,130 | INFO | app.scrapers.winning_form_scraper | race_links_total=49
2026-08-12 19:16:06,131 | INFO | app.scrapers.winning_form_scraper | meetings_seen=['gau-j260816', 'gau-p260814', 'gau-r260813', 'kzn-d260814', 'wcp-k260812', 'wcp-k260815']
2026-08-12 19:16:06,259 | INFO | httpx | HTTP Request: GET https://legacy.winningform.co.za/WCP/2K260812_1.htm "HTTP/1.1 200 OK"
2026-08-12 19:16:06,325 | INFO | app.scrapers.winning_form_scraper | runner_table_used columns={'number': 0, 'name': 1, 'length_behind': 2, 'speed_index': 3, 'predicted_time': 4, 'merit': 5, 'weight': 6, 'draw': 7, 'jockey': 9, 'trainer': 10, 'previous_run': 12, 'time': 17} extracted=16 stated=16
2026-08-12 19:16:06,325 | INFO | app.scrapers.winning_form_scraper | race_parsed url=https://legacy.winningform.co.za/WCP/2K260812_1.htm venue=Hollywoodbets Kenilworth date=2026-08-12 race=1 stated=16 parsed=14
2026-08-12 19:16:06,325 | INFO | app.scrapers.winning_form_scraper | horse_names=['Senorita Lolita', 'Peach Cobbler', 'Roman Beauty', 'Viridian Ruby', 'Kim Chanel', 'Bursturbubble', 'Nadia Nerina', 'One Ripple', 'Uncut Gem', 'Pipsqueak', 'Lila Kendy', 'Frozen Asset', 'Desert Ice', 'Burnout', 'Polar Expedition', 'Mac D']
2026-08-12 19:16:06,499 | INFO | httpx | HTTP Request: GET https://legacy.winningform.co.za/WCP/2K260812_2.htm "HTTP/1.1 200 OK"
2026-08-12 19:16:06,533 | INFO | app.scrapers.winning_form_scraper | runner_table_used columns={'number': 0, 'name': 1, 'length_behind': 2, 'speed_index': 3, 'predicted_time': 4, 'merit': 5, 'weight': 6, 'draw': 7, 'jockey': 9, 'trainer': 10, 'previous_run': 12, 'time': 17} extracted=12 stated=12
2026-08-12 19:16:06,533 | INFO | app.scrapers.winning_form_scraper | race_parsed url=https://legacy.winningform.co.za/WCP/2K260812_2.htm venue=Hollywoodbets Kenilworth date=2026-08-12 race=2 stated=12 parsed=11
2026-08-12 19:16:06,533 | INFO | app.scrapers.winning_form_scraper | horse_names=['Le Tissier', 'Royal Clinton', 'Lord Chamberlain', 'Big City Roller', 'Sukhoi', 'Tango Master', 'Bart Nel', 'Augusta Rouge', 'Daley Park', 'Ulez Camera', 'Gimmethejackhammer', 'Miyabi King']
2026-08-12 19:16:06,659 | INFO | httpx | HTTP Request: GET https://legacy.winningform.co.za/WCP/2K260812_3.htm "HTTP/1.1 200 OK"
2026-08-12 19:16:06,694 | INFO | app.scrapers.winning_form_scraper | runner_table_used columns={'number': 0, 'name': 1, 'length_behind': 2, 'speed_index': 3, 'predicted_time': 4, 'merit': 5, 'weight': 6, 'draw': 7, 'jockey': 9, 'trainer': 10, 'previous_run': 12, 'time': 17} extracted=12 stated=12
2026-08-12 19:16:06,694 | INFO | app.scrapers.winning_form_scraper | race_parsed url=https://legacy.winningform.co.za/WCP/2K260812_3.htm venue=Hollywoodbets Kenilworth date=2026-08-12 race=3 stated=12 parsed=11
2026-08-12 19:16:06,695 | INFO | app.scrapers.winning_form_scraper | horse_names=['Saratoga Sunrise', 'Fourth Of July', 'Blackbird', 'Ile Moris', 'Brothers In Arms', 'Grey Knight', 'Bright Fate', 'Time Of Our Lives', "Warrior's Legacy", 'Rain In France', 'Red Hot Rifle', 'Bullet Tooth Tony']
2026-08-12 19:16:06,829 | INFO | httpx | HTTP Request: GET https://legacy.winningform.co.za/WCP/2K260812_4.htm "HTTP/1.1 200 OK"
2026-08-12 19:16:06,875 | INFO | app.scrapers.winning_form_scraper | runner_table_used columns={'number': 0, 'name': 1, 'length_behind': 2, 'speed_index': 3, 'predicted_time': 4, 'merit': 5, 'weight': 6, 'draw': 7, 'jockey': 9, 'trainer': 10, 'previous_run': 12, 'time': 17} extracted=8 stated=8
2026-08-12 19:16:06,875 | INFO | app.scrapers.winning_form_scraper | race_parsed url=https://legacy.winningform.co.za/WCP/2K260812_4.htm venue=Hollywoodbets Kenilworth date=2026-08-12 race=4 stated=8 parsed=8
2026-08-12 19:16:06,875 | INFO | app.scrapers.winning_form_scraper | horse_names=['Catch Me', "Captain's Angel", 'Warrior Of Destiny', 'Waterfront', 'Zanfan Moris', 'Fractal', 'Rumbo Russi', 'Gimmeagamble']
2026-08-12 19:16:07,021 | INFO | httpx | HTTP Request: GET https://legacy.winningform.co.za/WCP/2K260812_5.htm "HTTP/1.1 200 OK"
2026-08-12 19:16:07,083 | INFO | app.scrapers.winning_form_scraper | runner_table_used columns={'number': 0, 'name': 1, 'length_behind': 2, 'speed_index': 3, 'predicted_time': 4, 'merit': 5, 'weight': 6, 'draw': 7, 'jockey': 9, 'trainer': 10, 'previous_run': 12, 'time': 17} extracted=8 stated=8
2026-08-12 19:16:07,083 | INFO | app.scrapers.winning_form_scraper | race_parsed url=https://legacy.winningform.co.za/WCP/2K260812_5.htm venue=Hollywoodbets Kenilworth date=2026-08-12 race=5 stated=8 parsed=8
2026-08-12 19:16:07,083 | INFO | app.scrapers.winning_form_scraper | horse_names=['October Fest', 'Maritzburg Memory', 'Cliffscape', 'Raffish Trend', 'Star World', 'Black Erika', 'All Is Green', 'Sing Forevermore']
2026-08-12 19:16:07,247 | INFO | httpx | HTTP Request: GET https://legacy.winningform.co.za/WCP/2K260812_6.htm "HTTP/1.1 200 OK"
2026-08-12 19:16:07,357 | INFO | app.scrapers.winning_form_scraper | runner_table_used columns={'number': 0, 'name': 1, 'length_behind': 2, 'speed_index': 3, 'predicted_time': 4, 'merit': 5, 'weight': 6, 'draw': 7, 'jockey': 9, 'trainer': 10, 'previous_run': 12, 'time': 17} extracted=9 stated=9
2026-08-12 19:16:07,357 | INFO | app.scrapers.winning_form_scraper | race_parsed url=https://legacy.winningform.co.za/WCP/2K260812_6.htm venue=Hollywoodbets Kenilworth date=2026-08-12 race=6 stated=9 parsed=7
2026-08-12 19:16:07,358 | INFO | app.scrapers.winning_form_scraper | horse_names=['Churchillian', "Objet D' Art", 'Pomp It Up', 'Tanneron', "Berry's Boogie", 'Black Cheetah', 'Shesgotclass', 'Babelicious', 'Un Bel Di']
2026-08-12 19:16:07,505 | INFO | httpx | HTTP Request: GET https://legacy.winningform.co.za/WCP/2K260812_7.htm "HTTP/1.1 200 OK"
2026-08-12 19:16:07,579 | INFO | app.scrapers.winning_form_scraper | runner_table_used columns={'number': 0, 'name': 1, 'length_behind': 2, 'speed_index': 3, 'predicted_time': 4, 'merit': 5, 'weight': 6, 'draw': 7, 'jockey': 9, 'trainer': 10, 'previous_run': 12, 'time': 17} extracted=8 stated=8
2026-08-12 19:16:07,579 | INFO | app.scrapers.winning_form_scraper | race_parsed url=https://legacy.winningform.co.za/WCP/2K260812_7.htm venue=Hollywoodbets Kenilworth date=2026-08-12 race=7 stated=8 parsed=8
2026-08-12 19:16:07,579 | INFO | app.scrapers.winning_form_scraper | horse_names=['Mente Et Manu', 'Absolutely Yes', 'Handsome Prince', 'It Is My Time', 'Witch Hazel', 'Voorloopertjie', 'Promettere', 'Three Tigers']
2026-08-12 19:16:07,729 | INFO | httpx | HTTP Request: GET https://legacy.winningform.co.za/WCP/2K260812_8.htm "HTTP/1.1 200 OK"
2026-08-12 19:16:07,830 | INFO | app.scrapers.winning_form_scraper | runner_table_used columns={'number': 0, 'name': 1, 'length_behind': 2, 'speed_index': 3, 'predicted_time': 4, 'merit': 5, 'weight': 6, 'draw': 7, 'jockey': 9, 'trainer': 10, 'previous_run': 12, 'time': 17} extracted=13 stated=13
2026-08-12 19:16:07,830 | INFO | app.scrapers.winning_form_scraper | race_parsed url=https://legacy.winningform.co.za/WCP/2K260812_8.htm venue=Hollywoodbets Kenilworth date=2026-08-12 race=8 stated=13 parsed=11
2026-08-12 19:16:07,830 | INFO | app.scrapers.winning_form_scraper | horse_names=['Cedar Point', 'Captains Alliance', 'Red Dawn', 'Diamond Rock', 'Rockanrollin', 'Bonelli', 'Noble Hero', "Caesar's Ransom", 'District Master', 'Groovejet', 'Ignite The Fire', 'Clark Griswold', 'Bombers In The Sky']
2026-08-12 19:16:08,097 | INFO | httpx | HTTP Request: GET https://legacy.winningform.co.za/GAU/2R260813_1.htm "HTTP/1.1 200 OK"
2026-08-12 19:16:08,132 | INFO | app.scrapers.winning_form_scraper | runner_table_used columns={'number': 0, 'name': 1, 'length_behind': 2, 'speed_index': 3, 'predicted_time': 4, 'merit': 5, 'weight': 6, 'draw': 7, 'jockey': 9, 'trainer': 10, 'previous_run': 12, 'time': 17} extracted=6 stated=6
2026-08-12 19:16:08,132 | INFO | app.scrapers.winning_form_scraper | race_parsed url=https://legacy.winningform.co.za/GAU/2R260813_1.htm venue=Vaal Classic date=2026-08-13 race=1 stated=6 parsed=6
2026-08-12 19:16:08,132 | INFO | app.scrapers.winning_form_scraper | horse_names=['Epidaurus', 'Clairwood Breeze', 'Comic Artist', 'Evening News', "Captain's Express", 'Eden Gardens']
2026-08-12 19:16:08,279 | INFO | httpx | HTTP Request: GET https://legacy.winningform.co.za/GAU/2R260813_2.htm "HTTP/1.1 200 OK"
2026-08-12 19:16:08,317 | INFO | app.scrapers.winning_form_scraper | runner_table_used columns={'number': 0, 'name': 1, 'length_behind': 2, 'speed_index': 3, 'predicted_time': 4, 'merit': 5, 'weight': 6, 'draw': 7, 'jockey': 9, 'trainer': 10, 'previous_run': 12, 'time': 17} extracted=9 stated=9
2026-08-12 19:16:08,317 | INFO | app.scrapers.winning_form_scraper | race_parsed url=https://legacy.winningform.co.za/GAU/2R260813_2.htm venue=Vaal Classic date=2026-08-13 race=2 stated=9 parsed=9
2026-08-12 19:16:08,317 | INFO | app.scrapers.winning_form_scraper | horse_names=['The Bachelorette', 'Corsaro Super', 'Lady Enid', 'Autograph', 'Golden Slipstream', 'Justhavefun', 'Torpedo', 'Shiraz Glow', 'Thorn Bird']
2026-08-12 19:16:08,476 | INFO | httpx | HTTP Request: GET https://legacy.winningform.co.za/GAU/2R260813_3.htm "HTTP/1.1 200 OK"
2026-08-12 19:16:08,525 | INFO | app.scrapers.winning_form_scraper | runner_table_used columns={'number': 0, 'name': 1, 'length_behind': 2, 'speed_index': 3, 'predicted_time': 4, 'merit': 5, 'weight': 6, 'draw': 7, 'jockey': 9, 'trainer': 10, 'previous_run': 12, 'time': 17} extracted=8 stated=8
2026-08-12 19:16:08,526 | INFO | app.scrapers.winning_form_scraper | race_parsed url=https://legacy.winningform.co.za/GAU/2R260813_3.htm venue=Vaal Classic date=2026-08-13 race=3 stated=8 parsed=8
2026-08-12 19:16:08,526 | INFO | app.scrapers.winning_form_scraper | horse_names=['Northern European', 'Be The One', "Life's Treasures", 'Grains Of Paradise', 'Royal Rant', 'Pilates', 'Tea For Three', 'Volare Veloce']
2026-08-12 19:16:08,689 | INFO | httpx | HTTP Request: GET https://legacy.winningform.co.za/GAU/2R260813_4.htm "HTTP/1.1 200 OK"
2026-08-12 19:16:08,724 | INFO | app.scrapers.winning_form_scraper | runner_table_used columns={'number': 0, 'name': 1, 'length_behind': 2, 'speed_index': 3, 'predicted_time': 4, 'merit': 5, 'weight': 6, 'draw': 7, 'jockey': 9, 'trainer': 10, 'previous_run': 12, 'time': 17} extracted=8 stated=8
2026-08-12 19:16:08,725 | INFO | app.scrapers.winning_form_scraper | race_parsed url=https://legacy.winningform.co.za/GAU/2R260813_4.htm venue=Vaal Classic date=2026-08-13 race=4 stated=8 parsed=8
2026-08-12 19:16:08,725 | INFO | app.scrapers.winning_form_scraper | horse_names=['Skitt Smiling', 'Crimson Ranger', 'Verdandi', 'One State', 'Campo Formio', 'Steel Spring', 'Reachingforthemoon', 'Flotilla']
2026-08-12 19:16:08,915 | INFO | httpx | HTTP Request: GET https://legacy.winningform.co.za/GAU/2R260813_5.htm "HTTP/1.1 200 OK"
2026-08-12 19:16:08,984 | INFO | app.scrapers.winning_form_scraper | runner_table_used columns={'number': 0, 'name': 1, 'length_behind': 2, 'speed_index': 3, 'predicted_time': 4, 'merit': 5, 'weight': 6, 'draw': 7, 'jockey': 9, 'trainer': 10, 'previous_run': 12, 'time': 17} extracted=8 stated=8
2026-08-12 19:16:08,984 | INFO | app.scrapers.winning_form_scraper | race_parsed url=https://legacy.winningform.co.za/GAU/2R260813_5.htm venue=Vaal Classic date=2026-08-13 race=5 stated=8 parsed=8
2026-08-12 19:16:08,984 | INFO | app.scrapers.winning_form_scraper | horse_names=["Scarlet O'hara", 'Azaleas For All', 'Surprise Party', 'Instant Attraction', 'Utsaah', 'Lady Sabrina', 'Red Sparrow', "Kylie's Angel"]
2026-08-12 19:16:09,185 | INFO | httpx | HTTP Request: GET https://legacy.winningform.co.za/GAU/2R260813_6.htm "HTTP/1.1 200 OK"
2026-08-12 19:16:09,248 | INFO | app.scrapers.winning_form_scraper | runner_table_used columns={'number': 0, 'name': 1, 'length_behind': 2, 'speed_index': 3, 'predicted_time': 4, 'merit': 5, 'weight': 6, 'draw': 7, 'jockey': 9, 'trainer': 10, 'previous_run': 12, 'time': 17} extracted=8 stated=8
2026-08-12 19:16:09,248 | INFO | app.scrapers.winning_form_scraper | race_parsed url=https://legacy.winningform.co.za/GAU/2R260813_6.htm venue=Vaal Classic date=2026-08-13 race=6 stated=8 parsed=8
2026-08-12 19:16:09,248 | INFO | app.scrapers.winning_form_scraper | horse_names=["Angel's Oasis", 'Hammer Blow', 'Lonely As A Cloud', 'Sergeant Soqrat', 'Ice Dragon', "Trompe L'oeil", 'Var Park', 'Oriental Bouquet']
2026-08-12 19:16:09,459 | INFO | httpx | HTTP Request: GET https://legacy.winningform.co.za/GAU/2R260813_7.htm "HTTP/1.1 200 OK"
2026-08-12 19:16:09,536 | INFO | app.scrapers.winning_form_scraper | runner_table_used columns={'number': 0, 'name': 1, 'length_behind': 2, 'speed_index': 3, 'predicted_time': 4, 'merit': 5, 'weight': 6, 'draw': 7, 'jockey': 9, 'trainer': 10, 'previous_run': 12, 'time': 17} extracted=9 stated=9
2026-08-12 19:16:09,536 | INFO | app.scrapers.winning_form_scraper | race_parsed url=https://legacy.winningform.co.za/GAU/2R260813_7.htm venue=Vaal Classic date=2026-08-13 race=7 stated=9 parsed=9
2026-08-12 19:16:09,536 | INFO | app.scrapers.winning_form_scraper | horse_names=['After Hours', 'Cold Shine', 'Big Unit', 'Longsword', 'Turbo Power', 'Sea Shanty', 'Fair Proposal', 'Gunboat', 'Onceinabluemoon']
2026-08-12 19:16:09,729 | INFO | httpx | HTTP Request: GET https://legacy.winningform.co.za/GAU/2R260813_8.htm "HTTP/1.1 200 OK"
2026-08-12 19:16:09,830 | INFO | app.scrapers.winning_form_scraper | runner_table_used columns={'number': 0, 'name': 1, 'length_behind': 2, 'speed_index': 3, 'predicted_time': 4, 'merit': 5, 'weight': 6, 'draw': 7, 'jockey': 9, 'trainer': 10, 'previous_run': 12, 'time': 17} extracted=11 stated=11
2026-08-12 19:16:09,830 | INFO | app.scrapers.winning_form_scraper | race_parsed url=https://legacy.winningform.co.za/GAU/2R260813_8.htm venue=Vaal Classic date=2026-08-13 race=8 stated=11 parsed=11
2026-08-12 19:16:09,830 | INFO | app.scrapers.winning_form_scraper | horse_names=['Elusive Red', 'Unsolved Riddle', 'Ubermensch', 'Frere Jacques', 'Tracksuit Dave', 'Gallic Victor', 'Sunset Warrior', 'Brave Waam', 'Laughing William', 'Coming In Hot', 'Matroosberg']
2026-08-12 19:16:10,014 | INFO | httpx | HTTP Request: GET https://legacy.winningform.co.za/KZN/2D260814_1.htm "HTTP/1.1 200 OK"
2026-08-12 19:16:10,072 | INFO | app.scrapers.winning_form_scraper | runner_table_used columns={'number': 0, 'name': 1, 'length_behind': 2, 'speed_index': 3, 'predicted_time': 4, 'merit': 5, 'weight': 6, 'draw': 7, 'jockey': 9, 'trainer': 10, 'previous_run': 12, 'time': 17} extracted=10 stated=10
2026-08-12 19:16:10,072 | INFO | app.scrapers.winning_form_scraper | race_parsed url=https://legacy.winningform.co.za/KZN/2D260814_1.htm venue=Hollywoodbets Greyville date=2026-08-14 race=1 stated=10 parsed=10
2026-08-12 19:16:10,072 | INFO | app.scrapers.winning_form_scraper | horse_names=['Cartel Queen', 'Enjoy The Ride', "Barry's Boy", 'Bon Appetite', 'Donmagoo', 'Task Force', 'Camogie', 'Ka Chow', 'Calliope', 'Little Lollita']
2026-08-12 19:16:10,222 | INFO | httpx | HTTP Request: GET https://legacy.winningform.co.za/KZN/2D260814_2.htm "HTTP/1.1 200 OK"
2026-08-12 19:16:10,261 | INFO | app.scrapers.winning_form_scraper | runner_table_used columns={'number': 0, 'name': 1, 'length_behind': 2, 'speed_index': 3, 'predicted_time': 4, 'merit': 5, 'weight': 6, 'draw': 7, 'jockey': 9, 'trainer': 10, 'previous_run': 12, 'time': 17} extracted=9 stated=9
2026-08-12 19:16:10,262 | INFO | app.scrapers.winning_form_scraper | race_parsed url=https://legacy.winningform.co.za/KZN/2D260814_2.htm venue=Hollywoodbets Greyville date=2026-08-14 race=2 stated=9 parsed=9
2026-08-12 19:16:10,262 | INFO | app.scrapers.winning_form_scraper | horse_names=["Roy's Glorious", 'Mustang Highway', 'Nautical Fire', 'Danny Atlas', 'Le Concierge', "Trip To Maverick's", 'A M C Zara', 'Whisky Soul', 'Taranaki Nomad']
2026-08-12 19:16:10,483 | INFO | httpx | HTTP Request: GET https://legacy.winningform.co.za/KZN/2D260814_3.htm "HTTP/1.1 200 OK"
2026-08-12 19:16:10,566 | INFO | app.scrapers.winning_form_scraper | runner_table_used columns={'number': 0, 'name': 1, 'length_behind': 2, 'speed_index': 3, 'predicted_time': 4, 'merit': 5, 'weight': 6, 'draw': 7, 'jockey': 9, 'trainer': 10, 'previous_run': 12, 'time': 17} extracted=9 stated=9
2026-08-12 19:16:10,566 | INFO | app.scrapers.winning_form_scraper | race_parsed url=https://legacy.winningform.co.za/KZN/2D260814_3.htm venue=Hollywoodbets Greyville date=2026-08-14 race=3 stated=9 parsed=9
2026-08-12 19:16:10,566 | INFO | app.scrapers.winning_form_scraper | horse_names=['Dee Day', 'Anything But Love', 'Brightsunnyday', 'Greenside Girl', "That's A Gimme", 'Chooks Kiss', 'Lady Regal', 'Sargasso Sea', "A M C Roy's Star"]
2026-08-12 19:16:10,737 | INFO | httpx | HTTP Request: GET https://legacy.winningform.co.za/KZN/2D260814_4.htm "HTTP/1.1 200 OK"
2026-08-12 19:16:10,799 | INFO | app.scrapers.winning_form_scraper | runner_table_used columns={'number': 0, 'name': 1, 'length_behind': 2, 'speed_index': 3, 'predicted_time': 4, 'merit': 5, 'weight': 6, 'draw': 7, 'jockey': 9, 'trainer': 10, 'previous_run': 12, 'time': 17} extracted=7 stated=7
2026-08-12 19:16:10,800 | INFO | app.scrapers.winning_form_scraper | race_parsed url=https://legacy.winningform.co.za/KZN/2D260814_4.htm venue=Hollywoodbets Greyville date=2026-08-14 race=4 stated=7 parsed=7
2026-08-12 19:16:10,800 | INFO | app.scrapers.winning_form_scraper | horse_names=['Who Blinked', 'Grand Appeal', 'Bangkok Magic', 'Music Is Life', "She's A Machine", 'Sky Rocket', 'Omkhulu Boss']
2026-08-12 19:16:10,969 | INFO | httpx | HTTP Request: GET https://legacy.winningform.co.za/KZN/2D260814_5.htm "HTTP/1.1 200 OK"
2026-08-12 19:16:11,058 | INFO | app.scrapers.winning_form_scraper | runner_table_used columns={'number': 0, 'name': 1, 'length_behind': 2, 'speed_index': 3, 'predicted_time': 4, 'merit': 5, 'weight': 6, 'draw': 7, 'jockey': 9, 'trainer': 10, 'previous_run': 12, 'time': 17} extracted=9 stated=9
2026-08-12 19:16:11,058 | INFO | app.scrapers.winning_form_scraper | race_parsed url=https://legacy.winningform.co.za/KZN/2D260814_5.htm venue=Hollywoodbets Greyville date=2026-08-14 race=5 stated=9 parsed=9
2026-08-12 19:16:11,058 | INFO | app.scrapers.winning_form_scraper | horse_names=["Heaven's Will", 'Victor Rail', 'Clickbait', 'Kaapse Klopse', 'Master Silvano', "L'ultimo", 'Saudi Sweep', 'Queen Fenn', 'Indecent Proposal']
2026-08-12 19:16:11,231 | INFO | httpx | HTTP Request: GET https://legacy.winningform.co.za/KZN/2D260814_6.htm "HTTP/1.1 200 OK"
2026-08-12 19:16:11,335 | INFO | app.scrapers.winning_form_scraper | runner_table_used columns={'number': 0, 'name': 1, 'length_behind': 2, 'speed_index': 3, 'predicted_time': 4, 'merit': 5, 'weight': 6, 'draw': 7, 'jockey': 9, 'trainer': 10, 'previous_run': 12, 'time': 17} extracted=10 stated=10
2026-08-12 19:16:11,335 | INFO | app.scrapers.winning_form_scraper | race_parsed url=https://legacy.winningform.co.za/KZN/2D260814_6.htm venue=Hollywoodbets Greyville date=2026-08-14 race=6 stated=10 parsed=10
2026-08-12 19:16:11,335 | INFO | app.scrapers.winning_form_scraper | horse_names=['Blazing Fury', 'Kythera', 'Hithemhardsunshine', 'Kalahari Roller', 'Rainbow Reward', 'Mojo Man', 'Donquerari', 'Mighty Zambezi', 'Magic Surprise', 'Bourbon Warrior']
2026-08-12 19:16:11,598 | INFO | httpx | HTTP Request: GET https://legacy.winningform.co.za/KZN/2D260814_7.htm "HTTP/1.1 200 OK"
2026-08-12 19:16:11,773 | INFO | app.scrapers.winning_form_scraper | runner_table_used columns={'number': 0, 'name': 1, 'length_behind': 2, 'speed_index': 3, 'predicted_time': 4, 'merit': 5, 'weight': 6, 'draw': 7, 'jockey': 9, 'trainer': 10, 'previous_run': 12, 'time': 17} extracted=8 stated=8
2026-08-12 19:16:11,773 | INFO | app.scrapers.winning_form_scraper | race_parsed url=https://legacy.winningform.co.za/KZN/2D260814_7.htm venue=Hollywoodbets Greyville date=2026-08-14 race=7 stated=8 parsed=8
2026-08-12 19:16:11,774 | INFO | app.scrapers.winning_form_scraper | horse_names=['Amor Fati', 'Please Be True', 'Sundance Kid', 'Rollo The Viking', 'Royal Sword', 'African Dusk', 'French Trip', 'Etiquette']
2026-08-12 19:16:11,936 | INFO | httpx | HTTP Request: GET https://legacy.winningform.co.za/KZN/2D260814_8.htm "HTTP/1.1 200 OK"
2026-08-12 19:16:12,049 | INFO | app.scrapers.winning_form_scraper | runner_table_used columns={'number': 0, 'name': 1, 'length_behind': 2, 'speed_index': 3, 'predicted_time': 4, 'merit': 5, 'weight': 6, 'draw': 7, 'jockey': 9, 'trainer': 10, 'previous_run': 12, 'time': 17} extracted=9 stated=9
2026-08-12 19:16:12,049 | INFO | app.scrapers.winning_form_scraper | race_parsed url=https://legacy.winningform.co.za/KZN/2D260814_8.htm venue=Hollywoodbets Greyville date=2026-08-14 race=8 stated=9 parsed=9
2026-08-12 19:16:12,049 | INFO | app.scrapers.winning_form_scraper | horse_names=['Poursomesugaronme', 'The Ghost', 'Red Coral', 'Oklahoma Girl', 'Ethereal View', 'Hearts On Fire', 'Capricious Miss', 'Nebulous', 'Autumn Rush']
2026-08-12 19:16:12,251 | INFO | httpx | HTTP Request: GET https://legacy.winningform.co.za/GAU/2P260814_1.htm "HTTP/1.1 200 OK"
2026-08-12 19:16:12,317 | INFO | app.scrapers.winning_form_scraper | runner_table_used columns={'number': 0, 'name': 1, 'length_behind': 2, 'speed_index': 3, 'predicted_time': 4, 'merit': 5, 'weight': 6, 'draw': 7, 'jockey': 9, 'trainer': 10, 'previous_run': 12, 'time': 17} extracted=9 stated=9
2026-08-12 19:16:12,317 | INFO | app.scrapers.winning_form_scraper | race_parsed url=https://legacy.winningform.co.za/GAU/2P260814_1.htm venue=Fairview Polytrack date=2026-08-14 race=1 stated=9 parsed=8
2026-08-12 19:16:12,317 | INFO | app.scrapers.winning_form_scraper | horse_names=['Makeover Magic', 'Silver Arrow', 'Among The Willows', 'Silver Vision', 'Bumble Bee', 'Howzit Beaut', 'Hawker Tempest', 'Destrega', "Lucy's World"]
2026-08-12 19:16:12,472 | INFO | httpx | HTTP Request: GET https://legacy.winningform.co.za/GAU/2P260814_2.htm "HTTP/1.1 200 OK"
2026-08-12 19:16:12,540 | INFO | app.scrapers.winning_form_scraper | runner_table_used columns={'number': 0, 'name': 1, 'length_behind': 2, 'speed_index': 3, 'predicted_time': 4, 'merit': 5, 'weight': 6, 'draw': 7, 'jockey': 9, 'trainer': 10, 'previous_run': 12, 'time': 17} extracted=9 stated=9
2026-08-12 19:16:12,540 | INFO | app.scrapers.winning_form_scraper | race_parsed url=https://legacy.winningform.co.za/GAU/2P260814_2.htm venue=Fairview Polytrack date=2026-08-14 race=2 stated=9 parsed=8
2026-08-12 19:16:12,541 | INFO | app.scrapers.winning_form_scraper | horse_names=['Seattle Glow', 'Weekend In Aspen', 'Grey Eagle', 'High Rider', 'Kailua Breeze', 'Red Chai', 'Magnify', 'So Welcome', 'Cosmic Dan']
2026-08-12 19:16:12,737 | INFO | httpx | HTTP Request: GET https://legacy.winningform.co.za/GAU/2P260814_3.htm "HTTP/1.1 200 OK"
2026-08-12 19:16:12,889 | INFO | app.scrapers.winning_form_scraper | runner_table_used columns={'number': 0, 'name': 1, 'length_behind': 2, 'speed_index': 3, 'predicted_time': 4, 'merit': 5, 'weight': 6, 'draw': 7, 'jockey': 9, 'trainer': 10, 'previous_run': 12, 'time': 17} extracted=12 stated=12
2026-08-12 19:16:12,889 | INFO | app.scrapers.winning_form_scraper | race_parsed url=https://legacy.winningform.co.za/GAU/2P260814_3.htm venue=Fairview Polytrack date=2026-08-14 race=3 stated=12 parsed=11
2026-08-12 19:16:12,889 | INFO | app.scrapers.winning_form_scraper | horse_names=['Mio Destino', 'Real War', 'Smiddyburn', 'Globetonic', 'Bandmaster', 'O Space O', 'Rhydian', 'Hoodwinked', 'Play Act', 'Wait For Me', 'Lucky Chance', 'Meet The King']
2026-08-12 19:16:13,295 | INFO | httpx | HTTP Request: GET https://legacy.winningform.co.za/GAU/2P260814_4.htm "HTTP/1.1 200 OK"
2026-08-12 19:16:13,413 | INFO | app.scrapers.winning_form_scraper | runner_table_used columns={'number': 0, 'name': 1, 'length_behind': 2, 'speed_index': 3, 'predicted_time': 4, 'merit': 5, 'weight': 6, 'draw': 7, 'jockey': 9, 'trainer': 10, 'previous_run': 12, 'time': 17} extracted=10 stated=10
2026-08-12 19:16:13,413 | INFO | app.scrapers.winning_form_scraper | race_parsed url=https://legacy.winningform.co.za/GAU/2P260814_4.htm venue=Fairview Polytrack date=2026-08-14 race=4 stated=10 parsed=10
2026-08-12 19:16:13,413 | INFO | app.scrapers.winning_form_scraper | horse_names=['Silent Trigger', 'Star In Motion', 'Sliver Of Sunshine', 'Run The World', 'Pardon Me', 'My Lucky Charm', 'Ready For The Road', 'Supreme Judge', "Matt's Warrior", 'Half Moon Island']
2026-08-12 19:16:13,582 | INFO | httpx | HTTP Request: GET https://legacy.winningform.co.za/GAU/2P260814_5.htm "HTTP/1.1 200 OK"
2026-08-12 19:16:13,670 | INFO | app.scrapers.winning_form_scraper | runner_table_used columns={'number': 0, 'name': 1, 'length_behind': 2, 'speed_index': 3, 'predicted_time': 4, 'merit': 5, 'weight': 6, 'draw': 7, 'jockey': 9, 'trainer': 10, 'previous_run': 12, 'time': 17} extracted=6 stated=6
2026-08-12 19:16:13,670 | INFO | app.scrapers.winning_form_scraper | race_parsed url=https://legacy.winningform.co.za/GAU/2P260814_5.htm venue=Fairview Polytrack date=2026-08-14 race=5 stated=6 parsed=6
2026-08-12 19:16:13,670 | INFO | app.scrapers.winning_form_scraper | horse_names=['Zinovi', 'Firealley', 'Lanciafiamme', 'Gold Giboski', 'Tenjiku', 'Champion Warrior']
2026-08-12 19:16:13,837 | INFO | httpx | HTTP Request: GET https://legacy.winningform.co.za/GAU/2P260814_6.htm "HTTP/1.1 200 OK"
2026-08-12 19:16:13,932 | INFO | app.scrapers.winning_form_scraper | runner_table_used columns={'number': 0, 'name': 1, 'length_behind': 2, 'speed_index': 3, 'predicted_time': 4, 'merit': 5, 'weight': 6, 'draw': 7, 'jockey': 9, 'trainer': 10, 'previous_run': 12, 'time': 17} extracted=11 stated=11
2026-08-12 19:16:13,932 | INFO | app.scrapers.winning_form_scraper | race_parsed url=https://legacy.winningform.co.za/GAU/2P260814_6.htm venue=Fairview Polytrack date=2026-08-14 race=6 stated=11 parsed=11
2026-08-12 19:16:13,932 | INFO | app.scrapers.winning_form_scraper | horse_names=['Lotus Silk', 'Instaworthy', 'Dupont Emerald', 'Fiery Countess', 'Silva City', 'Haze And Smoke', 'Exceedingly Glam', 'Golden Palm', 'Comic Relief', 'Indebe Mayibuye', 'Bosnay']
2026-08-12 19:16:14,117 | INFO | httpx | HTTP Request: GET https://legacy.winningform.co.za/GAU/2P260814_7.htm "HTTP/1.1 200 OK"
2026-08-12 19:16:14,224 | INFO | app.scrapers.winning_form_scraper | runner_table_used columns={'number': 0, 'name': 1, 'length_behind': 2, 'speed_index': 3, 'predicted_time': 4, 'merit': 5, 'weight': 6, 'draw': 7, 'jockey': 9, 'trainer': 10, 'previous_run': 12, 'time': 17} extracted=11 stated=11
2026-08-12 19:16:14,224 | INFO | app.scrapers.winning_form_scraper | race_parsed url=https://legacy.winningform.co.za/GAU/2P260814_7.htm venue=Fairview Polytrack date=2026-08-14 race=7 stated=11 parsed=10
2026-08-12 19:16:14,224 | INFO | app.scrapers.winning_form_scraper | horse_names=['Enchanting Choice', 'Epikleros', 'Heliotrope', 'Bakwena', 'Family Power', 'Homing Pigeon', 'Beneath The Clouds', 'Silvan Mistress', 'Green Isle', 'Hat Montera', 'Beware The Bomb']
2026-08-12 19:16:14,416 | INFO | httpx | HTTP Request: GET https://legacy.winningform.co.za/GAU/2P260814_8.htm "HTTP/1.1 200 OK"
2026-08-12 19:16:14,520 | INFO | app.scrapers.winning_form_scraper | runner_table_used columns={'number': 0, 'name': 1, 'length_behind': 2, 'speed_index': 3, 'predicted_time': 4, 'merit': 5, 'weight': 6, 'draw': 7, 'jockey': 9, 'trainer': 10, 'previous_run': 12, 'time': 17} extracted=14 stated=14
2026-08-12 19:16:14,520 | INFO | app.scrapers.winning_form_scraper | race_parsed url=https://legacy.winningform.co.za/GAU/2P260814_8.htm venue=Fairview Polytrack date=2026-08-14 race=8 stated=14 parsed=14
2026-08-12 19:16:14,520 | INFO | app.scrapers.winning_form_scraper | horse_names=['Global Speak', "Alado's Pride", 'San Quintin', 'Blackberry Breeze', 'Intuitive Spirit', 'Crepuscolo', 'Pick A Pomodoro', 'Global Drumbeat', 'Flash Lightning', "Tori's Girl", 'Glenalmond', "Donny's Boy", 'Terminal Velocity', 'Royal Influencer']
2026-08-12 19:16:14,706 | INFO | httpx | HTTP Request: GET https://legacy.winningform.co.za/WCP/2K260815_1.htm "HTTP/1.1 200 OK"
2026-08-12 19:16:14,755 | INFO | app.scrapers.winning_form_scraper | runner_table_used columns={'number': 0, 'name': 1, 'length_behind': 2, 'speed_index': 3, 'predicted_time': 4, 'merit': 5, 'weight': 6, 'draw': 7, 'jockey': 9, 'trainer': 10, 'previous_run': 12, 'time': 17} extracted=15 stated=15
2026-08-12 19:16:14,755 | INFO | app.scrapers.winning_form_scraper | race_parsed url=https://legacy.winningform.co.za/WCP/2K260815_1.htm venue=Hollywoodbets Kenilworth date=2026-08-15 race=1 stated=15 parsed=15
2026-08-12 19:16:14,755 | INFO | app.scrapers.winning_form_scraper | horse_names=['Red Flag', 'Onthewingsofadove', 'Evana', "Captain's Elect", 'Future Runway', 'Lillie Langtree', 'Victoria Cross', 'Mac D', 'Epernay', 'Summer Sunshine', 'Night Fever', 'Aqua Storm', 'Whistlin Susie', 'African Kingfisher', 'Fundamentalist']
2026-08-12 19:16:14,948 | INFO | httpx | HTTP Request: GET https://legacy.winningform.co.za/WCP/2K260815_2.htm "HTTP/1.1 200 OK"
2026-08-12 19:16:15,014 | INFO | app.scrapers.winning_form_scraper | runner_table_used columns={'number': 0, 'name': 1, 'length_behind': 2, 'speed_index': 3, 'predicted_time': 4, 'merit': 5, 'weight': 6, 'draw': 7, 'jockey': 9, 'trainer': 10, 'previous_run': 12, 'time': 17} extracted=8 stated=8
2026-08-12 19:16:15,014 | INFO | app.scrapers.winning_form_scraper | race_parsed url=https://legacy.winningform.co.za/WCP/2K260815_2.htm venue=Hollywoodbets Kenilworth date=2026-08-15 race=2 stated=8 parsed=8
2026-08-12 19:16:15,014 | INFO | app.scrapers.winning_form_scraper | horse_names=['The Us Of A', 'Dumbledore', 'Dance Variety', 'Empire State', 'Sugar Mountain', 'Dreamworld', 'Fast Train', 'Winter Snap']
2026-08-12 19:16:15,157 | INFO | httpx | HTTP Request: GET https://legacy.winningform.co.za/WCP/2K260815_3.htm "HTTP/1.1 200 OK"
2026-08-12 19:16:15,209 | INFO | app.scrapers.winning_form_scraper | runner_table_used columns={'number': 0, 'name': 1, 'length_behind': 2, 'speed_index': 3, 'predicted_time': 4, 'merit': 5, 'weight': 6, 'draw': 7, 'jockey': 9, 'trainer': 10, 'previous_run': 12, 'time': 17} extracted=8 stated=8
2026-08-12 19:16:15,210 | INFO | app.scrapers.winning_form_scraper | race_parsed url=https://legacy.winningform.co.za/WCP/2K260815_3.htm venue=Hollywoodbets Kenilworth date=2026-08-15 race=3 stated=8 parsed=8
2026-08-12 19:16:15,210 | INFO | app.scrapers.winning_form_scraper | horse_names=['Chinwag', 'Golden Shimmer', 'Ntibindi', 'My Sunshine', 'Spirit Of Life', 'Leonista', 'United We Stand', 'Coco Beach']
2026-08-12 19:16:15,370 | INFO | httpx | HTTP Request: GET https://legacy.winningform.co.za/WCP/2K260815_4.htm "HTTP/1.1 200 OK"
2026-08-12 19:16:15,440 | INFO | app.scrapers.winning_form_scraper | runner_table_used columns={'number': 0, 'name': 1, 'length_behind': 2, 'speed_index': 3, 'predicted_time': 4, 'merit': 5, 'weight': 6, 'draw': 7, 'jockey': 9, 'trainer': 10, 'previous_run': 12, 'time': 17} extracted=9 stated=9
2026-08-12 19:16:15,441 | INFO | app.scrapers.winning_form_scraper | race_parsed url=https://legacy.winningform.co.za/WCP/2K260815_4.htm venue=Hollywoodbets Kenilworth date=2026-08-15 race=4 stated=9 parsed=9
2026-08-12 19:16:15,441 | INFO | app.scrapers.winning_form_scraper | horse_names=['Masteronthemoon', 'Born To Master', "O'fellow", 'Quiet Place', 'Conditionally', 'Wizarding World', 'Fate Of Pace', 'Echo Foxtrot', 'Gimme More Apache']
2026-08-12 19:16:15,610 | INFO | httpx | HTTP Request: GET https://legacy.winningform.co.za/WCP/2K260815_5.htm "HTTP/1.1 200 OK"
2026-08-12 19:16:15,676 | INFO | app.scrapers.winning_form_scraper | runner_table_used columns={'number': 0, 'name': 1, 'length_behind': 2, 'speed_index': 3, 'predicted_time': 4, 'merit': 5, 'weight': 6, 'draw': 7, 'jockey': 9, 'trainer': 10, 'previous_run': 12, 'time': 17} extracted=9 stated=9
2026-08-12 19:16:15,676 | INFO | app.scrapers.winning_form_scraper | race_parsed url=https://legacy.winningform.co.za/WCP/2K260815_5.htm venue=Hollywoodbets Kenilworth date=2026-08-15 race=5 stated=9 parsed=9
2026-08-12 19:16:15,676 | INFO | app.scrapers.winning_form_scraper | horse_names=['Fort Liam', 'Baton Rouge', 'Bourbon King', 'Waloyo Yamoni', "April Fools' Day", 'Superhero', 'Balzi Rossi', 'Liefling', 'Royal Celeb']
2026-08-12 19:16:15,839 | INFO | httpx | HTTP Request: GET https://legacy.winningform.co.za/WCP/2K260815_6.htm "HTTP/1.1 200 OK"
2026-08-12 19:16:15,902 | INFO | app.scrapers.winning_form_scraper | runner_table_used columns={'number': 0, 'name': 1, 'length_behind': 2, 'speed_index': 3, 'predicted_time': 4, 'merit': 5, 'weight': 6, 'draw': 7, 'jockey': 9, 'trainer': 10, 'previous_run': 12, 'time': 17} extracted=8 stated=8
2026-08-12 19:16:15,902 | INFO | app.scrapers.winning_form_scraper | race_parsed url=https://legacy.winningform.co.za/WCP/2K260815_6.htm venue=Hollywoodbets Kenilworth date=2026-08-15 race=6 stated=8 parsed=8
2026-08-12 19:16:15,902 | INFO | app.scrapers.winning_form_scraper | horse_names=['Black Path', 'La Patrona', 'Playful Joules', 'Mon Papillon', 'Little Nimbus', 'Money Extractor', 'Miss Attitude', 'Peace Garland']
2026-08-12 19:16:16,048 | INFO | httpx | HTTP Request: GET https://legacy.winningform.co.za/WCP/2K260815_7.htm "HTTP/1.1 200 OK"
2026-08-12 19:16:16,209 | INFO | app.scrapers.winning_form_scraper | runner_table_used columns={'number': 0, 'name': 1, 'length_behind': 2, 'speed_index': 3, 'predicted_time': 4, 'merit': 5, 'weight': 6, 'draw': 7, 'jockey': 9, 'trainer': 10, 'previous_run': 12, 'time': 17} extracted=10 stated=10
2026-08-12 19:16:16,209 | INFO | app.scrapers.winning_form_scraper | race_parsed url=https://legacy.winningform.co.za/WCP/2K260815_7.htm venue=Hollywoodbets Kenilworth date=2026-08-15 race=7 stated=10 parsed=10
2026-08-12 19:16:16,210 | INFO | app.scrapers.winning_form_scraper | horse_names=['Palace Gift', 'Major Apollo', 'Kelp Forest', 'Escarpment', 'Earn The Weekend', 'African Memoir', 'Trailfinder', 'My Bonny Boy', 'Winter Pirate', 'Champagne Castle']
2026-08-12 19:16:16,365 | INFO | httpx | HTTP Request: GET https://legacy.winningform.co.za/WCP/2K260815_8.htm "HTTP/1.1 200 OK"
2026-08-12 19:16:16,477 | INFO | app.scrapers.winning_form_scraper | runner_table_used columns={'number': 0, 'name': 1, 'length_behind': 2, 'speed_index': 3, 'predicted_time': 4, 'merit': 5, 'weight': 6, 'draw': 7, 'jockey': 9, 'trainer': 10, 'previous_run': 12, 'time': 17} extracted=11 stated=11
2026-08-12 19:16:16,477 | INFO | app.scrapers.winning_form_scraper | race_parsed url=https://legacy.winningform.co.za/WCP/2K260815_8.htm venue=Hollywoodbets Kenilworth date=2026-08-15 race=8 stated=11 parsed=11
2026-08-12 19:16:16,477 | INFO | app.scrapers.winning_form_scraper | horse_names=['Oliver', 'Un Bel Di', 'All About Al', 'Flying Finley', 'Inside Voice', 'Pink Pigeon', 'Magical Place', 'One Liner', 'Elusive Winter', 'North Point', 'Dreamland']
2026-08-12 19:16:16,634 | INFO | httpx | HTTP Request: GET https://legacy.winningform.co.za/WCP/2K260815_9.htm "HTTP/1.1 200 OK"
2026-08-12 19:16:16,719 | INFO | app.scrapers.winning_form_scraper | runner_table_used columns={'number': 0, 'name': 1, 'length_behind': 2, 'speed_index': 3, 'predicted_time': 4, 'merit': 5, 'weight': 6, 'draw': 7, 'jockey': 9, 'trainer': 10, 'previous_run': 12, 'time': 17} extracted=11 stated=11
2026-08-12 19:16:16,719 | INFO | app.scrapers.winning_form_scraper | race_parsed url=https://legacy.winningform.co.za/WCP/2K260815_9.htm venue=Hollywoodbets Kenilworth date=2026-08-15 race=9 stated=11 parsed=11
2026-08-12 19:16:16,719 | INFO | app.scrapers.winning_form_scraper | horse_names=['Peace Of Mind', "William's Woman", 'Gravity', 'Galactus', 'Ruby Rex', 'Easy Money', 'Heritage Ridge', 'Country Time', 'Du Maurier', 'True Horizon', 'Love Shack']
2026-08-12 19:16:16,962 | INFO | httpx | HTTP Request: GET https://legacy.winningform.co.za/GAU/2J260816_1.htm "HTTP/1.1 200 OK"
2026-08-12 19:16:17,008 | INFO | app.scrapers.winning_form_scraper | runner_table_used columns={'number': 0, 'name': 1, 'length_behind': 2, 'speed_index': 3, 'predicted_time': 4, 'merit': 5, 'weight': 6, 'draw': 7, 'jockey': 9, 'trainer': 10, 'previous_run': 12, 'time': 17} extracted=6 stated=6
2026-08-12 19:16:17,009 | INFO | app.scrapers.winning_form_scraper | race_parsed url=https://legacy.winningform.co.za/GAU/2J260816_1.htm venue=Turffontein New Course date=2026-08-16 race=1 stated=6 parsed=6
2026-08-12 19:16:17,009 | INFO | app.scrapers.winning_form_scraper | horse_names=["Reece's Wish", 'Fully Loaded', 'Winding Power', 'Diogenes', 'Space Mission', 'Calla Lagoon']
2026-08-12 19:16:17,151 | INFO | httpx | HTTP Request: GET https://legacy.winningform.co.za/GAU/2J260816_2.htm "HTTP/1.1 200 OK"
2026-08-12 19:16:17,196 | INFO | app.scrapers.winning_form_scraper | runner_table_used columns={'number': 0, 'name': 1, 'length_behind': 2, 'speed_index': 3, 'predicted_time': 4, 'merit': 5, 'weight': 6, 'draw': 7, 'jockey': 9, 'trainer': 10, 'previous_run': 12, 'time': 17} extracted=8 stated=8
2026-08-12 19:16:17,197 | INFO | app.scrapers.winning_form_scraper | race_parsed url=https://legacy.winningform.co.za/GAU/2J260816_2.htm venue=Turffontein New Course date=2026-08-16 race=2 stated=8 parsed=8
2026-08-12 19:16:17,197 | INFO | app.scrapers.winning_form_scraper | horse_names=['Forever Canford', 'Mega Awesome', 'Willow Charm', 'Starlite Silk', "Mary's Captain", 'Jabberwocky', 'Camillo Cavour', 'One Eye On Dubai']
2026-08-12 19:16:17,352 | INFO | httpx | HTTP Request: GET https://legacy.winningform.co.za/GAU/2J260816_3.htm "HTTP/1.1 200 OK"
2026-08-12 19:16:17,398 | INFO | app.scrapers.winning_form_scraper | runner_table_used columns={'number': 0, 'name': 1, 'length_behind': 2, 'speed_index': 3, 'predicted_time': 4, 'merit': 5, 'weight': 6, 'draw': 7, 'jockey': 9, 'trainer': 10, 'previous_run': 12, 'time': 17} extracted=9 stated=9
2026-08-12 19:16:17,398 | INFO | app.scrapers.winning_form_scraper | race_parsed url=https://legacy.winningform.co.za/GAU/2J260816_3.htm venue=Turffontein New Course date=2026-08-16 race=3 stated=9 parsed=9
2026-08-12 19:16:17,398 | INFO | app.scrapers.winning_form_scraper | horse_names=['Kwaito', 'Corsaro Super', 'Mocha Magic', 'Two Tigers', 'Blue Storm Runner', 'Chic Shack', 'Fascinator', 'Razzpath Rebel', 'Reckless Abandon']
2026-08-12 19:16:17,565 | INFO | httpx | HTTP Request: GET https://legacy.winningform.co.za/GAU/2J260816_4.htm "HTTP/1.1 200 OK"
2026-08-12 19:16:17,608 | INFO | app.scrapers.winning_form_scraper | runner_table_used columns={'number': 0, 'name': 1, 'length_behind': 2, 'speed_index': 3, 'predicted_time': 4, 'merit': 5, 'weight': 6, 'draw': 7, 'jockey': 9, 'trainer': 10, 'previous_run': 12, 'time': 17} extracted=8 stated=8
2026-08-12 19:16:17,608 | INFO | app.scrapers.winning_form_scraper | race_parsed url=https://legacy.winningform.co.za/GAU/2J260816_4.htm venue=Turffontein New Course date=2026-08-16 race=4 stated=8 parsed=8
2026-08-12 19:16:17,608 | INFO | app.scrapers.winning_form_scraper | horse_names=['Elusive Dragon', 'Northern European', 'Go For Broke', 'Pista Resistance', 'Champagne Air', 'Night Shuffle', 'Komhieso Princess', 'Defining Winter']
2026-08-12 19:16:17,754 | INFO | httpx | HTTP Request: GET https://legacy.winningform.co.za/GAU/2J260816_5.htm "HTTP/1.1 200 OK"
2026-08-12 19:16:17,805 | INFO | app.scrapers.winning_form_scraper | runner_table_used columns={'number': 0, 'name': 1, 'length_behind': 2, 'speed_index': 3, 'predicted_time': 4, 'merit': 5, 'weight': 6, 'draw': 7, 'jockey': 9, 'trainer': 10, 'previous_run': 12, 'time': 17} extracted=6 stated=6
2026-08-12 19:16:17,806 | INFO | app.scrapers.winning_form_scraper | race_parsed url=https://legacy.winningform.co.za/GAU/2J260816_5.htm venue=Turffontein New Course date=2026-08-16 race=5 stated=6 parsed=6
2026-08-12 19:16:17,806 | INFO | app.scrapers.winning_form_scraper | horse_names=['Set To Music', 'Arizona Magic', 'Dads Dream', 'One Tiger', 'Hemisphere', 'Nightshine']
2026-08-12 19:16:17,950 | INFO | httpx | HTTP Request: GET https://legacy.winningform.co.za/GAU/2J260816_6.htm "HTTP/1.1 200 OK"
2026-08-12 19:16:18,002 | INFO | app.scrapers.winning_form_scraper | runner_table_used columns={'number': 0, 'name': 1, 'length_behind': 2, 'speed_index': 3, 'predicted_time': 4, 'merit': 5, 'weight': 6, 'draw': 7, 'jockey': 9, 'trainer': 10, 'previous_run': 12, 'time': 17} extracted=7 stated=7
2026-08-12 19:16:18,002 | INFO | app.scrapers.winning_form_scraper | race_parsed url=https://legacy.winningform.co.za/GAU/2J260816_6.htm venue=Turffontein New Course date=2026-08-16 race=6 stated=7 parsed=7
2026-08-12 19:16:18,002 | INFO | app.scrapers.winning_form_scraper | horse_names=['Zip Code', 'Ubermensch', 'Millennium Warrior', 'Malshana Mou', 'Peace Treaty', 'A Bit Of Class', 'Galaxy Queen']
2026-08-12 19:16:18,244 | INFO | httpx | HTTP Request: GET https://legacy.winningform.co.za/GAU/2J260816_7.htm "HTTP/1.1 200 OK"
2026-08-12 19:16:18,309 | INFO | app.scrapers.winning_form_scraper | runner_table_used columns={'number': 0, 'name': 1, 'length_behind': 2, 'speed_index': 3, 'predicted_time': 4, 'merit': 5, 'weight': 6, 'draw': 7, 'jockey': 9, 'trainer': 10, 'previous_run': 12, 'time': 17} extracted=7 stated=7
2026-08-12 19:16:18,309 | INFO | app.scrapers.winning_form_scraper | race_parsed url=https://legacy.winningform.co.za/GAU/2J260816_7.htm venue=Turffontein New Course date=2026-08-16 race=7 stated=7 parsed=7
2026-08-12 19:16:18,309 | INFO | app.scrapers.winning_form_scraper | horse_names=['Itsnowornever', 'Spirit Of Gabz', 'Play With Fire', 'American Rebel', 'Circle Of Grace', 'Heroic Act', 'Knight Heist']
2026-08-12 19:16:18,501 | INFO | httpx | HTTP Request: GET https://legacy.winningform.co.za/GAU/2J260816_8.htm "HTTP/1.1 200 OK"
2026-08-12 19:16:18,584 | INFO | app.scrapers.winning_form_scraper | runner_table_used columns={'number': 0, 'name': 1, 'length_behind': 2, 'speed_index': 3, 'predicted_time': 4, 'merit': 5, 'weight': 6, 'draw': 7, 'jockey': 9, 'trainer': 10, 'previous_run': 12, 'time': 17} extracted=10 stated=10
2026-08-12 19:16:18,584 | INFO | app.scrapers.winning_form_scraper | race_parsed url=https://legacy.winningform.co.za/GAU/2J260816_8.htm venue=Turffontein New Course date=2026-08-16 race=8 stated=10 parsed=10
2026-08-12 19:16:18,584 | INFO | app.scrapers.winning_form_scraper | horse_names=['Nkandla Gold', 'Time Will Tell', 'Kotinos', 'King Bluetooth', 'Sunshine Day', 'Irish Wilma', 'Iconic Winter', 'Echoes Of War', 'Phala Millions', 'Star Magnolia']
2026-08-12 19:16:18,645 | INFO | app.services.monitoring_service | monitoring_cycle_completed
2026-08-12 19:16:18,645 | INFO | app.main | application_started
2026-08-12 19:52:10,773 | INFO | apscheduler.scheduler | Adding job tentatively -- it will be properly scheduled when the scheduler starts
2026-08-12 19:52:10,775 | INFO | apscheduler.scheduler | Added job "MonitoringService.run_cycle" to job store "default"
2026-08-12 19:52:10,775 | INFO | apscheduler.scheduler | Scheduler started
2026-08-12 19:52:10,776 | INFO | app.services.monitoring_service | monitoring_cycle_started
2026-08-12 19:52:11,276 | INFO | httpx | HTTP Request: GET https://legacy.winningform.co.za "HTTP/1.1 200 OK"
2026-08-12 19:52:11,280 | INFO | app.scrapers.winning_form_scraper | fetch_index_frames=['https://legacy.winningform.co.za/guide.htm', 'https://legacy.winningform.co.za/cover.htm']
2026-08-12 19:52:11,372 | INFO | httpx | HTTP Request: GET https://legacy.winningform.co.za "HTTP/1.1 200 OK"
2026-08-12 19:52:11,526 | INFO | httpx | HTTP Request: GET https://legacy.winningform.co.za/guide.htm "HTTP/1.1 200 OK"
2026-08-12 19:52:11,687 | INFO | httpx | HTTP Request: GET https://legacy.winningform.co.za/cover.htm "HTTP/1.1 200 OK"
2026-08-12 19:52:11,861 | INFO | httpx | HTTP Request: GET https://legacy.winningform.co.za "HTTP/1.1 200 OK"
2026-08-12 19:52:11,968 | INFO | httpx | HTTP Request: GET https://legacy.winningform.co.za/guide.htm "HTTP/1.1 200 OK"
2026-08-12 19:52:12,080 | INFO | httpx | HTTP Request: GET https://legacy.winningform.co.za/cover.htm "HTTP/1.1 200 OK"
2026-08-12 19:52:12,115 | INFO | app.scrapers.winning_form_scraper | race_links_total=49
2026-08-12 19:52:12,117 | INFO | app.scrapers.winning_form_scraper | meetings_seen=['gau-j260816', 'gau-p260814', 'gau-r260813', 'kzn-d260814', 'wcp-k260812', 'wcp-k260815']
2026-08-12 19:52:12,313 | INFO | httpx | HTTP Request: GET https://legacy.winningform.co.za/WCP/2K260812_1.htm "HTTP/1.1 200 OK"
2026-08-12 19:52:12,416 | INFO | app.scrapers.winning_form_scraper | runner_table_used columns={'number': 0, 'name': 1, 'length_behind': 2, 'speed_index': 3, 'predicted_time': 4, 'merit': 5, 'weight': 6, 'draw': 7, 'jockey': 9, 'trainer': 10, 'previous_run': 12, 'time': 17} extracted=16 stated=16
2026-08-12 19:52:12,416 | INFO | app.scrapers.winning_form_scraper | race_parsed url=https://legacy.winningform.co.za/WCP/2K260812_1.htm venue=Hollywoodbets Kenilworth date=2026-08-12 race=1 stated=16 parsed=14
2026-08-12 19:52:12,417 | INFO | app.scrapers.winning_form_scraper | horse_names=['Senorita Lolita', 'Peach Cobbler', 'Roman Beauty', 'Viridian Ruby', 'Kim Chanel', 'Bursturbubble', 'Nadia Nerina', 'One Ripple', 'Uncut Gem', 'Pipsqueak', 'Lila Kendy', 'Frozen Asset', 'Desert Ice', 'Burnout', 'Polar Expedition', 'Mac D']
2026-08-12 19:52:12,655 | INFO | httpx | HTTP Request: GET https://legacy.winningform.co.za/WCP/2K260812_2.htm "HTTP/1.1 200 OK"
2026-08-12 19:52:12,698 | INFO | app.scrapers.winning_form_scraper | runner_table_used columns={'number': 0, 'name': 1, 'length_behind': 2, 'speed_index': 3, 'predicted_time': 4, 'merit': 5, 'weight': 6, 'draw': 7, 'jockey': 9, 'trainer': 10, 'previous_run': 12, 'time': 17} extracted=12 stated=12
2026-08-12 19:52:12,698 | INFO | app.scrapers.winning_form_scraper | race_parsed url=https://legacy.winningform.co.za/WCP/2K260812_2.htm venue=Hollywoodbets Kenilworth date=2026-08-12 race=2 stated=12 parsed=11
2026-08-12 19:52:12,699 | INFO | app.scrapers.winning_form_scraper | horse_names=['Le Tissier', 'Royal Clinton', 'Lord Chamberlain', 'Big City Roller', 'Sukhoi', 'Tango Master', 'Bart Nel', 'Augusta Rouge', 'Daley Park', 'Ulez Camera', 'Gimmethejackhammer', 'Miyabi King']
2026-08-12 19:52:12,850 | INFO | httpx | HTTP Request: GET https://legacy.winningform.co.za/WCP/2K260812_3.htm "HTTP/1.1 200 OK"
2026-08-12 19:52:12,893 | INFO | app.scrapers.winning_form_scraper | runner_table_used columns={'number': 0, 'name': 1, 'length_behind': 2, 'speed_index': 3, 'predicted_time': 4, 'merit': 5, 'weight': 6, 'draw': 7, 'jockey': 9, 'trainer': 10, 'previous_run': 12, 'time': 17} extracted=12 stated=12
2026-08-12 19:52:12,894 | INFO | app.scrapers.winning_form_scraper | race_parsed url=https://legacy.winningform.co.za/WCP/2K260812_3.htm venue=Hollywoodbets Kenilworth date=2026-08-12 race=3 stated=12 parsed=11
2026-08-12 19:52:12,894 | INFO | app.scrapers.winning_form_scraper | horse_names=['Saratoga Sunrise', 'Fourth Of July', 'Blackbird', 'Ile Moris', 'Brothers In Arms', 'Grey Knight', 'Bright Fate', 'Time Of Our Lives', "Warrior's Legacy", 'Rain In France', 'Red Hot Rifle', 'Bullet Tooth Tony']
2026-08-12 19:52:13,055 | INFO | httpx | HTTP Request: GET https://legacy.winningform.co.za/WCP/2K260812_4.htm "HTTP/1.1 200 OK"
2026-08-12 19:52:13,106 | INFO | app.scrapers.winning_form_scraper | runner_table_used columns={'number': 0, 'name': 1, 'length_behind': 2, 'speed_index': 3, 'predicted_time': 4, 'merit': 5, 'weight': 6, 'draw': 7, 'jockey': 9, 'trainer': 10, 'previous_run': 12, 'time': 17} extracted=8 stated=8
2026-08-12 19:52:13,106 | INFO | app.scrapers.winning_form_scraper | race_parsed url=https://legacy.winningform.co.za/WCP/2K260812_4.htm venue=Hollywoodbets Kenilworth date=2026-08-12 race=4 stated=8 parsed=8
2026-08-12 19:52:13,107 | INFO | app.scrapers.winning_form_scraper | horse_names=['Catch Me', "Captain's Angel", 'Warrior Of Destiny', 'Waterfront', 'Zanfan Moris', 'Fractal', 'Rumbo Russi', 'Gimmeagamble']
2026-08-12 19:52:13,263 | INFO | httpx | HTTP Request: GET https://legacy.winningform.co.za/WCP/2K260812_5.htm "HTTP/1.1 200 OK"
2026-08-12 19:52:13,435 | INFO | app.scrapers.winning_form_scraper | runner_table_used columns={'number': 0, 'name': 1, 'length_behind': 2, 'speed_index': 3, 'predicted_time': 4, 'merit': 5, 'weight': 6, 'draw': 7, 'jockey': 9, 'trainer': 10, 'previous_run': 12, 'time': 17} extracted=8 stated=8
2026-08-12 19:52:13,435 | INFO | app.scrapers.winning_form_scraper | race_parsed url=https://legacy.winningform.co.za/WCP/2K260812_5.htm venue=Hollywoodbets Kenilworth date=2026-08-12 race=5 stated=8 parsed=8
2026-08-12 19:52:13,436 | INFO | app.scrapers.winning_form_scraper | horse_names=['October Fest', 'Maritzburg Memory', 'Cliffscape', 'Raffish Trend', 'Star World', 'Black Erika', 'All Is Green', 'Sing Forevermore']
2026-08-12 19:52:13,602 | INFO | httpx | HTTP Request: GET https://legacy.winningform.co.za/WCP/2K260812_6.htm "HTTP/1.1 200 OK"
2026-08-12 19:52:13,738 | INFO | app.scrapers.winning_form_scraper | runner_table_used columns={'number': 0, 'name': 1, 'length_behind': 2, 'speed_index': 3, 'predicted_time': 4, 'merit': 5, 'weight': 6, 'draw': 7, 'jockey': 9, 'trainer': 10, 'previous_run': 12, 'time': 17} extracted=9 stated=9
2026-08-12 19:52:13,738 | INFO | app.scrapers.winning_form_scraper | race_parsed url=https://legacy.winningform.co.za/WCP/2K260812_6.htm venue=Hollywoodbets Kenilworth date=2026-08-12 race=6 stated=9 parsed=7
2026-08-12 19:52:13,738 | INFO | app.scrapers.winning_form_scraper | horse_names=['Churchillian', "Objet D' Art", 'Pomp It Up', 'Tanneron', "Berry's Boogie", 'Black Cheetah', 'Shesgotclass', 'Babelicious', 'Un Bel Di']
2026-08-12 19:52:13,961 | INFO | httpx | HTTP Request: GET https://legacy.winningform.co.za/WCP/2K260812_7.htm "HTTP/1.1 200 OK"
2026-08-12 19:52:14,026 | INFO | app.scrapers.winning_form_scraper | runner_table_used columns={'number': 0, 'name': 1, 'length_behind': 2, 'speed_index': 3, 'predicted_time': 4, 'merit': 5, 'weight': 6, 'draw': 7, 'jockey': 9, 'trainer': 10, 'previous_run': 12, 'time': 17} extracted=8 stated=8
2026-08-12 19:52:14,026 | INFO | app.scrapers.winning_form_scraper | race_parsed url=https://legacy.winningform.co.za/WCP/2K260812_7.htm venue=Hollywoodbets Kenilworth date=2026-08-12 race=7 stated=8 parsed=8
2026-08-12 19:52:14,026 | INFO | app.scrapers.winning_form_scraper | horse_names=['Mente Et Manu', 'Absolutely Yes', 'Handsome Prince', 'It Is My Time', 'Witch Hazel', 'Voorloopertjie', 'Promettere', 'Three Tigers']
2026-08-12 19:52:14,175 | INFO | httpx | HTTP Request: GET https://legacy.winningform.co.za/WCP/2K260812_8.htm "HTTP/1.1 200 OK"
2026-08-12 19:52:14,269 | INFO | app.scrapers.winning_form_scraper | runner_table_used columns={'number': 0, 'name': 1, 'length_behind': 2, 'speed_index': 3, 'predicted_time': 4, 'merit': 5, 'weight': 6, 'draw': 7, 'jockey': 9, 'trainer': 10, 'previous_run': 12, 'time': 17} extracted=13 stated=13
2026-08-12 19:52:14,269 | INFO | app.scrapers.winning_form_scraper | race_parsed url=https://legacy.winningform.co.za/WCP/2K260812_8.htm venue=Hollywoodbets Kenilworth date=2026-08-12 race=8 stated=13 parsed=11
2026-08-12 19:52:14,269 | INFO | app.scrapers.winning_form_scraper | horse_names=['Cedar Point', 'Captains Alliance', 'Red Dawn', 'Diamond Rock', 'Rockanrollin', 'Bonelli', 'Noble Hero', "Caesar's Ransom", 'District Master', 'Groovejet', 'Ignite The Fire', 'Clark Griswold', 'Bombers In The Sky']
2026-08-12 19:52:14,462 | INFO | httpx | HTTP Request: GET https://legacy.winningform.co.za/GAU/2R260813_1.htm "HTTP/1.1 200 OK"
2026-08-12 19:52:14,504 | INFO | app.scrapers.winning_form_scraper | runner_table_used columns={'number': 0, 'name': 1, 'length_behind': 2, 'speed_index': 3, 'predicted_time': 4, 'merit': 5, 'weight': 6, 'draw': 7, 'jockey': 9, 'trainer': 10, 'previous_run': 12, 'time': 17} extracted=6 stated=6
2026-08-12 19:52:14,504 | INFO | app.scrapers.winning_form_scraper | race_parsed url=https://legacy.winningform.co.za/GAU/2R260813_1.htm venue=Vaal Classic date=2026-08-13 race=1 stated=6 parsed=6
2026-08-12 19:52:14,504 | INFO | app.scrapers.winning_form_scraper | horse_names=['Epidaurus', 'Clairwood Breeze', 'Comic Artist', 'Evening News', "Captain's Express", 'Eden Gardens']
2026-08-12 19:52:14,644 | INFO | httpx | HTTP Request: GET https://legacy.winningform.co.za/GAU/2R260813_2.htm "HTTP/1.1 200 OK"
2026-08-12 19:52:14,690 | INFO | app.scrapers.winning_form_scraper | runner_table_used columns={'number': 0, 'name': 1, 'length_behind': 2, 'speed_index': 3, 'predicted_time': 4, 'merit': 5, 'weight': 6, 'draw': 7, 'jockey': 9, 'trainer': 10, 'previous_run': 12, 'time': 17} extracted=9 stated=9
2026-08-12 19:52:14,690 | INFO | app.scrapers.winning_form_scraper | race_parsed url=https://legacy.winningform.co.za/GAU/2R260813_2.htm venue=Vaal Classic date=2026-08-13 race=2 stated=9 parsed=9
2026-08-12 19:52:14,691 | INFO | app.scrapers.winning_form_scraper | horse_names=['The Bachelorette', 'Corsaro Super', 'Lady Enid', 'Autograph', 'Golden Slipstream', 'Justhavefun', 'Torpedo', 'Shiraz Glow', 'Thorn Bird']
2026-08-12 19:52:14,990 | INFO | httpx | HTTP Request: GET https://legacy.winningform.co.za/GAU/2R260813_3.htm "HTTP/1.1 200 OK"
2026-08-12 19:52:15,038 | INFO | app.scrapers.winning_form_scraper | runner_table_used columns={'number': 0, 'name': 1, 'length_behind': 2, 'speed_index': 3, 'predicted_time': 4, 'merit': 5, 'weight': 6, 'draw': 7, 'jockey': 9, 'trainer': 10, 'previous_run': 12, 'time': 17} extracted=8 stated=8
2026-08-12 19:52:15,038 | INFO | app.scrapers.winning_form_scraper | race_parsed url=https://legacy.winningform.co.za/GAU/2R260813_3.htm venue=Vaal Classic date=2026-08-13 race=3 stated=8 parsed=8
2026-08-12 19:52:15,038 | INFO | app.scrapers.winning_form_scraper | horse_names=['Northern European', 'Be The One', "Life's Treasures", 'Grains Of Paradise', 'Royal Rant', 'Pilates', 'Tea For Three', 'Volare Veloce']
2026-08-12 19:52:15,419 | INFO | httpx | HTTP Request: GET https://legacy.winningform.co.za/GAU/2R260813_4.htm "HTTP/1.1 200 OK"
2026-08-12 19:52:15,502 | INFO | app.scrapers.winning_form_scraper | runner_table_used columns={'number': 0, 'name': 1, 'length_behind': 2, 'speed_index': 3, 'predicted_time': 4, 'merit': 5, 'weight': 6, 'draw': 7, 'jockey': 9, 'trainer': 10, 'previous_run': 12, 'time': 17} extracted=8 stated=8
2026-08-12 19:52:15,503 | INFO | app.scrapers.winning_form_scraper | race_parsed url=https://legacy.winningform.co.za/GAU/2R260813_4.htm venue=Vaal Classic date=2026-08-13 race=4 stated=8 parsed=8
2026-08-12 19:52:15,503 | INFO | app.scrapers.winning_form_scraper | horse_names=['Skitt Smiling', 'Crimson Ranger', 'Verdandi', 'One State', 'Campo Formio', 'Steel Spring', 'Reachingforthemoon', 'Flotilla']
2026-08-12 19:52:15,682 | INFO | httpx | HTTP Request: GET https://legacy.winningform.co.za/GAU/2R260813_5.htm "HTTP/1.1 200 OK"
2026-08-12 19:52:15,765 | INFO | app.scrapers.winning_form_scraper | runner_table_used columns={'number': 0, 'name': 1, 'length_behind': 2, 'speed_index': 3, 'predicted_time': 4, 'merit': 5, 'weight': 6, 'draw': 7, 'jockey': 9, 'trainer': 10, 'previous_run': 12, 'time': 17} extracted=8 stated=8
2026-08-12 19:52:15,766 | INFO | app.scrapers.winning_form_scraper | race_parsed url=https://legacy.winningform.co.za/GAU/2R260813_5.htm venue=Vaal Classic date=2026-08-13 race=5 stated=8 parsed=8
2026-08-12 19:52:15,766 | INFO | app.scrapers.winning_form_scraper | horse_names=["Scarlet O'hara", 'Azaleas For All', 'Surprise Party', 'Instant Attraction', 'Utsaah', 'Lady Sabrina', 'Red Sparrow', "Kylie's Angel"]
2026-08-12 19:52:15,915 | INFO | httpx | HTTP Request: GET https://legacy.winningform.co.za/GAU/2R260813_6.htm "HTTP/1.1 200 OK"
2026-08-12 19:52:15,989 | INFO | app.scrapers.winning_form_scraper | runner_table_used columns={'number': 0, 'name': 1, 'length_behind': 2, 'speed_index': 3, 'predicted_time': 4, 'merit': 5, 'weight': 6, 'draw': 7, 'jockey': 9, 'trainer': 10, 'previous_run': 12, 'time': 17} extracted=8 stated=8
2026-08-12 19:52:15,990 | INFO | app.scrapers.winning_form_scraper | race_parsed url=https://legacy.winningform.co.za/GAU/2R260813_6.htm venue=Vaal Classic date=2026-08-13 race=6 stated=8 parsed=8
2026-08-12 19:52:15,990 | INFO | app.scrapers.winning_form_scraper | horse_names=["Angel's Oasis", 'Hammer Blow', 'Lonely As A Cloud', 'Sergeant Soqrat', 'Ice Dragon', "Trompe L'oeil", 'Var Park', 'Oriental Bouquet']
2026-08-12 19:52:16,162 | INFO | httpx | HTTP Request: GET https://legacy.winningform.co.za/GAU/2R260813_7.htm "HTTP/1.1 200 OK"
2026-08-12 19:52:16,256 | INFO | app.scrapers.winning_form_scraper | runner_table_used columns={'number': 0, 'name': 1, 'length_behind': 2, 'speed_index': 3, 'predicted_time': 4, 'merit': 5, 'weight': 6, 'draw': 7, 'jockey': 9, 'trainer': 10, 'previous_run': 12, 'time': 17} extracted=9 stated=9
2026-08-12 19:52:16,257 | INFO | app.scrapers.winning_form_scraper | race_parsed url=https://legacy.winningform.co.za/GAU/2R260813_7.htm venue=Vaal Classic date=2026-08-13 race=7 stated=9 parsed=9
2026-08-12 19:52:16,257 | INFO | app.scrapers.winning_form_scraper | horse_names=['After Hours', 'Cold Shine', 'Big Unit', 'Longsword', 'Turbo Power', 'Sea Shanty', 'Fair Proposal', 'Gunboat', 'Onceinabluemoon']
2026-08-12 19:52:16,419 | INFO | httpx | HTTP Request: GET https://legacy.winningform.co.za/GAU/2R260813_8.htm "HTTP/1.1 200 OK"
2026-08-12 19:52:16,539 | INFO | app.scrapers.winning_form_scraper | runner_table_used columns={'number': 0, 'name': 1, 'length_behind': 2, 'speed_index': 3, 'predicted_time': 4, 'merit': 5, 'weight': 6, 'draw': 7, 'jockey': 9, 'trainer': 10, 'previous_run': 12, 'time': 17} extracted=11 stated=11
2026-08-12 19:52:16,539 | INFO | app.scrapers.winning_form_scraper | race_parsed url=https://legacy.winningform.co.za/GAU/2R260813_8.htm venue=Vaal Classic date=2026-08-13 race=8 stated=11 parsed=11
2026-08-12 19:52:16,540 | INFO | app.scrapers.winning_form_scraper | horse_names=['Elusive Red', 'Unsolved Riddle', 'Ubermensch', 'Frere Jacques', 'Tracksuit Dave', 'Gallic Victor', 'Sunset Warrior', 'Brave Waam', 'Laughing William', 'Coming In Hot', 'Matroosberg']
2026-08-12 19:52:16,711 | INFO | httpx | HTTP Request: GET https://legacy.winningform.co.za/KZN/2D260814_1.htm "HTTP/1.1 200 OK"
2026-08-12 19:52:16,781 | INFO | app.scrapers.winning_form_scraper | runner_table_used columns={'number': 0, 'name': 1, 'length_behind': 2, 'speed_index': 3, 'predicted_time': 4, 'merit': 5, 'weight': 6, 'draw': 7, 'jockey': 9, 'trainer': 10, 'previous_run': 12, 'time': 17} extracted=10 stated=10
2026-08-12 19:52:16,781 | INFO | app.scrapers.winning_form_scraper | race_parsed url=https://legacy.winningform.co.za/KZN/2D260814_1.htm venue=Hollywoodbets Greyville date=2026-08-14 race=1 stated=10 parsed=10
2026-08-12 19:52:16,782 | INFO | app.scrapers.winning_form_scraper | horse_names=['Cartel Queen', 'Enjoy The Ride', "Barry's Boy", 'Bon Appetite', 'Donmagoo', 'Task Force', 'Camogie', 'Ka Chow', 'Calliope', 'Little Lollita']
2026-08-12 19:52:16,947 | INFO | httpx | HTTP Request: GET https://legacy.winningform.co.za/KZN/2D260814_2.htm "HTTP/1.1 200 OK"
2026-08-12 19:52:17,002 | INFO | app.scrapers.winning_form_scraper | runner_table_used columns={'number': 0, 'name': 1, 'length_behind': 2, 'speed_index': 3, 'predicted_time': 4, 'merit': 5, 'weight': 6, 'draw': 7, 'jockey': 9, 'trainer': 10, 'previous_run': 12, 'time': 17} extracted=9 stated=9
2026-08-12 19:52:17,002 | INFO | app.scrapers.winning_form_scraper | race_parsed url=https://legacy.winningform.co.za/KZN/2D260814_2.htm venue=Hollywoodbets Greyville date=2026-08-14 race=2 stated=9 parsed=9
2026-08-12 19:52:17,002 | INFO | app.scrapers.winning_form_scraper | horse_names=["Roy's Glorious", 'Mustang Highway', 'Nautical Fire', 'Danny Atlas', 'Le Concierge', "Trip To Maverick's", 'A M C Zara', 'Whisky Soul', 'Taranaki Nomad']
2026-08-12 19:52:17,172 | INFO | httpx | HTTP Request: GET https://legacy.winningform.co.za/KZN/2D260814_3.htm "HTTP/1.1 200 OK"
2026-08-12 19:52:17,247 | INFO | app.scrapers.winning_form_scraper | runner_table_used columns={'number': 0, 'name': 1, 'length_behind': 2, 'speed_index': 3, 'predicted_time': 4, 'merit': 5, 'weight': 6, 'draw': 7, 'jockey': 9, 'trainer': 10, 'previous_run': 12, 'time': 17} extracted=9 stated=9
2026-08-12 19:52:17,247 | INFO | app.scrapers.winning_form_scraper | race_parsed url=https://legacy.winningform.co.za/KZN/2D260814_3.htm venue=Hollywoodbets Greyville date=2026-08-14 race=3 stated=9 parsed=9
2026-08-12 19:52:17,247 | INFO | app.scrapers.winning_form_scraper | horse_names=['Dee Day', 'Anything But Love', 'Brightsunnyday', 'Greenside Girl', "That's A Gimme", 'Chooks Kiss', 'Lady Regal', 'Sargasso Sea', "A M C Roy's Star"]
2026-08-12 19:52:17,391 | INFO | httpx | HTTP Request: GET https://legacy.winningform.co.za/KZN/2D260814_4.htm "HTTP/1.1 200 OK"
2026-08-12 19:52:17,491 | INFO | app.scrapers.winning_form_scraper | runner_table_used columns={'number': 0, 'name': 1, 'length_behind': 2, 'speed_index': 3, 'predicted_time': 4, 'merit': 5, 'weight': 6, 'draw': 7, 'jockey': 9, 'trainer': 10, 'previous_run': 12, 'time': 17} extracted=7 stated=7
2026-08-12 19:52:17,492 | INFO | app.scrapers.winning_form_scraper | race_parsed url=https://legacy.winningform.co.za/KZN/2D260814_4.htm venue=Hollywoodbets Greyville date=2026-08-14 race=4 stated=7 parsed=7
2026-08-12 19:52:17,492 | INFO | app.scrapers.winning_form_scraper | horse_names=['Who Blinked', 'Grand Appeal', 'Bangkok Magic', 'Music Is Life', "She's A Machine", 'Sky Rocket', 'Omkhulu Boss']
2026-08-12 19:52:17,748 | INFO | httpx | HTTP Request: GET https://legacy.winningform.co.za/KZN/2D260814_5.htm "HTTP/1.1 200 OK"
2026-08-12 19:52:17,847 | INFO | app.scrapers.winning_form_scraper | runner_table_used columns={'number': 0, 'name': 1, 'length_behind': 2, 'speed_index': 3, 'predicted_time': 4, 'merit': 5, 'weight': 6, 'draw': 7, 'jockey': 9, 'trainer': 10, 'previous_run': 12, 'time': 17} extracted=9 stated=9
2026-08-12 19:52:17,847 | INFO | app.scrapers.winning_form_scraper | race_parsed url=https://legacy.winningform.co.za/KZN/2D260814_5.htm venue=Hollywoodbets Greyville date=2026-08-14 race=5 stated=9 parsed=9
2026-08-12 19:52:17,847 | INFO | app.scrapers.winning_form_scraper | horse_names=["Heaven's Will", 'Victor Rail', 'Clickbait', 'Kaapse Klopse', 'Master Silvano', "L'ultimo", 'Saudi Sweep', 'Queen Fenn', 'Indecent Proposal']
2026-08-12 19:52:18,006 | INFO | httpx | HTTP Request: GET https://legacy.winningform.co.za/KZN/2D260814_6.htm "HTTP/1.1 200 OK"
2026-08-12 19:52:18,105 | INFO | app.scrapers.winning_form_scraper | runner_table_used columns={'number': 0, 'name': 1, 'length_behind': 2, 'speed_index': 3, 'predicted_time': 4, 'merit': 5, 'weight': 6, 'draw': 7, 'jockey': 9, 'trainer': 10, 'previous_run': 12, 'time': 17} extracted=10 stated=10
2026-08-12 19:52:18,105 | INFO | app.scrapers.winning_form_scraper | race_parsed url=https://legacy.winningform.co.za/KZN/2D260814_6.htm venue=Hollywoodbets Greyville date=2026-08-14 race=6 stated=10 parsed=10
2026-08-12 19:52:18,105 | INFO | app.scrapers.winning_form_scraper | horse_names=['Blazing Fury', 'Kythera', 'Hithemhardsunshine', 'Kalahari Roller', 'Rainbow Reward', 'Mojo Man', 'Donquerari', 'Mighty Zambezi', 'Magic Surprise', 'Bourbon Warrior']
2026-08-12 19:52:18,294 | INFO | httpx | HTTP Request: GET https://legacy.winningform.co.za/KZN/2D260814_7.htm "HTTP/1.1 200 OK"
2026-08-12 19:52:18,467 | INFO | app.scrapers.winning_form_scraper | runner_table_used columns={'number': 0, 'name': 1, 'length_behind': 2, 'speed_index': 3, 'predicted_time': 4, 'merit': 5, 'weight': 6, 'draw': 7, 'jockey': 9, 'trainer': 10, 'previous_run': 12, 'time': 17} extracted=8 stated=8
2026-08-12 19:52:18,467 | INFO | app.scrapers.winning_form_scraper | race_parsed url=https://legacy.winningform.co.za/KZN/2D260814_7.htm venue=Hollywoodbets Greyville date=2026-08-14 race=7 stated=8 parsed=8
2026-08-12 19:52:18,468 | INFO | app.scrapers.winning_form_scraper | horse_names=['Amor Fati', 'Please Be True', 'Sundance Kid', 'Rollo The Viking', 'Royal Sword', 'African Dusk', 'French Trip', 'Etiquette']
2026-08-12 19:52:18,665 | INFO | httpx | HTTP Request: GET https://legacy.winningform.co.za/KZN/2D260814_8.htm "HTTP/1.1 200 OK"
2026-08-12 19:52:18,753 | INFO | app.scrapers.winning_form_scraper | runner_table_used columns={'number': 0, 'name': 1, 'length_behind': 2, 'speed_index': 3, 'predicted_time': 4, 'merit': 5, 'weight': 6, 'draw': 7, 'jockey': 9, 'trainer': 10, 'previous_run': 12, 'time': 17} extracted=9 stated=9
2026-08-12 19:52:18,753 | INFO | app.scrapers.winning_form_scraper | race_parsed url=https://legacy.winningform.co.za/KZN/2D260814_8.htm venue=Hollywoodbets Greyville date=2026-08-14 race=8 stated=9 parsed=9
2026-08-12 19:52:18,754 | INFO | app.scrapers.winning_form_scraper | horse_names=['Poursomesugaronme', 'The Ghost', 'Red Coral', 'Oklahoma Girl', 'Ethereal View', 'Hearts On Fire', 'Capricious Miss', 'Nebulous', 'Autumn Rush']
2026-08-12 19:52:18,905 | INFO | httpx | HTTP Request: GET https://legacy.winningform.co.za/GAU/2P260814_1.htm "HTTP/1.1 200 OK"
2026-08-12 19:52:18,953 | INFO | app.scrapers.winning_form_scraper | runner_table_used columns={'number': 0, 'name': 1, 'length_behind': 2, 'speed_index': 3, 'predicted_time': 4, 'merit': 5, 'weight': 6, 'draw': 7, 'jockey': 9, 'trainer': 10, 'previous_run': 12, 'time': 17} extracted=9 stated=9
2026-08-12 19:52:18,953 | INFO | app.scrapers.winning_form_scraper | race_parsed url=https://legacy.winningform.co.za/GAU/2P260814_1.htm venue=Fairview Polytrack date=2026-08-14 race=1 stated=9 parsed=8
2026-08-12 19:52:18,953 | INFO | app.scrapers.winning_form_scraper | horse_names=['Makeover Magic', 'Silver Arrow', 'Among The Willows', 'Silver Vision', 'Bumble Bee', 'Howzit Beaut', 'Hawker Tempest', 'Destrega', "Lucy's World"]
2026-08-12 19:52:19,112 | INFO | httpx | HTTP Request: GET https://legacy.winningform.co.za/GAU/2P260814_2.htm "HTTP/1.1 200 OK"
2026-08-12 19:52:19,157 | INFO | app.scrapers.winning_form_scraper | runner_table_used columns={'number': 0, 'name': 1, 'length_behind': 2, 'speed_index': 3, 'predicted_time': 4, 'merit': 5, 'weight': 6, 'draw': 7, 'jockey': 9, 'trainer': 10, 'previous_run': 12, 'time': 17} extracted=9 stated=9
2026-08-12 19:52:19,157 | INFO | app.scrapers.winning_form_scraper | race_parsed url=https://legacy.winningform.co.za/GAU/2P260814_2.htm venue=Fairview Polytrack date=2026-08-14 race=2 stated=9 parsed=8
2026-08-12 19:52:19,158 | INFO | app.scrapers.winning_form_scraper | horse_names=['Seattle Glow', 'Weekend In Aspen', 'Grey Eagle', 'High Rider', 'Kailua Breeze', 'Red Chai', 'Magnify', 'So Welcome', 'Cosmic Dan']
2026-08-12 19:52:19,312 | INFO | httpx | HTTP Request: GET https://legacy.winningform.co.za/GAU/2P260814_3.htm "HTTP/1.1 200 OK"
2026-08-12 19:52:19,450 | INFO | app.scrapers.winning_form_scraper | runner_table_used columns={'number': 0, 'name': 1, 'length_behind': 2, 'speed_index': 3, 'predicted_time': 4, 'merit': 5, 'weight': 6, 'draw': 7, 'jockey': 9, 'trainer': 10, 'previous_run': 12, 'time': 17} extracted=12 stated=12
2026-08-12 19:52:19,450 | INFO | app.scrapers.winning_form_scraper | race_parsed url=https://legacy.winningform.co.za/GAU/2P260814_3.htm venue=Fairview Polytrack date=2026-08-14 race=3 stated=12 parsed=11
2026-08-12 19:52:19,450 | INFO | app.scrapers.winning_form_scraper | horse_names=['Mio Destino', 'Real War', 'Smiddyburn', 'Globetonic', 'Bandmaster', 'O Space O', 'Rhydian', 'Hoodwinked', 'Play Act', 'Wait For Me', 'Lucky Chance', 'Meet The King']
2026-08-12 19:52:19,625 | INFO | httpx | HTTP Request: GET https://legacy.winningform.co.za/GAU/2P260814_4.htm "HTTP/1.1 200 OK"
2026-08-12 19:52:19,695 | INFO | app.scrapers.winning_form_scraper | runner_table_used columns={'number': 0, 'name': 1, 'length_behind': 2, 'speed_index': 3, 'predicted_time': 4, 'merit': 5, 'weight': 6, 'draw': 7, 'jockey': 9, 'trainer': 10, 'previous_run': 12, 'time': 17} extracted=10 stated=10
2026-08-12 19:52:19,696 | INFO | app.scrapers.winning_form_scraper | race_parsed url=https://legacy.winningform.co.za/GAU/2P260814_4.htm venue=Fairview Polytrack date=2026-08-14 race=4 stated=10 parsed=10
2026-08-12 19:52:19,696 | INFO | app.scrapers.winning_form_scraper | horse_names=['Silent Trigger', 'Star In Motion', 'Sliver Of Sunshine', 'Run The World', 'Pardon Me', 'My Lucky Charm', 'Ready For The Road', 'Supreme Judge', "Matt's Warrior", 'Half Moon Island']
2026-08-12 19:52:19,850 | INFO | httpx | HTTP Request: GET https://legacy.winningform.co.za/GAU/2P260814_5.htm "HTTP/1.1 200 OK"
2026-08-12 19:52:19,914 | INFO | app.scrapers.winning_form_scraper | runner_table_used columns={'number': 0, 'name': 1, 'length_behind': 2, 'speed_index': 3, 'predicted_time': 4, 'merit': 5, 'weight': 6, 'draw': 7, 'jockey': 9, 'trainer': 10, 'previous_run': 12, 'time': 17} extracted=6 stated=6
2026-08-12 19:52:19,915 | INFO | app.scrapers.winning_form_scraper | race_parsed url=https://legacy.winningform.co.za/GAU/2P260814_5.htm venue=Fairview Polytrack date=2026-08-14 race=5 stated=6 parsed=6
2026-08-12 19:52:19,915 | INFO | app.scrapers.winning_form_scraper | horse_names=['Zinovi', 'Firealley', 'Lanciafiamme', 'Gold Giboski', 'Tenjiku', 'Champion Warrior']
2026-08-12 19:52:20,206 | INFO | httpx | HTTP Request: GET https://legacy.winningform.co.za/GAU/2P260814_6.htm "HTTP/1.1 200 OK"
2026-08-12 19:52:20,300 | INFO | app.scrapers.winning_form_scraper | runner_table_used columns={'number': 0, 'name': 1, 'length_behind': 2, 'speed_index': 3, 'predicted_time': 4, 'merit': 5, 'weight': 6, 'draw': 7, 'jockey': 9, 'trainer': 10, 'previous_run': 12, 'time': 17} extracted=11 stated=11
2026-08-12 19:52:20,301 | INFO | app.scrapers.winning_form_scraper | race_parsed url=https://legacy.winningform.co.za/GAU/2P260814_6.htm venue=Fairview Polytrack date=2026-08-14 race=6 stated=11 parsed=11
2026-08-12 19:52:20,301 | INFO | app.scrapers.winning_form_scraper | horse_names=['Lotus Silk', 'Instaworthy', 'Dupont Emerald', 'Fiery Countess', 'Silva City', 'Haze And Smoke', 'Exceedingly Glam', 'Golden Palm', 'Comic Relief', 'Indebe Mayibuye', 'Bosnay']
2026-08-12 19:52:20,481 | INFO | httpx | HTTP Request: GET https://legacy.winningform.co.za/GAU/2P260814_7.htm "HTTP/1.1 200 OK"
2026-08-12 19:52:20,616 | INFO | app.scrapers.winning_form_scraper | runner_table_used columns={'number': 0, 'name': 1, 'length_behind': 2, 'speed_index': 3, 'predicted_time': 4, 'merit': 5, 'weight': 6, 'draw': 7, 'jockey': 9, 'trainer': 10, 'previous_run': 12, 'time': 17} extracted=11 stated=11
2026-08-12 19:52:20,616 | INFO | app.scrapers.winning_form_scraper | race_parsed url=https://legacy.winningform.co.za/GAU/2P260814_7.htm venue=Fairview Polytrack date=2026-08-14 race=7 stated=11 parsed=10
2026-08-12 19:52:20,616 | INFO | app.scrapers.winning_form_scraper | horse_names=['Enchanting Choice', 'Epikleros', 'Heliotrope', 'Bakwena', 'Family Power', 'Homing Pigeon', 'Beneath The Clouds', 'Silvan Mistress', 'Green Isle', 'Hat Montera', 'Beware The Bomb']
2026-08-12 19:52:20,815 | INFO | httpx | HTTP Request: GET https://legacy.winningform.co.za/GAU/2P260814_8.htm "HTTP/1.1 200 OK"
2026-08-12 19:52:20,935 | INFO | app.scrapers.winning_form_scraper | runner_table_used columns={'number': 0, 'name': 1, 'length_behind': 2, 'speed_index': 3, 'predicted_time': 4, 'merit': 5, 'weight': 6, 'draw': 7, 'jockey': 9, 'trainer': 10, 'previous_run': 12, 'time': 17} extracted=14 stated=14
2026-08-12 19:52:20,936 | INFO | app.scrapers.winning_form_scraper | race_parsed url=https://legacy.winningform.co.za/GAU/2P260814_8.htm venue=Fairview Polytrack date=2026-08-14 race=8 stated=14 parsed=14
2026-08-12 19:52:20,936 | INFO | app.scrapers.winning_form_scraper | horse_names=['Global Speak', "Alado's Pride", 'San Quintin', 'Blackberry Breeze', 'Intuitive Spirit', 'Crepuscolo', 'Pick A Pomodoro', 'Global Drumbeat', 'Flash Lightning', "Tori's Girl", 'Glenalmond', "Donny's Boy", 'Terminal Velocity', 'Royal Influencer']
2026-08-12 19:52:21,119 | INFO | httpx | HTTP Request: GET https://legacy.winningform.co.za/WCP/2K260815_1.htm "HTTP/1.1 200 OK"
2026-08-12 19:52:21,180 | INFO | app.scrapers.winning_form_scraper | runner_table_used columns={'number': 0, 'name': 1, 'length_behind': 2, 'speed_index': 3, 'predicted_time': 4, 'merit': 5, 'weight': 6, 'draw': 7, 'jockey': 9, 'trainer': 10, 'previous_run': 12, 'time': 17} extracted=15 stated=15
2026-08-12 19:52:21,181 | INFO | app.scrapers.winning_form_scraper | race_parsed url=https://legacy.winningform.co.za/WCP/2K260815_1.htm venue=Hollywoodbets Kenilworth date=2026-08-15 race=1 stated=15 parsed=15
2026-08-12 19:52:21,181 | INFO | app.scrapers.winning_form_scraper | horse_names=['Red Flag', 'Onthewingsofadove', 'Evana', "Captain's Elect", 'Future Runway', 'Lillie Langtree', 'Victoria Cross', 'Mac D', 'Epernay', 'Summer Sunshine', 'Night Fever', 'Aqua Storm', 'Whistlin Susie', 'African Kingfisher', 'Fundamentalist']
2026-08-12 19:52:21,369 | INFO | httpx | HTTP Request: GET https://legacy.winningform.co.za/WCP/2K260815_2.htm "HTTP/1.1 200 OK"
2026-08-12 19:52:21,441 | INFO | app.scrapers.winning_form_scraper | runner_table_used columns={'number': 0, 'name': 1, 'length_behind': 2, 'speed_index': 3, 'predicted_time': 4, 'merit': 5, 'weight': 6, 'draw': 7, 'jockey': 9, 'trainer': 10, 'previous_run': 12, 'time': 17} extracted=8 stated=8
2026-08-12 19:52:21,442 | INFO | app.scrapers.winning_form_scraper | race_parsed url=https://legacy.winningform.co.za/WCP/2K260815_2.htm venue=Hollywoodbets Kenilworth date=2026-08-15 race=2 stated=8 parsed=8
2026-08-12 19:52:21,442 | INFO | app.scrapers.winning_form_scraper | horse_names=['The Us Of A', 'Dumbledore', 'Dance Variety', 'Empire State', 'Sugar Mountain', 'Dreamworld', 'Fast Train', 'Winter Snap']
2026-08-12 19:52:21,592 | INFO | httpx | HTTP Request: GET https://legacy.winningform.co.za/WCP/2K260815_3.htm "HTTP/1.1 200 OK"
2026-08-12 19:52:21,660 | INFO | app.scrapers.winning_form_scraper | runner_table_used columns={'number': 0, 'name': 1, 'length_behind': 2, 'speed_index': 3, 'predicted_time': 4, 'merit': 5, 'weight': 6, 'draw': 7, 'jockey': 9, 'trainer': 10, 'previous_run': 12, 'time': 17} extracted=8 stated=8
2026-08-12 19:52:21,661 | INFO | app.scrapers.winning_form_scraper | race_parsed url=https://legacy.winningform.co.za/WCP/2K260815_3.htm venue=Hollywoodbets Kenilworth date=2026-08-15 race=3 stated=8 parsed=8
2026-08-12 19:52:21,661 | INFO | app.scrapers.winning_form_scraper | horse_names=['Chinwag', 'Golden Shimmer', 'Ntibindi', 'My Sunshine', 'Spirit Of Life', 'Leonista', 'United We Stand', 'Coco Beach']
2026-08-12 19:52:21,817 | INFO | httpx | HTTP Request: GET https://legacy.winningform.co.za/WCP/2K260815_4.htm "HTTP/1.1 200 OK"
2026-08-12 19:52:21,890 | INFO | app.scrapers.winning_form_scraper | runner_table_used columns={'number': 0, 'name': 1, 'length_behind': 2, 'speed_index': 3, 'predicted_time': 4, 'merit': 5, 'weight': 6, 'draw': 7, 'jockey': 9, 'trainer': 10, 'previous_run': 12, 'time': 17} extracted=9 stated=9
2026-08-12 19:52:21,891 | INFO | app.scrapers.winning_form_scraper | race_parsed url=https://legacy.winningform.co.za/WCP/2K260815_4.htm venue=Hollywoodbets Kenilworth date=2026-08-15 race=4 stated=9 parsed=9
2026-08-12 19:52:21,891 | INFO | app.scrapers.winning_form_scraper | horse_names=['Masteronthemoon', 'Born To Master', "O'fellow", 'Quiet Place', 'Conditionally', 'Wizarding World', 'Fate Of Pace', 'Echo Foxtrot', 'Gimme More Apache']
2026-08-12 19:52:22,062 | INFO | httpx | HTTP Request: GET https://legacy.winningform.co.za/WCP/2K260815_5.htm "HTTP/1.1 200 OK"
2026-08-12 19:52:22,139 | INFO | app.scrapers.winning_form_scraper | runner_table_used columns={'number': 0, 'name': 1, 'length_behind': 2, 'speed_index': 3, 'predicted_time': 4, 'merit': 5, 'weight': 6, 'draw': 7, 'jockey': 9, 'trainer': 10, 'previous_run': 12, 'time': 17} extracted=9 stated=9
2026-08-12 19:52:22,140 | INFO | app.scrapers.winning_form_scraper | race_parsed url=https://legacy.winningform.co.za/WCP/2K260815_5.htm venue=Hollywoodbets Kenilworth date=2026-08-15 race=5 stated=9 parsed=9
2026-08-12 19:52:22,140 | INFO | app.scrapers.winning_form_scraper | horse_names=['Fort Liam', 'Baton Rouge', 'Bourbon King', 'Waloyo Yamoni', "April Fools' Day", 'Superhero', 'Balzi Rossi', 'Liefling', 'Royal Celeb']
2026-08-12 19:52:22,303 | INFO | httpx | HTTP Request: GET https://legacy.winningform.co.za/WCP/2K260815_6.htm "HTTP/1.1 200 OK"
2026-08-12 19:52:22,380 | INFO | app.scrapers.winning_form_scraper | runner_table_used columns={'number': 0, 'name': 1, 'length_behind': 2, 'speed_index': 3, 'predicted_time': 4, 'merit': 5, 'weight': 6, 'draw': 7, 'jockey': 9, 'trainer': 10, 'previous_run': 12, 'time': 17} extracted=8 stated=8
2026-08-12 19:52:22,380 | INFO | app.scrapers.winning_form_scraper | race_parsed url=https://legacy.winningform.co.za/WCP/2K260815_6.htm venue=Hollywoodbets Kenilworth date=2026-08-15 race=6 stated=8 parsed=8
2026-08-12 19:52:22,380 | INFO | app.scrapers.winning_form_scraper | horse_names=['Black Path', 'La Patrona', 'Playful Joules', 'Mon Papillon', 'Little Nimbus', 'Money Extractor', 'Miss Attitude', 'Peace Garland']
2026-08-12 19:52:22,552 | INFO | httpx | HTTP Request: GET https://legacy.winningform.co.za/WCP/2K260815_7.htm "HTTP/1.1 200 OK"
2026-08-12 19:52:22,719 | INFO | app.scrapers.winning_form_scraper | runner_table_used columns={'number': 0, 'name': 1, 'length_behind': 2, 'speed_index': 3, 'predicted_time': 4, 'merit': 5, 'weight': 6, 'draw': 7, 'jockey': 9, 'trainer': 10, 'previous_run': 12, 'time': 17} extracted=10 stated=10
2026-08-12 19:52:22,720 | INFO | app.scrapers.winning_form_scraper | race_parsed url=https://legacy.winningform.co.za/WCP/2K260815_7.htm venue=Hollywoodbets Kenilworth date=2026-08-15 race=7 stated=10 parsed=10
2026-08-12 19:52:22,720 | INFO | app.scrapers.winning_form_scraper | horse_names=['Palace Gift', 'Major Apollo', 'Kelp Forest', 'Escarpment', 'Earn The Weekend', 'African Memoir', 'Trailfinder', 'My Bonny Boy', 'Winter Pirate', 'Champagne Castle']
2026-08-12 19:52:22,888 | INFO | httpx | HTTP Request: GET https://legacy.winningform.co.za/WCP/2K260815_8.htm "HTTP/1.1 200 OK"
2026-08-12 19:52:22,986 | INFO | app.scrapers.winning_form_scraper | runner_table_used columns={'number': 0, 'name': 1, 'length_behind': 2, 'speed_index': 3, 'predicted_time': 4, 'merit': 5, 'weight': 6, 'draw': 7, 'jockey': 9, 'trainer': 10, 'previous_run': 12, 'time': 17} extracted=11 stated=11
2026-08-12 19:52:22,986 | INFO | app.scrapers.winning_form_scraper | race_parsed url=https://legacy.winningform.co.za/WCP/2K260815_8.htm venue=Hollywoodbets Kenilworth date=2026-08-15 race=8 stated=11 parsed=11
2026-08-12 19:52:22,987 | INFO | app.scrapers.winning_form_scraper | horse_names=['Oliver', 'Un Bel Di', 'All About Al', 'Flying Finley', 'Inside Voice', 'Pink Pigeon', 'Magical Place', 'One Liner', 'Elusive Winter', 'North Point', 'Dreamland']
2026-08-12 19:52:23,278 | INFO | httpx | HTTP Request: GET https://legacy.winningform.co.za/WCP/2K260815_9.htm "HTTP/1.1 200 OK"
2026-08-12 19:52:23,370 | INFO | app.scrapers.winning_form_scraper | runner_table_used columns={'number': 0, 'name': 1, 'length_behind': 2, 'speed_index': 3, 'predicted_time': 4, 'merit': 5, 'weight': 6, 'draw': 7, 'jockey': 9, 'trainer': 10, 'previous_run': 12, 'time': 17} extracted=11 stated=11
2026-08-12 19:52:23,377 | INFO | app.scrapers.winning_form_scraper | race_parsed url=https://legacy.winningform.co.za/WCP/2K260815_9.htm venue=Hollywoodbets Kenilworth date=2026-08-15 race=9 stated=11 parsed=11
2026-08-12 19:52:23,378 | INFO | app.scrapers.winning_form_scraper | horse_names=['Peace Of Mind', "William's Woman", 'Gravity', 'Galactus', 'Ruby Rex', 'Easy Money', 'Heritage Ridge', 'Country Time', 'Du Maurier', 'True Horizon', 'Love Shack']
2026-08-12 19:52:23,557 | INFO | httpx | HTTP Request: GET https://legacy.winningform.co.za/GAU/2J260816_1.htm "HTTP/1.1 200 OK"
2026-08-12 19:52:23,638 | INFO | app.scrapers.winning_form_scraper | runner_table_used columns={'number': 0, 'name': 1, 'length_behind': 2, 'speed_index': 3, 'predicted_time': 4, 'merit': 5, 'weight': 6, 'draw': 7, 'jockey': 9, 'trainer': 10, 'previous_run': 12, 'time': 17} extracted=6 stated=6
2026-08-12 19:52:23,639 | INFO | app.scrapers.winning_form_scraper | race_parsed url=https://legacy.winningform.co.za/GAU/2J260816_1.htm venue=Turffontein New Course date=2026-08-16 race=1 stated=6 parsed=6
2026-08-12 19:52:23,639 | INFO | app.scrapers.winning_form_scraper | horse_names=["Reece's Wish", 'Fully Loaded', 'Winding Power', 'Diogenes', 'Space Mission', 'Calla Lagoon']
2026-08-12 19:52:23,794 | INFO | httpx | HTTP Request: GET https://legacy.winningform.co.za/GAU/2J260816_2.htm "HTTP/1.1 200 OK"
2026-08-12 19:52:23,844 | INFO | app.scrapers.winning_form_scraper | runner_table_used columns={'number': 0, 'name': 1, 'length_behind': 2, 'speed_index': 3, 'predicted_time': 4, 'merit': 5, 'weight': 6, 'draw': 7, 'jockey': 9, 'trainer': 10, 'previous_run': 12, 'time': 17} extracted=8 stated=8
2026-08-12 19:52:23,844 | INFO | app.scrapers.winning_form_scraper | race_parsed url=https://legacy.winningform.co.za/GAU/2J260816_2.htm venue=Turffontein New Course date=2026-08-16 race=2 stated=8 parsed=8
2026-08-12 19:52:23,844 | INFO | app.scrapers.winning_form_scraper | horse_names=['Forever Canford', 'Mega Awesome', 'Willow Charm', 'Starlite Silk', "Mary's Captain", 'Jabberwocky', 'Camillo Cavour', 'One Eye On Dubai']
2026-08-12 19:52:24,023 | INFO | httpx | HTTP Request: GET https://legacy.winningform.co.za/GAU/2J260816_3.htm "HTTP/1.1 200 OK"
2026-08-12 19:52:24,068 | INFO | app.scrapers.winning_form_scraper | runner_table_used columns={'number': 0, 'name': 1, 'length_behind': 2, 'speed_index': 3, 'predicted_time': 4, 'merit': 5, 'weight': 6, 'draw': 7, 'jockey': 9, 'trainer': 10, 'previous_run': 12, 'time': 17} extracted=9 stated=9
2026-08-12 19:52:24,068 | INFO | app.scrapers.winning_form_scraper | race_parsed url=https://legacy.winningform.co.za/GAU/2J260816_3.htm venue=Turffontein New Course date=2026-08-16 race=3 stated=9 parsed=9
2026-08-12 19:52:24,068 | INFO | app.scrapers.winning_form_scraper | horse_names=['Kwaito', 'Corsaro Super', 'Mocha Magic', 'Two Tigers', 'Blue Storm Runner', 'Chic Shack', 'Fascinator', 'Razzpath Rebel', 'Reckless Abandon']
2026-08-12 19:52:24,215 | INFO | httpx | HTTP Request: GET https://legacy.winningform.co.za/GAU/2J260816_4.htm "HTTP/1.1 200 OK"
2026-08-12 19:52:24,274 | INFO | app.scrapers.winning_form_scraper | runner_table_used columns={'number': 0, 'name': 1, 'length_behind': 2, 'speed_index': 3, 'predicted_time': 4, 'merit': 5, 'weight': 6, 'draw': 7, 'jockey': 9, 'trainer': 10, 'previous_run': 12, 'time': 17} extracted=8 stated=8
2026-08-12 19:52:24,274 | INFO | app.scrapers.winning_form_scraper | race_parsed url=https://legacy.winningform.co.za/GAU/2J260816_4.htm venue=Turffontein New Course date=2026-08-16 race=4 stated=8 parsed=8
2026-08-12 19:52:24,275 | INFO | app.scrapers.winning_form_scraper | horse_names=['Elusive Dragon', 'Northern European', 'Go For Broke', 'Pista Resistance', 'Champagne Air', 'Night Shuffle', 'Komhieso Princess', 'Defining Winter']
2026-08-12 19:52:24,479 | INFO | httpx | HTTP Request: GET https://legacy.winningform.co.za/GAU/2J260816_5.htm "HTTP/1.1 200 OK"
2026-08-12 19:52:24,580 | INFO | app.scrapers.winning_form_scraper | runner_table_used columns={'number': 0, 'name': 1, 'length_behind': 2, 'speed_index': 3, 'predicted_time': 4, 'merit': 5, 'weight': 6, 'draw': 7, 'jockey': 9, 'trainer': 10, 'previous_run': 12, 'time': 17} extracted=6 stated=6
2026-08-12 19:52:24,580 | INFO | app.scrapers.winning_form_scraper | race_parsed url=https://legacy.winningform.co.za/GAU/2J260816_5.htm venue=Turffontein New Course date=2026-08-16 race=5 stated=6 parsed=6
2026-08-12 19:52:24,580 | INFO | app.scrapers.winning_form_scraper | horse_names=['Set To Music', 'Arizona Magic', 'Dads Dream', 'One Tiger', 'Hemisphere', 'Nightshine']
2026-08-12 19:52:24,737 | INFO | httpx | HTTP Request: GET https://legacy.winningform.co.za/GAU/2J260816_6.htm "HTTP/1.1 200 OK"
2026-08-12 19:52:24,807 | INFO | app.scrapers.winning_form_scraper | runner_table_used columns={'number': 0, 'name': 1, 'length_behind': 2, 'speed_index': 3, 'predicted_time': 4, 'merit': 5, 'weight': 6, 'draw': 7, 'jockey': 9, 'trainer': 10, 'previous_run': 12, 'time': 17} extracted=7 stated=7
2026-08-12 19:52:24,807 | INFO | app.scrapers.winning_form_scraper | race_parsed url=https://legacy.winningform.co.za/GAU/2J260816_6.htm venue=Turffontein New Course date=2026-08-16 race=6 stated=7 parsed=7
2026-08-12 19:52:24,807 | INFO | app.scrapers.winning_form_scraper | horse_names=['Zip Code', 'Ubermensch', 'Millennium Warrior', 'Malshana Mou', 'Peace Treaty', 'A Bit Of Class', 'Galaxy Queen']
2026-08-12 19:52:24,989 | INFO | httpx | HTTP Request: GET https://legacy.winningform.co.za/GAU/2J260816_7.htm "HTTP/1.1 200 OK"
2026-08-12 19:52:25,064 | INFO | app.scrapers.winning_form_scraper | runner_table_used columns={'number': 0, 'name': 1, 'length_behind': 2, 'speed_index': 3, 'predicted_time': 4, 'merit': 5, 'weight': 6, 'draw': 7, 'jockey': 9, 'trainer': 10, 'previous_run': 12, 'time': 17} extracted=7 stated=7
2026-08-12 19:52:25,064 | INFO | app.scrapers.winning_form_scraper | race_parsed url=https://legacy.winningform.co.za/GAU/2J260816_7.htm venue=Turffontein New Course date=2026-08-16 race=7 stated=7 parsed=7
2026-08-12 19:52:25,065 | INFO | app.scrapers.winning_form_scraper | horse_names=['Itsnowornever', 'Spirit Of Gabz', 'Play With Fire', 'American Rebel', 'Circle Of Grace', 'Heroic Act', 'Knight Heist']
2026-08-12 19:52:25,228 | INFO | httpx | HTTP Request: GET https://legacy.winningform.co.za/GAU/2J260816_8.htm "HTTP/1.1 200 OK"
2026-08-12 19:52:25,322 | INFO | app.scrapers.winning_form_scraper | runner_table_used columns={'number': 0, 'name': 1, 'length_behind': 2, 'speed_index': 3, 'predicted_time': 4, 'merit': 5, 'weight': 6, 'draw': 7, 'jockey': 9, 'trainer': 10, 'previous_run': 12, 'time': 17} extracted=10 stated=10
2026-08-12 19:52:25,323 | INFO | app.scrapers.winning_form_scraper | race_parsed url=https://legacy.winningform.co.za/GAU/2J260816_8.htm venue=Turffontein New Course date=2026-08-16 race=8 stated=10 parsed=10
2026-08-12 19:52:25,323 | INFO | app.scrapers.winning_form_scraper | horse_names=['Nkandla Gold', 'Time Will Tell', 'Kotinos', 'King Bluetooth', 'Sunshine Day', 'Irish Wilma', 'Iconic Winter', 'Echoes Of War', 'Phala Millions', 'Star Magnolia']
2026-08-12 19:52:25,404 | INFO | app.services.monitoring_service | monitoring_cycle_completed
2026-08-12 19:52:25,404 | INFO | app.main | application_started
2026-08-12 19:58:54,835 | INFO | apscheduler.scheduler | Scheduler has been shut down
2026-08-12 19:58:54,840 | INFO | app.main | application_stopped
