2026-07-29 10:52:48,909 | INFO | apscheduler.scheduler | Adding job tentatively -- it will be properly scheduled when the scheduler starts
2026-07-29 10:52:48,910 | INFO | apscheduler.scheduler | Added job "MonitoringService.run_cycle" to job store "default"
2026-07-29 10:52:48,911 | INFO | apscheduler.scheduler | Scheduler started
2026-07-29 10:52:48,911 | INFO | app.services.monitoring_service | monitoring_cycle_started
2026-07-29 10:52:49,210 | INFO | httpx | HTTP Request: GET https://legacy.winningform.co.za "HTTP/1.1 200 OK"
2026-07-29 10:52:49,214 | INFO | app.scrapers.winning_form_scraper | fetch_index_frames=['https://legacy.winningform.co.za/guide.htm', 'https://legacy.winningform.co.za/cover.htm']
2026-07-29 10:52:49,310 | INFO | httpx | HTTP Request: GET https://legacy.winningform.co.za "HTTP/1.1 200 OK"
2026-07-29 10:52:49,440 | INFO | httpx | HTTP Request: GET https://legacy.winningform.co.za/guide.htm "HTTP/1.1 200 OK"
2026-07-29 10:52:49,553 | INFO | httpx | HTTP Request: GET https://legacy.winningform.co.za/cover.htm "HTTP/1.1 200 OK"
2026-07-29 10:52:49,710 | INFO | httpx | HTTP Request: GET https://legacy.winningform.co.za "HTTP/1.1 200 OK"
2026-07-29 10:52:49,828 | INFO | httpx | HTTP Request: GET https://legacy.winningform.co.za/guide.htm "HTTP/1.1 200 OK"
2026-07-29 10:52:49,943 | INFO | httpx | HTTP Request: GET https://legacy.winningform.co.za/cover.htm "HTTP/1.1 200 OK"
2026-07-29 10:52:49,959 | INFO | app.scrapers.winning_form_scraper | race_links_total=49
2026-07-29 10:52:49,960 | INFO | app.scrapers.winning_form_scraper | meetings_seen=['ecp-f260731', 'gau-r260730', 'gau-t260801', 'kzn-s260729', 'kzn-s260802', 'zim-h260731']
2026-07-29 10:52:50,081 | INFO | httpx | HTTP Request: GET https://legacy.winningform.co.za/KZN/2S260729_1.htm "HTTP/1.1 200 OK"
2026-07-29 10:52:50,190 | INFO | app.scrapers.winning_form_scraper | runner_table_used columns={'number': 0, 'name': 1, 'length_behind': 2, 'speed_index': 3, 'predicted_time': 4, 'merit': 5, 'weight': 6, 'draw': 7, 'jockey': 9, 'trainer': 10} extracted=10 stated=10
2026-07-29 10:52:50,190 | INFO | app.scrapers.winning_form_scraper | race_parsed url=https://legacy.winningform.co.za/KZN/2S260729_1.htm venue=Hollywoodbets Scottsville Outer date=2026-07-29 race=1 stated=10 parsed=10
2026-07-29 10:52:50,190 | INFO | app.scrapers.winning_form_scraper | horse_names=['Lenoxx', 'Scots Wae Hae', 'African Ruby', 'Nautical Fire', 'Thunder Star', 'Kiartay', "Rachel's Boy", 'Bon Appetite', 'Ka Chow', 'Clean Sweep']
2026-07-29 10:52:50,384 | INFO | httpx | HTTP Request: GET https://legacy.winningform.co.za/KZN/2S260729_2.htm "HTTP/1.1 200 OK"
2026-07-29 10:52:50,492 | INFO | app.scrapers.winning_form_scraper | runner_table_used columns={'number': 0, 'name': 1, 'length_behind': 2, 'speed_index': 3, 'predicted_time': 4, 'merit': 5, 'weight': 6, 'draw': 7, 'jockey': 9, 'trainer': 10} extracted=17 stated=17
2026-07-29 10:52:50,493 | INFO | app.scrapers.winning_form_scraper | race_parsed url=https://legacy.winningform.co.za/KZN/2S260729_2.htm venue=Hollywoodbets Scottsville Outer date=2026-07-29 race=2 stated=17 parsed=16
2026-07-29 10:52:50,493 | INFO | app.scrapers.winning_form_scraper | horse_names=['Gimme A Fireball', 'Arkadin', "Trip To Maverick's", 'Scotch Again', 'Daswa', 'Majestic Limpopo', 'Cannon Bolt', 'Akihito', 'French War Lord', 'In The Red', "Pinkerton's Son", 'Red Jubilee', 'Cue Stick', 'Sebastiaan', 'Reign Man', 'Wisdom Seeker', 'A M C Roy On Fire']
2026-07-29 10:52:50,713 | INFO | httpx | HTTP Request: GET https://legacy.winningform.co.za/KZN/2S260729_3.htm "HTTP/1.1 200 OK"
2026-07-29 10:52:50,768 | INFO | app.scrapers.winning_form_scraper | runner_table_used columns={'number': 0, 'name': 1, 'length_behind': 2, 'speed_index': 3, 'predicted_time': 4, 'merit': 5, 'weight': 6, 'draw': 7, 'jockey': 9, 'trainer': 10} extracted=10 stated=10
2026-07-29 10:52:50,769 | INFO | app.scrapers.winning_form_scraper | race_parsed url=https://legacy.winningform.co.za/KZN/2S260729_3.htm venue=Hollywoodbets Scottsville Inner date=2026-07-29 race=3 stated=10 parsed=10
2026-07-29 10:52:50,769 | INFO | app.scrapers.winning_form_scraper | horse_names=['Trip To Venus', 'Sparrow Man', 'The Flat Cat', 'Captain Josh', 'Royal Sceptre', "Roy's Glorious", 'United Tides', 'A M C Voter', 'Stealth Mode', 'Judiciary']
2026-07-29 10:52:50,943 | INFO | httpx | HTTP Request: GET https://legacy.winningform.co.za/KZN/2S260729_4.htm "HTTP/1.1 200 OK"
2026-07-29 10:52:51,006 | INFO | app.scrapers.winning_form_scraper | runner_table_used columns={'number': 0, 'name': 1, 'length_behind': 2, 'speed_index': 3, 'predicted_time': 4, 'merit': 5, 'weight': 6, 'draw': 7, 'jockey': 9, 'trainer': 10} extracted=9 stated=9
2026-07-29 10:52:51,007 | INFO | app.scrapers.winning_form_scraper | race_parsed url=https://legacy.winningform.co.za/KZN/2S260729_4.htm venue=Hollywoodbets Scottsville Inner date=2026-07-29 race=4 stated=9 parsed=9
2026-07-29 10:52:51,007 | INFO | app.scrapers.winning_form_scraper | horse_names=['Blenheim Palace', 'Soho Celebrity', 'Magical Spring', 'Valli Gal', 'Hazel Green', 'Scarlet Empress', 'Lilbitofmonica', "Tomorrow's Summer", 'Summer Flirt']
2026-07-29 10:52:51,191 | INFO | httpx | HTTP Request: GET https://legacy.winningform.co.za/KZN/2S260729_5.htm "HTTP/1.1 200 OK"
2026-07-29 10:52:51,305 | INFO | app.scrapers.winning_form_scraper | runner_table_used columns={'number': 0, 'name': 1, 'length_behind': 2, 'speed_index': 3, 'predicted_time': 4, 'merit': 5, 'weight': 6, 'draw': 7, 'jockey': 9, 'trainer': 10} extracted=9 stated=9
2026-07-29 10:52:51,305 | INFO | app.scrapers.winning_form_scraper | race_parsed url=https://legacy.winningform.co.za/KZN/2S260729_5.htm venue=Hollywoodbets Scottsville Outer date=2026-07-29 race=5 stated=9 parsed=9
2026-07-29 10:52:51,306 | INFO | app.scrapers.winning_form_scraper | horse_names=['Sohot Sowhat', 'Disting', 'Lock And Key', 'Flying Fate', 'Buttercup Baby', 'Light Of Gabriel', 'Seven No Trump', 'Tara Star', 'Match That']
2026-07-29 10:52:51,517 | INFO | httpx | HTTP Request: GET https://legacy.winningform.co.za/KZN/2S260729_6.htm "HTTP/1.1 200 OK"
2026-07-29 10:52:51,581 | INFO | app.scrapers.winning_form_scraper | runner_table_used columns={'number': 0, 'name': 1, 'length_behind': 2, 'speed_index': 3, 'predicted_time': 4, 'merit': 5, 'weight': 6, 'draw': 7, 'jockey': 9, 'trainer': 10} extracted=9 stated=9
2026-07-29 10:52:51,581 | INFO | app.scrapers.winning_form_scraper | race_parsed url=https://legacy.winningform.co.za/KZN/2S260729_6.htm venue=Hollywoodbets Scottsville Inner date=2026-07-29 race=6 stated=9 parsed=8
2026-07-29 10:52:51,581 | INFO | app.scrapers.winning_form_scraper | horse_names=['Mister Nibbles', 'Phutulicious', 'Klein Karoo', 'Targaryen Knight', 'Danube', 'The Marquee', 'Red Mountain', 'Coast Of The Sun', 'Frostbite']
2026-07-29 10:52:51,794 | INFO | httpx | HTTP Request: GET https://legacy.winningform.co.za/KZN/2S260729_7.htm "HTTP/1.1 200 OK"
2026-07-29 10:52:51,858 | INFO | app.scrapers.winning_form_scraper | runner_table_used columns={'number': 0, 'name': 1, 'length_behind': 2, 'speed_index': 3, 'predicted_time': 4, 'merit': 5, 'weight': 6, 'draw': 7, 'jockey': 9, 'trainer': 10} extracted=9 stated=9
2026-07-29 10:52:51,858 | INFO | app.scrapers.winning_form_scraper | race_parsed url=https://legacy.winningform.co.za/KZN/2S260729_7.htm venue=Hollywoodbets Scottsville Inner date=2026-07-29 race=7 stated=9 parsed=9
2026-07-29 10:52:51,859 | INFO | app.scrapers.winning_form_scraper | horse_names=['Act Of Grace', 'Spirit Of Shimla', 'Treasure Island', 'Hunga Tonga', 'Prom Queen', 'Last Car To Pass', 'Pretty Kara', 'Another Dream', 'Deepest Water']
2026-07-29 10:52:52,054 | INFO | httpx | HTTP Request: GET https://legacy.winningform.co.za/KZN/2S260729_8.htm "HTTP/1.1 200 OK"
2026-07-29 10:52:52,168 | INFO | app.scrapers.winning_form_scraper | runner_table_used columns={'number': 0, 'name': 1, 'length_behind': 2, 'speed_index': 3, 'predicted_time': 4, 'merit': 5, 'weight': 6, 'draw': 7, 'jockey': 9, 'trainer': 10} extracted=18 stated=18
2026-07-29 10:52:52,168 | INFO | app.scrapers.winning_form_scraper | race_parsed url=https://legacy.winningform.co.za/KZN/2S260729_8.htm venue=Hollywoodbets Scottsville Inner date=2026-07-29 race=8 stated=18 parsed=15
2026-07-29 10:52:52,169 | INFO | app.scrapers.winning_form_scraper | horse_names=["Gardener's Pride", 'Ragnar The King', 'Double Olympic', 'Splash Of Love', 'La Maddalena', 'Global Movement', 'Irish Anthem', 'Pongola', "Kimball O'hara", 'I Am Classy', 'Gorgeous Dude', 'Christmas Rose', 'Wander Skitt', 'Fort Usher', "Ziyan's Pride", 'Run To Rio', 'Twocantango', 'National Dream']
2026-07-29 10:52:52,379 | INFO | httpx | HTTP Request: GET https://legacy.winningform.co.za/GAU/2R260730_1.htm "HTTP/1.1 200 OK"
2026-07-29 10:52:52,413 | INFO | app.scrapers.winning_form_scraper | runner_table_used columns={'number': 0, 'name': 1, 'length_behind': 2, 'speed_index': 3, 'predicted_time': 4, 'merit': 5, 'weight': 6, 'draw': 7, 'jockey': 9, 'trainer': 10} extracted=8 stated=8
2026-07-29 10:52:52,413 | INFO | app.scrapers.winning_form_scraper | race_parsed url=https://legacy.winningform.co.za/GAU/2R260730_1.htm venue=Vaal Classic date=2026-07-30 race=1 stated=8 parsed=8
2026-07-29 10:52:52,413 | INFO | app.scrapers.winning_form_scraper | horse_names=["Rafeef's Queen", 'Miss Honey Bee', 'Royal Rant', 'Miss Fire Arrow', 'San Francisco', 'Navigatrix', 'Pretty Girl', 'Volare Veloce']
2026-07-29 10:52:52,572 | INFO | httpx | HTTP Request: GET https://legacy.winningform.co.za/GAU/2R260730_2.htm "HTTP/1.1 200 OK"
2026-07-29 10:52:52,601 | INFO | app.scrapers.winning_form_scraper | runner_table_used columns={'number': 0, 'name': 1, 'length_behind': 2, 'speed_index': 3, 'predicted_time': 4, 'merit': 5, 'weight': 6, 'draw': 7, 'jockey': 9, 'trainer': 10} extracted=9 stated=9
2026-07-29 10:52:52,601 | INFO | app.scrapers.winning_form_scraper | race_parsed url=https://legacy.winningform.co.za/GAU/2R260730_2.htm venue=Vaal Classic date=2026-07-30 race=2 stated=9 parsed=9
2026-07-29 10:52:52,602 | INFO | app.scrapers.winning_form_scraper | horse_names=['Tenareef', 'Captain Cooper', 'Flotilla', 'North Star Fury', 'Chic Shack', 'Hawkeye', 'Mocha Magic', 'Reachingforthemoon', 'Red Viking']
2026-07-29 10:52:52,772 | INFO | httpx | HTTP Request: GET https://legacy.winningform.co.za/GAU/2R260730_3.htm "HTTP/1.1 200 OK"
2026-07-29 10:52:52,815 | INFO | app.scrapers.winning_form_scraper | runner_table_used columns={'number': 0, 'name': 1, 'length_behind': 2, 'speed_index': 3, 'predicted_time': 4, 'merit': 5, 'weight': 6, 'draw': 7, 'jockey': 9, 'trainer': 10} extracted=8 stated=8
2026-07-29 10:52:52,815 | INFO | app.scrapers.winning_form_scraper | race_parsed url=https://legacy.winningform.co.za/GAU/2R260730_3.htm venue=Vaal Classic date=2026-07-30 race=3 stated=8 parsed=8
2026-07-29 10:52:52,815 | INFO | app.scrapers.winning_form_scraper | horse_names=['Beautiful One', 'Two Tigers', 'Berry Lancer', 'Dreaming Of Youth', "Leanne's Love", 'Dreadnought', 'Pittar', 'Walkinginthewoods']
2026-07-29 10:52:52,995 | INFO | httpx | HTTP Request: GET https://legacy.winningform.co.za/GAU/2R260730_4.htm "HTTP/1.1 200 OK"
2026-07-29 10:52:53,046 | INFO | app.scrapers.winning_form_scraper | runner_table_used columns={'number': 0, 'name': 1, 'length_behind': 2, 'speed_index': 3, 'predicted_time': 4, 'merit': 5, 'weight': 6, 'draw': 7, 'jockey': 9, 'trainer': 10} extracted=9 stated=9
2026-07-29 10:52:53,047 | INFO | app.scrapers.winning_form_scraper | race_parsed url=https://legacy.winningform.co.za/GAU/2R260730_4.htm venue=Vaal Classic date=2026-07-30 race=4 stated=9 parsed=9
2026-07-29 10:52:53,047 | INFO | app.scrapers.winning_form_scraper | horse_names=['Duke Of Lorraine', 'Vixeninthevineyard', 'Uncle Bob', 'Angle Of Attack', 'Silver Comet', 'Crimson Ranger', 'Echo Of The Wild', 'Gus On The Bus', 'Sivaji']
2026-07-29 10:52:53,402 | INFO | httpx | HTTP Request: GET https://legacy.winningform.co.za/GAU/2R260730_5.htm "HTTP/1.1 200 OK"
2026-07-29 10:52:53,471 | INFO | app.scrapers.winning_form_scraper | runner_table_used columns={'number': 0, 'name': 1, 'length_behind': 2, 'speed_index': 3, 'predicted_time': 4, 'merit': 5, 'weight': 6, 'draw': 7, 'jockey': 9, 'trainer': 10} extracted=9 stated=9
2026-07-29 10:52:53,472 | INFO | app.scrapers.winning_form_scraper | race_parsed url=https://legacy.winningform.co.za/GAU/2R260730_5.htm venue=Vaal Classic date=2026-07-30 race=5 stated=9 parsed=9
2026-07-29 10:52:53,472 | INFO | app.scrapers.winning_form_scraper | horse_names=['Art Nouveau', 'Frangipani', 'Azaleas For All', 'Boom Boom', 'Surprise Party', 'Lady Sabrina', 'Lady Blunt', 'Juliet Tango', 'Mount Etna']
2026-07-29 10:52:53,807 | INFO | httpx | HTTP Request: GET https://legacy.winningform.co.za/GAU/2R260730_6.htm "HTTP/1.1 200 OK"
2026-07-29 10:52:53,886 | INFO | app.scrapers.winning_form_scraper | runner_table_used columns={'number': 0, 'name': 1, 'length_behind': 2, 'speed_index': 3, 'predicted_time': 4, 'merit': 5, 'weight': 6, 'draw': 7, 'jockey': 9, 'trainer': 10} extracted=10 stated=10
2026-07-29 10:52:53,887 | INFO | app.scrapers.winning_form_scraper | race_parsed url=https://legacy.winningform.co.za/GAU/2R260730_6.htm venue=Vaal Classic date=2026-07-30 race=6 stated=10 parsed=10
2026-07-29 10:52:53,887 | INFO | app.scrapers.winning_form_scraper | horse_names=['Hopscotch', 'Bold Action', 'Utsaah', 'Play With Fire', "Kylie's Angel", "Ariel's Jet", 'Be My Fate', 'Chariklo', 'Wise Counsel', 'Cocomelon']
2026-07-29 10:52:54,427 | INFO | httpx | HTTP Request: GET https://legacy.winningform.co.za/GAU/2R260730_7.htm "HTTP/1.1 200 OK"
2026-07-29 10:52:54,519 | INFO | app.scrapers.winning_form_scraper | runner_table_used columns={'number': 0, 'name': 1, 'length_behind': 2, 'speed_index': 3, 'predicted_time': 4, 'merit': 5, 'weight': 6, 'draw': 7, 'jockey': 9, 'trainer': 10} extracted=10 stated=10
2026-07-29 10:52:54,519 | INFO | app.scrapers.winning_form_scraper | race_parsed url=https://legacy.winningform.co.za/GAU/2R260730_7.htm venue=Vaal Classic date=2026-07-30 race=7 stated=10 parsed=10
2026-07-29 10:52:54,520 | INFO | app.scrapers.winning_form_scraper | horse_names=['Stop The Traffic', 'Full Go', 'Last Ginger', 'Circle Of Grace', 'Itsnowornever', 'Ghostbuster', 'Thambi', 'Gold De Grace', 'Red Sparrow', 'Cover Charge']
2026-07-29 10:52:54,791 | INFO | httpx | HTTP Request: GET https://legacy.winningform.co.za/GAU/2R260730_8.htm "HTTP/1.1 200 OK"
2026-07-29 10:52:54,859 | INFO | app.scrapers.winning_form_scraper | runner_table_used columns={'number': 0, 'name': 1, 'length_behind': 2, 'speed_index': 3, 'predicted_time': 4, 'merit': 5, 'weight': 6, 'draw': 7, 'jockey': 9, 'trainer': 10} extracted=8 stated=8
2026-07-29 10:52:54,859 | INFO | app.scrapers.winning_form_scraper | race_parsed url=https://legacy.winningform.co.za/GAU/2R260730_8.htm venue=Vaal Classic date=2026-07-30 race=8 stated=8 parsed=8
2026-07-29 10:52:54,859 | INFO | app.scrapers.winning_form_scraper | horse_names=['Time Will Tell', 'Twentytwentyvision', 'Hammer Blow', 'Arilena', 'Taking A Risk', 'Sergeant Soqrat', 'Champagne Problems', 'Raining Rubies']
2026-07-29 10:52:55,380 | INFO | httpx | HTTP Request: GET https://legacy.winningform.co.za/GAU/2R260730_9.htm "HTTP/1.1 200 OK"
2026-07-29 10:52:55,515 | INFO | app.scrapers.winning_form_scraper | runner_table_used columns={'number': 0, 'name': 1, 'length_behind': 2, 'speed_index': 3, 'predicted_time': 4, 'merit': 5, 'weight': 6, 'draw': 7, 'jockey': 9, 'trainer': 10} extracted=17 stated=17
2026-07-29 10:52:55,516 | INFO | app.scrapers.winning_form_scraper | race_parsed url=https://legacy.winningform.co.za/GAU/2R260730_9.htm venue=Vaal Classic date=2026-07-30 race=9 stated=17 parsed=17
2026-07-29 10:52:55,516 | INFO | app.scrapers.winning_form_scraper | horse_names=['Golden Warrior', 'Satyagraha', 'Elusive Red', 'Dear Doc', "Can't Catch Me", 'Snow Moon', 'Pearl In Her Crown', 'Eiffel Tower', 'Pretty Analia', 'Shoreybomba', 'Shori Kai', 'Jabari Thimba', 'Lady Elliot', 'Prized Platinum', 'On A Jet Plane', 'Space Mission', 'Baby Red']
2026-07-29 10:52:55,694 | INFO | httpx | HTTP Request: GET https://legacy.winningform.co.za/ECP/2F260731_1.htm "HTTP/1.1 200 OK"
2026-07-29 10:52:55,729 | INFO | app.scrapers.winning_form_scraper | runner_table_used columns={'number': 0, 'name': 1, 'length_behind': 2, 'speed_index': 3, 'predicted_time': 4, 'merit': 5, 'weight': 6, 'draw': 7, 'jockey': 9, 'trainer': 10} extracted=8 stated=8
2026-07-29 10:52:55,729 | INFO | app.scrapers.winning_form_scraper | race_parsed url=https://legacy.winningform.co.za/ECP/2F260731_1.htm venue=Fairview date=2026-07-31 race=1 stated=8 parsed=8
2026-07-29 10:52:55,730 | INFO | app.scrapers.winning_form_scraper | horse_names=['Eternal Spirit', "Nobody's Perfect", 'Seattle Glow', 'Camden Square', "Queen's Away", 'Roses For Trex', 'Bumble Bee', 'So Welcome']
2026-07-29 10:52:55,900 | INFO | httpx | HTTP Request: GET https://legacy.winningform.co.za/ECP/2F260731_2.htm "HTTP/1.1 200 OK"
2026-07-29 10:52:55,972 | INFO | app.scrapers.winning_form_scraper | runner_table_used columns={'number': 0, 'name': 1, 'length_behind': 2, 'speed_index': 3, 'predicted_time': 4, 'merit': 5, 'weight': 6, 'draw': 7, 'jockey': 9, 'trainer': 10} extracted=12 stated=12
2026-07-29 10:52:55,972 | INFO | app.scrapers.winning_form_scraper | race_parsed url=https://legacy.winningform.co.za/ECP/2F260731_2.htm venue=Fairview date=2026-07-31 race=2 stated=12 parsed=12
2026-07-29 10:52:55,972 | INFO | app.scrapers.winning_form_scraper | horse_names=['Good Shine', 'Peekaboo', 'Mediterraneanflame', 'Made To Measure', 'Champagne Blaze', 'Witching Hour', 'Gimmethegold', 'Pretty Boy', 'Kaleesh Cyborg', 'Total Eruption', 'Matter Of Trust', 'Makajima']
2026-07-29 10:52:56,147 | INFO | httpx | HTTP Request: GET https://legacy.winningform.co.za/ECP/2F260731_3.htm "HTTP/1.1 200 OK"
2026-07-29 10:52:56,279 | INFO | app.scrapers.winning_form_scraper | runner_table_used columns={'number': 0, 'name': 1, 'length_behind': 2, 'speed_index': 3, 'predicted_time': 4, 'merit': 5, 'weight': 6, 'draw': 7, 'jockey': 9, 'trainer': 10} extracted=9 stated=9
2026-07-29 10:52:56,279 | INFO | app.scrapers.winning_form_scraper | race_parsed url=https://legacy.winningform.co.za/ECP/2F260731_3.htm venue=Fairview date=2026-07-31 race=3 stated=9 parsed=9
2026-07-29 10:52:56,279 | INFO | app.scrapers.winning_form_scraper | horse_names=['Lovely Dancer', 'J Lordi', 'Rock Up', 'Jewel Mule', 'Alesian Beau', 'Here Comes Johnny', 'American Gem', 'Chim Chim Cheree', 'Cautionary']
2026-07-29 10:52:56,535 | INFO | httpx | HTTP Request: GET https://legacy.winningform.co.za/ECP/2F260731_4.htm "HTTP/1.1 200 OK"
2026-07-29 10:52:56,589 | INFO | app.scrapers.winning_form_scraper | runner_table_used columns={'number': 0, 'name': 1, 'length_behind': 2, 'speed_index': 3, 'predicted_time': 4, 'merit': 5, 'weight': 6, 'draw': 7, 'jockey': 9, 'trainer': 10} extracted=7 stated=7
2026-07-29 10:52:56,589 | INFO | app.scrapers.winning_form_scraper | race_parsed url=https://legacy.winningform.co.za/ECP/2F260731_4.htm venue=Fairview date=2026-07-31 race=4 stated=7 parsed=7
2026-07-29 10:52:56,590 | INFO | app.scrapers.winning_form_scraper | horse_names=['Imaginable', 'Black Egret', 'Tintamarre', 'Warrior Of Royalty', 'Ravilious', 'Joker Man', 'Galileo Star']
2026-07-29 10:52:56,760 | INFO | httpx | HTTP Request: GET https://legacy.winningform.co.za/ECP/2F260731_5.htm "HTTP/1.1 200 OK"
2026-07-29 10:52:56,821 | INFO | app.scrapers.winning_form_scraper | runner_table_used columns={'number': 0, 'name': 1, 'length_behind': 2, 'speed_index': 3, 'predicted_time': 4, 'merit': 5, 'weight': 6, 'draw': 7, 'jockey': 9, 'trainer': 10} extracted=8 stated=8
2026-07-29 10:52:56,822 | INFO | app.scrapers.winning_form_scraper | race_parsed url=https://legacy.winningform.co.za/ECP/2F260731_5.htm venue=Fairview date=2026-07-31 race=5 stated=8 parsed=8
2026-07-29 10:52:56,822 | INFO | app.scrapers.winning_form_scraper | horse_names=['All Systems Go', 'Play Act', 'Clairwood Rose', 'Faraway Girl', 'Arashi', 'Can You Danse', 'Ventura Boulevard', 'Rip Wheeler']
2026-07-29 10:52:57,031 | INFO | httpx | HTTP Request: GET https://legacy.winningform.co.za/ECP/2F260731_6.htm "HTTP/1.1 200 OK"
2026-07-29 10:52:57,120 | INFO | app.scrapers.winning_form_scraper | runner_table_used columns={'number': 0, 'name': 1, 'length_behind': 2, 'speed_index': 3, 'predicted_time': 4, 'merit': 5, 'weight': 6, 'draw': 7, 'jockey': 9, 'trainer': 10} extracted=12 stated=12
2026-07-29 10:52:57,121 | INFO | app.scrapers.winning_form_scraper | race_parsed url=https://legacy.winningform.co.za/ECP/2F260731_6.htm venue=Fairview date=2026-07-31 race=6 stated=12 parsed=12
2026-07-29 10:52:57,121 | INFO | app.scrapers.winning_form_scraper | horse_names=['Winteronthegreen', 'Whirlybird', 'Moscow Miss', 'Thread Of Life', 'Greenlight Dancer', 'Atlantic Pearl', 'Physiologus', 'Blowin In The Wind', 'New Day', 'Marketa', 'Timeline', 'Wild Star']
2026-07-29 10:52:57,354 | INFO | httpx | HTTP Request: GET https://legacy.winningform.co.za/ECP/2F260731_7.htm "HTTP/1.1 200 OK"
2026-07-29 10:52:57,446 | INFO | app.scrapers.winning_form_scraper | runner_table_used columns={'number': 0, 'name': 1, 'length_behind': 2, 'speed_index': 3, 'predicted_time': 4, 'merit': 5, 'weight': 6, 'draw': 7, 'jockey': 9, 'trainer': 10} extracted=12 stated=12
2026-07-29 10:52:57,446 | INFO | app.scrapers.winning_form_scraper | race_parsed url=https://legacy.winningform.co.za/ECP/2F260731_7.htm venue=Fairview date=2026-07-31 race=7 stated=12 parsed=12
2026-07-29 10:52:57,447 | INFO | app.scrapers.winning_form_scraper | horse_names=['Bel Canto Dream', 'Blame It On Me', 'Rhydian', 'El Romiachi', 'Disruptive', 'Amanatto', 'Show Off', 'Hospices De Beaune', 'Bosnay', 'Tokyo Princess', 'Royal Dawn', 'Fantine']
2026-07-29 10:52:57,627 | INFO | httpx | HTTP Request: GET https://legacy.winningform.co.za/ECP/2F260731_8.htm "HTTP/1.1 200 OK"
2026-07-29 10:52:57,705 | INFO | app.scrapers.winning_form_scraper | runner_table_used columns={'number': 0, 'name': 1, 'length_behind': 2, 'speed_index': 3, 'predicted_time': 4, 'merit': 5, 'weight': 6, 'draw': 7, 'jockey': 9, 'trainer': 10} extracted=10 stated=10
2026-07-29 10:52:57,707 | INFO | app.scrapers.winning_form_scraper | race_parsed url=https://legacy.winningform.co.za/ECP/2F260731_8.htm venue=Fairview date=2026-07-31 race=8 stated=10 parsed=10
2026-07-29 10:52:57,708 | INFO | app.scrapers.winning_form_scraper | horse_names=['Lana View', 'Qondanekukhanyeni', 'Oncidium', 'Flower Festival', 'Royal Kailani', "Captain's Jet", 'Potenza', 'Back For More', "Babette's Feast", 'Mountain High']
2026-07-29 10:52:57,902 | INFO | httpx | HTTP Request: GET https://legacy.winningform.co.za/ECP/2F260731_9.htm "HTTP/1.1 200 OK"
2026-07-29 10:52:58,032 | INFO | app.scrapers.winning_form_scraper | runner_table_used columns={'number': 0, 'name': 1, 'length_behind': 2, 'speed_index': 3, 'predicted_time': 4, 'merit': 5, 'weight': 6, 'draw': 7, 'jockey': 9, 'trainer': 10} extracted=18 stated=18
2026-07-29 10:52:58,032 | INFO | app.scrapers.winning_form_scraper | race_parsed url=https://legacy.winningform.co.za/ECP/2F260731_9.htm venue=Fairview date=2026-07-31 race=9 stated=18 parsed=18
2026-07-29 10:52:58,032 | INFO | app.scrapers.winning_form_scraper | horse_names=['San Quintin', 'Global Speak', 'Rototo', 'Drielandenpunt', 'Global Drumbeat', 'Golden Grey', "Silvano's Song", 'Preserve Forever', 'Crepuscolo', "Alado's Pride", 'Flash Lightning', 'Arividicio', 'Osmium', 'Celtique', "Tori's Girl", 'Terminal Velocity', 'Satellite World', 'Woman In Gold']
2026-07-29 10:52:58,230 | INFO | httpx | HTTP Request: GET https://legacy.winningform.co.za/ZIM/2H260731_1.htm "HTTP/1.1 200 OK"
2026-07-29 10:52:58,269 | INFO | app.scrapers.winning_form_scraper | runner_table_used columns={'number': 0, 'name': 1, 'length_behind': 2, 'speed_index': 3, 'predicted_time': 4, 'merit': 5, 'weight': 6, 'draw': 7, 'jockey': 9, 'trainer': 10} extracted=6 stated=6
2026-07-29 10:52:58,270 | INFO | app.scrapers.winning_form_scraper | race_parsed url=https://legacy.winningform.co.za/ZIM/2H260731_1.htm venue=Borrowdale date=2026-07-31 race=1 stated=6 parsed=6
2026-07-29 10:52:58,270 | INFO | app.scrapers.winning_form_scraper | horse_names=['Firefly Lane', "Lion's Share", 'Roman Law', 'Wintery Mansion', 'Endearing Peace', 'Majik Wine']
2026-07-29 10:52:58,418 | INFO | httpx | HTTP Request: GET https://legacy.winningform.co.za/ZIM/2H260731_2.htm "HTTP/1.1 200 OK"
2026-07-29 10:52:58,476 | INFO | app.scrapers.winning_form_scraper | runner_table_used columns={'number': 0, 'name': 1, 'length_behind': 2, 'speed_index': 3, 'predicted_time': 4, 'merit': 5, 'weight': 6, 'draw': 7, 'jockey': 9, 'trainer': 10} extracted=6 stated=6
2026-07-29 10:52:58,476 | INFO | app.scrapers.winning_form_scraper | race_parsed url=https://legacy.winningform.co.za/ZIM/2H260731_2.htm venue=Borrowdale date=2026-07-31 race=2 stated=6 parsed=6
2026-07-29 10:52:58,476 | INFO | app.scrapers.winning_form_scraper | horse_names=['Zafar', 'Queen Of Fire', 'Diamond Jim', 'Red Top', 'Ultimate Jewel', 'Festival Of Light']
2026-07-29 10:52:58,644 | INFO | httpx | HTTP Request: GET https://legacy.winningform.co.za/ZIM/2H260731_3.htm "HTTP/1.1 200 OK"
2026-07-29 10:52:58,696 | INFO | app.scrapers.winning_form_scraper | runner_table_used columns={'number': 0, 'name': 1, 'length_behind': 2, 'speed_index': 3, 'predicted_time': 4, 'merit': 5, 'weight': 6, 'draw': 7, 'jockey': 9, 'trainer': 10} extracted=6 stated=6
2026-07-29 10:52:58,697 | INFO | app.scrapers.winning_form_scraper | race_parsed url=https://legacy.winningform.co.za/ZIM/2H260731_3.htm venue=Borrowdale date=2026-07-31 race=3 stated=6 parsed=6
2026-07-29 10:52:58,697 | INFO | app.scrapers.winning_form_scraper | horse_names=['Aerial Display', 'Mizzen Sword', 'Prince Of Denmark', 'Queen Of Montmatre', 'House Of Lords', 'Captain Carnage']
2026-07-29 10:52:58,849 | INFO | httpx | HTTP Request: GET https://legacy.winningform.co.za/ZIM/2H260731_4.htm "HTTP/1.1 200 OK"
2026-07-29 10:52:58,894 | INFO | app.scrapers.winning_form_scraper | runner_table_used columns={'number': 0, 'name': 1, 'length_behind': 2, 'speed_index': 3, 'predicted_time': 4, 'merit': 5, 'weight': 6, 'draw': 7, 'jockey': 9, 'trainer': 10} extracted=5 stated=5
2026-07-29 10:52:58,895 | INFO | app.scrapers.winning_form_scraper | race_parsed url=https://legacy.winningform.co.za/ZIM/2H260731_4.htm venue=Borrowdale date=2026-07-31 race=4 stated=5 parsed=5
2026-07-29 10:52:58,895 | INFO | app.scrapers.winning_form_scraper | horse_names=['Empire Blue', 'Copper Fire', 'When Evening Comes', 'Battle Of Seattle', 'Shes Everything']
2026-07-29 10:52:59,336 | INFO | httpx | HTTP Request: GET https://legacy.winningform.co.za/ZIM/2H260731_5.htm "HTTP/1.1 200 OK"
2026-07-29 10:52:59,376 | INFO | app.scrapers.winning_form_scraper | runner_table_used columns={'number': 0, 'name': 1, 'length_behind': 2, 'speed_index': 3, 'predicted_time': 4, 'merit': 5, 'weight': 6, 'draw': 7, 'jockey': 9, 'trainer': 10} extracted=4 stated=4
2026-07-29 10:52:59,377 | INFO | app.scrapers.winning_form_scraper | race_parsed url=https://legacy.winningform.co.za/ZIM/2H260731_5.htm venue=Borrowdale date=2026-07-31 race=5 stated=4 parsed=4
2026-07-29 10:52:59,377 | INFO | app.scrapers.winning_form_scraper | horse_names=['Ultra Pursuit', 'Pocket Watch', 'Coppola', 'Guerra']
2026-07-29 10:52:59,536 | INFO | httpx | HTTP Request: GET https://legacy.winningform.co.za/ZIM/2H260731_6.htm "HTTP/1.1 200 OK"
2026-07-29 10:52:59,578 | INFO | app.scrapers.winning_form_scraper | runner_table_used columns={'number': 0, 'name': 1, 'length_behind': 2, 'speed_index': 3, 'predicted_time': 4, 'merit': 5, 'weight': 6, 'draw': 7, 'jockey': 9, 'trainer': 10} extracted=4 stated=4
2026-07-29 10:52:59,579 | INFO | app.scrapers.winning_form_scraper | race_parsed url=https://legacy.winningform.co.za/ZIM/2H260731_6.htm venue=Borrowdale date=2026-07-31 race=6 stated=4 parsed=4
2026-07-29 10:52:59,579 | INFO | app.scrapers.winning_form_scraper | horse_names=['Robin Of Locksley', 'Kagura', 'Magic Exists', 'Majestic Warrior']
2026-07-29 10:52:59,707 | INFO | httpx | HTTP Request: GET https://legacy.winningform.co.za/ZIM/2H260731_7.htm "HTTP/1.1 200 OK"
2026-07-29 10:52:59,739 | INFO | app.scrapers.winning_form_scraper | runner_table_used columns={'number': 0, 'name': 1, 'length_behind': 2, 'speed_index': 3, 'predicted_time': 4, 'merit': 5, 'weight': 6, 'draw': 7, 'jockey': 9, 'trainer': 10} extracted=5 stated=5
2026-07-29 10:52:59,739 | INFO | app.scrapers.winning_form_scraper | race_parsed url=https://legacy.winningform.co.za/ZIM/2H260731_7.htm venue=Borrowdale date=2026-07-31 race=7 stated=5 parsed=5
2026-07-29 10:52:59,740 | INFO | app.scrapers.winning_form_scraper | horse_names=['Sally Port', 'Princess Lucy', 'Matilda Fitzwalter', 'Tranquil Judi', 'Waiting On Charlie']
2026-07-29 10:52:59,869 | INFO | httpx | HTTP Request: GET https://legacy.winningform.co.za/GAU/2T260801_1.htm "HTTP/1.1 200 OK"
2026-07-29 10:52:59,910 | INFO | app.scrapers.winning_form_scraper | runner_table_used columns={'number': 0, 'name': 1, 'length_behind': 2, 'speed_index': 3, 'predicted_time': 4, 'merit': 5, 'weight': 6, 'draw': 7, 'jockey': 9, 'trainer': 10} extracted=9 stated=9
2026-07-29 10:52:59,910 | INFO | app.scrapers.winning_form_scraper | race_parsed url=https://legacy.winningform.co.za/GAU/2T260801_1.htm venue=Turffontein date=2026-08-01 race=1 stated=9 parsed=9
2026-07-29 10:52:59,911 | INFO | app.scrapers.winning_form_scraper | horse_names=["Jack's Legacy", 'Without Remorse', 'Purple Rain', 'Bellflower', 'Northern European', 'Raspberry Delight', 'Greenhilsofjamaica', 'Totheplaceibelong', 'Lady Aarya']
2026-07-29 10:53:00,129 | INFO | httpx | HTTP Request: GET https://legacy.winningform.co.za/GAU/2T260801_2.htm "HTTP/1.1 200 OK"
2026-07-29 10:53:00,175 | INFO | app.scrapers.winning_form_scraper | runner_table_used columns={'number': 0, 'name': 1, 'length_behind': 2, 'speed_index': 3, 'predicted_time': 4, 'merit': 5, 'weight': 6, 'draw': 7, 'jockey': 9, 'trainer': 10} extracted=7 stated=7
2026-07-29 10:53:00,176 | INFO | app.scrapers.winning_form_scraper | race_parsed url=https://legacy.winningform.co.za/GAU/2T260801_2.htm venue=Turffontein date=2026-08-01 race=2 stated=7 parsed=7
2026-07-29 10:53:00,176 | INFO | app.scrapers.winning_form_scraper | horse_names=['One Tiger', 'Sakura Hanami', 'Spy Story', 'Geostorm', 'Sherlock Holmes', "Trompe L'oeil", 'Matroosberg']
2026-07-29 10:53:00,340 | INFO | httpx | HTTP Request: GET https://legacy.winningform.co.za/GAU/2T260801_3.htm "HTTP/1.1 200 OK"
2026-07-29 10:53:00,396 | INFO | app.scrapers.winning_form_scraper | runner_table_used columns={'number': 0, 'name': 1, 'length_behind': 2, 'speed_index': 3, 'predicted_time': 4, 'merit': 5, 'weight': 6, 'draw': 7, 'jockey': 9, 'trainer': 10} extracted=7 stated=7
2026-07-29 10:53:00,397 | INFO | app.scrapers.winning_form_scraper | race_parsed url=https://legacy.winningform.co.za/GAU/2T260801_3.htm venue=Turffontein date=2026-08-01 race=3 stated=7 parsed=7
2026-07-29 10:53:00,397 | INFO | app.scrapers.winning_form_scraper | horse_names=['Lonely As A Cloud', 'Fostinovo', 'Mrs Stormiatrix', 'Ice Dragon', 'Banyan', 'Pivotal Role', 'Var Park']
2026-07-29 10:53:00,575 | INFO | httpx | HTTP Request: GET https://legacy.winningform.co.za/GAU/2T260801_4.htm "HTTP/1.1 200 OK"
2026-07-29 10:53:00,637 | INFO | app.scrapers.winning_form_scraper | runner_table_used columns={'number': 0, 'name': 1, 'length_behind': 2, 'speed_index': 3, 'predicted_time': 4, 'merit': 5, 'weight': 6, 'draw': 7, 'jockey': 9, 'trainer': 10} extracted=8 stated=8
2026-07-29 10:53:00,638 | INFO | app.scrapers.winning_form_scraper | race_parsed url=https://legacy.winningform.co.za/GAU/2T260801_4.htm venue=Turffontein date=2026-08-01 race=4 stated=8 parsed=8
2026-07-29 10:53:00,638 | INFO | app.scrapers.winning_form_scraper | horse_names=['Mount Pinatubo', 'Almond Sea', 'Karate Kid', 'Espinoza', 'African Pride', 'Whistle The Tune', 'Yamadori', 'Chieftain']
2026-07-29 10:53:00,832 | INFO | httpx | HTTP Request: GET https://legacy.winningform.co.za/GAU/2T260801_5.htm "HTTP/1.1 200 OK"
2026-07-29 10:53:00,985 | INFO | app.scrapers.winning_form_scraper | runner_table_used columns={'number': 0, 'name': 1, 'length_behind': 2, 'speed_index': 3, 'predicted_time': 4, 'merit': 5, 'weight': 6, 'draw': 7, 'jockey': 9, 'trainer': 10} extracted=7 stated=7
2026-07-29 10:53:00,985 | INFO | app.scrapers.winning_form_scraper | race_parsed url=https://legacy.winningform.co.za/GAU/2T260801_5.htm venue=Turffontein date=2026-08-01 race=5 stated=7 parsed=7
2026-07-29 10:53:00,985 | INFO | app.scrapers.winning_form_scraper | horse_names=['Dual Prophecy', 'Guerilla Warfare', "Diesel's Shadow", 'Dark Silver', 'World Order', 'Culturati', 'Unsolved Riddle']
2026-07-29 10:53:01,179 | INFO | httpx | HTTP Request: GET https://legacy.winningform.co.za/GAU/2T260801_6.htm "HTTP/1.1 200 OK"
2026-07-29 10:53:01,239 | INFO | app.scrapers.winning_form_scraper | runner_table_used columns={'number': 0, 'name': 1, 'length_behind': 2, 'speed_index': 3, 'predicted_time': 4, 'merit': 5, 'weight': 6, 'draw': 7, 'jockey': 9, 'trainer': 10} extracted=8 stated=8
2026-07-29 10:53:01,240 | INFO | app.scrapers.winning_form_scraper | race_parsed url=https://legacy.winningform.co.za/GAU/2T260801_6.htm venue=Turffontein date=2026-08-01 race=6 stated=8 parsed=8
2026-07-29 10:53:01,240 | INFO | app.scrapers.winning_form_scraper | horse_names=['Apache Son', 'The Playboy Bomber', 'Prince Of Kildare', 'Royal Edition', 'Mission To Mars', 'Flashy Apache', 'Mo Ment', 'Positive Attitude']
2026-07-29 10:53:01,415 | INFO | httpx | HTTP Request: GET https://legacy.winningform.co.za/GAU/2T260801_7.htm "HTTP/1.1 200 OK"
2026-07-29 10:53:01,475 | INFO | app.scrapers.winning_form_scraper | runner_table_used columns={'number': 0, 'name': 1, 'length_behind': 2, 'speed_index': 3, 'predicted_time': 4, 'merit': 5, 'weight': 6, 'draw': 7, 'jockey': 9, 'trainer': 10} extracted=9 stated=9
2026-07-29 10:53:01,475 | INFO | app.scrapers.winning_form_scraper | race_parsed url=https://legacy.winningform.co.za/GAU/2T260801_7.htm venue=Turffontein date=2026-08-01 race=7 stated=9 parsed=9
2026-07-29 10:53:01,476 | INFO | app.scrapers.winning_form_scraper | horse_names=['Arumugam', 'Orange County', 'Harun Al Rashid', 'Sky Pilot', 'Knowmore', 'Ideal Summer', 'After Hours', 'Gimmethespotlight', 'Winding Power']
2026-07-29 10:53:01,669 | INFO | httpx | HTTP Request: GET https://legacy.winningform.co.za/GAU/2T260801_8.htm "HTTP/1.1 200 OK"
2026-07-29 10:53:01,751 | INFO | app.scrapers.winning_form_scraper | runner_table_used columns={'number': 0, 'name': 1, 'length_behind': 2, 'speed_index': 3, 'predicted_time': 4, 'merit': 5, 'weight': 6, 'draw': 7, 'jockey': 9, 'trainer': 10} extracted=11 stated=11
2026-07-29 10:53:01,751 | INFO | app.scrapers.winning_form_scraper | race_parsed url=https://legacy.winningform.co.za/GAU/2T260801_8.htm venue=Turffontein date=2026-08-01 race=8 stated=11 parsed=11
2026-07-29 10:53:01,751 | INFO | app.scrapers.winning_form_scraper | horse_names=['Naretoi', 'Southampton', 'Longsword', 'Commander Of All', 'Sunset Warrior', 'Michael Faraday', 'Coming In Hot', 'Rock My Boat', 'Spirit Of Gabz', 'Rising Eagle', 'Circus Lights']
2026-07-29 10:53:01,948 | INFO | httpx | HTTP Request: GET https://legacy.winningform.co.za/KZN/2S260802_1.htm "HTTP/1.1 200 OK"
2026-07-29 10:53:02,000 | INFO | app.scrapers.winning_form_scraper | runner_table_used columns={'number': 0, 'name': 1, 'length_behind': 2, 'speed_index': 3, 'predicted_time': 4, 'merit': 5, 'weight': 6, 'draw': 7, 'jockey': 9, 'trainer': 10} extracted=13 stated=13
2026-07-29 10:53:02,001 | INFO | app.scrapers.winning_form_scraper | race_parsed url=https://legacy.winningform.co.za/KZN/2S260802_1.htm venue=Hollywoodbets Scottsville Outer date=2026-08-02 race=1 stated=13 parsed=13
2026-07-29 10:53:02,001 | INFO | app.scrapers.winning_form_scraper | horse_names=['Iceberg Rose', 'Forthegoodtimes', 'Tipperary', 'Pink Skies', 'Lovecomesknocking', 'Sweet Cherry', 'So Indi', 'Timeless Wonder', 'Bellanca Viking', 'Gezouten Haring', 'Linguistic', 'Princess Positano', 'Fleur Delacour']
2026-07-29 10:53:02,235 | INFO | httpx | HTTP Request: GET https://legacy.winningform.co.za/KZN/2S260802_2.htm "HTTP/1.1 200 OK"
2026-07-29 10:53:02,285 | INFO | app.scrapers.winning_form_scraper | runner_table_used columns={'number': 0, 'name': 1, 'length_behind': 2, 'speed_index': 3, 'predicted_time': 4, 'merit': 5, 'weight': 6, 'draw': 7, 'jockey': 9, 'trainer': 10} extracted=13 stated=13
2026-07-29 10:53:02,285 | INFO | app.scrapers.winning_form_scraper | race_parsed url=https://legacy.winningform.co.za/KZN/2S260802_2.htm venue=Hollywoodbets Scottsville Outer date=2026-08-02 race=2 stated=13 parsed=13
2026-07-29 10:53:02,286 | INFO | app.scrapers.winning_form_scraper | horse_names=['Gimme The Power', 'Floral Kingdom', 'Sweet Faye', "Queen's Bounty", 'Ayzal', 'Secret Ambition', 'Sherpa Queen', 'Rustige Kracht', 'Tokyo Girl', 'Vivalto', 'Mighty Minnie', 'Queen Indrani', 'Umoyawokubambelela']
2026-07-29 10:53:02,460 | INFO | httpx | HTTP Request: GET https://legacy.winningform.co.za/KZN/2S260802_3.htm "HTTP/1.1 200 OK"
2026-07-29 10:53:02,517 | INFO | app.scrapers.winning_form_scraper | runner_table_used columns={'number': 0, 'name': 1, 'length_behind': 2, 'speed_index': 3, 'predicted_time': 4, 'merit': 5, 'weight': 6, 'draw': 7, 'jockey': 9, 'trainer': 10} extracted=8 stated=8
2026-07-29 10:53:02,517 | INFO | app.scrapers.winning_form_scraper | race_parsed url=https://legacy.winningform.co.za/KZN/2S260802_3.htm venue=Hollywoodbets Scottsville Inner date=2026-08-02 race=3 stated=8 parsed=8
2026-07-29 10:53:02,517 | INFO | app.scrapers.winning_form_scraper | horse_names=['Future Prospect', 'Cali Bullet', 'Peaceful Duchess', 'After The Fire', "Chef's Kiss", 'Jenny Darling', 'Guild The Lilly', 'Anemie']
2026-07-29 10:53:02,675 | INFO | httpx | HTTP Request: GET https://legacy.winningform.co.za/KZN/2S260802_4.htm "HTTP/1.1 200 OK"
2026-07-29 10:53:02,732 | INFO | app.scrapers.winning_form_scraper | runner_table_used columns={'number': 0, 'name': 1, 'length_behind': 2, 'speed_index': 3, 'predicted_time': 4, 'merit': 5, 'weight': 6, 'draw': 7, 'jockey': 9, 'trainer': 10} extracted=8 stated=8
2026-07-29 10:53:02,732 | INFO | app.scrapers.winning_form_scraper | race_parsed url=https://legacy.winningform.co.za/KZN/2S260802_4.htm venue=Hollywoodbets Scottsville Inner date=2026-08-02 race=4 stated=8 parsed=8
2026-07-29 10:53:02,732 | INFO | app.scrapers.winning_form_scraper | horse_names=["Zena's Act", 'Golden Angel', 'Our Lady Fate', 'Stampede Ahead', 'Sesame', 'Cool Wind', 'Hurricane Flight', 'Mary Read']
2026-07-29 10:53:02,959 | INFO | httpx | HTTP Request: GET https://legacy.winningform.co.za/KZN/2S260802_5.htm "HTTP/1.1 200 OK"
2026-07-29 10:53:03,046 | INFO | app.scrapers.winning_form_scraper | runner_table_used columns={'number': 0, 'name': 1, 'length_behind': 2, 'speed_index': 3, 'predicted_time': 4, 'merit': 5, 'weight': 6, 'draw': 7, 'jockey': 9, 'trainer': 10} extracted=12 stated=12
2026-07-29 10:53:03,046 | INFO | app.scrapers.winning_form_scraper | race_parsed url=https://legacy.winningform.co.za/KZN/2S260802_5.htm venue=Hollywoodbets Scottsville Inner date=2026-08-02 race=5 stated=12 parsed=12
2026-07-29 10:53:03,046 | INFO | app.scrapers.winning_form_scraper | horse_names=['Serpentine Fire', "Sascha's Dream", 'Blizzardboy', 'Master Bomber', 'Buddy Boy', 'Trois Trois Quatre', 'Song To The Moon', 'Queue Wing', 'Red Cardinal', 'Dancing On A Cloud', 'Charlie Bucket', 'Double Causeway']
2026-07-29 10:53:03,241 | INFO | httpx | HTTP Request: GET https://legacy.winningform.co.za/KZN/2S260802_6.htm "HTTP/1.1 200 OK"
2026-07-29 10:53:03,308 | INFO | app.scrapers.winning_form_scraper | runner_table_used columns={'number': 0, 'name': 1, 'length_behind': 2, 'speed_index': 3, 'predicted_time': 4, 'merit': 5, 'weight': 6, 'draw': 7, 'jockey': 9, 'trainer': 10} extracted=9 stated=9
2026-07-29 10:53:03,308 | INFO | app.scrapers.winning_form_scraper | race_parsed url=https://legacy.winningform.co.za/KZN/2S260802_6.htm venue=Hollywoodbets Scottsville Inner date=2026-08-02 race=6 stated=9 parsed=9
2026-07-29 10:53:03,308 | INFO | app.scrapers.winning_form_scraper | horse_names=['Poursomesugaronme', "Captain's Pride", 'Izibulo', 'Sign Of Fate', 'Alltheboysiveloved', 'Shesha Ntombi', 'Blue Poppy', 'Rikkitikkitavi', 'Queen Amina']
2026-07-29 10:53:03,476 | INFO | httpx | HTTP Request: GET https://legacy.winningform.co.za/KZN/2S260802_7.htm "HTTP/1.1 200 OK"
2026-07-29 10:53:03,537 | INFO | app.scrapers.winning_form_scraper | runner_table_used columns={'number': 0, 'name': 1, 'length_behind': 2, 'speed_index': 3, 'predicted_time': 4, 'merit': 5, 'weight': 6, 'draw': 7, 'jockey': 9, 'trainer': 10} extracted=8 stated=8
2026-07-29 10:53:03,537 | INFO | app.scrapers.winning_form_scraper | race_parsed url=https://legacy.winningform.co.za/KZN/2S260802_7.htm venue=Hollywoodbets Scottsville Outer date=2026-08-02 race=7 stated=8 parsed=8
2026-07-29 10:53:03,538 | INFO | app.scrapers.winning_form_scraper | horse_names=['Trafalgar Square', 'Cappellino', 'Champagne Mac', 'Bless Me Fred', 'Futano', 'Intrepid', "Jane's Vision", "Mia's Athena"]
2026-07-29 10:53:03,730 | INFO | httpx | HTTP Request: GET https://legacy.winningform.co.za/KZN/2S260802_8.htm "HTTP/1.1 200 OK"
2026-07-29 10:53:03,806 | INFO | app.scrapers.winning_form_scraper | runner_table_used columns={'number': 0, 'name': 1, 'length_behind': 2, 'speed_index': 3, 'predicted_time': 4, 'merit': 5, 'weight': 6, 'draw': 7, 'jockey': 9, 'trainer': 10} extracted=11 stated=11
2026-07-29 10:53:03,806 | INFO | app.scrapers.winning_form_scraper | race_parsed url=https://legacy.winningform.co.za/KZN/2S260802_8.htm venue=Hollywoodbets Scottsville Outer date=2026-08-02 race=8 stated=11 parsed=11
2026-07-29 10:53:03,806 | INFO | app.scrapers.winning_form_scraper | horse_names=['Axis Power', 'Cavalry Commander', 'Blazing Fury', 'Military Command', 'Luneluck', 'Smorgasbord', 'Billy Cool', 'Call Of The Karoo', 'Rock Music', 'Caribbean Gold', 'Queen Of The Spear']
2026-07-29 10:53:04,918 | INFO | app.services.monitoring_service | monitoring_cycle_completed
2026-07-29 10:53:04,919 | INFO | app.main | application_started
2026-07-29 12:00:00,030 | INFO | apscheduler.executors.default | Running job "MonitoringService.run_cycle (trigger: cron[hour='0,6,12,18', minute='0'], next run at: 2026-07-29 18:00:00 SAST)" (scheduled at 2026-07-29 12:00:00+02:00)
2026-07-29 12:00:00,033 | INFO | app.services.monitoring_service | monitoring_cycle_started
2026-07-29 12:00:00,251 | INFO | httpx | HTTP Request: GET https://legacy.winningform.co.za "HTTP/1.1 200 OK"
2026-07-29 12:00:00,262 | INFO | app.scrapers.winning_form_scraper | fetch_index_frames=['https://legacy.winningform.co.za/guide.htm', 'https://legacy.winningform.co.za/cover.htm']
2026-07-29 12:00:00,341 | INFO | httpx | HTTP Request: GET https://legacy.winningform.co.za "HTTP/1.1 200 OK"
2026-07-29 12:00:00,462 | INFO | httpx | HTTP Request: GET https://legacy.winningform.co.za/guide.htm "HTTP/1.1 200 OK"
2026-07-29 12:00:00,594 | INFO | httpx | HTTP Request: GET https://legacy.winningform.co.za/cover.htm "HTTP/1.1 200 OK"
2026-07-29 12:00:00,659 | INFO | httpx | HTTP Request: GET https://legacy.winningform.co.za "HTTP/1.1 200 OK"
2026-07-29 12:00:00,753 | INFO | httpx | HTTP Request: GET https://legacy.winningform.co.za/guide.htm "HTTP/1.1 200 OK"
2026-07-29 12:00:00,856 | INFO | httpx | HTTP Request: GET https://legacy.winningform.co.za/cover.htm "HTTP/1.1 200 OK"
2026-07-29 12:00:00,871 | INFO | app.scrapers.winning_form_scraper | race_links_total=49
2026-07-29 12:00:00,871 | INFO | app.scrapers.winning_form_scraper | meetings_seen=['gau-p260731', 'gau-r260730', 'gau-t260801', 'kzn-s260729', 'kzn-s260802', 'zim-h260731']
2026-07-29 12:00:00,960 | INFO | httpx | HTTP Request: GET https://legacy.winningform.co.za/KZN/2S260729_1.htm "HTTP/1.1 200 OK"
2026-07-29 12:00:01,000 | INFO | app.scrapers.winning_form_scraper | runner_table_used columns={'number': 0, 'name': 1, 'length_behind': 2, 'speed_index': 3, 'predicted_time': 4, 'merit': 5, 'weight': 6, 'draw': 7, 'jockey': 9, 'trainer': 10} extracted=10 stated=10
2026-07-29 12:00:01,000 | INFO | app.scrapers.winning_form_scraper | race_parsed url=https://legacy.winningform.co.za/KZN/2S260729_1.htm venue=Hollywoodbets Scottsville Outer date=2026-07-29 race=1 stated=10 parsed=10
2026-07-29 12:00:01,001 | INFO | app.scrapers.winning_form_scraper | horse_names=['Lenoxx', 'Scots Wae Hae', 'African Ruby', 'Nautical Fire', 'Thunder Star', 'Kiartay', "Rachel's Boy", 'Bon Appetite', 'Ka Chow', 'Clean Sweep']
2026-07-29 12:00:01,144 | INFO | httpx | HTTP Request: GET https://legacy.winningform.co.za/KZN/2S260729_2.htm "HTTP/1.1 200 OK"
2026-07-29 12:00:01,313 | INFO | app.scrapers.winning_form_scraper | runner_table_used columns={'number': 0, 'name': 1, 'length_behind': 2, 'speed_index': 3, 'predicted_time': 4, 'merit': 5, 'weight': 6, 'draw': 7, 'jockey': 9, 'trainer': 10} extracted=17 stated=17
2026-07-29 12:00:01,314 | INFO | app.scrapers.winning_form_scraper | race_parsed url=https://legacy.winningform.co.za/KZN/2S260729_2.htm venue=Hollywoodbets Scottsville Outer date=2026-07-29 race=2 stated=17 parsed=16
2026-07-29 12:00:01,314 | INFO | app.scrapers.winning_form_scraper | horse_names=['Gimme A Fireball', 'Arkadin', "Trip To Maverick's", 'Scotch Again', 'Daswa', 'Majestic Limpopo', 'Cannon Bolt', 'Akihito', 'French War Lord', 'In The Red', "Pinkerton's Son", 'Red Jubilee', 'Cue Stick', 'Sebastiaan', 'Reign Man', 'Wisdom Seeker', 'A M C Roy On Fire']
2026-07-29 12:00:01,480 | INFO | httpx | HTTP Request: GET https://legacy.winningform.co.za/KZN/2S260729_3.htm "HTTP/1.1 200 OK"
2026-07-29 12:00:01,513 | INFO | app.scrapers.winning_form_scraper | runner_table_used columns={'number': 0, 'name': 1, 'length_behind': 2, 'speed_index': 3, 'predicted_time': 4, 'merit': 5, 'weight': 6, 'draw': 7, 'jockey': 9, 'trainer': 10} extracted=10 stated=10
2026-07-29 12:00:01,513 | INFO | app.scrapers.winning_form_scraper | race_parsed url=https://legacy.winningform.co.za/KZN/2S260729_3.htm venue=Hollywoodbets Scottsville Inner date=2026-07-29 race=3 stated=10 parsed=10
2026-07-29 12:00:01,513 | INFO | app.scrapers.winning_form_scraper | horse_names=['Trip To Venus', 'Sparrow Man', 'The Flat Cat', 'Captain Josh', 'Royal Sceptre', "Roy's Glorious", 'United Tides', 'A M C Voter', 'Stealth Mode', 'Judiciary']
2026-07-29 12:00:01,672 | INFO | httpx | HTTP Request: GET https://legacy.winningform.co.za/KZN/2S260729_4.htm "HTTP/1.1 200 OK"
2026-07-29 12:00:01,715 | INFO | app.scrapers.winning_form_scraper | runner_table_used columns={'number': 0, 'name': 1, 'length_behind': 2, 'speed_index': 3, 'predicted_time': 4, 'merit': 5, 'weight': 6, 'draw': 7, 'jockey': 9, 'trainer': 10} extracted=9 stated=9
2026-07-29 12:00:01,715 | INFO | app.scrapers.winning_form_scraper | race_parsed url=https://legacy.winningform.co.za/KZN/2S260729_4.htm venue=Hollywoodbets Scottsville Inner date=2026-07-29 race=4 stated=9 parsed=9
2026-07-29 12:00:01,715 | INFO | app.scrapers.winning_form_scraper | horse_names=['Blenheim Palace', 'Soho Celebrity', 'Magical Spring', 'Valli Gal', 'Hazel Green', 'Scarlet Empress', 'Lilbitofmonica', "Tomorrow's Summer", 'Summer Flirt']
2026-07-29 12:00:01,831 | INFO | httpx | HTTP Request: GET https://legacy.winningform.co.za/KZN/2S260729_5.htm "HTTP/1.1 200 OK"
2026-07-29 12:00:01,873 | INFO | app.scrapers.winning_form_scraper | runner_table_used columns={'number': 0, 'name': 1, 'length_behind': 2, 'speed_index': 3, 'predicted_time': 4, 'merit': 5, 'weight': 6, 'draw': 7, 'jockey': 9, 'trainer': 10} extracted=9 stated=9
2026-07-29 12:00:01,874 | INFO | app.scrapers.winning_form_scraper | race_parsed url=https://legacy.winningform.co.za/KZN/2S260729_5.htm venue=Hollywoodbets Scottsville Outer date=2026-07-29 race=5 stated=9 parsed=9
2026-07-29 12:00:01,874 | INFO | app.scrapers.winning_form_scraper | horse_names=['Sohot Sowhat', 'Disting', 'Lock And Key', 'Flying Fate', 'Buttercup Baby', 'Light Of Gabriel', 'Seven No Trump', 'Tara Star', 'Match That']
2026-07-29 12:00:01,996 | INFO | httpx | HTTP Request: GET https://legacy.winningform.co.za/KZN/2S260729_6.htm "HTTP/1.1 200 OK"
2026-07-29 12:00:02,042 | INFO | app.scrapers.winning_form_scraper | runner_table_used columns={'number': 0, 'name': 1, 'length_behind': 2, 'speed_index': 3, 'predicted_time': 4, 'merit': 5, 'weight': 6, 'draw': 7, 'jockey': 9, 'trainer': 10} extracted=9 stated=9
2026-07-29 12:00:02,042 | INFO | app.scrapers.winning_form_scraper | race_parsed url=https://legacy.winningform.co.za/KZN/2S260729_6.htm venue=Hollywoodbets Scottsville Inner date=2026-07-29 race=6 stated=9 parsed=8
2026-07-29 12:00:02,042 | INFO | app.scrapers.winning_form_scraper | horse_names=['Mister Nibbles', 'Phutulicious', 'Klein Karoo', 'Targaryen Knight', 'Danube', 'The Marquee', 'Red Mountain', 'Coast Of The Sun', 'Frostbite']
2026-07-29 12:00:02,170 | INFO | httpx | HTTP Request: GET https://legacy.winningform.co.za/KZN/2S260729_7.htm "HTTP/1.1 200 OK"
2026-07-29 12:00:02,228 | INFO | app.scrapers.winning_form_scraper | runner_table_used columns={'number': 0, 'name': 1, 'length_behind': 2, 'speed_index': 3, 'predicted_time': 4, 'merit': 5, 'weight': 6, 'draw': 7, 'jockey': 9, 'trainer': 10} extracted=9 stated=9
2026-07-29 12:00:02,228 | INFO | app.scrapers.winning_form_scraper | race_parsed url=https://legacy.winningform.co.za/KZN/2S260729_7.htm venue=Hollywoodbets Scottsville Inner date=2026-07-29 race=7 stated=9 parsed=9
2026-07-29 12:00:02,229 | INFO | app.scrapers.winning_form_scraper | horse_names=['Act Of Grace', 'Spirit Of Shimla', 'Treasure Island', 'Hunga Tonga', 'Prom Queen', 'Last Car To Pass', 'Pretty Kara', 'Another Dream', 'Deepest Water']
2026-07-29 12:00:02,397 | INFO | httpx | HTTP Request: GET https://legacy.winningform.co.za/KZN/2S260729_8.htm "HTTP/1.1 200 OK"
2026-07-29 12:00:02,491 | INFO | app.scrapers.winning_form_scraper | runner_table_used columns={'number': 0, 'name': 1, 'length_behind': 2, 'speed_index': 3, 'predicted_time': 4, 'merit': 5, 'weight': 6, 'draw': 7, 'jockey': 9, 'trainer': 10} extracted=18 stated=18
2026-07-29 12:00:02,492 | INFO | app.scrapers.winning_form_scraper | race_parsed url=https://legacy.winningform.co.za/KZN/2S260729_8.htm venue=Hollywoodbets Scottsville Inner date=2026-07-29 race=8 stated=18 parsed=15
2026-07-29 12:00:02,492 | INFO | app.scrapers.winning_form_scraper | horse_names=["Gardener's Pride", 'Ragnar The King', 'Double Olympic', 'Splash Of Love', 'La Maddalena', 'Global Movement', 'Irish Anthem', 'Pongola', "Kimball O'hara", 'I Am Classy', 'Gorgeous Dude', 'Christmas Rose', 'Wander Skitt', 'Fort Usher', "Ziyan's Pride", 'Run To Rio', 'Twocantango', 'National Dream']
2026-07-29 12:00:02,730 | INFO | httpx | HTTP Request: GET https://legacy.winningform.co.za/GAU/2R260730_1.htm "HTTP/1.1 200 OK"
2026-07-29 12:00:02,756 | INFO | app.scrapers.winning_form_scraper | runner_table_used columns={'number': 0, 'name': 1, 'length_behind': 2, 'speed_index': 3, 'predicted_time': 4, 'merit': 5, 'weight': 6, 'draw': 7, 'jockey': 9, 'trainer': 10} extracted=8 stated=8
2026-07-29 12:00:02,756 | INFO | app.scrapers.winning_form_scraper | race_parsed url=https://legacy.winningform.co.za/GAU/2R260730_1.htm venue=Vaal Classic date=2026-07-30 race=1 stated=8 parsed=8
2026-07-29 12:00:02,756 | INFO | app.scrapers.winning_form_scraper | horse_names=["Rafeef's Queen", 'Miss Honey Bee', 'Royal Rant', 'Miss Fire Arrow', 'San Francisco', 'Navigatrix', 'Pretty Girl', 'Volare Veloce']
2026-07-29 12:00:03,082 | INFO | httpx | HTTP Request: GET https://legacy.winningform.co.za/GAU/2R260730_2.htm "HTTP/1.1 200 OK"
2026-07-29 12:00:03,111 | INFO | app.scrapers.winning_form_scraper | runner_table_used columns={'number': 0, 'name': 1, 'length_behind': 2, 'speed_index': 3, 'predicted_time': 4, 'merit': 5, 'weight': 6, 'draw': 7, 'jockey': 9, 'trainer': 10} extracted=9 stated=9
2026-07-29 12:00:03,111 | INFO | app.scrapers.winning_form_scraper | race_parsed url=https://legacy.winningform.co.za/GAU/2R260730_2.htm venue=Vaal Classic date=2026-07-30 race=2 stated=9 parsed=9
2026-07-29 12:00:03,112 | INFO | app.scrapers.winning_form_scraper | horse_names=['Tenareef', 'Captain Cooper', 'Flotilla', 'North Star Fury', 'Chic Shack', 'Hawkeye', 'Mocha Magic', 'Reachingforthemoon', 'Red Viking']
2026-07-29 12:00:03,319 | INFO | httpx | HTTP Request: GET https://legacy.winningform.co.za/GAU/2R260730_3.htm "HTTP/1.1 200 OK"
2026-07-29 12:00:03,354 | INFO | app.scrapers.winning_form_scraper | runner_table_used columns={'number': 0, 'name': 1, 'length_behind': 2, 'speed_index': 3, 'predicted_time': 4, 'merit': 5, 'weight': 6, 'draw': 7, 'jockey': 9, 'trainer': 10} extracted=8 stated=8
2026-07-29 12:00:03,354 | INFO | app.scrapers.winning_form_scraper | race_parsed url=https://legacy.winningform.co.za/GAU/2R260730_3.htm venue=Vaal Classic date=2026-07-30 race=3 stated=8 parsed=8
2026-07-29 12:00:03,354 | INFO | app.scrapers.winning_form_scraper | horse_names=['Beautiful One', 'Two Tigers', 'Berry Lancer', 'Dreaming Of Youth', "Leanne's Love", 'Dreadnought', 'Pittar', 'Walkinginthewoods']
2026-07-29 12:00:03,498 | INFO | httpx | HTTP Request: GET https://legacy.winningform.co.za/GAU/2R260730_4.htm "HTTP/1.1 200 OK"
2026-07-29 12:00:03,536 | INFO | app.scrapers.winning_form_scraper | runner_table_used columns={'number': 0, 'name': 1, 'length_behind': 2, 'speed_index': 3, 'predicted_time': 4, 'merit': 5, 'weight': 6, 'draw': 7, 'jockey': 9, 'trainer': 10} extracted=9 stated=9
2026-07-29 12:00:03,536 | INFO | app.scrapers.winning_form_scraper | race_parsed url=https://legacy.winningform.co.za/GAU/2R260730_4.htm venue=Vaal Classic date=2026-07-30 race=4 stated=9 parsed=9
2026-07-29 12:00:03,536 | INFO | app.scrapers.winning_form_scraper | horse_names=['Duke Of Lorraine', 'Vixeninthevineyard', 'Uncle Bob', 'Angle Of Attack', 'Silver Comet', 'Crimson Ranger', 'Echo Of The Wild', 'Gus On The Bus', 'Sivaji']
2026-07-29 12:00:03,661 | INFO | httpx | HTTP Request: GET https://legacy.winningform.co.za/GAU/2R260730_5.htm "HTTP/1.1 200 OK"
2026-07-29 12:00:03,713 | INFO | app.scrapers.winning_form_scraper | runner_table_used columns={'number': 0, 'name': 1, 'length_behind': 2, 'speed_index': 3, 'predicted_time': 4, 'merit': 5, 'weight': 6, 'draw': 7, 'jockey': 9, 'trainer': 10} extracted=9 stated=9
2026-07-29 12:00:03,713 | INFO | app.scrapers.winning_form_scraper | race_parsed url=https://legacy.winningform.co.za/GAU/2R260730_5.htm venue=Vaal Classic date=2026-07-30 race=5 stated=9 parsed=9
2026-07-29 12:00:03,713 | INFO | app.scrapers.winning_form_scraper | horse_names=['Art Nouveau', 'Frangipani', 'Azaleas For All', 'Boom Boom', 'Surprise Party', 'Lady Sabrina', 'Lady Blunt', 'Juliet Tango', 'Mount Etna']
2026-07-29 12:00:03,873 | INFO | httpx | HTTP Request: GET https://legacy.winningform.co.za/GAU/2R260730_6.htm "HTTP/1.1 200 OK"
2026-07-29 12:00:03,921 | INFO | app.scrapers.winning_form_scraper | runner_table_used columns={'number': 0, 'name': 1, 'length_behind': 2, 'speed_index': 3, 'predicted_time': 4, 'merit': 5, 'weight': 6, 'draw': 7, 'jockey': 9, 'trainer': 10} extracted=10 stated=10
2026-07-29 12:00:03,922 | INFO | app.scrapers.winning_form_scraper | race_parsed url=https://legacy.winningform.co.za/GAU/2R260730_6.htm venue=Vaal Classic date=2026-07-30 race=6 stated=10 parsed=10
2026-07-29 12:00:03,922 | INFO | app.scrapers.winning_form_scraper | horse_names=['Hopscotch', 'Bold Action', 'Utsaah', 'Play With Fire', "Kylie's Angel", "Ariel's Jet", 'Be My Fate', 'Chariklo', 'Wise Counsel', 'Cocomelon']
2026-07-29 12:00:04,165 | INFO | httpx | HTTP Request: GET https://legacy.winningform.co.za/GAU/2R260730_7.htm "HTTP/1.1 200 OK"
2026-07-29 12:00:04,223 | INFO | app.scrapers.winning_form_scraper | runner_table_used columns={'number': 0, 'name': 1, 'length_behind': 2, 'speed_index': 3, 'predicted_time': 4, 'merit': 5, 'weight': 6, 'draw': 7, 'jockey': 9, 'trainer': 10} extracted=10 stated=10
2026-07-29 12:00:04,223 | INFO | app.scrapers.winning_form_scraper | race_parsed url=https://legacy.winningform.co.za/GAU/2R260730_7.htm venue=Vaal Classic date=2026-07-30 race=7 stated=10 parsed=10
2026-07-29 12:00:04,224 | INFO | app.scrapers.winning_form_scraper | horse_names=['Stop The Traffic', 'Full Go', 'Last Ginger', 'Circle Of Grace', 'Itsnowornever', 'Ghostbuster', 'Thambi', 'Gold De Grace', 'Red Sparrow', 'Cover Charge']
2026-07-29 12:00:04,389 | INFO | httpx | HTTP Request: GET https://legacy.winningform.co.za/GAU/2R260730_8.htm "HTTP/1.1 200 OK"
2026-07-29 12:00:04,443 | INFO | app.scrapers.winning_form_scraper | runner_table_used columns={'number': 0, 'name': 1, 'length_behind': 2, 'speed_index': 3, 'predicted_time': 4, 'merit': 5, 'weight': 6, 'draw': 7, 'jockey': 9, 'trainer': 10} extracted=8 stated=8
2026-07-29 12:00:04,444 | INFO | app.scrapers.winning_form_scraper | race_parsed url=https://legacy.winningform.co.za/GAU/2R260730_8.htm venue=Vaal Classic date=2026-07-30 race=8 stated=8 parsed=8
2026-07-29 12:00:04,444 | INFO | app.scrapers.winning_form_scraper | horse_names=['Time Will Tell', 'Twentytwentyvision', 'Hammer Blow', 'Arilena', 'Taking A Risk', 'Sergeant Soqrat', 'Champagne Problems', 'Raining Rubies']
2026-07-29 12:00:04,635 | INFO | httpx | HTTP Request: GET https://legacy.winningform.co.za/GAU/2R260730_9.htm "HTTP/1.1 200 OK"
2026-07-29 12:00:04,725 | INFO | app.scrapers.winning_form_scraper | runner_table_used columns={'number': 0, 'name': 1, 'length_behind': 2, 'speed_index': 3, 'predicted_time': 4, 'merit': 5, 'weight': 6, 'draw': 7, 'jockey': 9, 'trainer': 10} extracted=17 stated=17
2026-07-29 12:00:04,725 | INFO | app.scrapers.winning_form_scraper | race_parsed url=https://legacy.winningform.co.za/GAU/2R260730_9.htm venue=Vaal Classic date=2026-07-30 race=9 stated=17 parsed=17
2026-07-29 12:00:04,725 | INFO | app.scrapers.winning_form_scraper | horse_names=['Golden Warrior', 'Satyagraha', 'Elusive Red', 'Dear Doc', "Can't Catch Me", 'Snow Moon', 'Pearl In Her Crown', 'Eiffel Tower', 'Pretty Analia', 'Shoreybomba', 'Shori Kai', 'Jabari Thimba', 'Lady Elliot', 'Prized Platinum', 'On A Jet Plane', 'Space Mission', 'Baby Red']
2026-07-29 12:00:04,853 | INFO | httpx | HTTP Request: GET https://legacy.winningform.co.za/ZIM/2H260731_1.htm "HTTP/1.1 200 OK"
2026-07-29 12:00:04,885 | INFO | app.scrapers.winning_form_scraper | runner_table_used columns={'number': 0, 'name': 1, 'length_behind': 2, 'speed_index': 3, 'predicted_time': 4, 'merit': 5, 'weight': 6, 'draw': 7, 'jockey': 9, 'trainer': 10} extracted=6 stated=6
2026-07-29 12:00:04,885 | INFO | app.scrapers.winning_form_scraper | race_parsed url=https://legacy.winningform.co.za/ZIM/2H260731_1.htm venue=Borrowdale date=2026-07-31 race=1 stated=6 parsed=6
2026-07-29 12:00:04,885 | INFO | app.scrapers.winning_form_scraper | horse_names=['Firefly Lane', "Lion's Share", 'Roman Law', 'Wintery Mansion', 'Endearing Peace', 'Majik Wine']
2026-07-29 12:00:05,183 | INFO | httpx | HTTP Request: GET https://legacy.winningform.co.za/ZIM/2H260731_2.htm "HTTP/1.1 200 OK"
2026-07-29 12:00:05,305 | INFO | app.scrapers.winning_form_scraper | runner_table_used columns={'number': 0, 'name': 1, 'length_behind': 2, 'speed_index': 3, 'predicted_time': 4, 'merit': 5, 'weight': 6, 'draw': 7, 'jockey': 9, 'trainer': 10} extracted=6 stated=6
2026-07-29 12:00:05,306 | INFO | app.scrapers.winning_form_scraper | race_parsed url=https://legacy.winningform.co.za/ZIM/2H260731_2.htm venue=Borrowdale date=2026-07-31 race=2 stated=6 parsed=6
2026-07-29 12:00:05,306 | INFO | app.scrapers.winning_form_scraper | horse_names=['Zafar', 'Queen Of Fire', 'Diamond Jim', 'Red Top', 'Ultimate Jewel', 'Festival Of Light']
2026-07-29 12:00:05,420 | INFO | httpx | HTTP Request: GET https://legacy.winningform.co.za/ZIM/2H260731_3.htm "HTTP/1.1 200 OK"
2026-07-29 12:00:05,460 | INFO | app.scrapers.winning_form_scraper | runner_table_used columns={'number': 0, 'name': 1, 'length_behind': 2, 'speed_index': 3, 'predicted_time': 4, 'merit': 5, 'weight': 6, 'draw': 7, 'jockey': 9, 'trainer': 10} extracted=6 stated=6
2026-07-29 12:00:05,460 | INFO | app.scrapers.winning_form_scraper | race_parsed url=https://legacy.winningform.co.za/ZIM/2H260731_3.htm venue=Borrowdale date=2026-07-31 race=3 stated=6 parsed=6
2026-07-29 12:00:05,461 | INFO | app.scrapers.winning_form_scraper | horse_names=['Aerial Display', 'Mizzen Sword', 'Prince Of Denmark', 'Queen Of Montmatre', 'House Of Lords', 'Captain Carnage']
2026-07-29 12:00:05,632 | INFO | httpx | HTTP Request: GET https://legacy.winningform.co.za/ZIM/2H260731_4.htm "HTTP/1.1 200 OK"
2026-07-29 12:00:05,668 | INFO | app.scrapers.winning_form_scraper | runner_table_used columns={'number': 0, 'name': 1, 'length_behind': 2, 'speed_index': 3, 'predicted_time': 4, 'merit': 5, 'weight': 6, 'draw': 7, 'jockey': 9, 'trainer': 10} extracted=5 stated=5
2026-07-29 12:00:05,668 | INFO | app.scrapers.winning_form_scraper | race_parsed url=https://legacy.winningform.co.za/ZIM/2H260731_4.htm venue=Borrowdale date=2026-07-31 race=4 stated=5 parsed=5
2026-07-29 12:00:05,668 | INFO | app.scrapers.winning_form_scraper | horse_names=['Empire Blue', 'Copper Fire', 'When Evening Comes', 'Battle Of Seattle', 'Shes Everything']
2026-07-29 12:00:05,782 | INFO | httpx | HTTP Request: GET https://legacy.winningform.co.za/ZIM/2H260731_5.htm "HTTP/1.1 200 OK"
2026-07-29 12:00:05,811 | INFO | app.scrapers.winning_form_scraper | runner_table_used columns={'number': 0, 'name': 1, 'length_behind': 2, 'speed_index': 3, 'predicted_time': 4, 'merit': 5, 'weight': 6, 'draw': 7, 'jockey': 9, 'trainer': 10} extracted=4 stated=4
2026-07-29 12:00:05,811 | INFO | app.scrapers.winning_form_scraper | race_parsed url=https://legacy.winningform.co.za/ZIM/2H260731_5.htm venue=Borrowdale date=2026-07-31 race=5 stated=4 parsed=4
2026-07-29 12:00:05,811 | INFO | app.scrapers.winning_form_scraper | horse_names=['Ultra Pursuit', 'Pocket Watch', 'Coppola', 'Guerra']
2026-07-29 12:00:05,899 | INFO | httpx | HTTP Request: GET https://legacy.winningform.co.za/ZIM/2H260731_6.htm "HTTP/1.1 200 OK"
2026-07-29 12:00:05,929 | INFO | app.scrapers.winning_form_scraper | runner_table_used columns={'number': 0, 'name': 1, 'length_behind': 2, 'speed_index': 3, 'predicted_time': 4, 'merit': 5, 'weight': 6, 'draw': 7, 'jockey': 9, 'trainer': 10} extracted=4 stated=4
2026-07-29 12:00:05,929 | INFO | app.scrapers.winning_form_scraper | race_parsed url=https://legacy.winningform.co.za/ZIM/2H260731_6.htm venue=Borrowdale date=2026-07-31 race=6 stated=4 parsed=4
2026-07-29 12:00:05,929 | INFO | app.scrapers.winning_form_scraper | horse_names=['Robin Of Locksley', 'Kagura', 'Magic Exists', 'Majestic Warrior']
2026-07-29 12:00:06,049 | INFO | httpx | HTTP Request: GET https://legacy.winningform.co.za/ZIM/2H260731_7.htm "HTTP/1.1 200 OK"
2026-07-29 12:00:06,078 | INFO | app.scrapers.winning_form_scraper | runner_table_used columns={'number': 0, 'name': 1, 'length_behind': 2, 'speed_index': 3, 'predicted_time': 4, 'merit': 5, 'weight': 6, 'draw': 7, 'jockey': 9, 'trainer': 10} extracted=5 stated=5
2026-07-29 12:00:06,078 | INFO | app.scrapers.winning_form_scraper | race_parsed url=https://legacy.winningform.co.za/ZIM/2H260731_7.htm venue=Borrowdale date=2026-07-31 race=7 stated=5 parsed=5
2026-07-29 12:00:06,079 | INFO | app.scrapers.winning_form_scraper | horse_names=['Sally Port', 'Princess Lucy', 'Matilda Fitzwalter', 'Tranquil Judi', 'Waiting On Charlie']
2026-07-29 12:00:06,184 | INFO | httpx | HTTP Request: GET https://legacy.winningform.co.za/GAU/2P260731_1.htm "HTTP/1.1 200 OK"
2026-07-29 12:00:06,216 | INFO | app.scrapers.winning_form_scraper | runner_table_used columns={'number': 0, 'name': 1, 'length_behind': 2, 'speed_index': 3, 'predicted_time': 4, 'merit': 5, 'weight': 6, 'draw': 7, 'jockey': 9, 'trainer': 10} extracted=8 stated=8
2026-07-29 12:00:06,216 | INFO | app.scrapers.winning_form_scraper | race_parsed url=https://legacy.winningform.co.za/GAU/2P260731_1.htm venue=Fairview Polytrack date=2026-07-31 race=1 stated=8 parsed=8
2026-07-29 12:00:06,216 | INFO | app.scrapers.winning_form_scraper | horse_names=['Eternal Spirit', "Nobody's Perfect", 'Seattle Glow', 'Camden Square', "Queen's Away", 'Roses For Trex', 'Bumble Bee', 'So Welcome']
2026-07-29 12:00:06,367 | INFO | httpx | HTTP Request: GET https://legacy.winningform.co.za/GAU/2P260731_2.htm "HTTP/1.1 200 OK"
2026-07-29 12:00:06,430 | INFO | app.scrapers.winning_form_scraper | runner_table_used columns={'number': 0, 'name': 1, 'length_behind': 2, 'speed_index': 3, 'predicted_time': 4, 'merit': 5, 'weight': 6, 'draw': 7, 'jockey': 9, 'trainer': 10} extracted=12 stated=12
2026-07-29 12:00:06,430 | INFO | app.scrapers.winning_form_scraper | race_parsed url=https://legacy.winningform.co.za/GAU/2P260731_2.htm venue=Fairview Polytrack date=2026-07-31 race=2 stated=12 parsed=12
2026-07-29 12:00:06,431 | INFO | app.scrapers.winning_form_scraper | horse_names=['Good Shine', 'Peekaboo', 'Mediterraneanflame', 'Made To Measure', 'Champagne Blaze', 'Witching Hour', 'Gimmethegold', 'Pretty Boy', 'Kaleesh Cyborg', 'Total Eruption', 'Matter Of Trust', 'Makajima']
2026-07-29 12:00:06,586 | INFO | httpx | HTTP Request: GET https://legacy.winningform.co.za/GAU/2P260731_3.htm "HTTP/1.1 200 OK"
2026-07-29 12:00:06,624 | INFO | app.scrapers.winning_form_scraper | runner_table_used columns={'number': 0, 'name': 1, 'length_behind': 2, 'speed_index': 3, 'predicted_time': 4, 'merit': 5, 'weight': 6, 'draw': 7, 'jockey': 9, 'trainer': 10} extracted=9 stated=9
2026-07-29 12:00:06,624 | INFO | app.scrapers.winning_form_scraper | race_parsed url=https://legacy.winningform.co.za/GAU/2P260731_3.htm venue=Fairview Polytrack date=2026-07-31 race=3 stated=9 parsed=9
2026-07-29 12:00:06,624 | INFO | app.scrapers.winning_form_scraper | horse_names=['Lovely Dancer', 'J Lordi', 'Rock Up', 'Jewel Mule', 'Alesian Beau', 'Here Comes Johnny', 'American Gem', 'Chim Chim Cheree', 'Cautionary']
2026-07-29 12:00:06,784 | INFO | httpx | HTTP Request: GET https://legacy.winningform.co.za/GAU/2P260731_4.htm "HTTP/1.1 200 OK"
2026-07-29 12:00:06,858 | INFO | app.scrapers.winning_form_scraper | runner_table_used columns={'number': 0, 'name': 1, 'length_behind': 2, 'speed_index': 3, 'predicted_time': 4, 'merit': 5, 'weight': 6, 'draw': 7, 'jockey': 9, 'trainer': 10} extracted=7 stated=7
2026-07-29 12:00:06,859 | INFO | app.scrapers.winning_form_scraper | race_parsed url=https://legacy.winningform.co.za/GAU/2P260731_4.htm venue=Fairview Polytrack date=2026-07-31 race=4 stated=7 parsed=7
2026-07-29 12:00:06,859 | INFO | app.scrapers.winning_form_scraper | horse_names=['Imaginable', 'Black Egret', 'Tintamarre', 'Warrior Of Royalty', 'Ravilious', 'Joker Man', 'Galileo Star']
2026-07-29 12:00:07,016 | INFO | httpx | HTTP Request: GET https://legacy.winningform.co.za/GAU/2P260731_5.htm "HTTP/1.1 200 OK"
2026-07-29 12:00:07,067 | INFO | app.scrapers.winning_form_scraper | runner_table_used columns={'number': 0, 'name': 1, 'length_behind': 2, 'speed_index': 3, 'predicted_time': 4, 'merit': 5, 'weight': 6, 'draw': 7, 'jockey': 9, 'trainer': 10} extracted=8 stated=8
2026-07-29 12:00:07,068 | INFO | app.scrapers.winning_form_scraper | race_parsed url=https://legacy.winningform.co.za/GAU/2P260731_5.htm venue=Fairview Polytrack date=2026-07-31 race=5 stated=8 parsed=8
2026-07-29 12:00:07,068 | INFO | app.scrapers.winning_form_scraper | horse_names=['All Systems Go', 'Play Act', 'Clairwood Rose', 'Faraway Girl', 'Arashi', 'Can You Danse', 'Ventura Boulevard', 'Rip Wheeler']
2026-07-29 12:00:07,217 | INFO | httpx | HTTP Request: GET https://legacy.winningform.co.za/GAU/2P260731_6.htm "HTTP/1.1 200 OK"
2026-07-29 12:00:07,298 | INFO | app.scrapers.winning_form_scraper | runner_table_used columns={'number': 0, 'name': 1, 'length_behind': 2, 'speed_index': 3, 'predicted_time': 4, 'merit': 5, 'weight': 6, 'draw': 7, 'jockey': 9, 'trainer': 10} extracted=12 stated=12
2026-07-29 12:00:07,298 | INFO | app.scrapers.winning_form_scraper | race_parsed url=https://legacy.winningform.co.za/GAU/2P260731_6.htm venue=Fairview Polytrack date=2026-07-31 race=6 stated=12 parsed=12
2026-07-29 12:00:07,298 | INFO | app.scrapers.winning_form_scraper | horse_names=['Winteronthegreen', 'Whirlybird', 'Moscow Miss', 'Thread Of Life', 'Greenlight Dancer', 'Atlantic Pearl', 'Physiologus', 'Blowin In The Wind', 'New Day', 'Marketa', 'Timeline', 'Wild Star']
2026-07-29 12:00:07,468 | INFO | httpx | HTTP Request: GET https://legacy.winningform.co.za/GAU/2P260731_7.htm "HTTP/1.1 200 OK"
2026-07-29 12:00:07,531 | INFO | app.scrapers.winning_form_scraper | runner_table_used columns={'number': 0, 'name': 1, 'length_behind': 2, 'speed_index': 3, 'predicted_time': 4, 'merit': 5, 'weight': 6, 'draw': 7, 'jockey': 9, 'trainer': 10} extracted=12 stated=12
2026-07-29 12:00:07,531 | INFO | app.scrapers.winning_form_scraper | race_parsed url=https://legacy.winningform.co.za/GAU/2P260731_7.htm venue=Fairview Polytrack date=2026-07-31 race=7 stated=12 parsed=12
2026-07-29 12:00:07,531 | INFO | app.scrapers.winning_form_scraper | horse_names=['Bel Canto Dream', 'Blame It On Me', 'Rhydian', 'El Romiachi', 'Disruptive', 'Amanatto', 'Show Off', 'Hospices De Beaune', 'Bosnay', 'Tokyo Princess', 'Royal Dawn', 'Fantine']
2026-07-29 12:00:07,679 | INFO | httpx | HTTP Request: GET https://legacy.winningform.co.za/GAU/2P260731_8.htm "HTTP/1.1 200 OK"
2026-07-29 12:00:07,748 | INFO | app.scrapers.winning_form_scraper | runner_table_used columns={'number': 0, 'name': 1, 'length_behind': 2, 'speed_index': 3, 'predicted_time': 4, 'merit': 5, 'weight': 6, 'draw': 7, 'jockey': 9, 'trainer': 10} extracted=10 stated=10
2026-07-29 12:00:07,749 | INFO | app.scrapers.winning_form_scraper | race_parsed url=https://legacy.winningform.co.za/GAU/2P260731_8.htm venue=Fairview Polytrack date=2026-07-31 race=8 stated=10 parsed=10
2026-07-29 12:00:07,749 | INFO | app.scrapers.winning_form_scraper | horse_names=['Lana View', 'Qondanekukhanyeni', 'Oncidium', 'Flower Festival', 'Royal Kailani', "Captain's Jet", 'Potenza', 'Back For More', "Babette's Feast", 'Mountain High']
2026-07-29 12:00:07,894 | INFO | httpx | HTTP Request: GET https://legacy.winningform.co.za/GAU/2P260731_9.htm "HTTP/1.1 200 OK"
2026-07-29 12:00:07,980 | INFO | app.scrapers.winning_form_scraper | runner_table_used columns={'number': 0, 'name': 1, 'length_behind': 2, 'speed_index': 3, 'predicted_time': 4, 'merit': 5, 'weight': 6, 'draw': 7, 'jockey': 9, 'trainer': 10} extracted=18 stated=18
2026-07-29 12:00:07,980 | INFO | app.scrapers.winning_form_scraper | race_parsed url=https://legacy.winningform.co.za/GAU/2P260731_9.htm venue=Fairview Polytrack date=2026-07-31 race=9 stated=18 parsed=18
2026-07-29 12:00:07,981 | INFO | app.scrapers.winning_form_scraper | horse_names=['San Quintin', 'Global Speak', 'Rototo', 'Drielandenpunt', 'Global Drumbeat', 'Golden Grey', "Silvano's Song", 'Preserve Forever', 'Crepuscolo', "Alado's Pride", 'Flash Lightning', 'Arividicio', 'Osmium', 'Celtique', "Tori's Girl", 'Terminal Velocity', 'Satellite World', 'Woman In Gold']
2026-07-29 12:00:08,168 | INFO | httpx | HTTP Request: GET https://legacy.winningform.co.za/GAU/2T260801_1.htm "HTTP/1.1 200 OK"
2026-07-29 12:00:08,201 | INFO | app.scrapers.winning_form_scraper | runner_table_used columns={'number': 0, 'name': 1, 'length_behind': 2, 'speed_index': 3, 'predicted_time': 4, 'merit': 5, 'weight': 6, 'draw': 7, 'jockey': 9, 'trainer': 10} extracted=9 stated=9
2026-07-29 12:00:08,201 | INFO | app.scrapers.winning_form_scraper | race_parsed url=https://legacy.winningform.co.za/GAU/2T260801_1.htm venue=Turffontein date=2026-08-01 race=1 stated=9 parsed=9
2026-07-29 12:00:08,202 | INFO | app.scrapers.winning_form_scraper | horse_names=["Jack's Legacy", 'Without Remorse', 'Purple Rain', 'Bellflower', 'Northern European', 'Raspberry Delight', 'Greenhilsofjamaica', 'Totheplaceibelong', 'Lady Aarya']
2026-07-29 12:00:08,357 | INFO | httpx | HTTP Request: GET https://legacy.winningform.co.za/GAU/2T260801_2.htm "HTTP/1.1 200 OK"
2026-07-29 12:00:08,389 | INFO | app.scrapers.winning_form_scraper | runner_table_used columns={'number': 0, 'name': 1, 'length_behind': 2, 'speed_index': 3, 'predicted_time': 4, 'merit': 5, 'weight': 6, 'draw': 7, 'jockey': 9, 'trainer': 10} extracted=7 stated=7
2026-07-29 12:00:08,389 | INFO | app.scrapers.winning_form_scraper | race_parsed url=https://legacy.winningform.co.za/GAU/2T260801_2.htm venue=Turffontein date=2026-08-01 race=2 stated=7 parsed=7
2026-07-29 12:00:08,389 | INFO | app.scrapers.winning_form_scraper | horse_names=['One Tiger', 'Sakura Hanami', 'Spy Story', 'Geostorm', 'Sherlock Holmes', "Trompe L'oeil", 'Matroosberg']
2026-07-29 12:00:08,503 | INFO | httpx | HTTP Request: GET https://legacy.winningform.co.za/GAU/2T260801_3.htm "HTTP/1.1 200 OK"
2026-07-29 12:00:08,699 | INFO | app.scrapers.winning_form_scraper | runner_table_used columns={'number': 0, 'name': 1, 'length_behind': 2, 'speed_index': 3, 'predicted_time': 4, 'merit': 5, 'weight': 6, 'draw': 7, 'jockey': 9, 'trainer': 10} extracted=7 stated=7
2026-07-29 12:00:08,699 | INFO | app.scrapers.winning_form_scraper | race_parsed url=https://legacy.winningform.co.za/GAU/2T260801_3.htm venue=Turffontein date=2026-08-01 race=3 stated=7 parsed=7
2026-07-29 12:00:08,699 | INFO | app.scrapers.winning_form_scraper | horse_names=['Lonely As A Cloud', 'Fostinovo', 'Mrs Stormiatrix', 'Ice Dragon', 'Banyan', 'Pivotal Role', 'Var Park']
2026-07-29 12:00:08,830 | INFO | httpx | HTTP Request: GET https://legacy.winningform.co.za/GAU/2T260801_4.htm "HTTP/1.1 200 OK"
2026-07-29 12:00:08,878 | INFO | app.scrapers.winning_form_scraper | runner_table_used columns={'number': 0, 'name': 1, 'length_behind': 2, 'speed_index': 3, 'predicted_time': 4, 'merit': 5, 'weight': 6, 'draw': 7, 'jockey': 9, 'trainer': 10} extracted=8 stated=8
2026-07-29 12:00:08,878 | INFO | app.scrapers.winning_form_scraper | race_parsed url=https://legacy.winningform.co.za/GAU/2T260801_4.htm venue=Turffontein date=2026-08-01 race=4 stated=8 parsed=8
2026-07-29 12:00:08,878 | INFO | app.scrapers.winning_form_scraper | horse_names=['Mount Pinatubo', 'Almond Sea', 'Karate Kid', 'Espinoza', 'African Pride', 'Whistle The Tune', 'Yamadori', 'Chieftain']
2026-07-29 12:00:08,990 | INFO | httpx | HTTP Request: GET https://legacy.winningform.co.za/GAU/2T260801_5.htm "HTTP/1.1 200 OK"
2026-07-29 12:00:09,087 | INFO | app.scrapers.winning_form_scraper | runner_table_used columns={'number': 0, 'name': 1, 'length_behind': 2, 'speed_index': 3, 'predicted_time': 4, 'merit': 5, 'weight': 6, 'draw': 7, 'jockey': 9, 'trainer': 10} extracted=7 stated=7
2026-07-29 12:00:09,088 | INFO | app.scrapers.winning_form_scraper | race_parsed url=https://legacy.winningform.co.za/GAU/2T260801_5.htm venue=Turffontein date=2026-08-01 race=5 stated=7 parsed=7
2026-07-29 12:00:09,088 | INFO | app.scrapers.winning_form_scraper | horse_names=['Dual Prophecy', 'Guerilla Warfare', "Diesel's Shadow", 'Dark Silver', 'World Order', 'Culturati', 'Unsolved Riddle']
2026-07-29 12:00:09,210 | INFO | httpx | HTTP Request: GET https://legacy.winningform.co.za/GAU/2T260801_6.htm "HTTP/1.1 200 OK"
2026-07-29 12:00:09,294 | INFO | app.scrapers.winning_form_scraper | runner_table_used columns={'number': 0, 'name': 1, 'length_behind': 2, 'speed_index': 3, 'predicted_time': 4, 'merit': 5, 'weight': 6, 'draw': 7, 'jockey': 9, 'trainer': 10} extracted=8 stated=8
2026-07-29 12:00:09,295 | INFO | app.scrapers.winning_form_scraper | race_parsed url=https://legacy.winningform.co.za/GAU/2T260801_6.htm venue=Turffontein date=2026-08-01 race=6 stated=8 parsed=8
2026-07-29 12:00:09,295 | INFO | app.scrapers.winning_form_scraper | horse_names=['Apache Son', 'The Playboy Bomber', 'Prince Of Kildare', 'Royal Edition', 'Mission To Mars', 'Flashy Apache', 'Mo Ment', 'Positive Attitude']
2026-07-29 12:00:09,425 | INFO | httpx | HTTP Request: GET https://legacy.winningform.co.za/GAU/2T260801_7.htm "HTTP/1.1 200 OK"
2026-07-29 12:00:09,526 | INFO | app.scrapers.winning_form_scraper | runner_table_used columns={'number': 0, 'name': 1, 'length_behind': 2, 'speed_index': 3, 'predicted_time': 4, 'merit': 5, 'weight': 6, 'draw': 7, 'jockey': 9, 'trainer': 10} extracted=9 stated=9
2026-07-29 12:00:09,527 | INFO | app.scrapers.winning_form_scraper | race_parsed url=https://legacy.winningform.co.za/GAU/2T260801_7.htm venue=Turffontein date=2026-08-01 race=7 stated=9 parsed=9
2026-07-29 12:00:09,528 | INFO | app.scrapers.winning_form_scraper | horse_names=['Arumugam', 'Orange County', 'Harun Al Rashid', 'Sky Pilot', 'Knowmore', 'Ideal Summer', 'After Hours', 'Gimmethespotlight', 'Winding Power']
2026-07-29 12:00:09,693 | INFO | httpx | HTTP Request: GET https://legacy.winningform.co.za/GAU/2T260801_8.htm "HTTP/1.1 200 OK"
2026-07-29 12:00:09,763 | INFO | app.scrapers.winning_form_scraper | runner_table_used columns={'number': 0, 'name': 1, 'length_behind': 2, 'speed_index': 3, 'predicted_time': 4, 'merit': 5, 'weight': 6, 'draw': 7, 'jockey': 9, 'trainer': 10} extracted=11 stated=11
2026-07-29 12:00:09,764 | INFO | app.scrapers.winning_form_scraper | race_parsed url=https://legacy.winningform.co.za/GAU/2T260801_8.htm venue=Turffontein date=2026-08-01 race=8 stated=11 parsed=11
2026-07-29 12:00:09,764 | INFO | app.scrapers.winning_form_scraper | horse_names=['Naretoi', 'Southampton', 'Longsword', 'Commander Of All', 'Sunset Warrior', 'Michael Faraday', 'Coming In Hot', 'Rock My Boat', 'Spirit Of Gabz', 'Rising Eagle', 'Circus Lights']
2026-07-29 12:00:09,915 | INFO | httpx | HTTP Request: GET https://legacy.winningform.co.za/KZN/2S260802_1.htm "HTTP/1.1 200 OK"
2026-07-29 12:00:09,974 | INFO | app.scrapers.winning_form_scraper | runner_table_used columns={'number': 0, 'name': 1, 'length_behind': 2, 'speed_index': 3, 'predicted_time': 4, 'merit': 5, 'weight': 6, 'draw': 7, 'jockey': 9, 'trainer': 10} extracted=13 stated=13
2026-07-29 12:00:09,974 | INFO | app.scrapers.winning_form_scraper | race_parsed url=https://legacy.winningform.co.za/KZN/2S260802_1.htm venue=Hollywoodbets Scottsville Outer date=2026-08-02 race=1 stated=13 parsed=13
2026-07-29 12:00:09,975 | INFO | app.scrapers.winning_form_scraper | horse_names=['Iceberg Rose', 'Forthegoodtimes', 'Tipperary', 'Pink Skies', 'Lovecomesknocking', 'Sweet Cherry', 'So Indi', 'Timeless Wonder', 'Bellanca Viking', 'Gezouten Haring', 'Linguistic', 'Princess Positano', 'Fleur Delacour']
2026-07-29 12:00:10,150 | INFO | httpx | HTTP Request: GET https://legacy.winningform.co.za/KZN/2S260802_2.htm "HTTP/1.1 200 OK"
2026-07-29 12:00:10,229 | INFO | app.scrapers.winning_form_scraper | runner_table_used columns={'number': 0, 'name': 1, 'length_behind': 2, 'speed_index': 3, 'predicted_time': 4, 'merit': 5, 'weight': 6, 'draw': 7, 'jockey': 9, 'trainer': 10} extracted=13 stated=13
2026-07-29 12:00:10,229 | INFO | app.scrapers.winning_form_scraper | race_parsed url=https://legacy.winningform.co.za/KZN/2S260802_2.htm venue=Hollywoodbets Scottsville Outer date=2026-08-02 race=2 stated=13 parsed=13
2026-07-29 12:00:10,230 | INFO | app.scrapers.winning_form_scraper | horse_names=['Gimme The Power', 'Floral Kingdom', 'Sweet Faye', "Queen's Bounty", 'Ayzal', 'Secret Ambition', 'Sherpa Queen', 'Rustige Kracht', 'Tokyo Girl', 'Vivalto', 'Mighty Minnie', 'Queen Indrani', 'Umoyawokubambelela']
2026-07-29 12:00:10,370 | INFO | httpx | HTTP Request: GET https://legacy.winningform.co.za/KZN/2S260802_3.htm "HTTP/1.1 200 OK"
2026-07-29 12:00:10,419 | INFO | app.scrapers.winning_form_scraper | runner_table_used columns={'number': 0, 'name': 1, 'length_behind': 2, 'speed_index': 3, 'predicted_time': 4, 'merit': 5, 'weight': 6, 'draw': 7, 'jockey': 9, 'trainer': 10} extracted=8 stated=8
2026-07-29 12:00:10,419 | INFO | app.scrapers.winning_form_scraper | race_parsed url=https://legacy.winningform.co.za/KZN/2S260802_3.htm venue=Hollywoodbets Scottsville Inner date=2026-08-02 race=3 stated=8 parsed=8
2026-07-29 12:00:10,420 | INFO | app.scrapers.winning_form_scraper | horse_names=['Future Prospect', 'Cali Bullet', 'Peaceful Duchess', 'After The Fire', "Chef's Kiss", 'Jenny Darling', 'Guild The Lilly', 'Anemie']
2026-07-29 12:00:10,553 | INFO | httpx | HTTP Request: GET https://legacy.winningform.co.za/KZN/2S260802_4.htm "HTTP/1.1 200 OK"
2026-07-29 12:00:10,634 | INFO | app.scrapers.winning_form_scraper | runner_table_used columns={'number': 0, 'name': 1, 'length_behind': 2, 'speed_index': 3, 'predicted_time': 4, 'merit': 5, 'weight': 6, 'draw': 7, 'jockey': 9, 'trainer': 10} extracted=8 stated=8
2026-07-29 12:00:10,634 | INFO | app.scrapers.winning_form_scraper | race_parsed url=https://legacy.winningform.co.za/KZN/2S260802_4.htm venue=Hollywoodbets Scottsville Inner date=2026-08-02 race=4 stated=8 parsed=8
2026-07-29 12:00:10,634 | INFO | app.scrapers.winning_form_scraper | horse_names=["Zena's Act", 'Golden Angel', 'Our Lady Fate', 'Stampede Ahead', 'Sesame', 'Cool Wind', 'Hurricane Flight', 'Mary Read']
2026-07-29 12:00:10,800 | INFO | httpx | HTTP Request: GET https://legacy.winningform.co.za/KZN/2S260802_5.htm "HTTP/1.1 200 OK"
2026-07-29 12:00:10,858 | INFO | app.scrapers.winning_form_scraper | runner_table_used columns={'number': 0, 'name': 1, 'length_behind': 2, 'speed_index': 3, 'predicted_time': 4, 'merit': 5, 'weight': 6, 'draw': 7, 'jockey': 9, 'trainer': 10} extracted=12 stated=12
2026-07-29 12:00:10,858 | INFO | app.scrapers.winning_form_scraper | race_parsed url=https://legacy.winningform.co.za/KZN/2S260802_5.htm venue=Hollywoodbets Scottsville Inner date=2026-08-02 race=5 stated=12 parsed=12
2026-07-29 12:00:10,859 | INFO | app.scrapers.winning_form_scraper | horse_names=['Serpentine Fire', "Sascha's Dream", 'Blizzardboy', 'Master Bomber', 'Buddy Boy', 'Trois Trois Quatre', 'Song To The Moon', 'Queue Wing', 'Red Cardinal', 'Dancing On A Cloud', 'Charlie Bucket', 'Double Causeway']
2026-07-29 12:00:11,024 | INFO | httpx | HTTP Request: GET https://legacy.winningform.co.za/KZN/2S260802_6.htm "HTTP/1.1 200 OK"
2026-07-29 12:00:11,144 | INFO | app.scrapers.winning_form_scraper | runner_table_used columns={'number': 0, 'name': 1, 'length_behind': 2, 'speed_index': 3, 'predicted_time': 4, 'merit': 5, 'weight': 6, 'draw': 7, 'jockey': 9, 'trainer': 10} extracted=9 stated=9
2026-07-29 12:00:11,144 | INFO | app.scrapers.winning_form_scraper | race_parsed url=https://legacy.winningform.co.za/KZN/2S260802_6.htm venue=Hollywoodbets Scottsville Inner date=2026-08-02 race=6 stated=9 parsed=9
2026-07-29 12:00:11,144 | INFO | app.scrapers.winning_form_scraper | horse_names=['Poursomesugaronme', "Captain's Pride", 'Izibulo', 'Sign Of Fate', 'Alltheboysiveloved', 'Shesha Ntombi', 'Blue Poppy', 'Rikkitikkitavi', 'Queen Amina']
2026-07-29 12:00:11,595 | INFO | httpx | HTTP Request: GET https://legacy.winningform.co.za/KZN/2S260802_7.htm "HTTP/1.1 200 OK"
2026-07-29 12:00:11,645 | INFO | app.scrapers.winning_form_scraper | runner_table_used columns={'number': 0, 'name': 1, 'length_behind': 2, 'speed_index': 3, 'predicted_time': 4, 'merit': 5, 'weight': 6, 'draw': 7, 'jockey': 9, 'trainer': 10} extracted=8 stated=8
2026-07-29 12:00:11,646 | INFO | app.scrapers.winning_form_scraper | race_parsed url=https://legacy.winningform.co.za/KZN/2S260802_7.htm venue=Hollywoodbets Scottsville Outer date=2026-08-02 race=7 stated=8 parsed=8
2026-07-29 12:00:11,646 | INFO | app.scrapers.winning_form_scraper | horse_names=['Trafalgar Square', 'Cappellino', 'Champagne Mac', 'Bless Me Fred', 'Futano', 'Intrepid', "Jane's Vision", "Mia's Athena"]
2026-07-29 12:00:11,787 | INFO | httpx | HTTP Request: GET https://legacy.winningform.co.za/KZN/2S260802_8.htm "HTTP/1.1 200 OK"
2026-07-29 12:00:11,844 | INFO | app.scrapers.winning_form_scraper | runner_table_used columns={'number': 0, 'name': 1, 'length_behind': 2, 'speed_index': 3, 'predicted_time': 4, 'merit': 5, 'weight': 6, 'draw': 7, 'jockey': 9, 'trainer': 10} extracted=11 stated=11
2026-07-29 12:00:11,844 | INFO | app.scrapers.winning_form_scraper | race_parsed url=https://legacy.winningform.co.za/KZN/2S260802_8.htm venue=Hollywoodbets Scottsville Outer date=2026-08-02 race=8 stated=11 parsed=11
2026-07-29 12:00:11,844 | INFO | app.scrapers.winning_form_scraper | horse_names=['Axis Power', 'Cavalry Commander', 'Blazing Fury', 'Military Command', 'Luneluck', 'Smorgasbord', 'Billy Cool', 'Call Of The Karoo', 'Rock Music', 'Caribbean Gold', 'Queen Of The Spear']
2026-07-29 12:00:11,883 | INFO | app.services.monitoring_service | monitoring_cycle_completed
2026-07-29 12:00:11,883 | INFO | apscheduler.executors.default | Job "MonitoringService.run_cycle (trigger: cron[hour='0,6,12,18', minute='0'], next run at: 2026-07-29 18:00:00 SAST)" executed successfully
2026-07-29 15:02:09,440 | INFO | apscheduler.scheduler | Scheduler has been shut down
2026-07-29 15:02:09,445 | INFO | app.main | application_stopped
2026-07-29 15:03:31,417 | INFO | apscheduler.scheduler | Adding job tentatively -- it will be properly scheduled when the scheduler starts
2026-07-29 15:03:31,418 | INFO | apscheduler.scheduler | Added job "MonitoringService.run_cycle" to job store "default"
2026-07-29 15:03:31,418 | INFO | apscheduler.scheduler | Scheduler started
2026-07-29 15:03:31,418 | INFO | app.services.monitoring_service | monitoring_cycle_started
2026-07-29 15:03:31,669 | INFO | httpx | HTTP Request: GET https://legacy.winningform.co.za "HTTP/1.1 200 OK"
2026-07-29 15:03:31,677 | INFO | app.scrapers.winning_form_scraper | fetch_index_frames=['https://legacy.winningform.co.za/guide.htm', 'https://legacy.winningform.co.za/cover.htm']
2026-07-29 15:03:31,770 | INFO | httpx | HTTP Request: GET https://legacy.winningform.co.za "HTTP/1.1 200 OK"
2026-07-29 15:03:31,889 | INFO | httpx | HTTP Request: GET https://legacy.winningform.co.za/guide.htm "HTTP/1.1 200 OK"
2026-07-29 15:03:32,001 | INFO | httpx | HTTP Request: GET https://legacy.winningform.co.za/cover.htm "HTTP/1.1 200 OK"
2026-07-29 15:03:32,088 | INFO | httpx | HTTP Request: GET https://legacy.winningform.co.za "HTTP/1.1 200 OK"
2026-07-29 15:03:32,184 | INFO | httpx | HTTP Request: GET https://legacy.winningform.co.za/guide.htm "HTTP/1.1 200 OK"
2026-07-29 15:03:32,299 | INFO | httpx | HTTP Request: GET https://legacy.winningform.co.za/cover.htm "HTTP/1.1 200 OK"
2026-07-29 15:03:32,316 | INFO | app.scrapers.winning_form_scraper | race_links_total=49
2026-07-29 15:03:32,318 | INFO | app.scrapers.winning_form_scraper | meetings_seen=['gau-p260731', 'gau-r260730', 'gau-t260801', 'kzn-s260729', 'kzn-s260802', 'zim-h260731']
2026-07-29 15:03:32,425 | INFO | httpx | HTTP Request: GET https://legacy.winningform.co.za/KZN/2S260729_1.htm "HTTP/1.1 200 OK"
2026-07-29 15:03:32,474 | INFO | app.scrapers.winning_form_scraper | runner_table_used columns={'number': 0, 'name': 1, 'length_behind': 2, 'speed_index': 3, 'predicted_time': 4, 'merit': 5, 'weight': 6, 'draw': 7, 'jockey': 9, 'trainer': 10} extracted=10 stated=10
2026-07-29 15:03:32,474 | INFO | app.scrapers.winning_form_scraper | race_parsed url=https://legacy.winningform.co.za/KZN/2S260729_1.htm venue=Hollywoodbets Scottsville Outer date=2026-07-29 race=1 stated=10 parsed=10
2026-07-29 15:03:32,474 | INFO | app.scrapers.winning_form_scraper | horse_names=['Lenoxx', 'Scots Wae Hae', 'African Ruby', 'Nautical Fire', 'Thunder Star', 'Kiartay', "Rachel's Boy", 'Bon Appetite', 'Ka Chow', 'Clean Sweep']
2026-07-29 15:03:32,616 | INFO | httpx | HTTP Request: GET https://legacy.winningform.co.za/KZN/2S260729_2.htm "HTTP/1.1 200 OK"
2026-07-29 15:03:32,669 | INFO | app.scrapers.winning_form_scraper | runner_table_used columns={'number': 0, 'name': 1, 'length_behind': 2, 'speed_index': 3, 'predicted_time': 4, 'merit': 5, 'weight': 6, 'draw': 7, 'jockey': 9, 'trainer': 10} extracted=17 stated=17
2026-07-29 15:03:32,669 | INFO | app.scrapers.winning_form_scraper | race_parsed url=https://legacy.winningform.co.za/KZN/2S260729_2.htm venue=Hollywoodbets Scottsville Outer date=2026-07-29 race=2 stated=17 parsed=16
2026-07-29 15:03:32,669 | INFO | app.scrapers.winning_form_scraper | horse_names=['Gimme A Fireball', 'Arkadin', "Trip To Maverick's", 'Scotch Again', 'Daswa', 'Majestic Limpopo', 'Cannon Bolt', 'Akihito', 'French War Lord', 'In The Red', "Pinkerton's Son", 'Red Jubilee', 'Cue Stick', 'Sebastiaan', 'Reign Man', 'Wisdom Seeker', 'A M C Roy On Fire']
2026-07-29 15:03:32,793 | INFO | httpx | HTTP Request: GET https://legacy.winningform.co.za/KZN/2S260729_3.htm "HTTP/1.1 200 OK"
2026-07-29 15:03:32,831 | INFO | app.scrapers.winning_form_scraper | runner_table_used columns={'number': 0, 'name': 1, 'length_behind': 2, 'speed_index': 3, 'predicted_time': 4, 'merit': 5, 'weight': 6, 'draw': 7, 'jockey': 9, 'trainer': 10} extracted=10 stated=10
2026-07-29 15:03:32,831 | INFO | app.scrapers.winning_form_scraper | race_parsed url=https://legacy.winningform.co.za/KZN/2S260729_3.htm venue=Hollywoodbets Scottsville Inner date=2026-07-29 race=3 stated=10 parsed=10
2026-07-29 15:03:32,831 | INFO | app.scrapers.winning_form_scraper | horse_names=['Trip To Venus', 'Sparrow Man', 'The Flat Cat', 'Captain Josh', 'Royal Sceptre', "Roy's Glorious", 'United Tides', 'A M C Voter', 'Stealth Mode', 'Judiciary']
2026-07-29 15:03:32,959 | INFO | httpx | HTTP Request: GET https://legacy.winningform.co.za/KZN/2S260729_4.htm "HTTP/1.1 200 OK"
2026-07-29 15:03:32,997 | INFO | app.scrapers.winning_form_scraper | runner_table_used columns={'number': 0, 'name': 1, 'length_behind': 2, 'speed_index': 3, 'predicted_time': 4, 'merit': 5, 'weight': 6, 'draw': 7, 'jockey': 9, 'trainer': 10} extracted=9 stated=9
2026-07-29 15:03:32,997 | INFO | app.scrapers.winning_form_scraper | race_parsed url=https://legacy.winningform.co.za/KZN/2S260729_4.htm venue=Hollywoodbets Scottsville Inner date=2026-07-29 race=4 stated=9 parsed=9
2026-07-29 15:03:32,997 | INFO | app.scrapers.winning_form_scraper | horse_names=['Blenheim Palace', 'Soho Celebrity', 'Magical Spring', 'Valli Gal', 'Hazel Green', 'Scarlet Empress', 'Lilbitofmonica', "Tomorrow's Summer", 'Summer Flirt']
2026-07-29 15:03:33,133 | INFO | httpx | HTTP Request: GET https://legacy.winningform.co.za/KZN/2S260729_5.htm "HTTP/1.1 200 OK"
2026-07-29 15:03:33,215 | INFO | app.scrapers.winning_form_scraper | runner_table_used columns={'number': 0, 'name': 1, 'length_behind': 2, 'speed_index': 3, 'predicted_time': 4, 'merit': 5, 'weight': 6, 'draw': 7, 'jockey': 9, 'trainer': 10} extracted=9 stated=9
2026-07-29 15:03:33,216 | INFO | app.scrapers.winning_form_scraper | race_parsed url=https://legacy.winningform.co.za/KZN/2S260729_5.htm venue=Hollywoodbets Scottsville Outer date=2026-07-29 race=5 stated=9 parsed=9
2026-07-29 15:03:33,216 | INFO | app.scrapers.winning_form_scraper | horse_names=['Sohot Sowhat', 'Disting', 'Lock And Key', 'Flying Fate', 'Buttercup Baby', 'Light Of Gabriel', 'Seven No Trump', 'Tara Star', 'Match That']
2026-07-29 15:03:33,375 | INFO | httpx | HTTP Request: GET https://legacy.winningform.co.za/KZN/2S260729_6.htm "HTTP/1.1 200 OK"
2026-07-29 15:03:33,421 | INFO | app.scrapers.winning_form_scraper | runner_table_used columns={'number': 0, 'name': 1, 'length_behind': 2, 'speed_index': 3, 'predicted_time': 4, 'merit': 5, 'weight': 6, 'draw': 7, 'jockey': 9, 'trainer': 10} extracted=9 stated=9
2026-07-29 15:03:33,421 | INFO | app.scrapers.winning_form_scraper | race_parsed url=https://legacy.winningform.co.za/KZN/2S260729_6.htm venue=Hollywoodbets Scottsville Inner date=2026-07-29 race=6 stated=9 parsed=8
2026-07-29 15:03:33,421 | INFO | app.scrapers.winning_form_scraper | horse_names=['Mister Nibbles', 'Phutulicious', 'Klein Karoo', 'Targaryen Knight', 'Danube', 'The Marquee', 'Red Mountain', 'Coast Of The Sun', 'Frostbite']
2026-07-29 15:03:33,551 | INFO | httpx | HTTP Request: GET https://legacy.winningform.co.za/KZN/2S260729_7.htm "HTTP/1.1 200 OK"
2026-07-29 15:03:33,603 | INFO | app.scrapers.winning_form_scraper | runner_table_used columns={'number': 0, 'name': 1, 'length_behind': 2, 'speed_index': 3, 'predicted_time': 4, 'merit': 5, 'weight': 6, 'draw': 7, 'jockey': 9, 'trainer': 10} extracted=9 stated=9
2026-07-29 15:03:33,604 | INFO | app.scrapers.winning_form_scraper | race_parsed url=https://legacy.winningform.co.za/KZN/2S260729_7.htm venue=Hollywoodbets Scottsville Inner date=2026-07-29 race=7 stated=9 parsed=9
2026-07-29 15:03:33,604 | INFO | app.scrapers.winning_form_scraper | horse_names=['Act Of Grace', 'Spirit Of Shimla', 'Treasure Island', 'Hunga Tonga', 'Prom Queen', 'Last Car To Pass', 'Pretty Kara', 'Another Dream', 'Deepest Water']
2026-07-29 15:03:33,804 | INFO | httpx | HTTP Request: GET https://legacy.winningform.co.za/KZN/2S260729_8.htm "HTTP/1.1 200 OK"
2026-07-29 15:03:33,891 | INFO | app.scrapers.winning_form_scraper | runner_table_used columns={'number': 0, 'name': 1, 'length_behind': 2, 'speed_index': 3, 'predicted_time': 4, 'merit': 5, 'weight': 6, 'draw': 7, 'jockey': 9, 'trainer': 10} extracted=18 stated=18
2026-07-29 15:03:33,892 | INFO | app.scrapers.winning_form_scraper | race_parsed url=https://legacy.winningform.co.za/KZN/2S260729_8.htm venue=Hollywoodbets Scottsville Inner date=2026-07-29 race=8 stated=18 parsed=15
2026-07-29 15:03:33,892 | INFO | app.scrapers.winning_form_scraper | horse_names=["Gardener's Pride", 'Ragnar The King', 'Double Olympic', 'Splash Of Love', 'La Maddalena', 'Global Movement', 'Irish Anthem', 'Pongola', "Kimball O'hara", 'I Am Classy', 'Gorgeous Dude', 'Christmas Rose', 'Wander Skitt', 'Fort Usher', "Ziyan's Pride", 'Run To Rio', 'Twocantango', 'National Dream']
2026-07-29 15:03:34,180 | INFO | httpx | HTTP Request: GET https://legacy.winningform.co.za/GAU/2R260730_1.htm "HTTP/1.1 200 OK"
2026-07-29 15:03:34,202 | INFO | app.scrapers.winning_form_scraper | runner_table_used columns={'number': 0, 'name': 1, 'length_behind': 2, 'speed_index': 3, 'predicted_time': 4, 'merit': 5, 'weight': 6, 'draw': 7, 'jockey': 9, 'trainer': 10} extracted=8 stated=8
2026-07-29 15:03:34,202 | INFO | app.scrapers.winning_form_scraper | race_parsed url=https://legacy.winningform.co.za/GAU/2R260730_1.htm venue=Vaal Classic date=2026-07-30 race=1 stated=8 parsed=8
2026-07-29 15:03:34,202 | INFO | app.scrapers.winning_form_scraper | horse_names=["Rafeef's Queen", 'Miss Honey Bee', 'Royal Rant', 'Miss Fire Arrow', 'San Francisco', 'Navigatrix', 'Pretty Girl', 'Volare Veloce']
2026-07-29 15:03:34,453 | INFO | httpx | HTTP Request: GET https://legacy.winningform.co.za/GAU/2R260730_2.htm "HTTP/1.1 200 OK"
2026-07-29 15:03:34,487 | INFO | app.scrapers.winning_form_scraper | runner_table_used columns={'number': 0, 'name': 1, 'length_behind': 2, 'speed_index': 3, 'predicted_time': 4, 'merit': 5, 'weight': 6, 'draw': 7, 'jockey': 9, 'trainer': 10} extracted=9 stated=9
2026-07-29 15:03:34,487 | INFO | app.scrapers.winning_form_scraper | race_parsed url=https://legacy.winningform.co.za/GAU/2R260730_2.htm venue=Vaal Classic date=2026-07-30 race=2 stated=9 parsed=9
2026-07-29 15:03:34,487 | INFO | app.scrapers.winning_form_scraper | horse_names=['Tenareef', 'Captain Cooper', 'Flotilla', 'North Star Fury', 'Chic Shack', 'Hawkeye', 'Mocha Magic', 'Reachingforthemoon', 'Red Viking']
2026-07-29 15:03:34,587 | INFO | httpx | HTTP Request: GET https://legacy.winningform.co.za/GAU/2R260730_3.htm "HTTP/1.1 200 OK"
2026-07-29 15:03:34,615 | INFO | app.scrapers.winning_form_scraper | runner_table_used columns={'number': 0, 'name': 1, 'length_behind': 2, 'speed_index': 3, 'predicted_time': 4, 'merit': 5, 'weight': 6, 'draw': 7, 'jockey': 9, 'trainer': 10} extracted=8 stated=8
2026-07-29 15:03:34,615 | INFO | app.scrapers.winning_form_scraper | race_parsed url=https://legacy.winningform.co.za/GAU/2R260730_3.htm venue=Vaal Classic date=2026-07-30 race=3 stated=8 parsed=8
2026-07-29 15:03:34,615 | INFO | app.scrapers.winning_form_scraper | horse_names=['Beautiful One', 'Two Tigers', 'Berry Lancer', 'Dreaming Of Youth', "Leanne's Love", 'Dreadnought', 'Pittar', 'Walkinginthewoods']
2026-07-29 15:03:34,723 | INFO | httpx | HTTP Request: GET https://legacy.winningform.co.za/GAU/2R260730_4.htm "HTTP/1.1 200 OK"
2026-07-29 15:03:34,755 | INFO | app.scrapers.winning_form_scraper | runner_table_used columns={'number': 0, 'name': 1, 'length_behind': 2, 'speed_index': 3, 'predicted_time': 4, 'merit': 5, 'weight': 6, 'draw': 7, 'jockey': 9, 'trainer': 10} extracted=9 stated=9
2026-07-29 15:03:34,755 | INFO | app.scrapers.winning_form_scraper | race_parsed url=https://legacy.winningform.co.za/GAU/2R260730_4.htm venue=Vaal Classic date=2026-07-30 race=4 stated=9 parsed=9
2026-07-29 15:03:34,755 | INFO | app.scrapers.winning_form_scraper | horse_names=['Duke Of Lorraine', 'Vixeninthevineyard', 'Uncle Bob', 'Angle Of Attack', 'Silver Comet', 'Crimson Ranger', 'Echo Of The Wild', 'Gus On The Bus', 'Sivaji']
2026-07-29 15:03:34,949 | INFO | httpx | HTTP Request: GET https://legacy.winningform.co.za/GAU/2R260730_5.htm "HTTP/1.1 200 OK"
2026-07-29 15:03:35,002 | INFO | app.scrapers.winning_form_scraper | runner_table_used columns={'number': 0, 'name': 1, 'length_behind': 2, 'speed_index': 3, 'predicted_time': 4, 'merit': 5, 'weight': 6, 'draw': 7, 'jockey': 9, 'trainer': 10} extracted=9 stated=9
2026-07-29 15:03:35,002 | INFO | app.scrapers.winning_form_scraper | race_parsed url=https://legacy.winningform.co.za/GAU/2R260730_5.htm venue=Vaal Classic date=2026-07-30 race=5 stated=9 parsed=9
2026-07-29 15:03:35,002 | INFO | app.scrapers.winning_form_scraper | horse_names=['Art Nouveau', 'Frangipani', 'Azaleas For All', 'Boom Boom', 'Surprise Party', 'Lady Sabrina', 'Lady Blunt', 'Juliet Tango', 'Mount Etna']
2026-07-29 15:03:35,105 | INFO | httpx | HTTP Request: GET https://legacy.winningform.co.za/GAU/2R260730_6.htm "HTTP/1.1 200 OK"
2026-07-29 15:03:35,159 | INFO | app.scrapers.winning_form_scraper | runner_table_used columns={'number': 0, 'name': 1, 'length_behind': 2, 'speed_index': 3, 'predicted_time': 4, 'merit': 5, 'weight': 6, 'draw': 7, 'jockey': 9, 'trainer': 10} extracted=10 stated=10
2026-07-29 15:03:35,159 | INFO | app.scrapers.winning_form_scraper | race_parsed url=https://legacy.winningform.co.za/GAU/2R260730_6.htm venue=Vaal Classic date=2026-07-30 race=6 stated=10 parsed=10
2026-07-29 15:03:35,159 | INFO | app.scrapers.winning_form_scraper | horse_names=['Hopscotch', 'Bold Action', 'Utsaah', 'Play With Fire', "Kylie's Angel", "Ariel's Jet", 'Be My Fate', 'Chariklo', 'Wise Counsel', 'Cocomelon']
2026-07-29 15:03:35,309 | INFO | httpx | HTTP Request: GET https://legacy.winningform.co.za/GAU/2R260730_7.htm "HTTP/1.1 200 OK"
2026-07-29 15:03:35,364 | INFO | app.scrapers.winning_form_scraper | runner_table_used columns={'number': 0, 'name': 1, 'length_behind': 2, 'speed_index': 3, 'predicted_time': 4, 'merit': 5, 'weight': 6, 'draw': 7, 'jockey': 9, 'trainer': 10} extracted=10 stated=10
2026-07-29 15:03:35,364 | INFO | app.scrapers.winning_form_scraper | race_parsed url=https://legacy.winningform.co.za/GAU/2R260730_7.htm venue=Vaal Classic date=2026-07-30 race=7 stated=10 parsed=10
2026-07-29 15:03:35,365 | INFO | app.scrapers.winning_form_scraper | horse_names=['Stop The Traffic', 'Full Go', 'Last Ginger', 'Circle Of Grace', 'Itsnowornever', 'Ghostbuster', 'Thambi', 'Gold De Grace', 'Red Sparrow', 'Cover Charge']
2026-07-29 15:03:35,493 | INFO | httpx | HTTP Request: GET https://legacy.winningform.co.za/GAU/2R260730_8.htm "HTTP/1.1 200 OK"
2026-07-29 15:03:35,547 | INFO | app.scrapers.winning_form_scraper | runner_table_used columns={'number': 0, 'name': 1, 'length_behind': 2, 'speed_index': 3, 'predicted_time': 4, 'merit': 5, 'weight': 6, 'draw': 7, 'jockey': 9, 'trainer': 10} extracted=8 stated=8
2026-07-29 15:03:35,547 | INFO | app.scrapers.winning_form_scraper | race_parsed url=https://legacy.winningform.co.za/GAU/2R260730_8.htm venue=Vaal Classic date=2026-07-30 race=8 stated=8 parsed=8
2026-07-29 15:03:35,548 | INFO | app.scrapers.winning_form_scraper | horse_names=['Time Will Tell', 'Twentytwentyvision', 'Hammer Blow', 'Arilena', 'Taking A Risk', 'Sergeant Soqrat', 'Champagne Problems', 'Raining Rubies']
2026-07-29 15:03:35,694 | INFO | httpx | HTTP Request: GET https://legacy.winningform.co.za/GAU/2R260730_9.htm "HTTP/1.1 200 OK"
2026-07-29 15:03:35,785 | INFO | app.scrapers.winning_form_scraper | runner_table_used columns={'number': 0, 'name': 1, 'length_behind': 2, 'speed_index': 3, 'predicted_time': 4, 'merit': 5, 'weight': 6, 'draw': 7, 'jockey': 9, 'trainer': 10} extracted=17 stated=17
2026-07-29 15:03:35,785 | INFO | app.scrapers.winning_form_scraper | race_parsed url=https://legacy.winningform.co.za/GAU/2R260730_9.htm venue=Vaal Classic date=2026-07-30 race=9 stated=17 parsed=17
2026-07-29 15:03:35,786 | INFO | app.scrapers.winning_form_scraper | horse_names=['Golden Warrior', 'Satyagraha', 'Elusive Red', 'Dear Doc', "Can't Catch Me", 'Snow Moon', 'Pearl In Her Crown', 'Eiffel Tower', 'Pretty Analia', 'Shoreybomba', 'Shori Kai', 'Jabari Thimba', 'Lady Elliot', 'Prized Platinum', 'On A Jet Plane', 'Space Mission', 'Baby Red']
2026-07-29 15:03:35,924 | INFO | httpx | HTTP Request: GET https://legacy.winningform.co.za/ZIM/2H260731_1.htm "HTTP/1.1 200 OK"
2026-07-29 15:03:35,946 | INFO | app.scrapers.winning_form_scraper | runner_table_used columns={'number': 0, 'name': 1, 'length_behind': 2, 'speed_index': 3, 'predicted_time': 4, 'merit': 5, 'weight': 6, 'draw': 7, 'jockey': 9, 'trainer': 10} extracted=6 stated=6
2026-07-29 15:03:35,946 | INFO | app.scrapers.winning_form_scraper | race_parsed url=https://legacy.winningform.co.za/ZIM/2H260731_1.htm venue=Borrowdale date=2026-07-31 race=1 stated=6 parsed=6
2026-07-29 15:03:35,947 | INFO | app.scrapers.winning_form_scraper | horse_names=['Firefly Lane', "Lion's Share", 'Roman Law', 'Wintery Mansion', 'Endearing Peace', 'Majik Wine']
2026-07-29 15:03:36,053 | INFO | httpx | HTTP Request: GET https://legacy.winningform.co.za/ZIM/2H260731_2.htm "HTTP/1.1 200 OK"
2026-07-29 15:03:36,091 | INFO | app.scrapers.winning_form_scraper | runner_table_used columns={'number': 0, 'name': 1, 'length_behind': 2, 'speed_index': 3, 'predicted_time': 4, 'merit': 5, 'weight': 6, 'draw': 7, 'jockey': 9, 'trainer': 10} extracted=6 stated=6
2026-07-29 15:03:36,092 | INFO | app.scrapers.winning_form_scraper | race_parsed url=https://legacy.winningform.co.za/ZIM/2H260731_2.htm venue=Borrowdale date=2026-07-31 race=2 stated=6 parsed=6
2026-07-29 15:03:36,092 | INFO | app.scrapers.winning_form_scraper | horse_names=['Zafar', 'Queen Of Fire', 'Diamond Jim', 'Red Top', 'Ultimate Jewel', 'Festival Of Light']
2026-07-29 15:03:36,226 | INFO | httpx | HTTP Request: GET https://legacy.winningform.co.za/ZIM/2H260731_3.htm "HTTP/1.1 200 OK"
2026-07-29 15:03:36,262 | INFO | app.scrapers.winning_form_scraper | runner_table_used columns={'number': 0, 'name': 1, 'length_behind': 2, 'speed_index': 3, 'predicted_time': 4, 'merit': 5, 'weight': 6, 'draw': 7, 'jockey': 9, 'trainer': 10} extracted=6 stated=6
2026-07-29 15:03:36,262 | INFO | app.scrapers.winning_form_scraper | race_parsed url=https://legacy.winningform.co.za/ZIM/2H260731_3.htm venue=Borrowdale date=2026-07-31 race=3 stated=6 parsed=6
2026-07-29 15:03:36,263 | INFO | app.scrapers.winning_form_scraper | horse_names=['Aerial Display', 'Mizzen Sword', 'Prince Of Denmark', 'Queen Of Montmatre', 'House Of Lords', 'Captain Carnage']
2026-07-29 15:03:36,415 | INFO | httpx | HTTP Request: GET https://legacy.winningform.co.za/ZIM/2H260731_4.htm "HTTP/1.1 200 OK"
2026-07-29 15:03:36,523 | INFO | app.scrapers.winning_form_scraper | runner_table_used columns={'number': 0, 'name': 1, 'length_behind': 2, 'speed_index': 3, 'predicted_time': 4, 'merit': 5, 'weight': 6, 'draw': 7, 'jockey': 9, 'trainer': 10} extracted=5 stated=5
2026-07-29 15:03:36,523 | INFO | app.scrapers.winning_form_scraper | race_parsed url=https://legacy.winningform.co.za/ZIM/2H260731_4.htm venue=Borrowdale date=2026-07-31 race=4 stated=5 parsed=5
2026-07-29 15:03:36,523 | INFO | app.scrapers.winning_form_scraper | horse_names=['Empire Blue', 'Copper Fire', 'When Evening Comes', 'Battle Of Seattle', 'Shes Everything']
2026-07-29 15:03:36,744 | INFO | httpx | HTTP Request: GET https://legacy.winningform.co.za/ZIM/2H260731_5.htm "HTTP/1.1 200 OK"
2026-07-29 15:03:36,887 | INFO | app.scrapers.winning_form_scraper | runner_table_used columns={'number': 0, 'name': 1, 'length_behind': 2, 'speed_index': 3, 'predicted_time': 4, 'merit': 5, 'weight': 6, 'draw': 7, 'jockey': 9, 'trainer': 10} extracted=4 stated=4
2026-07-29 15:03:36,887 | INFO | app.scrapers.winning_form_scraper | race_parsed url=https://legacy.winningform.co.za/ZIM/2H260731_5.htm venue=Borrowdale date=2026-07-31 race=5 stated=4 parsed=4
2026-07-29 15:03:36,887 | INFO | app.scrapers.winning_form_scraper | horse_names=['Ultra Pursuit', 'Pocket Watch', 'Coppola', 'Guerra']
2026-07-29 15:03:37,010 | INFO | httpx | HTTP Request: GET https://legacy.winningform.co.za/ZIM/2H260731_6.htm "HTTP/1.1 200 OK"
2026-07-29 15:03:37,107 | INFO | app.scrapers.winning_form_scraper | runner_table_used columns={'number': 0, 'name': 1, 'length_behind': 2, 'speed_index': 3, 'predicted_time': 4, 'merit': 5, 'weight': 6, 'draw': 7, 'jockey': 9, 'trainer': 10} extracted=4 stated=4
2026-07-29 15:03:37,109 | INFO | app.scrapers.winning_form_scraper | race_parsed url=https://legacy.winningform.co.za/ZIM/2H260731_6.htm venue=Borrowdale date=2026-07-31 race=6 stated=4 parsed=4
2026-07-29 15:03:37,114 | INFO | app.scrapers.winning_form_scraper | horse_names=['Robin Of Locksley', 'Kagura', 'Magic Exists', 'Majestic Warrior']
2026-07-29 15:03:37,246 | INFO | httpx | HTTP Request: GET https://legacy.winningform.co.za/ZIM/2H260731_7.htm "HTTP/1.1 200 OK"
2026-07-29 15:03:37,321 | INFO | app.scrapers.winning_form_scraper | runner_table_used columns={'number': 0, 'name': 1, 'length_behind': 2, 'speed_index': 3, 'predicted_time': 4, 'merit': 5, 'weight': 6, 'draw': 7, 'jockey': 9, 'trainer': 10} extracted=5 stated=5
2026-07-29 15:03:37,321 | INFO | app.scrapers.winning_form_scraper | race_parsed url=https://legacy.winningform.co.za/ZIM/2H260731_7.htm venue=Borrowdale date=2026-07-31 race=7 stated=5 parsed=5
2026-07-29 15:03:37,322 | INFO | app.scrapers.winning_form_scraper | horse_names=['Sally Port', 'Princess Lucy', 'Matilda Fitzwalter', 'Tranquil Judi', 'Waiting On Charlie']
2026-07-29 15:03:37,467 | INFO | httpx | HTTP Request: GET https://legacy.winningform.co.za/GAU/2P260731_1.htm "HTTP/1.1 200 OK"
2026-07-29 15:03:37,538 | INFO | app.scrapers.winning_form_scraper | runner_table_used columns={'number': 0, 'name': 1, 'length_behind': 2, 'speed_index': 3, 'predicted_time': 4, 'merit': 5, 'weight': 6, 'draw': 7, 'jockey': 9, 'trainer': 10} extracted=8 stated=8
2026-07-29 15:03:37,538 | INFO | app.scrapers.winning_form_scraper | race_parsed url=https://legacy.winningform.co.za/GAU/2P260731_1.htm venue=Fairview Polytrack date=2026-07-31 race=1 stated=8 parsed=8
2026-07-29 15:03:37,538 | INFO | app.scrapers.winning_form_scraper | horse_names=['Eternal Spirit', "Nobody's Perfect", 'Seattle Glow', 'Camden Square', "Queen's Away", 'Roses For Trex', 'Bumble Bee', 'So Welcome']
2026-07-29 15:03:37,705 | INFO | httpx | HTTP Request: GET https://legacy.winningform.co.za/GAU/2P260731_2.htm "HTTP/1.1 200 OK"
2026-07-29 15:03:37,848 | INFO | app.scrapers.winning_form_scraper | runner_table_used columns={'number': 0, 'name': 1, 'length_behind': 2, 'speed_index': 3, 'predicted_time': 4, 'merit': 5, 'weight': 6, 'draw': 7, 'jockey': 9, 'trainer': 10} extracted=12 stated=12
2026-07-29 15:03:37,849 | INFO | app.scrapers.winning_form_scraper | race_parsed url=https://legacy.winningform.co.za/GAU/2P260731_2.htm venue=Fairview Polytrack date=2026-07-31 race=2 stated=12 parsed=12
2026-07-29 15:03:37,849 | INFO | app.scrapers.winning_form_scraper | horse_names=['Good Shine', 'Peekaboo', 'Mediterraneanflame', 'Made To Measure', 'Champagne Blaze', 'Witching Hour', 'Gimmethegold', 'Pretty Boy', 'Kaleesh Cyborg', 'Total Eruption', 'Matter Of Trust', 'Makajima']
2026-07-29 15:03:38,023 | INFO | httpx | HTTP Request: GET https://legacy.winningform.co.za/GAU/2P260731_3.htm "HTTP/1.1 200 OK"
2026-07-29 15:03:38,108 | INFO | app.scrapers.winning_form_scraper | runner_table_used columns={'number': 0, 'name': 1, 'length_behind': 2, 'speed_index': 3, 'predicted_time': 4, 'merit': 5, 'weight': 6, 'draw': 7, 'jockey': 9, 'trainer': 10} extracted=9 stated=9
2026-07-29 15:03:38,108 | INFO | app.scrapers.winning_form_scraper | race_parsed url=https://legacy.winningform.co.za/GAU/2P260731_3.htm venue=Fairview Polytrack date=2026-07-31 race=3 stated=9 parsed=9
2026-07-29 15:03:38,108 | INFO | app.scrapers.winning_form_scraper | horse_names=['Lovely Dancer', 'J Lordi', 'Rock Up', 'Jewel Mule', 'Alesian Beau', 'Here Comes Johnny', 'American Gem', 'Chim Chim Cheree', 'Cautionary']
2026-07-29 15:03:38,276 | INFO | httpx | HTTP Request: GET https://legacy.winningform.co.za/GAU/2P260731_4.htm "HTTP/1.1 200 OK"
2026-07-29 15:03:38,387 | INFO | app.scrapers.winning_form_scraper | runner_table_used columns={'number': 0, 'name': 1, 'length_behind': 2, 'speed_index': 3, 'predicted_time': 4, 'merit': 5, 'weight': 6, 'draw': 7, 'jockey': 9, 'trainer': 10} extracted=7 stated=7
2026-07-29 15:03:38,388 | INFO | app.scrapers.winning_form_scraper | race_parsed url=https://legacy.winningform.co.za/GAU/2P260731_4.htm venue=Fairview Polytrack date=2026-07-31 race=4 stated=7 parsed=7
2026-07-29 15:03:38,388 | INFO | app.scrapers.winning_form_scraper | horse_names=['Imaginable', 'Black Egret', 'Tintamarre', 'Warrior Of Royalty', 'Ravilious', 'Joker Man', 'Galileo Star']
2026-07-29 15:03:38,649 | INFO | httpx | HTTP Request: GET https://legacy.winningform.co.za/GAU/2P260731_5.htm "HTTP/1.1 200 OK"
2026-07-29 15:03:38,783 | INFO | app.scrapers.winning_form_scraper | runner_table_used columns={'number': 0, 'name': 1, 'length_behind': 2, 'speed_index': 3, 'predicted_time': 4, 'merit': 5, 'weight': 6, 'draw': 7, 'jockey': 9, 'trainer': 10} extracted=8 stated=8
2026-07-29 15:03:38,783 | INFO | app.scrapers.winning_form_scraper | race_parsed url=https://legacy.winningform.co.za/GAU/2P260731_5.htm venue=Fairview Polytrack date=2026-07-31 race=5 stated=8 parsed=8
2026-07-29 15:03:38,785 | INFO | app.scrapers.winning_form_scraper | horse_names=['All Systems Go', 'Play Act', 'Clairwood Rose', 'Faraway Girl', 'Arashi', 'Can You Danse', 'Ventura Boulevard', 'Rip Wheeler']
2026-07-29 15:03:38,989 | INFO | httpx | HTTP Request: GET https://legacy.winningform.co.za/GAU/2P260731_6.htm "HTTP/1.1 200 OK"
2026-07-29 15:03:39,227 | INFO | app.scrapers.winning_form_scraper | runner_table_used columns={'number': 0, 'name': 1, 'length_behind': 2, 'speed_index': 3, 'predicted_time': 4, 'merit': 5, 'weight': 6, 'draw': 7, 'jockey': 9, 'trainer': 10} extracted=12 stated=12
2026-07-29 15:03:39,227 | INFO | app.scrapers.winning_form_scraper | race_parsed url=https://legacy.winningform.co.za/GAU/2P260731_6.htm venue=Fairview Polytrack date=2026-07-31 race=6 stated=12 parsed=12
2026-07-29 15:03:39,227 | INFO | app.scrapers.winning_form_scraper | horse_names=['Winteronthegreen', 'Whirlybird', 'Moscow Miss', 'Thread Of Life', 'Greenlight Dancer', 'Atlantic Pearl', 'Physiologus', 'Blowin In The Wind', 'New Day', 'Marketa', 'Timeline', 'Wild Star']
2026-07-29 15:03:39,429 | INFO | httpx | HTTP Request: GET https://legacy.winningform.co.za/GAU/2P260731_7.htm "HTTP/1.1 200 OK"
2026-07-29 15:03:39,587 | INFO | app.scrapers.winning_form_scraper | runner_table_used columns={'number': 0, 'name': 1, 'length_behind': 2, 'speed_index': 3, 'predicted_time': 4, 'merit': 5, 'weight': 6, 'draw': 7, 'jockey': 9, 'trainer': 10} extracted=12 stated=12
2026-07-29 15:03:39,588 | INFO | app.scrapers.winning_form_scraper | race_parsed url=https://legacy.winningform.co.za/GAU/2P260731_7.htm venue=Fairview Polytrack date=2026-07-31 race=7 stated=12 parsed=12
2026-07-29 15:03:39,588 | INFO | app.scrapers.winning_form_scraper | horse_names=['Bel Canto Dream', 'Blame It On Me', 'Rhydian', 'El Romiachi', 'Disruptive', 'Amanatto', 'Show Off', 'Hospices De Beaune', 'Bosnay', 'Tokyo Princess', 'Royal Dawn', 'Fantine']
2026-07-29 15:03:39,786 | INFO | httpx | HTTP Request: GET https://legacy.winningform.co.za/GAU/2P260731_8.htm "HTTP/1.1 200 OK"
2026-07-29 15:03:39,970 | INFO | app.scrapers.winning_form_scraper | runner_table_used columns={'number': 0, 'name': 1, 'length_behind': 2, 'speed_index': 3, 'predicted_time': 4, 'merit': 5, 'weight': 6, 'draw': 7, 'jockey': 9, 'trainer': 10} extracted=10 stated=10
2026-07-29 15:03:39,970 | INFO | app.scrapers.winning_form_scraper | race_parsed url=https://legacy.winningform.co.za/GAU/2P260731_8.htm venue=Fairview Polytrack date=2026-07-31 race=8 stated=10 parsed=10
2026-07-29 15:03:39,971 | INFO | app.scrapers.winning_form_scraper | horse_names=['Lana View', 'Qondanekukhanyeni', 'Oncidium', 'Flower Festival', 'Royal Kailani', "Captain's Jet", 'Potenza', 'Back For More', "Babette's Feast", 'Mountain High']
2026-07-29 15:03:40,165 | INFO | httpx | HTTP Request: GET https://legacy.winningform.co.za/GAU/2P260731_9.htm "HTTP/1.1 200 OK"
2026-07-29 15:03:40,434 | INFO | app.scrapers.winning_form_scraper | runner_table_used columns={'number': 0, 'name': 1, 'length_behind': 2, 'speed_index': 3, 'predicted_time': 4, 'merit': 5, 'weight': 6, 'draw': 7, 'jockey': 9, 'trainer': 10} extracted=18 stated=18
2026-07-29 15:03:40,435 | INFO | app.scrapers.winning_form_scraper | race_parsed url=https://legacy.winningform.co.za/GAU/2P260731_9.htm venue=Fairview Polytrack date=2026-07-31 race=9 stated=18 parsed=18
2026-07-29 15:03:40,435 | INFO | app.scrapers.winning_form_scraper | horse_names=['San Quintin', 'Global Speak', 'Rototo', 'Drielandenpunt', 'Global Drumbeat', 'Golden Grey', "Silvano's Song", 'Preserve Forever', 'Crepuscolo', "Alado's Pride", 'Flash Lightning', 'Arividicio', 'Osmium', 'Celtique', "Tori's Girl", 'Terminal Velocity', 'Satellite World', 'Woman In Gold']
2026-07-29 15:03:40,663 | INFO | httpx | HTTP Request: GET https://legacy.winningform.co.za/GAU/2T260801_1.htm "HTTP/1.1 200 OK"
2026-07-29 15:03:40,735 | INFO | app.scrapers.winning_form_scraper | runner_table_used columns={'number': 0, 'name': 1, 'length_behind': 2, 'speed_index': 3, 'predicted_time': 4, 'merit': 5, 'weight': 6, 'draw': 7, 'jockey': 9, 'trainer': 10} extracted=9 stated=9
2026-07-29 15:03:40,735 | INFO | app.scrapers.winning_form_scraper | race_parsed url=https://legacy.winningform.co.za/GAU/2T260801_1.htm venue=Turffontein date=2026-08-01 race=1 stated=9 parsed=9
2026-07-29 15:03:40,735 | INFO | app.scrapers.winning_form_scraper | horse_names=["Jack's Legacy", 'Without Remorse', 'Purple Rain', 'Bellflower', 'Northern European', 'Raspberry Delight', 'Greenhilsofjamaica', 'Totheplaceibelong', 'Lady Aarya']
2026-07-29 15:03:40,873 | INFO | httpx | HTTP Request: GET https://legacy.winningform.co.za/GAU/2T260801_2.htm "HTTP/1.1 200 OK"
2026-07-29 15:03:40,954 | INFO | app.scrapers.winning_form_scraper | runner_table_used columns={'number': 0, 'name': 1, 'length_behind': 2, 'speed_index': 3, 'predicted_time': 4, 'merit': 5, 'weight': 6, 'draw': 7, 'jockey': 9, 'trainer': 10} extracted=7 stated=7
2026-07-29 15:03:40,954 | INFO | app.scrapers.winning_form_scraper | race_parsed url=https://legacy.winningform.co.za/GAU/2T260801_2.htm venue=Turffontein date=2026-08-01 race=2 stated=7 parsed=7
2026-07-29 15:03:40,955 | INFO | app.scrapers.winning_form_scraper | horse_names=['One Tiger', 'Sakura Hanami', 'Spy Story', 'Geostorm', 'Sherlock Holmes', "Trompe L'oeil", 'Matroosberg']
2026-07-29 15:03:41,088 | INFO | httpx | HTTP Request: GET https://legacy.winningform.co.za/GAU/2T260801_3.htm "HTTP/1.1 200 OK"
2026-07-29 15:03:41,200 | INFO | app.scrapers.winning_form_scraper | runner_table_used columns={'number': 0, 'name': 1, 'length_behind': 2, 'speed_index': 3, 'predicted_time': 4, 'merit': 5, 'weight': 6, 'draw': 7, 'jockey': 9, 'trainer': 10} extracted=7 stated=7
2026-07-29 15:03:41,200 | INFO | app.scrapers.winning_form_scraper | race_parsed url=https://legacy.winningform.co.za/GAU/2T260801_3.htm venue=Turffontein date=2026-08-01 race=3 stated=7 parsed=7
2026-07-29 15:03:41,200 | INFO | app.scrapers.winning_form_scraper | horse_names=['Lonely As A Cloud', 'Fostinovo', 'Mrs Stormiatrix', 'Ice Dragon', 'Banyan', 'Pivotal Role', 'Var Park']
2026-07-29 15:03:41,345 | INFO | httpx | HTTP Request: GET https://legacy.winningform.co.za/GAU/2T260801_4.htm "HTTP/1.1 200 OK"
2026-07-29 15:03:41,468 | INFO | app.scrapers.winning_form_scraper | runner_table_used columns={'number': 0, 'name': 1, 'length_behind': 2, 'speed_index': 3, 'predicted_time': 4, 'merit': 5, 'weight': 6, 'draw': 7, 'jockey': 9, 'trainer': 10} extracted=8 stated=8
2026-07-29 15:03:41,469 | INFO | app.scrapers.winning_form_scraper | race_parsed url=https://legacy.winningform.co.za/GAU/2T260801_4.htm venue=Turffontein date=2026-08-01 race=4 stated=8 parsed=8
2026-07-29 15:03:41,469 | INFO | app.scrapers.winning_form_scraper | horse_names=['Mount Pinatubo', 'Almond Sea', 'Karate Kid', 'Espinoza', 'African Pride', 'Whistle The Tune', 'Yamadori', 'Chieftain']
2026-07-29 15:03:41,599 | INFO | httpx | HTTP Request: GET https://legacy.winningform.co.za/GAU/2T260801_5.htm "HTTP/1.1 200 OK"
2026-07-29 15:03:41,862 | INFO | app.scrapers.winning_form_scraper | runner_table_used columns={'number': 0, 'name': 1, 'length_behind': 2, 'speed_index': 3, 'predicted_time': 4, 'merit': 5, 'weight': 6, 'draw': 7, 'jockey': 9, 'trainer': 10} extracted=7 stated=7
2026-07-29 15:03:41,863 | INFO | app.scrapers.winning_form_scraper | race_parsed url=https://legacy.winningform.co.za/GAU/2T260801_5.htm venue=Turffontein date=2026-08-01 race=5 stated=7 parsed=7
2026-07-29 15:03:41,863 | INFO | app.scrapers.winning_form_scraper | horse_names=['Dual Prophecy', 'Guerilla Warfare', "Diesel's Shadow", 'Dark Silver', 'World Order', 'Culturati', 'Unsolved Riddle']
2026-07-29 15:03:42,015 | INFO | httpx | HTTP Request: GET https://legacy.winningform.co.za/GAU/2T260801_6.htm "HTTP/1.1 200 OK"
2026-07-29 15:03:42,205 | INFO | app.scrapers.winning_form_scraper | runner_table_used columns={'number': 0, 'name': 1, 'length_behind': 2, 'speed_index': 3, 'predicted_time': 4, 'merit': 5, 'weight': 6, 'draw': 7, 'jockey': 9, 'trainer': 10} extracted=8 stated=8
2026-07-29 15:03:42,206 | INFO | app.scrapers.winning_form_scraper | race_parsed url=https://legacy.winningform.co.za/GAU/2T260801_6.htm venue=Turffontein date=2026-08-01 race=6 stated=8 parsed=8
2026-07-29 15:03:42,206 | INFO | app.scrapers.winning_form_scraper | horse_names=['Apache Son', 'The Playboy Bomber', 'Prince Of Kildare', 'Royal Edition', 'Mission To Mars', 'Flashy Apache', 'Mo Ment', 'Positive Attitude']
2026-07-29 15:03:42,466 | INFO | httpx | HTTP Request: GET https://legacy.winningform.co.za/GAU/2T260801_7.htm "HTTP/1.1 200 OK"
2026-07-29 15:03:42,602 | INFO | app.scrapers.winning_form_scraper | runner_table_used columns={'number': 0, 'name': 1, 'length_behind': 2, 'speed_index': 3, 'predicted_time': 4, 'merit': 5, 'weight': 6, 'draw': 7, 'jockey': 9, 'trainer': 10} extracted=9 stated=9
2026-07-29 15:03:42,603 | INFO | app.scrapers.winning_form_scraper | race_parsed url=https://legacy.winningform.co.za/GAU/2T260801_7.htm venue=Turffontein date=2026-08-01 race=7 stated=9 parsed=9
2026-07-29 15:03:42,603 | INFO | app.scrapers.winning_form_scraper | horse_names=['Arumugam', 'Orange County', 'Harun Al Rashid', 'Sky Pilot', 'Knowmore', 'Ideal Summer', 'After Hours', 'Gimmethespotlight', 'Winding Power']
2026-07-29 15:03:42,776 | INFO | httpx | HTTP Request: GET https://legacy.winningform.co.za/GAU/2T260801_8.htm "HTTP/1.1 200 OK"
2026-07-29 15:03:42,930 | INFO | app.scrapers.winning_form_scraper | runner_table_used columns={'number': 0, 'name': 1, 'length_behind': 2, 'speed_index': 3, 'predicted_time': 4, 'merit': 5, 'weight': 6, 'draw': 7, 'jockey': 9, 'trainer': 10} extracted=11 stated=11
2026-07-29 15:03:42,931 | INFO | app.scrapers.winning_form_scraper | race_parsed url=https://legacy.winningform.co.za/GAU/2T260801_8.htm venue=Turffontein date=2026-08-01 race=8 stated=11 parsed=11
2026-07-29 15:03:42,931 | INFO | app.scrapers.winning_form_scraper | horse_names=['Naretoi', 'Southampton', 'Longsword', 'Commander Of All', 'Sunset Warrior', 'Michael Faraday', 'Coming In Hot', 'Rock My Boat', 'Spirit Of Gabz', 'Rising Eagle', 'Circus Lights']
2026-07-29 15:03:43,117 | INFO | httpx | HTTP Request: GET https://legacy.winningform.co.za/KZN/2S260802_1.htm "HTTP/1.1 200 OK"
2026-07-29 15:03:43,240 | INFO | app.scrapers.winning_form_scraper | runner_table_used columns={'number': 0, 'name': 1, 'length_behind': 2, 'speed_index': 3, 'predicted_time': 4, 'merit': 5, 'weight': 6, 'draw': 7, 'jockey': 9, 'trainer': 10} extracted=13 stated=13
2026-07-29 15:03:43,241 | INFO | app.scrapers.winning_form_scraper | race_parsed url=https://legacy.winningform.co.za/KZN/2S260802_1.htm venue=Hollywoodbets Scottsville Outer date=2026-08-02 race=1 stated=13 parsed=13
2026-07-29 15:03:43,241 | INFO | app.scrapers.winning_form_scraper | horse_names=['Iceberg Rose', 'Forthegoodtimes', 'Tipperary', 'Pink Skies', 'Lovecomesknocking', 'Sweet Cherry', 'So Indi', 'Timeless Wonder', 'Bellanca Viking', 'Gezouten Haring', 'Linguistic', 'Princess Positano', 'Fleur Delacour']
2026-07-29 15:03:43,418 | INFO | httpx | HTTP Request: GET https://legacy.winningform.co.za/KZN/2S260802_2.htm "HTTP/1.1 200 OK"
2026-07-29 15:03:43,512 | INFO | app.scrapers.winning_form_scraper | runner_table_used columns={'number': 0, 'name': 1, 'length_behind': 2, 'speed_index': 3, 'predicted_time': 4, 'merit': 5, 'weight': 6, 'draw': 7, 'jockey': 9, 'trainer': 10} extracted=13 stated=13
2026-07-29 15:03:43,512 | INFO | app.scrapers.winning_form_scraper | race_parsed url=https://legacy.winningform.co.za/KZN/2S260802_2.htm venue=Hollywoodbets Scottsville Outer date=2026-08-02 race=2 stated=13 parsed=13
2026-07-29 15:03:43,512 | INFO | app.scrapers.winning_form_scraper | horse_names=['Gimme The Power', 'Floral Kingdom', 'Sweet Faye', "Queen's Bounty", 'Ayzal', 'Secret Ambition', 'Sherpa Queen', 'Rustige Kracht', 'Tokyo Girl', 'Vivalto', 'Mighty Minnie', 'Queen Indrani', 'Umoyawokubambelela']
2026-07-29 15:03:43,771 | INFO | httpx | HTTP Request: GET https://legacy.winningform.co.za/KZN/2S260802_3.htm "HTTP/1.1 200 OK"
2026-07-29 15:03:43,884 | INFO | app.scrapers.winning_form_scraper | runner_table_used columns={'number': 0, 'name': 1, 'length_behind': 2, 'speed_index': 3, 'predicted_time': 4, 'merit': 5, 'weight': 6, 'draw': 7, 'jockey': 9, 'trainer': 10} extracted=8 stated=8
2026-07-29 15:03:43,888 | INFO | app.scrapers.winning_form_scraper | race_parsed url=https://legacy.winningform.co.za/KZN/2S260802_3.htm venue=Hollywoodbets Scottsville Inner date=2026-08-02 race=3 stated=8 parsed=8
2026-07-29 15:03:43,889 | INFO | app.scrapers.winning_form_scraper | horse_names=['Future Prospect', 'Cali Bullet', 'Peaceful Duchess', 'After The Fire', "Chef's Kiss", 'Jenny Darling', 'Guild The Lilly', 'Anemie']
2026-07-29 15:03:44,009 | INFO | httpx | HTTP Request: GET https://legacy.winningform.co.za/KZN/2S260802_4.htm "HTTP/1.1 200 OK"
2026-07-29 15:03:44,195 | INFO | app.scrapers.winning_form_scraper | runner_table_used columns={'number': 0, 'name': 1, 'length_behind': 2, 'speed_index': 3, 'predicted_time': 4, 'merit': 5, 'weight': 6, 'draw': 7, 'jockey': 9, 'trainer': 10} extracted=8 stated=8
2026-07-29 15:03:44,195 | INFO | app.scrapers.winning_form_scraper | race_parsed url=https://legacy.winningform.co.za/KZN/2S260802_4.htm venue=Hollywoodbets Scottsville Inner date=2026-08-02 race=4 stated=8 parsed=8
2026-07-29 15:03:44,196 | INFO | app.scrapers.winning_form_scraper | horse_names=["Zena's Act", 'Golden Angel', 'Our Lady Fate', 'Stampede Ahead', 'Sesame', 'Cool Wind', 'Hurricane Flight', 'Mary Read']
2026-07-29 15:03:44,436 | INFO | httpx | HTTP Request: GET https://legacy.winningform.co.za/KZN/2S260802_5.htm "HTTP/1.1 200 OK"
2026-07-29 15:03:44,658 | INFO | app.scrapers.winning_form_scraper | runner_table_used columns={'number': 0, 'name': 1, 'length_behind': 2, 'speed_index': 3, 'predicted_time': 4, 'merit': 5, 'weight': 6, 'draw': 7, 'jockey': 9, 'trainer': 10} extracted=12 stated=12
2026-07-29 15:03:44,658 | INFO | app.scrapers.winning_form_scraper | race_parsed url=https://legacy.winningform.co.za/KZN/2S260802_5.htm venue=Hollywoodbets Scottsville Inner date=2026-08-02 race=5 stated=12 parsed=12
2026-07-29 15:03:44,658 | INFO | app.scrapers.winning_form_scraper | horse_names=['Serpentine Fire', "Sascha's Dream", 'Blizzardboy', 'Master Bomber', 'Buddy Boy', 'Trois Trois Quatre', 'Song To The Moon', 'Queue Wing', 'Red Cardinal', 'Dancing On A Cloud', 'Charlie Bucket', 'Double Causeway']
2026-07-29 15:03:45,019 | INFO | httpx | HTTP Request: GET https://legacy.winningform.co.za/KZN/2S260802_6.htm "HTTP/1.1 200 OK"
2026-07-29 15:03:45,174 | INFO | app.scrapers.winning_form_scraper | runner_table_used columns={'number': 0, 'name': 1, 'length_behind': 2, 'speed_index': 3, 'predicted_time': 4, 'merit': 5, 'weight': 6, 'draw': 7, 'jockey': 9, 'trainer': 10} extracted=9 stated=9
2026-07-29 15:03:45,174 | INFO | app.scrapers.winning_form_scraper | race_parsed url=https://legacy.winningform.co.za/KZN/2S260802_6.htm venue=Hollywoodbets Scottsville Inner date=2026-08-02 race=6 stated=9 parsed=9
2026-07-29 15:03:45,174 | INFO | app.scrapers.winning_form_scraper | horse_names=['Poursomesugaronme', "Captain's Pride", 'Izibulo', 'Sign Of Fate', 'Alltheboysiveloved', 'Shesha Ntombi', 'Blue Poppy', 'Rikkitikkitavi', 'Queen Amina']
2026-07-29 15:03:45,592 | INFO | httpx | HTTP Request: GET https://legacy.winningform.co.za/KZN/2S260802_7.htm "HTTP/1.1 200 OK"
2026-07-29 15:03:45,737 | INFO | app.scrapers.winning_form_scraper | runner_table_used columns={'number': 0, 'name': 1, 'length_behind': 2, 'speed_index': 3, 'predicted_time': 4, 'merit': 5, 'weight': 6, 'draw': 7, 'jockey': 9, 'trainer': 10} extracted=8 stated=8
2026-07-29 15:03:45,738 | INFO | app.scrapers.winning_form_scraper | race_parsed url=https://legacy.winningform.co.za/KZN/2S260802_7.htm venue=Hollywoodbets Scottsville Outer date=2026-08-02 race=7 stated=8 parsed=8
2026-07-29 15:03:45,738 | INFO | app.scrapers.winning_form_scraper | horse_names=['Trafalgar Square', 'Cappellino', 'Champagne Mac', 'Bless Me Fred', 'Futano', 'Intrepid', "Jane's Vision", "Mia's Athena"]
2026-07-29 15:03:46,288 | INFO | httpx | HTTP Request: GET https://legacy.winningform.co.za/KZN/2S260802_8.htm "HTTP/1.1 200 OK"
2026-07-29 15:03:46,432 | INFO | app.scrapers.winning_form_scraper | runner_table_used columns={'number': 0, 'name': 1, 'length_behind': 2, 'speed_index': 3, 'predicted_time': 4, 'merit': 5, 'weight': 6, 'draw': 7, 'jockey': 9, 'trainer': 10} extracted=11 stated=11
2026-07-29 15:03:46,432 | INFO | app.scrapers.winning_form_scraper | race_parsed url=https://legacy.winningform.co.za/KZN/2S260802_8.htm venue=Hollywoodbets Scottsville Outer date=2026-08-02 race=8 stated=11 parsed=11
2026-07-29 15:03:46,432 | INFO | app.scrapers.winning_form_scraper | horse_names=['Axis Power', 'Cavalry Commander', 'Blazing Fury', 'Military Command', 'Luneluck', 'Smorgasbord', 'Billy Cool', 'Call Of The Karoo', 'Rock Music', 'Caribbean Gold', 'Queen Of The Spear']
2026-07-29 15:03:46,494 | INFO | app.services.monitoring_service | monitoring_cycle_completed
2026-07-29 15:03:46,495 | INFO | app.main | application_started
2026-07-29 15:09:19,086 | INFO | apscheduler.scheduler | Scheduler has been shut down
2026-07-29 15:09:19,087 | INFO | app.main | application_stopped
2026-07-29 15:09:26,456 | INFO | apscheduler.scheduler | Adding job tentatively -- it will be properly scheduled when the scheduler starts
2026-07-29 15:09:26,457 | INFO | apscheduler.scheduler | Added job "MonitoringService.run_cycle" to job store "default"
2026-07-29 15:09:26,457 | INFO | apscheduler.scheduler | Scheduler started
2026-07-29 15:09:26,457 | INFO | app.services.monitoring_service | monitoring_cycle_started
2026-07-29 15:09:26,678 | INFO | httpx | HTTP Request: GET https://legacy.winningform.co.za "HTTP/1.1 200 OK"
2026-07-29 15:09:26,681 | INFO | app.scrapers.winning_form_scraper | fetch_index_frames=['https://legacy.winningform.co.za/guide.htm', 'https://legacy.winningform.co.za/cover.htm']
2026-07-29 15:09:26,782 | INFO | httpx | HTTP Request: GET https://legacy.winningform.co.za "HTTP/1.1 200 OK"
2026-07-29 15:09:26,849 | INFO | httpx | HTTP Request: GET https://legacy.winningform.co.za/guide.htm "HTTP/1.1 200 OK"
2026-07-29 15:09:26,922 | INFO | httpx | HTTP Request: GET https://legacy.winningform.co.za/cover.htm "HTTP/1.1 200 OK"
2026-07-29 15:09:27,003 | INFO | httpx | HTTP Request: GET https://legacy.winningform.co.za "HTTP/1.1 200 OK"
2026-07-29 15:09:27,089 | INFO | httpx | HTTP Request: GET https://legacy.winningform.co.za/guide.htm "HTTP/1.1 200 OK"
2026-07-29 15:09:27,173 | INFO | httpx | HTTP Request: GET https://legacy.winningform.co.za/cover.htm "HTTP/1.1 200 OK"
2026-07-29 15:09:27,185 | INFO | app.scrapers.winning_form_scraper | race_links_total=49
2026-07-29 15:09:27,186 | INFO | app.scrapers.winning_form_scraper | meetings_seen=['gau-p260731', 'gau-r260730', 'gau-t260801', 'kzn-s260729', 'kzn-s260802', 'zim-h260731']
2026-07-29 15:09:27,284 | INFO | httpx | HTTP Request: GET https://legacy.winningform.co.za/KZN/2S260729_1.htm "HTTP/1.1 200 OK"
2026-07-29 15:09:27,341 | INFO | app.scrapers.winning_form_scraper | runner_table_used columns={'number': 0, 'name': 1, 'length_behind': 2, 'speed_index': 3, 'predicted_time': 4, 'merit': 5, 'weight': 6, 'draw': 7, 'jockey': 9, 'trainer': 10} extracted=10 stated=10
2026-07-29 15:09:27,341 | INFO | app.scrapers.winning_form_scraper | race_parsed url=https://legacy.winningform.co.za/KZN/2S260729_1.htm venue=Hollywoodbets Scottsville Outer date=2026-07-29 race=1 stated=10 parsed=10
2026-07-29 15:09:27,341 | INFO | app.scrapers.winning_form_scraper | horse_names=['Lenoxx', 'Scots Wae Hae', 'African Ruby', 'Nautical Fire', 'Thunder Star', 'Kiartay', "Rachel's Boy", 'Bon Appetite', 'Ka Chow', 'Clean Sweep']
2026-07-29 15:09:27,496 | INFO | httpx | HTTP Request: GET https://legacy.winningform.co.za/KZN/2S260729_2.htm "HTTP/1.1 200 OK"
2026-07-29 15:09:27,567 | INFO | app.scrapers.winning_form_scraper | runner_table_used columns={'number': 0, 'name': 1, 'length_behind': 2, 'speed_index': 3, 'predicted_time': 4, 'merit': 5, 'weight': 6, 'draw': 7, 'jockey': 9, 'trainer': 10} extracted=17 stated=17
2026-07-29 15:09:27,568 | INFO | app.scrapers.winning_form_scraper | race_parsed url=https://legacy.winningform.co.za/KZN/2S260729_2.htm venue=Hollywoodbets Scottsville Outer date=2026-07-29 race=2 stated=17 parsed=16
2026-07-29 15:09:27,568 | INFO | app.scrapers.winning_form_scraper | horse_names=['Gimme A Fireball', 'Arkadin', "Trip To Maverick's", 'Scotch Again', 'Daswa', 'Majestic Limpopo', 'Cannon Bolt', 'Akihito', 'French War Lord', 'In The Red', "Pinkerton's Son", 'Red Jubilee', 'Cue Stick', 'Sebastiaan', 'Reign Man', 'Wisdom Seeker', 'A M C Roy On Fire']
2026-07-29 15:09:27,715 | INFO | httpx | HTTP Request: GET https://legacy.winningform.co.za/KZN/2S260729_3.htm "HTTP/1.1 200 OK"
2026-07-29 15:09:27,774 | INFO | app.scrapers.winning_form_scraper | runner_table_used columns={'number': 0, 'name': 1, 'length_behind': 2, 'speed_index': 3, 'predicted_time': 4, 'merit': 5, 'weight': 6, 'draw': 7, 'jockey': 9, 'trainer': 10} extracted=10 stated=10
2026-07-29 15:09:27,774 | INFO | app.scrapers.winning_form_scraper | race_parsed url=https://legacy.winningform.co.za/KZN/2S260729_3.htm venue=Hollywoodbets Scottsville Inner date=2026-07-29 race=3 stated=10 parsed=10
2026-07-29 15:09:27,774 | INFO | app.scrapers.winning_form_scraper | horse_names=['Trip To Venus', 'Sparrow Man', 'The Flat Cat', 'Captain Josh', 'Royal Sceptre', "Roy's Glorious", 'United Tides', 'A M C Voter', 'Stealth Mode', 'Judiciary']
2026-07-29 15:09:27,895 | INFO | httpx | HTTP Request: GET https://legacy.winningform.co.za/KZN/2S260729_4.htm "HTTP/1.1 200 OK"
2026-07-29 15:09:28,005 | INFO | app.scrapers.winning_form_scraper | runner_table_used columns={'number': 0, 'name': 1, 'length_behind': 2, 'speed_index': 3, 'predicted_time': 4, 'merit': 5, 'weight': 6, 'draw': 7, 'jockey': 9, 'trainer': 10} extracted=9 stated=9
2026-07-29 15:09:28,005 | INFO | app.scrapers.winning_form_scraper | race_parsed url=https://legacy.winningform.co.za/KZN/2S260729_4.htm venue=Hollywoodbets Scottsville Inner date=2026-07-29 race=4 stated=9 parsed=9
2026-07-29 15:09:28,006 | INFO | app.scrapers.winning_form_scraper | horse_names=['Blenheim Palace', 'Soho Celebrity', 'Magical Spring', 'Valli Gal', 'Hazel Green', 'Scarlet Empress', 'Lilbitofmonica', "Tomorrow's Summer", 'Summer Flirt']
2026-07-29 15:09:28,142 | INFO | httpx | HTTP Request: GET https://legacy.winningform.co.za/KZN/2S260729_5.htm "HTTP/1.1 200 OK"
2026-07-29 15:09:28,244 | INFO | app.scrapers.winning_form_scraper | runner_table_used columns={'number': 0, 'name': 1, 'length_behind': 2, 'speed_index': 3, 'predicted_time': 4, 'merit': 5, 'weight': 6, 'draw': 7, 'jockey': 9, 'trainer': 10} extracted=9 stated=9
2026-07-29 15:09:28,244 | INFO | app.scrapers.winning_form_scraper | race_parsed url=https://legacy.winningform.co.za/KZN/2S260729_5.htm venue=Hollywoodbets Scottsville Outer date=2026-07-29 race=5 stated=9 parsed=9
2026-07-29 15:09:28,245 | INFO | app.scrapers.winning_form_scraper | horse_names=['Sohot Sowhat', 'Disting', 'Lock And Key', 'Flying Fate', 'Buttercup Baby', 'Light Of Gabriel', 'Seven No Trump', 'Tara Star', 'Match That']
2026-07-29 15:09:28,366 | INFO | httpx | HTTP Request: GET https://legacy.winningform.co.za/KZN/2S260729_6.htm "HTTP/1.1 200 OK"
2026-07-29 15:09:28,429 | INFO | app.scrapers.winning_form_scraper | runner_table_used columns={'number': 0, 'name': 1, 'length_behind': 2, 'speed_index': 3, 'predicted_time': 4, 'merit': 5, 'weight': 6, 'draw': 7, 'jockey': 9, 'trainer': 10} extracted=9 stated=9
2026-07-29 15:09:28,429 | INFO | app.scrapers.winning_form_scraper | race_parsed url=https://legacy.winningform.co.za/KZN/2S260729_6.htm venue=Hollywoodbets Scottsville Inner date=2026-07-29 race=6 stated=9 parsed=8
2026-07-29 15:09:28,430 | INFO | app.scrapers.winning_form_scraper | horse_names=['Mister Nibbles', 'Phutulicious', 'Klein Karoo', 'Targaryen Knight', 'Danube', 'The Marquee', 'Red Mountain', 'Coast Of The Sun', 'Frostbite']
2026-07-29 15:09:28,579 | INFO | httpx | HTTP Request: GET https://legacy.winningform.co.za/KZN/2S260729_7.htm "HTTP/1.1 200 OK"
2026-07-29 15:09:28,637 | INFO | app.scrapers.winning_form_scraper | runner_table_used columns={'number': 0, 'name': 1, 'length_behind': 2, 'speed_index': 3, 'predicted_time': 4, 'merit': 5, 'weight': 6, 'draw': 7, 'jockey': 9, 'trainer': 10} extracted=9 stated=9
2026-07-29 15:09:28,637 | INFO | app.scrapers.winning_form_scraper | race_parsed url=https://legacy.winningform.co.za/KZN/2S260729_7.htm venue=Hollywoodbets Scottsville Inner date=2026-07-29 race=7 stated=9 parsed=9
2026-07-29 15:09:28,638 | INFO | app.scrapers.winning_form_scraper | horse_names=['Act Of Grace', 'Spirit Of Shimla', 'Treasure Island', 'Hunga Tonga', 'Prom Queen', 'Last Car To Pass', 'Pretty Kara', 'Another Dream', 'Deepest Water']
2026-07-29 15:09:28,794 | INFO | httpx | HTTP Request: GET https://legacy.winningform.co.za/KZN/2S260729_8.htm "HTTP/1.1 200 OK"
2026-07-29 15:09:28,909 | INFO | app.scrapers.winning_form_scraper | runner_table_used columns={'number': 0, 'name': 1, 'length_behind': 2, 'speed_index': 3, 'predicted_time': 4, 'merit': 5, 'weight': 6, 'draw': 7, 'jockey': 9, 'trainer': 10} extracted=18 stated=18
2026-07-29 15:09:28,909 | INFO | app.scrapers.winning_form_scraper | race_parsed url=https://legacy.winningform.co.za/KZN/2S260729_8.htm venue=Hollywoodbets Scottsville Inner date=2026-07-29 race=8 stated=18 parsed=15
2026-07-29 15:09:28,910 | INFO | app.scrapers.winning_form_scraper | horse_names=["Gardener's Pride", 'Ragnar The King', 'Double Olympic', 'Splash Of Love', 'La Maddalena', 'Global Movement', 'Irish Anthem', 'Pongola', "Kimball O'hara", 'I Am Classy', 'Gorgeous Dude', 'Christmas Rose', 'Wander Skitt', 'Fort Usher', "Ziyan's Pride", 'Run To Rio', 'Twocantango', 'National Dream']
2026-07-29 15:09:29,047 | INFO | httpx | HTTP Request: GET https://legacy.winningform.co.za/GAU/2R260730_1.htm "HTTP/1.1 200 OK"
2026-07-29 15:09:29,084 | INFO | app.scrapers.winning_form_scraper | runner_table_used columns={'number': 0, 'name': 1, 'length_behind': 2, 'speed_index': 3, 'predicted_time': 4, 'merit': 5, 'weight': 6, 'draw': 7, 'jockey': 9, 'trainer': 10} extracted=8 stated=8
2026-07-29 15:09:29,085 | INFO | app.scrapers.winning_form_scraper | race_parsed url=https://legacy.winningform.co.za/GAU/2R260730_1.htm venue=Vaal Classic date=2026-07-30 race=1 stated=8 parsed=8
2026-07-29 15:09:29,085 | INFO | app.scrapers.winning_form_scraper | horse_names=["Rafeef's Queen", 'Miss Honey Bee', 'Royal Rant', 'Miss Fire Arrow', 'San Francisco', 'Navigatrix', 'Pretty Girl', 'Volare Veloce']
2026-07-29 15:09:29,239 | INFO | httpx | HTTP Request: GET https://legacy.winningform.co.za/GAU/2R260730_2.htm "HTTP/1.1 200 OK"
2026-07-29 15:09:29,274 | INFO | app.scrapers.winning_form_scraper | runner_table_used columns={'number': 0, 'name': 1, 'length_behind': 2, 'speed_index': 3, 'predicted_time': 4, 'merit': 5, 'weight': 6, 'draw': 7, 'jockey': 9, 'trainer': 10} extracted=9 stated=9
2026-07-29 15:09:29,275 | INFO | app.scrapers.winning_form_scraper | race_parsed url=https://legacy.winningform.co.za/GAU/2R260730_2.htm venue=Vaal Classic date=2026-07-30 race=2 stated=9 parsed=9
2026-07-29 15:09:29,275 | INFO | app.scrapers.winning_form_scraper | horse_names=['Tenareef', 'Captain Cooper', 'Flotilla', 'North Star Fury', 'Chic Shack', 'Hawkeye', 'Mocha Magic', 'Reachingforthemoon', 'Red Viking']
2026-07-29 15:09:29,379 | INFO | httpx | HTTP Request: GET https://legacy.winningform.co.za/GAU/2R260730_3.htm "HTTP/1.1 200 OK"
2026-07-29 15:09:29,414 | INFO | app.scrapers.winning_form_scraper | runner_table_used columns={'number': 0, 'name': 1, 'length_behind': 2, 'speed_index': 3, 'predicted_time': 4, 'merit': 5, 'weight': 6, 'draw': 7, 'jockey': 9, 'trainer': 10} extracted=8 stated=8
2026-07-29 15:09:29,414 | INFO | app.scrapers.winning_form_scraper | race_parsed url=https://legacy.winningform.co.za/GAU/2R260730_3.htm venue=Vaal Classic date=2026-07-30 race=3 stated=8 parsed=8
2026-07-29 15:09:29,415 | INFO | app.scrapers.winning_form_scraper | horse_names=['Beautiful One', 'Two Tigers', 'Berry Lancer', 'Dreaming Of Youth', "Leanne's Love", 'Dreadnought', 'Pittar', 'Walkinginthewoods']
2026-07-29 15:09:29,530 | INFO | httpx | HTTP Request: GET https://legacy.winningform.co.za/GAU/2R260730_4.htm "HTTP/1.1 200 OK"
2026-07-29 15:09:29,576 | INFO | app.scrapers.winning_form_scraper | runner_table_used columns={'number': 0, 'name': 1, 'length_behind': 2, 'speed_index': 3, 'predicted_time': 4, 'merit': 5, 'weight': 6, 'draw': 7, 'jockey': 9, 'trainer': 10} extracted=9 stated=9
2026-07-29 15:09:29,576 | INFO | app.scrapers.winning_form_scraper | race_parsed url=https://legacy.winningform.co.za/GAU/2R260730_4.htm venue=Vaal Classic date=2026-07-30 race=4 stated=9 parsed=9
2026-07-29 15:09:29,576 | INFO | app.scrapers.winning_form_scraper | horse_names=['Duke Of Lorraine', 'Vixeninthevineyard', 'Uncle Bob', 'Angle Of Attack', 'Silver Comet', 'Crimson Ranger', 'Echo Of The Wild', 'Gus On The Bus', 'Sivaji']
2026-07-29 15:09:29,713 | INFO | httpx | HTTP Request: GET https://legacy.winningform.co.za/GAU/2R260730_5.htm "HTTP/1.1 200 OK"
2026-07-29 15:09:29,787 | INFO | app.scrapers.winning_form_scraper | runner_table_used columns={'number': 0, 'name': 1, 'length_behind': 2, 'speed_index': 3, 'predicted_time': 4, 'merit': 5, 'weight': 6, 'draw': 7, 'jockey': 9, 'trainer': 10} extracted=9 stated=9
2026-07-29 15:09:29,787 | INFO | app.scrapers.winning_form_scraper | race_parsed url=https://legacy.winningform.co.za/GAU/2R260730_5.htm venue=Vaal Classic date=2026-07-30 race=5 stated=9 parsed=9
2026-07-29 15:09:29,788 | INFO | app.scrapers.winning_form_scraper | horse_names=['Art Nouveau', 'Frangipani', 'Azaleas For All', 'Boom Boom', 'Surprise Party', 'Lady Sabrina', 'Lady Blunt', 'Juliet Tango', 'Mount Etna']
2026-07-29 15:09:29,930 | INFO | httpx | HTTP Request: GET https://legacy.winningform.co.za/GAU/2R260730_6.htm "HTTP/1.1 200 OK"
2026-07-29 15:09:30,036 | INFO | app.scrapers.winning_form_scraper | runner_table_used columns={'number': 0, 'name': 1, 'length_behind': 2, 'speed_index': 3, 'predicted_time': 4, 'merit': 5, 'weight': 6, 'draw': 7, 'jockey': 9, 'trainer': 10} extracted=10 stated=10
2026-07-29 15:09:30,036 | INFO | app.scrapers.winning_form_scraper | race_parsed url=https://legacy.winningform.co.za/GAU/2R260730_6.htm venue=Vaal Classic date=2026-07-30 race=6 stated=10 parsed=10
2026-07-29 15:09:30,037 | INFO | app.scrapers.winning_form_scraper | horse_names=['Hopscotch', 'Bold Action', 'Utsaah', 'Play With Fire', "Kylie's Angel", "Ariel's Jet", 'Be My Fate', 'Chariklo', 'Wise Counsel', 'Cocomelon']
2026-07-29 15:09:30,187 | INFO | httpx | HTTP Request: GET https://legacy.winningform.co.za/GAU/2R260730_7.htm "HTTP/1.1 200 OK"
2026-07-29 15:09:30,275 | INFO | app.scrapers.winning_form_scraper | runner_table_used columns={'number': 0, 'name': 1, 'length_behind': 2, 'speed_index': 3, 'predicted_time': 4, 'merit': 5, 'weight': 6, 'draw': 7, 'jockey': 9, 'trainer': 10} extracted=10 stated=10
2026-07-29 15:09:30,276 | INFO | app.scrapers.winning_form_scraper | race_parsed url=https://legacy.winningform.co.za/GAU/2R260730_7.htm venue=Vaal Classic date=2026-07-30 race=7 stated=10 parsed=10
2026-07-29 15:09:30,276 | INFO | app.scrapers.winning_form_scraper | horse_names=['Stop The Traffic', 'Full Go', 'Last Ginger', 'Circle Of Grace', 'Itsnowornever', 'Ghostbuster', 'Thambi', 'Gold De Grace', 'Red Sparrow', 'Cover Charge']
2026-07-29 15:09:30,414 | INFO | httpx | HTTP Request: GET https://legacy.winningform.co.za/GAU/2R260730_8.htm "HTTP/1.1 200 OK"
2026-07-29 15:09:30,508 | INFO | app.scrapers.winning_form_scraper | runner_table_used columns={'number': 0, 'name': 1, 'length_behind': 2, 'speed_index': 3, 'predicted_time': 4, 'merit': 5, 'weight': 6, 'draw': 7, 'jockey': 9, 'trainer': 10} extracted=8 stated=8
2026-07-29 15:09:30,509 | INFO | app.scrapers.winning_form_scraper | race_parsed url=https://legacy.winningform.co.za/GAU/2R260730_8.htm venue=Vaal Classic date=2026-07-30 race=8 stated=8 parsed=8
2026-07-29 15:09:30,509 | INFO | app.scrapers.winning_form_scraper | horse_names=['Time Will Tell', 'Twentytwentyvision', 'Hammer Blow', 'Arilena', 'Taking A Risk', 'Sergeant Soqrat', 'Champagne Problems', 'Raining Rubies']
2026-07-29 15:09:30,649 | INFO | httpx | HTTP Request: GET https://legacy.winningform.co.za/GAU/2R260730_9.htm "HTTP/1.1 200 OK"
2026-07-29 15:09:30,782 | INFO | app.scrapers.winning_form_scraper | runner_table_used columns={'number': 0, 'name': 1, 'length_behind': 2, 'speed_index': 3, 'predicted_time': 4, 'merit': 5, 'weight': 6, 'draw': 7, 'jockey': 9, 'trainer': 10} extracted=17 stated=17
2026-07-29 15:09:30,783 | INFO | app.scrapers.winning_form_scraper | race_parsed url=https://legacy.winningform.co.za/GAU/2R260730_9.htm venue=Vaal Classic date=2026-07-30 race=9 stated=17 parsed=17
2026-07-29 15:09:30,783 | INFO | app.scrapers.winning_form_scraper | horse_names=['Golden Warrior', 'Satyagraha', 'Elusive Red', 'Dear Doc', "Can't Catch Me", 'Snow Moon', 'Pearl In Her Crown', 'Eiffel Tower', 'Pretty Analia', 'Shoreybomba', 'Shori Kai', 'Jabari Thimba', 'Lady Elliot', 'Prized Platinum', 'On A Jet Plane', 'Space Mission', 'Baby Red']
2026-07-29 15:09:30,963 | INFO | httpx | HTTP Request: GET https://legacy.winningform.co.za/ZIM/2H260731_1.htm "HTTP/1.1 200 OK"
2026-07-29 15:09:31,018 | INFO | app.scrapers.winning_form_scraper | runner_table_used columns={'number': 0, 'name': 1, 'length_behind': 2, 'speed_index': 3, 'predicted_time': 4, 'merit': 5, 'weight': 6, 'draw': 7, 'jockey': 9, 'trainer': 10} extracted=6 stated=6
2026-07-29 15:09:31,018 | INFO | app.scrapers.winning_form_scraper | race_parsed url=https://legacy.winningform.co.za/ZIM/2H260731_1.htm venue=Borrowdale date=2026-07-31 race=1 stated=6 parsed=6
2026-07-29 15:09:31,019 | INFO | app.scrapers.winning_form_scraper | horse_names=['Firefly Lane', "Lion's Share", 'Roman Law', 'Wintery Mansion', 'Endearing Peace', 'Majik Wine']
2026-07-29 15:09:31,145 | INFO | httpx | HTTP Request: GET https://legacy.winningform.co.za/ZIM/2H260731_2.htm "HTTP/1.1 200 OK"
2026-07-29 15:09:31,202 | INFO | app.scrapers.winning_form_scraper | runner_table_used columns={'number': 0, 'name': 1, 'length_behind': 2, 'speed_index': 3, 'predicted_time': 4, 'merit': 5, 'weight': 6, 'draw': 7, 'jockey': 9, 'trainer': 10} extracted=6 stated=6
2026-07-29 15:09:31,202 | INFO | app.scrapers.winning_form_scraper | race_parsed url=https://legacy.winningform.co.za/ZIM/2H260731_2.htm venue=Borrowdale date=2026-07-31 race=2 stated=6 parsed=6
2026-07-29 15:09:31,203 | INFO | app.scrapers.winning_form_scraper | horse_names=['Zafar', 'Queen Of Fire', 'Diamond Jim', 'Red Top', 'Ultimate Jewel', 'Festival Of Light']
2026-07-29 15:09:31,308 | INFO | httpx | HTTP Request: GET https://legacy.winningform.co.za/ZIM/2H260731_3.htm "HTTP/1.1 200 OK"
2026-07-29 15:09:31,363 | INFO | app.scrapers.winning_form_scraper | runner_table_used columns={'number': 0, 'name': 1, 'length_behind': 2, 'speed_index': 3, 'predicted_time': 4, 'merit': 5, 'weight': 6, 'draw': 7, 'jockey': 9, 'trainer': 10} extracted=6 stated=6
2026-07-29 15:09:31,364 | INFO | app.scrapers.winning_form_scraper | race_parsed url=https://legacy.winningform.co.za/ZIM/2H260731_3.htm venue=Borrowdale date=2026-07-31 race=3 stated=6 parsed=6
2026-07-29 15:09:31,364 | INFO | app.scrapers.winning_form_scraper | horse_names=['Aerial Display', 'Mizzen Sword', 'Prince Of Denmark', 'Queen Of Montmatre', 'House Of Lords', 'Captain Carnage']
2026-07-29 15:09:31,505 | INFO | httpx | HTTP Request: GET https://legacy.winningform.co.za/ZIM/2H260731_4.htm "HTTP/1.1 200 OK"
2026-07-29 15:09:31,645 | INFO | app.scrapers.winning_form_scraper | runner_table_used columns={'number': 0, 'name': 1, 'length_behind': 2, 'speed_index': 3, 'predicted_time': 4, 'merit': 5, 'weight': 6, 'draw': 7, 'jockey': 9, 'trainer': 10} extracted=5 stated=5
2026-07-29 15:09:31,646 | INFO | app.scrapers.winning_form_scraper | race_parsed url=https://legacy.winningform.co.za/ZIM/2H260731_4.htm venue=Borrowdale date=2026-07-31 race=4 stated=5 parsed=5
2026-07-29 15:09:31,646 | INFO | app.scrapers.winning_form_scraper | horse_names=['Empire Blue', 'Copper Fire', 'When Evening Comes', 'Battle Of Seattle', 'Shes Everything']
2026-07-29 15:09:31,737 | INFO | httpx | HTTP Request: GET https://legacy.winningform.co.za/ZIM/2H260731_5.htm "HTTP/1.1 200 OK"
2026-07-29 15:09:31,770 | INFO | app.scrapers.winning_form_scraper | runner_table_used columns={'number': 0, 'name': 1, 'length_behind': 2, 'speed_index': 3, 'predicted_time': 4, 'merit': 5, 'weight': 6, 'draw': 7, 'jockey': 9, 'trainer': 10} extracted=4 stated=4
2026-07-29 15:09:31,771 | INFO | app.scrapers.winning_form_scraper | race_parsed url=https://legacy.winningform.co.za/ZIM/2H260731_5.htm venue=Borrowdale date=2026-07-31 race=5 stated=4 parsed=4
2026-07-29 15:09:31,771 | INFO | app.scrapers.winning_form_scraper | horse_names=['Ultra Pursuit', 'Pocket Watch', 'Coppola', 'Guerra']
2026-07-29 15:09:31,901 | INFO | httpx | HTTP Request: GET https://legacy.winningform.co.za/ZIM/2H260731_6.htm "HTTP/1.1 200 OK"
2026-07-29 15:09:31,966 | INFO | app.scrapers.winning_form_scraper | runner_table_used columns={'number': 0, 'name': 1, 'length_behind': 2, 'speed_index': 3, 'predicted_time': 4, 'merit': 5, 'weight': 6, 'draw': 7, 'jockey': 9, 'trainer': 10} extracted=4 stated=4
2026-07-29 15:09:31,966 | INFO | app.scrapers.winning_form_scraper | race_parsed url=https://legacy.winningform.co.za/ZIM/2H260731_6.htm venue=Borrowdale date=2026-07-31 race=6 stated=4 parsed=4
2026-07-29 15:09:31,966 | INFO | app.scrapers.winning_form_scraper | horse_names=['Robin Of Locksley', 'Kagura', 'Magic Exists', 'Majestic Warrior']
2026-07-29 15:09:32,096 | INFO | httpx | HTTP Request: GET https://legacy.winningform.co.za/ZIM/2H260731_7.htm "HTTP/1.1 200 OK"
2026-07-29 15:09:32,135 | INFO | app.scrapers.winning_form_scraper | runner_table_used columns={'number': 0, 'name': 1, 'length_behind': 2, 'speed_index': 3, 'predicted_time': 4, 'merit': 5, 'weight': 6, 'draw': 7, 'jockey': 9, 'trainer': 10} extracted=5 stated=5
2026-07-29 15:09:32,136 | INFO | app.scrapers.winning_form_scraper | race_parsed url=https://legacy.winningform.co.za/ZIM/2H260731_7.htm venue=Borrowdale date=2026-07-31 race=7 stated=5 parsed=5
2026-07-29 15:09:32,136 | INFO | app.scrapers.winning_form_scraper | horse_names=['Sally Port', 'Princess Lucy', 'Matilda Fitzwalter', 'Tranquil Judi', 'Waiting On Charlie']
2026-07-29 15:09:32,255 | INFO | httpx | HTTP Request: GET https://legacy.winningform.co.za/GAU/2P260731_1.htm "HTTP/1.1 200 OK"
2026-07-29 15:09:32,291 | INFO | app.scrapers.winning_form_scraper | runner_table_used columns={'number': 0, 'name': 1, 'length_behind': 2, 'speed_index': 3, 'predicted_time': 4, 'merit': 5, 'weight': 6, 'draw': 7, 'jockey': 9, 'trainer': 10} extracted=8 stated=8
2026-07-29 15:09:32,291 | INFO | app.scrapers.winning_form_scraper | race_parsed url=https://legacy.winningform.co.za/GAU/2P260731_1.htm venue=Fairview Polytrack date=2026-07-31 race=1 stated=8 parsed=8
2026-07-29 15:09:32,292 | INFO | app.scrapers.winning_form_scraper | horse_names=['Eternal Spirit', "Nobody's Perfect", 'Seattle Glow', 'Camden Square', "Queen's Away", 'Roses For Trex', 'Bumble Bee', 'So Welcome']
2026-07-29 15:09:32,442 | INFO | httpx | HTTP Request: GET https://legacy.winningform.co.za/GAU/2P260731_2.htm "HTTP/1.1 200 OK"
2026-07-29 15:09:32,517 | INFO | app.scrapers.winning_form_scraper | runner_table_used columns={'number': 0, 'name': 1, 'length_behind': 2, 'speed_index': 3, 'predicted_time': 4, 'merit': 5, 'weight': 6, 'draw': 7, 'jockey': 9, 'trainer': 10} extracted=12 stated=12
2026-07-29 15:09:32,517 | INFO | app.scrapers.winning_form_scraper | race_parsed url=https://legacy.winningform.co.za/GAU/2P260731_2.htm venue=Fairview Polytrack date=2026-07-31 race=2 stated=12 parsed=12
2026-07-29 15:09:32,517 | INFO | app.scrapers.winning_form_scraper | horse_names=['Good Shine', 'Peekaboo', 'Mediterraneanflame', 'Made To Measure', 'Champagne Blaze', 'Witching Hour', 'Gimmethegold', 'Pretty Boy', 'Kaleesh Cyborg', 'Total Eruption', 'Matter Of Trust', 'Makajima']
2026-07-29 15:09:32,641 | INFO | httpx | HTTP Request: GET https://legacy.winningform.co.za/GAU/2P260731_3.htm "HTTP/1.1 200 OK"
2026-07-29 15:09:32,688 | INFO | app.scrapers.winning_form_scraper | runner_table_used columns={'number': 0, 'name': 1, 'length_behind': 2, 'speed_index': 3, 'predicted_time': 4, 'merit': 5, 'weight': 6, 'draw': 7, 'jockey': 9, 'trainer': 10} extracted=9 stated=9
2026-07-29 15:09:32,688 | INFO | app.scrapers.winning_form_scraper | race_parsed url=https://legacy.winningform.co.za/GAU/2P260731_3.htm venue=Fairview Polytrack date=2026-07-31 race=3 stated=9 parsed=9
2026-07-29 15:09:32,689 | INFO | app.scrapers.winning_form_scraper | horse_names=['Lovely Dancer', 'J Lordi', 'Rock Up', 'Jewel Mule', 'Alesian Beau', 'Here Comes Johnny', 'American Gem', 'Chim Chim Cheree', 'Cautionary']
2026-07-29 15:09:32,822 | INFO | httpx | HTTP Request: GET https://legacy.winningform.co.za/GAU/2P260731_4.htm "HTTP/1.1 200 OK"
2026-07-29 15:09:32,875 | INFO | app.scrapers.winning_form_scraper | runner_table_used columns={'number': 0, 'name': 1, 'length_behind': 2, 'speed_index': 3, 'predicted_time': 4, 'merit': 5, 'weight': 6, 'draw': 7, 'jockey': 9, 'trainer': 10} extracted=7 stated=7
2026-07-29 15:09:32,875 | INFO | app.scrapers.winning_form_scraper | race_parsed url=https://legacy.winningform.co.za/GAU/2P260731_4.htm venue=Fairview Polytrack date=2026-07-31 race=4 stated=7 parsed=7
2026-07-29 15:09:32,876 | INFO | app.scrapers.winning_form_scraper | horse_names=['Imaginable', 'Black Egret', 'Tintamarre', 'Warrior Of Royalty', 'Ravilious', 'Joker Man', 'Galileo Star']
2026-07-29 15:09:32,988 | INFO | httpx | HTTP Request: GET https://legacy.winningform.co.za/GAU/2P260731_5.htm "HTTP/1.1 200 OK"
2026-07-29 15:09:33,044 | INFO | app.scrapers.winning_form_scraper | runner_table_used columns={'number': 0, 'name': 1, 'length_behind': 2, 'speed_index': 3, 'predicted_time': 4, 'merit': 5, 'weight': 6, 'draw': 7, 'jockey': 9, 'trainer': 10} extracted=8 stated=8
2026-07-29 15:09:33,044 | INFO | app.scrapers.winning_form_scraper | race_parsed url=https://legacy.winningform.co.za/GAU/2P260731_5.htm venue=Fairview Polytrack date=2026-07-31 race=5 stated=8 parsed=8
2026-07-29 15:09:33,044 | INFO | app.scrapers.winning_form_scraper | horse_names=['All Systems Go', 'Play Act', 'Clairwood Rose', 'Faraway Girl', 'Arashi', 'Can You Danse', 'Ventura Boulevard', 'Rip Wheeler']
2026-07-29 15:09:33,175 | INFO | httpx | HTTP Request: GET https://legacy.winningform.co.za/GAU/2P260731_6.htm "HTTP/1.1 200 OK"
2026-07-29 15:09:33,254 | INFO | app.scrapers.winning_form_scraper | runner_table_used columns={'number': 0, 'name': 1, 'length_behind': 2, 'speed_index': 3, 'predicted_time': 4, 'merit': 5, 'weight': 6, 'draw': 7, 'jockey': 9, 'trainer': 10} extracted=12 stated=12
2026-07-29 15:09:33,255 | INFO | app.scrapers.winning_form_scraper | race_parsed url=https://legacy.winningform.co.za/GAU/2P260731_6.htm venue=Fairview Polytrack date=2026-07-31 race=6 stated=12 parsed=12
2026-07-29 15:09:33,255 | INFO | app.scrapers.winning_form_scraper | horse_names=['Winteronthegreen', 'Whirlybird', 'Moscow Miss', 'Thread Of Life', 'Greenlight Dancer', 'Atlantic Pearl', 'Physiologus', 'Blowin In The Wind', 'New Day', 'Marketa', 'Timeline', 'Wild Star']
2026-07-29 15:09:33,396 | INFO | httpx | HTTP Request: GET https://legacy.winningform.co.za/GAU/2P260731_7.htm "HTTP/1.1 200 OK"
2026-07-29 15:09:33,478 | INFO | app.scrapers.winning_form_scraper | runner_table_used columns={'number': 0, 'name': 1, 'length_behind': 2, 'speed_index': 3, 'predicted_time': 4, 'merit': 5, 'weight': 6, 'draw': 7, 'jockey': 9, 'trainer': 10} extracted=12 stated=12
2026-07-29 15:09:33,479 | INFO | app.scrapers.winning_form_scraper | race_parsed url=https://legacy.winningform.co.za/GAU/2P260731_7.htm venue=Fairview Polytrack date=2026-07-31 race=7 stated=12 parsed=12
2026-07-29 15:09:33,479 | INFO | app.scrapers.winning_form_scraper | horse_names=['Bel Canto Dream', 'Blame It On Me', 'Rhydian', 'El Romiachi', 'Disruptive', 'Amanatto', 'Show Off', 'Hospices De Beaune', 'Bosnay', 'Tokyo Princess', 'Royal Dawn', 'Fantine']
2026-07-29 15:09:33,613 | INFO | httpx | HTTP Request: GET https://legacy.winningform.co.za/GAU/2P260731_8.htm "HTTP/1.1 200 OK"
2026-07-29 15:09:33,680 | INFO | app.scrapers.winning_form_scraper | runner_table_used columns={'number': 0, 'name': 1, 'length_behind': 2, 'speed_index': 3, 'predicted_time': 4, 'merit': 5, 'weight': 6, 'draw': 7, 'jockey': 9, 'trainer': 10} extracted=10 stated=10
2026-07-29 15:09:33,681 | INFO | app.scrapers.winning_form_scraper | race_parsed url=https://legacy.winningform.co.za/GAU/2P260731_8.htm venue=Fairview Polytrack date=2026-07-31 race=8 stated=10 parsed=10
2026-07-29 15:09:33,681 | INFO | app.scrapers.winning_form_scraper | horse_names=['Lana View', 'Qondanekukhanyeni', 'Oncidium', 'Flower Festival', 'Royal Kailani', "Captain's Jet", 'Potenza', 'Back For More', "Babette's Feast", 'Mountain High']
2026-07-29 15:09:33,830 | INFO | httpx | HTTP Request: GET https://legacy.winningform.co.za/GAU/2P260731_9.htm "HTTP/1.1 200 OK"
2026-07-29 15:09:33,946 | INFO | app.scrapers.winning_form_scraper | runner_table_used columns={'number': 0, 'name': 1, 'length_behind': 2, 'speed_index': 3, 'predicted_time': 4, 'merit': 5, 'weight': 6, 'draw': 7, 'jockey': 9, 'trainer': 10} extracted=18 stated=18
2026-07-29 15:09:33,947 | INFO | app.scrapers.winning_form_scraper | race_parsed url=https://legacy.winningform.co.za/GAU/2P260731_9.htm venue=Fairview Polytrack date=2026-07-31 race=9 stated=18 parsed=18
2026-07-29 15:09:33,947 | INFO | app.scrapers.winning_form_scraper | horse_names=['San Quintin', 'Global Speak', 'Rototo', 'Drielandenpunt', 'Global Drumbeat', 'Golden Grey', "Silvano's Song", 'Preserve Forever', 'Crepuscolo', "Alado's Pride", 'Flash Lightning', 'Arividicio', 'Osmium', 'Celtique', "Tori's Girl", 'Terminal Velocity', 'Satellite World', 'Woman In Gold']
2026-07-29 15:09:34,099 | INFO | httpx | HTTP Request: GET https://legacy.winningform.co.za/GAU/2T260801_1.htm "HTTP/1.1 200 OK"
2026-07-29 15:09:34,138 | INFO | app.scrapers.winning_form_scraper | runner_table_used columns={'number': 0, 'name': 1, 'length_behind': 2, 'speed_index': 3, 'predicted_time': 4, 'merit': 5, 'weight': 6, 'draw': 7, 'jockey': 9, 'trainer': 10} extracted=9 stated=9
2026-07-29 15:09:34,138 | INFO | app.scrapers.winning_form_scraper | race_parsed url=https://legacy.winningform.co.za/GAU/2T260801_1.htm venue=Turffontein date=2026-08-01 race=1 stated=9 parsed=9
2026-07-29 15:09:34,138 | INFO | app.scrapers.winning_form_scraper | horse_names=["Jack's Legacy", 'Without Remorse', 'Purple Rain', 'Bellflower', 'Northern European', 'Raspberry Delight', 'Greenhilsofjamaica', 'Totheplaceibelong', 'Lady Aarya']
2026-07-29 15:09:34,251 | INFO | httpx | HTTP Request: GET https://legacy.winningform.co.za/GAU/2T260801_2.htm "HTTP/1.1 200 OK"
2026-07-29 15:09:34,295 | INFO | app.scrapers.winning_form_scraper | runner_table_used columns={'number': 0, 'name': 1, 'length_behind': 2, 'speed_index': 3, 'predicted_time': 4, 'merit': 5, 'weight': 6, 'draw': 7, 'jockey': 9, 'trainer': 10} extracted=7 stated=7
2026-07-29 15:09:34,295 | INFO | app.scrapers.winning_form_scraper | race_parsed url=https://legacy.winningform.co.za/GAU/2T260801_2.htm venue=Turffontein date=2026-08-01 race=2 stated=7 parsed=7
2026-07-29 15:09:34,296 | INFO | app.scrapers.winning_form_scraper | horse_names=['One Tiger', 'Sakura Hanami', 'Spy Story', 'Geostorm', 'Sherlock Holmes', "Trompe L'oeil", 'Matroosberg']
2026-07-29 15:09:34,408 | INFO | httpx | HTTP Request: GET https://legacy.winningform.co.za/GAU/2T260801_3.htm "HTTP/1.1 200 OK"
2026-07-29 15:09:34,459 | INFO | app.scrapers.winning_form_scraper | runner_table_used columns={'number': 0, 'name': 1, 'length_behind': 2, 'speed_index': 3, 'predicted_time': 4, 'merit': 5, 'weight': 6, 'draw': 7, 'jockey': 9, 'trainer': 10} extracted=7 stated=7
2026-07-29 15:09:34,459 | INFO | app.scrapers.winning_form_scraper | race_parsed url=https://legacy.winningform.co.za/GAU/2T260801_3.htm venue=Turffontein date=2026-08-01 race=3 stated=7 parsed=7
2026-07-29 15:09:34,459 | INFO | app.scrapers.winning_form_scraper | horse_names=['Lonely As A Cloud', 'Fostinovo', 'Mrs Stormiatrix', 'Ice Dragon', 'Banyan', 'Pivotal Role', 'Var Park']
2026-07-29 15:09:34,601 | INFO | httpx | HTTP Request: GET https://legacy.winningform.co.za/GAU/2T260801_4.htm "HTTP/1.1 200 OK"
2026-07-29 15:09:34,660 | INFO | app.scrapers.winning_form_scraper | runner_table_used columns={'number': 0, 'name': 1, 'length_behind': 2, 'speed_index': 3, 'predicted_time': 4, 'merit': 5, 'weight': 6, 'draw': 7, 'jockey': 9, 'trainer': 10} extracted=8 stated=8
2026-07-29 15:09:34,660 | INFO | app.scrapers.winning_form_scraper | race_parsed url=https://legacy.winningform.co.za/GAU/2T260801_4.htm venue=Turffontein date=2026-08-01 race=4 stated=8 parsed=8
2026-07-29 15:09:34,661 | INFO | app.scrapers.winning_form_scraper | horse_names=['Mount Pinatubo', 'Almond Sea', 'Karate Kid', 'Espinoza', 'African Pride', 'Whistle The Tune', 'Yamadori', 'Chieftain']
2026-07-29 15:09:34,785 | INFO | httpx | HTTP Request: GET https://legacy.winningform.co.za/GAU/2T260801_5.htm "HTTP/1.1 200 OK"
2026-07-29 15:09:34,942 | INFO | app.scrapers.winning_form_scraper | runner_table_used columns={'number': 0, 'name': 1, 'length_behind': 2, 'speed_index': 3, 'predicted_time': 4, 'merit': 5, 'weight': 6, 'draw': 7, 'jockey': 9, 'trainer': 10} extracted=7 stated=7
2026-07-29 15:09:34,943 | INFO | app.scrapers.winning_form_scraper | race_parsed url=https://legacy.winningform.co.za/GAU/2T260801_5.htm venue=Turffontein date=2026-08-01 race=5 stated=7 parsed=7
2026-07-29 15:09:34,943 | INFO | app.scrapers.winning_form_scraper | horse_names=['Dual Prophecy', 'Guerilla Warfare', "Diesel's Shadow", 'Dark Silver', 'World Order', 'Culturati', 'Unsolved Riddle']
2026-07-29 15:09:35,054 | INFO | httpx | HTTP Request: GET https://legacy.winningform.co.za/GAU/2T260801_6.htm "HTTP/1.1 200 OK"
2026-07-29 15:09:35,110 | INFO | app.scrapers.winning_form_scraper | runner_table_used columns={'number': 0, 'name': 1, 'length_behind': 2, 'speed_index': 3, 'predicted_time': 4, 'merit': 5, 'weight': 6, 'draw': 7, 'jockey': 9, 'trainer': 10} extracted=8 stated=8
2026-07-29 15:09:35,111 | INFO | app.scrapers.winning_form_scraper | race_parsed url=https://legacy.winningform.co.za/GAU/2T260801_6.htm venue=Turffontein date=2026-08-01 race=6 stated=8 parsed=8
2026-07-29 15:09:35,111 | INFO | app.scrapers.winning_form_scraper | horse_names=['Apache Son', 'The Playboy Bomber', 'Prince Of Kildare', 'Royal Edition', 'Mission To Mars', 'Flashy Apache', 'Mo Ment', 'Positive Attitude']
2026-07-29 15:09:35,238 | INFO | httpx | HTTP Request: GET https://legacy.winningform.co.za/GAU/2T260801_7.htm "HTTP/1.1 200 OK"
2026-07-29 15:09:35,307 | INFO | app.scrapers.winning_form_scraper | runner_table_used columns={'number': 0, 'name': 1, 'length_behind': 2, 'speed_index': 3, 'predicted_time': 4, 'merit': 5, 'weight': 6, 'draw': 7, 'jockey': 9, 'trainer': 10} extracted=9 stated=9
2026-07-29 15:09:35,308 | INFO | app.scrapers.winning_form_scraper | race_parsed url=https://legacy.winningform.co.za/GAU/2T260801_7.htm venue=Turffontein date=2026-08-01 race=7 stated=9 parsed=9
2026-07-29 15:09:35,308 | INFO | app.scrapers.winning_form_scraper | horse_names=['Arumugam', 'Orange County', 'Harun Al Rashid', 'Sky Pilot', 'Knowmore', 'Ideal Summer', 'After Hours', 'Gimmethespotlight', 'Winding Power']
2026-07-29 15:09:35,462 | INFO | httpx | HTTP Request: GET https://legacy.winningform.co.za/GAU/2T260801_8.htm "HTTP/1.1 200 OK"
2026-07-29 15:09:35,544 | INFO | app.scrapers.winning_form_scraper | runner_table_used columns={'number': 0, 'name': 1, 'length_behind': 2, 'speed_index': 3, 'predicted_time': 4, 'merit': 5, 'weight': 6, 'draw': 7, 'jockey': 9, 'trainer': 10} extracted=11 stated=11
2026-07-29 15:09:35,544 | INFO | app.scrapers.winning_form_scraper | race_parsed url=https://legacy.winningform.co.za/GAU/2T260801_8.htm venue=Turffontein date=2026-08-01 race=8 stated=11 parsed=11
2026-07-29 15:09:35,544 | INFO | app.scrapers.winning_form_scraper | horse_names=['Naretoi', 'Southampton', 'Longsword', 'Commander Of All', 'Sunset Warrior', 'Michael Faraday', 'Coming In Hot', 'Rock My Boat', 'Spirit Of Gabz', 'Rising Eagle', 'Circus Lights']
2026-07-29 15:09:35,673 | INFO | httpx | HTTP Request: GET https://legacy.winningform.co.za/KZN/2S260802_1.htm "HTTP/1.1 200 OK"
2026-07-29 15:09:35,723 | INFO | app.scrapers.winning_form_scraper | runner_table_used columns={'number': 0, 'name': 1, 'length_behind': 2, 'speed_index': 3, 'predicted_time': 4, 'merit': 5, 'weight': 6, 'draw': 7, 'jockey': 9, 'trainer': 10} extracted=13 stated=13
2026-07-29 15:09:35,723 | INFO | app.scrapers.winning_form_scraper | race_parsed url=https://legacy.winningform.co.za/KZN/2S260802_1.htm venue=Hollywoodbets Scottsville Outer date=2026-08-02 race=1 stated=13 parsed=13
2026-07-29 15:09:35,723 | INFO | app.scrapers.winning_form_scraper | horse_names=['Iceberg Rose', 'Forthegoodtimes', 'Tipperary', 'Pink Skies', 'Lovecomesknocking', 'Sweet Cherry', 'So Indi', 'Timeless Wonder', 'Bellanca Viking', 'Gezouten Haring', 'Linguistic', 'Princess Positano', 'Fleur Delacour']
2026-07-29 15:09:35,860 | INFO | httpx | HTTP Request: GET https://legacy.winningform.co.za/KZN/2S260802_2.htm "HTTP/1.1 200 OK"
2026-07-29 15:09:35,935 | INFO | app.scrapers.winning_form_scraper | runner_table_used columns={'number': 0, 'name': 1, 'length_behind': 2, 'speed_index': 3, 'predicted_time': 4, 'merit': 5, 'weight': 6, 'draw': 7, 'jockey': 9, 'trainer': 10} extracted=13 stated=13
2026-07-29 15:09:35,935 | INFO | app.scrapers.winning_form_scraper | race_parsed url=https://legacy.winningform.co.za/KZN/2S260802_2.htm venue=Hollywoodbets Scottsville Outer date=2026-08-02 race=2 stated=13 parsed=13
2026-07-29 15:09:35,935 | INFO | app.scrapers.winning_form_scraper | horse_names=['Gimme The Power', 'Floral Kingdom', 'Sweet Faye', "Queen's Bounty", 'Ayzal', 'Secret Ambition', 'Sherpa Queen', 'Rustige Kracht', 'Tokyo Girl', 'Vivalto', 'Mighty Minnie', 'Queen Indrani', 'Umoyawokubambelela']
2026-07-29 15:09:36,075 | INFO | httpx | HTTP Request: GET https://legacy.winningform.co.za/KZN/2S260802_3.htm "HTTP/1.1 200 OK"
2026-07-29 15:09:36,128 | INFO | app.scrapers.winning_form_scraper | runner_table_used columns={'number': 0, 'name': 1, 'length_behind': 2, 'speed_index': 3, 'predicted_time': 4, 'merit': 5, 'weight': 6, 'draw': 7, 'jockey': 9, 'trainer': 10} extracted=8 stated=8
2026-07-29 15:09:36,128 | INFO | app.scrapers.winning_form_scraper | race_parsed url=https://legacy.winningform.co.za/KZN/2S260802_3.htm venue=Hollywoodbets Scottsville Inner date=2026-08-02 race=3 stated=8 parsed=8
2026-07-29 15:09:36,129 | INFO | app.scrapers.winning_form_scraper | horse_names=['Future Prospect', 'Cali Bullet', 'Peaceful Duchess', 'After The Fire', "Chef's Kiss", 'Jenny Darling', 'Guild The Lilly', 'Anemie']
2026-07-29 15:09:36,257 | INFO | httpx | HTTP Request: GET https://legacy.winningform.co.za/KZN/2S260802_4.htm "HTTP/1.1 200 OK"
2026-07-29 15:09:36,316 | INFO | app.scrapers.winning_form_scraper | runner_table_used columns={'number': 0, 'name': 1, 'length_behind': 2, 'speed_index': 3, 'predicted_time': 4, 'merit': 5, 'weight': 6, 'draw': 7, 'jockey': 9, 'trainer': 10} extracted=8 stated=8
2026-07-29 15:09:36,316 | INFO | app.scrapers.winning_form_scraper | race_parsed url=https://legacy.winningform.co.za/KZN/2S260802_4.htm venue=Hollywoodbets Scottsville Inner date=2026-08-02 race=4 stated=8 parsed=8
2026-07-29 15:09:36,316 | INFO | app.scrapers.winning_form_scraper | horse_names=["Zena's Act", 'Golden Angel', 'Our Lady Fate', 'Stampede Ahead', 'Sesame', 'Cool Wind', 'Hurricane Flight', 'Mary Read']
2026-07-29 15:09:36,458 | INFO | httpx | HTTP Request: GET https://legacy.winningform.co.za/KZN/2S260802_5.htm "HTTP/1.1 200 OK"
2026-07-29 15:09:36,539 | INFO | app.scrapers.winning_form_scraper | runner_table_used columns={'number': 0, 'name': 1, 'length_behind': 2, 'speed_index': 3, 'predicted_time': 4, 'merit': 5, 'weight': 6, 'draw': 7, 'jockey': 9, 'trainer': 10} extracted=12 stated=12
2026-07-29 15:09:36,540 | INFO | app.scrapers.winning_form_scraper | race_parsed url=https://legacy.winningform.co.za/KZN/2S260802_5.htm venue=Hollywoodbets Scottsville Inner date=2026-08-02 race=5 stated=12 parsed=12
2026-07-29 15:09:36,540 | INFO | app.scrapers.winning_form_scraper | horse_names=['Serpentine Fire', "Sascha's Dream", 'Blizzardboy', 'Master Bomber', 'Buddy Boy', 'Trois Trois Quatre', 'Song To The Moon', 'Queue Wing', 'Red Cardinal', 'Dancing On A Cloud', 'Charlie Bucket', 'Double Causeway']
2026-07-29 15:09:36,667 | INFO | httpx | HTTP Request: GET https://legacy.winningform.co.za/KZN/2S260802_6.htm "HTTP/1.1 200 OK"
2026-07-29 15:09:36,734 | INFO | app.scrapers.winning_form_scraper | runner_table_used columns={'number': 0, 'name': 1, 'length_behind': 2, 'speed_index': 3, 'predicted_time': 4, 'merit': 5, 'weight': 6, 'draw': 7, 'jockey': 9, 'trainer': 10} extracted=9 stated=9
2026-07-29 15:09:36,734 | INFO | app.scrapers.winning_form_scraper | race_parsed url=https://legacy.winningform.co.za/KZN/2S260802_6.htm venue=Hollywoodbets Scottsville Inner date=2026-08-02 race=6 stated=9 parsed=9
2026-07-29 15:09:36,735 | INFO | app.scrapers.winning_form_scraper | horse_names=['Poursomesugaronme', "Captain's Pride", 'Izibulo', 'Sign Of Fate', 'Alltheboysiveloved', 'Shesha Ntombi', 'Blue Poppy', 'Rikkitikkitavi', 'Queen Amina']
2026-07-29 15:09:36,859 | INFO | httpx | HTTP Request: GET https://legacy.winningform.co.za/KZN/2S260802_7.htm "HTTP/1.1 200 OK"
2026-07-29 15:09:36,923 | INFO | app.scrapers.winning_form_scraper | runner_table_used columns={'number': 0, 'name': 1, 'length_behind': 2, 'speed_index': 3, 'predicted_time': 4, 'merit': 5, 'weight': 6, 'draw': 7, 'jockey': 9, 'trainer': 10} extracted=8 stated=8
2026-07-29 15:09:36,924 | INFO | app.scrapers.winning_form_scraper | race_parsed url=https://legacy.winningform.co.za/KZN/2S260802_7.htm venue=Hollywoodbets Scottsville Outer date=2026-08-02 race=7 stated=8 parsed=8
2026-07-29 15:09:36,924 | INFO | app.scrapers.winning_form_scraper | horse_names=['Trafalgar Square', 'Cappellino', 'Champagne Mac', 'Bless Me Fred', 'Futano', 'Intrepid', "Jane's Vision", "Mia's Athena"]
2026-07-29 15:09:37,051 | INFO | httpx | HTTP Request: GET https://legacy.winningform.co.za/KZN/2S260802_8.htm "HTTP/1.1 200 OK"
2026-07-29 15:09:37,125 | INFO | app.scrapers.winning_form_scraper | runner_table_used columns={'number': 0, 'name': 1, 'length_behind': 2, 'speed_index': 3, 'predicted_time': 4, 'merit': 5, 'weight': 6, 'draw': 7, 'jockey': 9, 'trainer': 10} extracted=11 stated=11
2026-07-29 15:09:37,125 | INFO | app.scrapers.winning_form_scraper | race_parsed url=https://legacy.winningform.co.za/KZN/2S260802_8.htm venue=Hollywoodbets Scottsville Outer date=2026-08-02 race=8 stated=11 parsed=11
2026-07-29 15:09:37,125 | INFO | app.scrapers.winning_form_scraper | horse_names=['Axis Power', 'Cavalry Commander', 'Blazing Fury', 'Military Command', 'Luneluck', 'Smorgasbord', 'Billy Cool', 'Call Of The Karoo', 'Rock Music', 'Caribbean Gold', 'Queen Of The Spear']
2026-07-29 15:09:37,198 | INFO | app.services.monitoring_service | monitoring_cycle_completed
2026-07-29 15:09:37,198 | INFO | app.main | application_started
2026-07-30 09:15:12,092 | INFO | apscheduler.scheduler | Adding job tentatively -- it will be properly scheduled when the scheduler starts
2026-07-30 09:15:12,094 | INFO | apscheduler.scheduler | Added job "MonitoringService.run_cycle" to job store "default"
2026-07-30 09:15:12,095 | INFO | apscheduler.scheduler | Scheduler started
2026-07-30 09:15:12,095 | INFO | app.services.monitoring_service | monitoring_cycle_started
2026-07-30 09:15:12,461 | INFO | httpx | HTTP Request: GET https://legacy.winningform.co.za "HTTP/1.1 200 OK"
2026-07-30 09:15:12,471 | INFO | app.scrapers.winning_form_scraper | fetch_index_frames=['https://legacy.winningform.co.za/guide.htm', 'https://legacy.winningform.co.za/cover.htm']
2026-07-30 09:15:12,571 | INFO | httpx | HTTP Request: GET https://legacy.winningform.co.za "HTTP/1.1 200 OK"
2026-07-30 09:15:12,687 | INFO | httpx | HTTP Request: GET https://legacy.winningform.co.za/guide.htm "HTTP/1.1 200 OK"
2026-07-30 09:15:12,830 | INFO | httpx | HTTP Request: GET https://legacy.winningform.co.za/cover.htm "HTTP/1.1 200 OK"
2026-07-30 09:15:12,926 | INFO | httpx | HTTP Request: GET https://legacy.winningform.co.za "HTTP/1.1 200 OK"
2026-07-30 09:15:13,050 | INFO | httpx | HTTP Request: GET https://legacy.winningform.co.za/guide.htm "HTTP/1.1 200 OK"
2026-07-30 09:15:13,189 | INFO | httpx | HTTP Request: GET https://legacy.winningform.co.za/cover.htm "HTTP/1.1 200 OK"
2026-07-30 09:15:13,221 | INFO | app.scrapers.winning_form_scraper | race_links_total=41
2026-07-30 09:15:13,223 | INFO | app.scrapers.winning_form_scraper | meetings_seen=['gau-p260731', 'gau-r260730', 'gau-t260801', 'kzn-s260802', 'zim-h260731']
2026-07-30 09:15:13,341 | INFO | httpx | HTTP Request: GET https://legacy.winningform.co.za/GAU/2R260730_1.htm "HTTP/1.1 200 OK"
2026-07-30 09:15:13,421 | INFO | app.scrapers.winning_form_scraper | runner_table_used columns={'number': 0, 'name': 1, 'length_behind': 2, 'speed_index': 3, 'predicted_time': 4, 'merit': 5, 'weight': 6, 'draw': 7, 'jockey': 9, 'trainer': 10} extracted=8 stated=8
2026-07-30 09:15:13,421 | INFO | app.scrapers.winning_form_scraper | race_parsed url=https://legacy.winningform.co.za/GAU/2R260730_1.htm venue=Vaal Classic date=2026-07-30 race=1 stated=8 parsed=8
2026-07-30 09:15:13,422 | INFO | app.scrapers.winning_form_scraper | horse_names=["Rafeef's Queen", 'Miss Honey Bee', 'Royal Rant', 'Miss Fire Arrow', 'San Francisco', 'Navigatrix', 'Pretty Girl', 'Volare Veloce']
2026-07-30 09:15:13,606 | INFO | httpx | HTTP Request: GET https://legacy.winningform.co.za/GAU/2R260730_2.htm "HTTP/1.1 200 OK"
2026-07-30 09:15:13,652 | INFO | app.scrapers.winning_form_scraper | runner_table_used columns={'number': 0, 'name': 1, 'length_behind': 2, 'speed_index': 3, 'predicted_time': 4, 'merit': 5, 'weight': 6, 'draw': 7, 'jockey': 9, 'trainer': 10} extracted=9 stated=9
2026-07-30 09:15:13,652 | INFO | app.scrapers.winning_form_scraper | race_parsed url=https://legacy.winningform.co.za/GAU/2R260730_2.htm venue=Vaal Classic date=2026-07-30 race=2 stated=9 parsed=9
2026-07-30 09:15:13,652 | INFO | app.scrapers.winning_form_scraper | horse_names=['Tenareef', 'Captain Cooper', 'Flotilla', 'North Star Fury', 'Chic Shack', 'Hawkeye', 'Mocha Magic', 'Reachingforthemoon', 'Red Viking']
2026-07-30 09:15:13,815 | INFO | httpx | HTTP Request: GET https://legacy.winningform.co.za/GAU/2R260730_3.htm "HTTP/1.1 200 OK"
2026-07-30 09:15:13,877 | INFO | app.scrapers.winning_form_scraper | runner_table_used columns={'number': 0, 'name': 1, 'length_behind': 2, 'speed_index': 3, 'predicted_time': 4, 'merit': 5, 'weight': 6, 'draw': 7, 'jockey': 9, 'trainer': 10} extracted=8 stated=8
2026-07-30 09:15:13,877 | INFO | app.scrapers.winning_form_scraper | race_parsed url=https://legacy.winningform.co.za/GAU/2R260730_3.htm venue=Vaal Classic date=2026-07-30 race=3 stated=8 parsed=8
2026-07-30 09:15:13,878 | INFO | app.scrapers.winning_form_scraper | horse_names=['Beautiful One', 'Two Tigers', 'Berry Lancer', 'Dreaming Of Youth', "Leanne's Love", 'Dreadnought', 'Pittar', 'Walkinginthewoods']
2026-07-30 09:15:14,042 | INFO | httpx | HTTP Request: GET https://legacy.winningform.co.za/GAU/2R260730_4.htm "HTTP/1.1 200 OK"
2026-07-30 09:15:14,115 | INFO | app.scrapers.winning_form_scraper | runner_table_used columns={'number': 0, 'name': 1, 'length_behind': 2, 'speed_index': 3, 'predicted_time': 4, 'merit': 5, 'weight': 6, 'draw': 7, 'jockey': 9, 'trainer': 10} extracted=9 stated=9
2026-07-30 09:15:14,116 | INFO | app.scrapers.winning_form_scraper | race_parsed url=https://legacy.winningform.co.za/GAU/2R260730_4.htm venue=Vaal Classic date=2026-07-30 race=4 stated=9 parsed=9
2026-07-30 09:15:14,116 | INFO | app.scrapers.winning_form_scraper | horse_names=['Duke Of Lorraine', 'Vixeninthevineyard', 'Uncle Bob', 'Angle Of Attack', 'Silver Comet', 'Crimson Ranger', 'Echo Of The Wild', 'Gus On The Bus', 'Sivaji']
2026-07-30 09:15:14,270 | INFO | httpx | HTTP Request: GET https://legacy.winningform.co.za/GAU/2R260730_5.htm "HTTP/1.1 200 OK"
2026-07-30 09:15:14,404 | INFO | app.scrapers.winning_form_scraper | runner_table_used columns={'number': 0, 'name': 1, 'length_behind': 2, 'speed_index': 3, 'predicted_time': 4, 'merit': 5, 'weight': 6, 'draw': 7, 'jockey': 9, 'trainer': 10} extracted=9 stated=9
2026-07-30 09:15:14,404 | INFO | app.scrapers.winning_form_scraper | race_parsed url=https://legacy.winningform.co.za/GAU/2R260730_5.htm venue=Vaal Classic date=2026-07-30 race=5 stated=9 parsed=9
2026-07-30 09:15:14,404 | INFO | app.scrapers.winning_form_scraper | horse_names=['Art Nouveau', 'Frangipani', 'Azaleas For All', 'Boom Boom', 'Surprise Party', 'Lady Sabrina', 'Lady Blunt', 'Juliet Tango', 'Mount Etna']
2026-07-30 09:15:14,572 | INFO | httpx | HTTP Request: GET https://legacy.winningform.co.za/GAU/2R260730_6.htm "HTTP/1.1 200 OK"
2026-07-30 09:15:14,657 | INFO | app.scrapers.winning_form_scraper | runner_table_used columns={'number': 0, 'name': 1, 'length_behind': 2, 'speed_index': 3, 'predicted_time': 4, 'merit': 5, 'weight': 6, 'draw': 7, 'jockey': 9, 'trainer': 10} extracted=10 stated=10
2026-07-30 09:15:14,658 | INFO | app.scrapers.winning_form_scraper | race_parsed url=https://legacy.winningform.co.za/GAU/2R260730_6.htm venue=Vaal Classic date=2026-07-30 race=6 stated=10 parsed=10
2026-07-30 09:15:14,658 | INFO | app.scrapers.winning_form_scraper | horse_names=['Hopscotch', 'Bold Action', 'Utsaah', 'Play With Fire', "Kylie's Angel", "Ariel's Jet", 'Be My Fate', 'Chariklo', 'Wise Counsel', 'Cocomelon']
2026-07-30 09:15:14,827 | INFO | httpx | HTTP Request: GET https://legacy.winningform.co.za/GAU/2R260730_7.htm "HTTP/1.1 200 OK"
2026-07-30 09:15:14,917 | INFO | app.scrapers.winning_form_scraper | runner_table_used columns={'number': 0, 'name': 1, 'length_behind': 2, 'speed_index': 3, 'predicted_time': 4, 'merit': 5, 'weight': 6, 'draw': 7, 'jockey': 9, 'trainer': 10} extracted=10 stated=10
2026-07-30 09:15:14,918 | INFO | app.scrapers.winning_form_scraper | race_parsed url=https://legacy.winningform.co.za/GAU/2R260730_7.htm venue=Vaal Classic date=2026-07-30 race=7 stated=10 parsed=10
2026-07-30 09:15:14,918 | INFO | app.scrapers.winning_form_scraper | horse_names=['Stop The Traffic', 'Full Go', 'Last Ginger', 'Circle Of Grace', 'Itsnowornever', 'Ghostbuster', 'Thambi', 'Gold De Grace', 'Red Sparrow', 'Cover Charge']
2026-07-30 09:15:15,071 | INFO | httpx | HTTP Request: GET https://legacy.winningform.co.za/GAU/2R260730_8.htm "HTTP/1.1 200 OK"
2026-07-30 09:15:15,163 | INFO | app.scrapers.winning_form_scraper | runner_table_used columns={'number': 0, 'name': 1, 'length_behind': 2, 'speed_index': 3, 'predicted_time': 4, 'merit': 5, 'weight': 6, 'draw': 7, 'jockey': 9, 'trainer': 10} extracted=8 stated=8
2026-07-30 09:15:15,164 | INFO | app.scrapers.winning_form_scraper | race_parsed url=https://legacy.winningform.co.za/GAU/2R260730_8.htm venue=Vaal Classic date=2026-07-30 race=8 stated=8 parsed=8
2026-07-30 09:15:15,164 | INFO | app.scrapers.winning_form_scraper | horse_names=['Time Will Tell', 'Twentytwentyvision', 'Hammer Blow', 'Arilena', 'Taking A Risk', 'Sergeant Soqrat', 'Champagne Problems', 'Raining Rubies']
2026-07-30 09:15:15,347 | INFO | httpx | HTTP Request: GET https://legacy.winningform.co.za/GAU/2R260730_9.htm "HTTP/1.1 200 OK"
2026-07-30 09:15:15,560 | INFO | app.scrapers.winning_form_scraper | runner_table_used columns={'number': 0, 'name': 1, 'length_behind': 2, 'speed_index': 3, 'predicted_time': 4, 'merit': 5, 'weight': 6, 'draw': 7, 'jockey': 9, 'trainer': 10} extracted=17 stated=17
2026-07-30 09:15:15,560 | INFO | app.scrapers.winning_form_scraper | race_parsed url=https://legacy.winningform.co.za/GAU/2R260730_9.htm venue=Vaal Classic date=2026-07-30 race=9 stated=17 parsed=17
2026-07-30 09:15:15,561 | INFO | app.scrapers.winning_form_scraper | horse_names=['Golden Warrior', 'Satyagraha', 'Elusive Red', 'Dear Doc', "Can't Catch Me", 'Snow Moon', 'Pearl In Her Crown', 'Eiffel Tower', 'Pretty Analia', 'Shoreybomba', 'Shori Kai', 'Jabari Thimba', 'Lady Elliot', 'Prized Platinum', 'On A Jet Plane', 'Space Mission', 'Baby Red']
2026-07-30 09:15:15,817 | INFO | httpx | HTTP Request: GET https://legacy.winningform.co.za/ZIM/2H260731_1.htm "HTTP/1.1 200 OK"
2026-07-30 09:15:15,863 | INFO | app.scrapers.winning_form_scraper | runner_table_used columns={'number': 0, 'name': 1, 'length_behind': 2, 'speed_index': 3, 'predicted_time': 4, 'merit': 5, 'weight': 6, 'draw': 7, 'jockey': 9, 'trainer': 10} extracted=6 stated=6
2026-07-30 09:15:15,863 | INFO | app.scrapers.winning_form_scraper | race_parsed url=https://legacy.winningform.co.za/ZIM/2H260731_1.htm venue=Borrowdale date=2026-07-31 race=1 stated=6 parsed=6
2026-07-30 09:15:15,863 | INFO | app.scrapers.winning_form_scraper | horse_names=['Firefly Lane', "Lion's Share", 'Roman Law', 'Wintery Mansion', 'Endearing Peace', 'Majik Wine']
2026-07-30 09:15:16,041 | INFO | httpx | HTTP Request: GET https://legacy.winningform.co.za/ZIM/2H260731_2.htm "HTTP/1.1 200 OK"
2026-07-30 09:15:16,098 | INFO | app.scrapers.winning_form_scraper | runner_table_used columns={'number': 0, 'name': 1, 'length_behind': 2, 'speed_index': 3, 'predicted_time': 4, 'merit': 5, 'weight': 6, 'draw': 7, 'jockey': 9, 'trainer': 10} extracted=6 stated=6
2026-07-30 09:15:16,098 | INFO | app.scrapers.winning_form_scraper | race_parsed url=https://legacy.winningform.co.za/ZIM/2H260731_2.htm venue=Borrowdale date=2026-07-31 race=2 stated=6 parsed=6
2026-07-30 09:15:16,099 | INFO | app.scrapers.winning_form_scraper | horse_names=['Zafar', 'Queen Of Fire', 'Diamond Jim', 'Red Top', 'Ultimate Jewel', 'Festival Of Light']
2026-07-30 09:15:16,275 | INFO | httpx | HTTP Request: GET https://legacy.winningform.co.za/ZIM/2H260731_3.htm "HTTP/1.1 200 OK"
2026-07-30 09:15:16,326 | INFO | app.scrapers.winning_form_scraper | runner_table_used columns={'number': 0, 'name': 1, 'length_behind': 2, 'speed_index': 3, 'predicted_time': 4, 'merit': 5, 'weight': 6, 'draw': 7, 'jockey': 9, 'trainer': 10} extracted=6 stated=6
2026-07-30 09:15:16,326 | INFO | app.scrapers.winning_form_scraper | race_parsed url=https://legacy.winningform.co.za/ZIM/2H260731_3.htm venue=Borrowdale date=2026-07-31 race=3 stated=6 parsed=6
2026-07-30 09:15:16,326 | INFO | app.scrapers.winning_form_scraper | horse_names=['Aerial Display', 'Mizzen Sword', 'Prince Of Denmark', 'Queen Of Montmatre', 'House Of Lords', 'Captain Carnage']
2026-07-30 09:15:16,505 | INFO | httpx | HTTP Request: GET https://legacy.winningform.co.za/ZIM/2H260731_4.htm "HTTP/1.1 200 OK"
2026-07-30 09:15:16,549 | INFO | app.scrapers.winning_form_scraper | runner_table_used columns={'number': 0, 'name': 1, 'length_behind': 2, 'speed_index': 3, 'predicted_time': 4, 'merit': 5, 'weight': 6, 'draw': 7, 'jockey': 9, 'trainer': 10} extracted=5 stated=5
2026-07-30 09:15:16,549 | INFO | app.scrapers.winning_form_scraper | race_parsed url=https://legacy.winningform.co.za/ZIM/2H260731_4.htm venue=Borrowdale date=2026-07-31 race=4 stated=5 parsed=5
2026-07-30 09:15:16,549 | INFO | app.scrapers.winning_form_scraper | horse_names=['Empire Blue', 'Copper Fire', 'When Evening Comes', 'Battle Of Seattle', 'Shes Everything']
2026-07-30 09:15:16,689 | INFO | httpx | HTTP Request: GET https://legacy.winningform.co.za/ZIM/2H260731_5.htm "HTTP/1.1 200 OK"
2026-07-30 09:15:16,730 | INFO | app.scrapers.winning_form_scraper | runner_table_used columns={'number': 0, 'name': 1, 'length_behind': 2, 'speed_index': 3, 'predicted_time': 4, 'merit': 5, 'weight': 6, 'draw': 7, 'jockey': 9, 'trainer': 10} extracted=4 stated=4
2026-07-30 09:15:16,730 | INFO | app.scrapers.winning_form_scraper | race_parsed url=https://legacy.winningform.co.za/ZIM/2H260731_5.htm venue=Borrowdale date=2026-07-31 race=5 stated=4 parsed=4
2026-07-30 09:15:16,730 | INFO | app.scrapers.winning_form_scraper | horse_names=['Ultra Pursuit', 'Pocket Watch', 'Coppola', 'Guerra']
2026-07-30 09:15:16,878 | INFO | httpx | HTTP Request: GET https://legacy.winningform.co.za/ZIM/2H260731_6.htm "HTTP/1.1 200 OK"
2026-07-30 09:15:16,920 | INFO | app.scrapers.winning_form_scraper | runner_table_used columns={'number': 0, 'name': 1, 'length_behind': 2, 'speed_index': 3, 'predicted_time': 4, 'merit': 5, 'weight': 6, 'draw': 7, 'jockey': 9, 'trainer': 10} extracted=4 stated=4
2026-07-30 09:15:16,920 | INFO | app.scrapers.winning_form_scraper | race_parsed url=https://legacy.winningform.co.za/ZIM/2H260731_6.htm venue=Borrowdale date=2026-07-31 race=6 stated=4 parsed=4
2026-07-30 09:15:16,920 | INFO | app.scrapers.winning_form_scraper | horse_names=['Robin Of Locksley', 'Kagura', 'Magic Exists', 'Majestic Warrior']
2026-07-30 09:15:17,151 | INFO | httpx | HTTP Request: GET https://legacy.winningform.co.za/ZIM/2H260731_7.htm "HTTP/1.1 200 OK"
2026-07-30 09:15:17,197 | INFO | app.scrapers.winning_form_scraper | runner_table_used columns={'number': 0, 'name': 1, 'length_behind': 2, 'speed_index': 3, 'predicted_time': 4, 'merit': 5, 'weight': 6, 'draw': 7, 'jockey': 9, 'trainer': 10} extracted=5 stated=5
2026-07-30 09:15:17,197 | INFO | app.scrapers.winning_form_scraper | race_parsed url=https://legacy.winningform.co.za/ZIM/2H260731_7.htm venue=Borrowdale date=2026-07-31 race=7 stated=5 parsed=5
2026-07-30 09:15:17,198 | INFO | app.scrapers.winning_form_scraper | horse_names=['Sally Port', 'Princess Lucy', 'Matilda Fitzwalter', 'Tranquil Judi', 'Waiting On Charlie']
2026-07-30 09:15:17,345 | INFO | httpx | HTTP Request: GET https://legacy.winningform.co.za/GAU/2P260731_1.htm "HTTP/1.1 200 OK"
2026-07-30 09:15:17,394 | INFO | app.scrapers.winning_form_scraper | runner_table_used columns={'number': 0, 'name': 1, 'length_behind': 2, 'speed_index': 3, 'predicted_time': 4, 'merit': 5, 'weight': 6, 'draw': 7, 'jockey': 9, 'trainer': 10} extracted=8 stated=8
2026-07-30 09:15:17,394 | INFO | app.scrapers.winning_form_scraper | race_parsed url=https://legacy.winningform.co.za/GAU/2P260731_1.htm venue=Fairview Polytrack date=2026-07-31 race=1 stated=8 parsed=8
2026-07-30 09:15:17,395 | INFO | app.scrapers.winning_form_scraper | horse_names=['Eternal Spirit', "Nobody's Perfect", 'Seattle Glow', 'Camden Square', "Queen's Away", 'Roses For Trex', 'Bumble Bee', 'So Welcome']
2026-07-30 09:15:17,585 | INFO | httpx | HTTP Request: GET https://legacy.winningform.co.za/GAU/2P260731_2.htm "HTTP/1.1 200 OK"
2026-07-30 09:15:17,670 | INFO | app.scrapers.winning_form_scraper | runner_table_used columns={'number': 0, 'name': 1, 'length_behind': 2, 'speed_index': 3, 'predicted_time': 4, 'merit': 5, 'weight': 6, 'draw': 7, 'jockey': 9, 'trainer': 10} extracted=12 stated=12
2026-07-30 09:15:17,670 | INFO | app.scrapers.winning_form_scraper | race_parsed url=https://legacy.winningform.co.za/GAU/2P260731_2.htm venue=Fairview Polytrack date=2026-07-31 race=2 stated=12 parsed=12
2026-07-30 09:15:17,671 | INFO | app.scrapers.winning_form_scraper | horse_names=['Good Shine', 'Peekaboo', 'Mediterraneanflame', 'Made To Measure', 'Champagne Blaze', 'Witching Hour', 'Gimmethegold', 'Pretty Boy', 'Kaleesh Cyborg', 'Total Eruption', 'Matter Of Trust', 'Makajima']
2026-07-30 09:15:17,844 | INFO | httpx | HTTP Request: GET https://legacy.winningform.co.za/GAU/2P260731_3.htm "HTTP/1.1 200 OK"
2026-07-30 09:15:17,905 | INFO | app.scrapers.winning_form_scraper | runner_table_used columns={'number': 0, 'name': 1, 'length_behind': 2, 'speed_index': 3, 'predicted_time': 4, 'merit': 5, 'weight': 6, 'draw': 7, 'jockey': 9, 'trainer': 10} extracted=9 stated=9
2026-07-30 09:15:17,906 | INFO | app.scrapers.winning_form_scraper | race_parsed url=https://legacy.winningform.co.za/GAU/2P260731_3.htm venue=Fairview Polytrack date=2026-07-31 race=3 stated=9 parsed=9
2026-07-30 09:15:17,906 | INFO | app.scrapers.winning_form_scraper | horse_names=['Lovely Dancer', 'J Lordi', 'Rock Up', 'Jewel Mule', 'Alesian Beau', 'Here Comes Johnny', 'American Gem', 'Chim Chim Cheree', 'Cautionary']
2026-07-30 09:15:18,064 | INFO | httpx | HTTP Request: GET https://legacy.winningform.co.za/GAU/2P260731_4.htm "HTTP/1.1 200 OK"
2026-07-30 09:15:18,133 | INFO | app.scrapers.winning_form_scraper | runner_table_used columns={'number': 0, 'name': 1, 'length_behind': 2, 'speed_index': 3, 'predicted_time': 4, 'merit': 5, 'weight': 6, 'draw': 7, 'jockey': 9, 'trainer': 10} extracted=7 stated=7
2026-07-30 09:15:18,133 | INFO | app.scrapers.winning_form_scraper | race_parsed url=https://legacy.winningform.co.za/GAU/2P260731_4.htm venue=Fairview Polytrack date=2026-07-31 race=4 stated=7 parsed=7
2026-07-30 09:15:18,133 | INFO | app.scrapers.winning_form_scraper | horse_names=['Imaginable', 'Black Egret', 'Tintamarre', 'Warrior Of Royalty', 'Ravilious', 'Joker Man', 'Galileo Star']
2026-07-30 09:15:18,283 | INFO | httpx | HTTP Request: GET https://legacy.winningform.co.za/GAU/2P260731_5.htm "HTTP/1.1 200 OK"
2026-07-30 09:15:18,354 | INFO | app.scrapers.winning_form_scraper | runner_table_used columns={'number': 0, 'name': 1, 'length_behind': 2, 'speed_index': 3, 'predicted_time': 4, 'merit': 5, 'weight': 6, 'draw': 7, 'jockey': 9, 'trainer': 10} extracted=8 stated=8
2026-07-30 09:15:18,354 | INFO | app.scrapers.winning_form_scraper | race_parsed url=https://legacy.winningform.co.za/GAU/2P260731_5.htm venue=Fairview Polytrack date=2026-07-31 race=5 stated=8 parsed=8
2026-07-30 09:15:18,355 | INFO | app.scrapers.winning_form_scraper | horse_names=['All Systems Go', 'Play Act', 'Clairwood Rose', 'Faraway Girl', 'Arashi', 'Can You Danse', 'Ventura Boulevard', 'Rip Wheeler']
2026-07-30 09:15:18,546 | INFO | httpx | HTTP Request: GET https://legacy.winningform.co.za/GAU/2P260731_6.htm "HTTP/1.1 200 OK"
2026-07-30 09:15:18,648 | INFO | app.scrapers.winning_form_scraper | runner_table_used columns={'number': 0, 'name': 1, 'length_behind': 2, 'speed_index': 3, 'predicted_time': 4, 'merit': 5, 'weight': 6, 'draw': 7, 'jockey': 9, 'trainer': 10} extracted=12 stated=12
2026-07-30 09:15:18,649 | INFO | app.scrapers.winning_form_scraper | race_parsed url=https://legacy.winningform.co.za/GAU/2P260731_6.htm venue=Fairview Polytrack date=2026-07-31 race=6 stated=12 parsed=12
2026-07-30 09:15:18,649 | INFO | app.scrapers.winning_form_scraper | horse_names=['Winteronthegreen', 'Whirlybird', 'Moscow Miss', 'Thread Of Life', 'Greenlight Dancer', 'Atlantic Pearl', 'Physiologus', 'Blowin In The Wind', 'New Day', 'Marketa', 'Timeline', 'Wild Star']
2026-07-30 09:15:18,824 | INFO | httpx | HTTP Request: GET https://legacy.winningform.co.za/GAU/2P260731_7.htm "HTTP/1.1 200 OK"
2026-07-30 09:15:19,008 | INFO | app.scrapers.winning_form_scraper | runner_table_used columns={'number': 0, 'name': 1, 'length_behind': 2, 'speed_index': 3, 'predicted_time': 4, 'merit': 5, 'weight': 6, 'draw': 7, 'jockey': 9, 'trainer': 10} extracted=12 stated=12
2026-07-30 09:15:19,008 | INFO | app.scrapers.winning_form_scraper | race_parsed url=https://legacy.winningform.co.za/GAU/2P260731_7.htm venue=Fairview Polytrack date=2026-07-31 race=7 stated=12 parsed=12
2026-07-30 09:15:19,009 | INFO | app.scrapers.winning_form_scraper | horse_names=['Bel Canto Dream', 'Blame It On Me', 'Rhydian', 'El Romiachi', 'Disruptive', 'Amanatto', 'Show Off', 'Hospices De Beaune', 'Bosnay', 'Tokyo Princess', 'Royal Dawn', 'Fantine']
2026-07-30 09:15:19,195 | INFO | httpx | HTTP Request: GET https://legacy.winningform.co.za/GAU/2P260731_8.htm "HTTP/1.1 200 OK"
2026-07-30 09:15:19,281 | INFO | app.scrapers.winning_form_scraper | runner_table_used columns={'number': 0, 'name': 1, 'length_behind': 2, 'speed_index': 3, 'predicted_time': 4, 'merit': 5, 'weight': 6, 'draw': 7, 'jockey': 9, 'trainer': 10} extracted=10 stated=10
2026-07-30 09:15:19,282 | INFO | app.scrapers.winning_form_scraper | race_parsed url=https://legacy.winningform.co.za/GAU/2P260731_8.htm venue=Fairview Polytrack date=2026-07-31 race=8 stated=10 parsed=10
2026-07-30 09:15:19,282 | INFO | app.scrapers.winning_form_scraper | horse_names=['Lana View', 'Qondanekukhanyeni', 'Oncidium', 'Flower Festival', 'Royal Kailani', "Captain's Jet", 'Potenza', 'Back For More', "Babette's Feast", 'Mountain High']
2026-07-30 09:15:19,459 | INFO | httpx | HTTP Request: GET https://legacy.winningform.co.za/GAU/2P260731_9.htm "HTTP/1.1 200 OK"
2026-07-30 09:15:19,601 | INFO | app.scrapers.winning_form_scraper | runner_table_used columns={'number': 0, 'name': 1, 'length_behind': 2, 'speed_index': 3, 'predicted_time': 4, 'merit': 5, 'weight': 6, 'draw': 7, 'jockey': 9, 'trainer': 10} extracted=18 stated=18
2026-07-30 09:15:19,602 | INFO | app.scrapers.winning_form_scraper | race_parsed url=https://legacy.winningform.co.za/GAU/2P260731_9.htm venue=Fairview Polytrack date=2026-07-31 race=9 stated=18 parsed=18
2026-07-30 09:15:19,602 | INFO | app.scrapers.winning_form_scraper | horse_names=['San Quintin', 'Global Speak', 'Rototo', 'Drielandenpunt', 'Global Drumbeat', 'Golden Grey', "Silvano's Song", 'Preserve Forever', 'Crepuscolo', "Alado's Pride", 'Flash Lightning', 'Arividicio', 'Osmium', 'Celtique', "Tori's Girl", 'Terminal Velocity', 'Satellite World', 'Woman In Gold']
2026-07-30 09:15:19,785 | INFO | httpx | HTTP Request: GET https://legacy.winningform.co.za/GAU/2T260801_1.htm "HTTP/1.1 200 OK"
2026-07-30 09:15:19,832 | INFO | app.scrapers.winning_form_scraper | runner_table_used columns={'number': 0, 'name': 1, 'length_behind': 2, 'speed_index': 3, 'predicted_time': 4, 'merit': 5, 'weight': 6, 'draw': 7, 'jockey': 9, 'trainer': 10} extracted=9 stated=9
2026-07-30 09:15:19,833 | INFO | app.scrapers.winning_form_scraper | race_parsed url=https://legacy.winningform.co.za/GAU/2T260801_1.htm venue=Turffontein date=2026-08-01 race=1 stated=9 parsed=9
2026-07-30 09:15:19,833 | INFO | app.scrapers.winning_form_scraper | horse_names=["Jack's Legacy", 'Without Remorse', 'Purple Rain', 'Bellflower', 'Northern European', 'Raspberry Delight', 'Greenhilsofjamaica', 'Totheplaceibelong', 'Lady Aarya']
2026-07-30 09:15:19,971 | INFO | httpx | HTTP Request: GET https://legacy.winningform.co.za/GAU/2T260801_2.htm "HTTP/1.1 200 OK"
2026-07-30 09:15:20,028 | INFO | app.scrapers.winning_form_scraper | runner_table_used columns={'number': 0, 'name': 1, 'length_behind': 2, 'speed_index': 3, 'predicted_time': 4, 'merit': 5, 'weight': 6, 'draw': 7, 'jockey': 9, 'trainer': 10} extracted=7 stated=7
2026-07-30 09:15:20,029 | INFO | app.scrapers.winning_form_scraper | race_parsed url=https://legacy.winningform.co.za/GAU/2T260801_2.htm venue=Turffontein date=2026-08-01 race=2 stated=7 parsed=7
2026-07-30 09:15:20,029 | INFO | app.scrapers.winning_form_scraper | horse_names=['One Tiger', 'Sakura Hanami', 'Spy Story', 'Geostorm', 'Sherlock Holmes', "Trompe L'oeil", 'Matroosberg']
2026-07-30 09:15:20,164 | INFO | httpx | HTTP Request: GET https://legacy.winningform.co.za/GAU/2T260801_3.htm "HTTP/1.1 200 OK"
2026-07-30 09:15:20,231 | INFO | app.scrapers.winning_form_scraper | runner_table_used columns={'number': 0, 'name': 1, 'length_behind': 2, 'speed_index': 3, 'predicted_time': 4, 'merit': 5, 'weight': 6, 'draw': 7, 'jockey': 9, 'trainer': 10} extracted=7 stated=7
2026-07-30 09:15:20,232 | INFO | app.scrapers.winning_form_scraper | race_parsed url=https://legacy.winningform.co.za/GAU/2T260801_3.htm venue=Turffontein date=2026-08-01 race=3 stated=7 parsed=7
2026-07-30 09:15:20,232 | INFO | app.scrapers.winning_form_scraper | horse_names=['Lonely As A Cloud', 'Fostinovo', 'Mrs Stormiatrix', 'Ice Dragon', 'Banyan', 'Pivotal Role', 'Var Park']
2026-07-30 09:15:20,399 | INFO | httpx | HTTP Request: GET https://legacy.winningform.co.za/GAU/2T260801_4.htm "HTTP/1.1 200 OK"
2026-07-30 09:15:20,476 | INFO | app.scrapers.winning_form_scraper | runner_table_used columns={'number': 0, 'name': 1, 'length_behind': 2, 'speed_index': 3, 'predicted_time': 4, 'merit': 5, 'weight': 6, 'draw': 7, 'jockey': 9, 'trainer': 10} extracted=8 stated=8
2026-07-30 09:15:20,476 | INFO | app.scrapers.winning_form_scraper | race_parsed url=https://legacy.winningform.co.za/GAU/2T260801_4.htm venue=Turffontein date=2026-08-01 race=4 stated=8 parsed=8
2026-07-30 09:15:20,477 | INFO | app.scrapers.winning_form_scraper | horse_names=['Mount Pinatubo', 'Almond Sea', 'Karate Kid', 'Espinoza', 'African Pride', 'Whistle The Tune', 'Yamadori', 'Chieftain']
2026-07-30 09:15:20,636 | INFO | httpx | HTTP Request: GET https://legacy.winningform.co.za/GAU/2T260801_5.htm "HTTP/1.1 200 OK"
2026-07-30 09:15:20,695 | INFO | app.scrapers.winning_form_scraper | runner_table_used columns={'number': 0, 'name': 1, 'length_behind': 2, 'speed_index': 3, 'predicted_time': 4, 'merit': 5, 'weight': 6, 'draw': 7, 'jockey': 9, 'trainer': 10} extracted=7 stated=7
2026-07-30 09:15:20,696 | INFO | app.scrapers.winning_form_scraper | race_parsed url=https://legacy.winningform.co.za/GAU/2T260801_5.htm venue=Turffontein date=2026-08-01 race=5 stated=7 parsed=7
2026-07-30 09:15:20,696 | INFO | app.scrapers.winning_form_scraper | horse_names=['Dual Prophecy', 'Guerilla Warfare', "Diesel's Shadow", 'Dark Silver', 'World Order', 'Culturati', 'Unsolved Riddle']
2026-07-30 09:15:20,856 | INFO | httpx | HTTP Request: GET https://legacy.winningform.co.za/GAU/2T260801_6.htm "HTTP/1.1 200 OK"
2026-07-30 09:15:20,929 | INFO | app.scrapers.winning_form_scraper | runner_table_used columns={'number': 0, 'name': 1, 'length_behind': 2, 'speed_index': 3, 'predicted_time': 4, 'merit': 5, 'weight': 6, 'draw': 7, 'jockey': 9, 'trainer': 10} extracted=8 stated=8
2026-07-30 09:15:20,929 | INFO | app.scrapers.winning_form_scraper | race_parsed url=https://legacy.winningform.co.za/GAU/2T260801_6.htm venue=Turffontein date=2026-08-01 race=6 stated=8 parsed=8
2026-07-30 09:15:20,929 | INFO | app.scrapers.winning_form_scraper | horse_names=['Apache Son', 'The Playboy Bomber', 'Prince Of Kildare', 'Royal Edition', 'Mission To Mars', 'Flashy Apache', 'Mo Ment', 'Positive Attitude']
2026-07-30 09:15:21,140 | INFO | httpx | HTTP Request: GET https://legacy.winningform.co.za/GAU/2T260801_7.htm "HTTP/1.1 200 OK"
2026-07-30 09:15:21,226 | INFO | app.scrapers.winning_form_scraper | runner_table_used columns={'number': 0, 'name': 1, 'length_behind': 2, 'speed_index': 3, 'predicted_time': 4, 'merit': 5, 'weight': 6, 'draw': 7, 'jockey': 9, 'trainer': 10} extracted=9 stated=9
2026-07-30 09:15:21,227 | INFO | app.scrapers.winning_form_scraper | race_parsed url=https://legacy.winningform.co.za/GAU/2T260801_7.htm venue=Turffontein date=2026-08-01 race=7 stated=9 parsed=9
2026-07-30 09:15:21,227 | INFO | app.scrapers.winning_form_scraper | horse_names=['Arumugam', 'Orange County', 'Harun Al Rashid', 'Sky Pilot', 'Knowmore', 'Ideal Summer', 'After Hours', 'Gimmethespotlight', 'Winding Power']
2026-07-30 09:15:21,429 | INFO | httpx | HTTP Request: GET https://legacy.winningform.co.za/GAU/2T260801_8.htm "HTTP/1.1 200 OK"
2026-07-30 09:15:21,520 | INFO | app.scrapers.winning_form_scraper | runner_table_used columns={'number': 0, 'name': 1, 'length_behind': 2, 'speed_index': 3, 'predicted_time': 4, 'merit': 5, 'weight': 6, 'draw': 7, 'jockey': 9, 'trainer': 10} extracted=11 stated=11
2026-07-30 09:15:21,520 | INFO | app.scrapers.winning_form_scraper | race_parsed url=https://legacy.winningform.co.za/GAU/2T260801_8.htm venue=Turffontein date=2026-08-01 race=8 stated=11 parsed=11
2026-07-30 09:15:21,521 | INFO | app.scrapers.winning_form_scraper | horse_names=['Naretoi', 'Southampton', 'Longsword', 'Commander Of All', 'Sunset Warrior', 'Michael Faraday', 'Coming In Hot', 'Rock My Boat', 'Spirit Of Gabz', 'Rising Eagle', 'Circus Lights']
2026-07-30 09:15:22,565 | INFO | httpx | HTTP Request: GET https://legacy.winningform.co.za/KZN/2S260802_1.htm "HTTP/1.1 200 OK"
2026-07-30 09:15:22,634 | INFO | app.scrapers.winning_form_scraper | runner_table_used columns={'number': 0, 'name': 1, 'length_behind': 2, 'speed_index': 3, 'predicted_time': 4, 'merit': 5, 'weight': 6, 'draw': 7, 'jockey': 9, 'trainer': 10} extracted=13 stated=13
2026-07-30 09:15:22,634 | INFO | app.scrapers.winning_form_scraper | race_parsed url=https://legacy.winningform.co.za/KZN/2S260802_1.htm venue=Hollywoodbets Scottsville Outer date=2026-08-02 race=1 stated=13 parsed=13
2026-07-30 09:15:22,634 | INFO | app.scrapers.winning_form_scraper | horse_names=['Iceberg Rose', 'Forthegoodtimes', 'Tipperary', 'Pink Skies', 'Lovecomesknocking', 'Sweet Cherry', 'So Indi', 'Timeless Wonder', 'Bellanca Viking', 'Gezouten Haring', 'Linguistic', 'Princess Positano', 'Fleur Delacour']
2026-07-30 09:15:22,829 | INFO | httpx | HTTP Request: GET https://legacy.winningform.co.za/KZN/2S260802_2.htm "HTTP/1.1 200 OK"
2026-07-30 09:15:22,892 | INFO | app.scrapers.winning_form_scraper | runner_table_used columns={'number': 0, 'name': 1, 'length_behind': 2, 'speed_index': 3, 'predicted_time': 4, 'merit': 5, 'weight': 6, 'draw': 7, 'jockey': 9, 'trainer': 10} extracted=13 stated=13
2026-07-30 09:15:22,892 | INFO | app.scrapers.winning_form_scraper | race_parsed url=https://legacy.winningform.co.za/KZN/2S260802_2.htm venue=Hollywoodbets Scottsville Outer date=2026-08-02 race=2 stated=13 parsed=13
2026-07-30 09:15:22,892 | INFO | app.scrapers.winning_form_scraper | horse_names=['Gimme The Power', 'Floral Kingdom', 'Sweet Faye', "Queen's Bounty", 'Ayzal', 'Secret Ambition', 'Sherpa Queen', 'Rustige Kracht', 'Tokyo Girl', 'Vivalto', 'Mighty Minnie', 'Queen Indrani', 'Umoyawokubambelela']
2026-07-30 09:15:23,064 | INFO | httpx | HTTP Request: GET https://legacy.winningform.co.za/KZN/2S260802_3.htm "HTTP/1.1 200 OK"
2026-07-30 09:15:23,116 | INFO | app.scrapers.winning_form_scraper | runner_table_used columns={'number': 0, 'name': 1, 'length_behind': 2, 'speed_index': 3, 'predicted_time': 4, 'merit': 5, 'weight': 6, 'draw': 7, 'jockey': 9, 'trainer': 10} extracted=8 stated=8
2026-07-30 09:15:23,116 | INFO | app.scrapers.winning_form_scraper | race_parsed url=https://legacy.winningform.co.za/KZN/2S260802_3.htm venue=Hollywoodbets Scottsville Inner date=2026-08-02 race=3 stated=8 parsed=8
2026-07-30 09:15:23,116 | INFO | app.scrapers.winning_form_scraper | horse_names=['Future Prospect', 'Cali Bullet', 'Peaceful Duchess', 'After The Fire', "Chef's Kiss", 'Jenny Darling', 'Guild The Lilly', 'Anemie']
2026-07-30 09:15:23,291 | INFO | httpx | HTTP Request: GET https://legacy.winningform.co.za/KZN/2S260802_4.htm "HTTP/1.1 200 OK"
2026-07-30 09:15:23,357 | INFO | app.scrapers.winning_form_scraper | runner_table_used columns={'number': 0, 'name': 1, 'length_behind': 2, 'speed_index': 3, 'predicted_time': 4, 'merit': 5, 'weight': 6, 'draw': 7, 'jockey': 9, 'trainer': 10} extracted=8 stated=8
2026-07-30 09:15:23,357 | INFO | app.scrapers.winning_form_scraper | race_parsed url=https://legacy.winningform.co.za/KZN/2S260802_4.htm venue=Hollywoodbets Scottsville Inner date=2026-08-02 race=4 stated=8 parsed=8
2026-07-30 09:15:23,357 | INFO | app.scrapers.winning_form_scraper | horse_names=["Zena's Act", 'Golden Angel', 'Our Lady Fate', 'Stampede Ahead', 'Sesame', 'Cool Wind', 'Hurricane Flight', 'Mary Read']
2026-07-30 09:15:23,571 | INFO | httpx | HTTP Request: GET https://legacy.winningform.co.za/KZN/2S260802_5.htm "HTTP/1.1 200 OK"
2026-07-30 09:15:23,738 | INFO | app.scrapers.winning_form_scraper | runner_table_used columns={'number': 0, 'name': 1, 'length_behind': 2, 'speed_index': 3, 'predicted_time': 4, 'merit': 5, 'weight': 6, 'draw': 7, 'jockey': 9, 'trainer': 10} extracted=12 stated=12
2026-07-30 09:15:23,739 | INFO | app.scrapers.winning_form_scraper | race_parsed url=https://legacy.winningform.co.za/KZN/2S260802_5.htm venue=Hollywoodbets Scottsville Inner date=2026-08-02 race=5 stated=12 parsed=12
2026-07-30 09:15:23,739 | INFO | app.scrapers.winning_form_scraper | horse_names=['Serpentine Fire', "Sascha's Dream", 'Blizzardboy', 'Master Bomber', 'Buddy Boy', 'Trois Trois Quatre', 'Song To The Moon', 'Queue Wing', 'Red Cardinal', 'Dancing On A Cloud', 'Charlie Bucket', 'Double Causeway']
2026-07-30 09:15:23,958 | INFO | httpx | HTTP Request: GET https://legacy.winningform.co.za/KZN/2S260802_6.htm "HTTP/1.1 200 OK"
2026-07-30 09:15:24,031 | INFO | app.scrapers.winning_form_scraper | runner_table_used columns={'number': 0, 'name': 1, 'length_behind': 2, 'speed_index': 3, 'predicted_time': 4, 'merit': 5, 'weight': 6, 'draw': 7, 'jockey': 9, 'trainer': 10} extracted=9 stated=9
2026-07-30 09:15:24,031 | INFO | app.scrapers.winning_form_scraper | race_parsed url=https://legacy.winningform.co.za/KZN/2S260802_6.htm venue=Hollywoodbets Scottsville Inner date=2026-08-02 race=6 stated=9 parsed=9
2026-07-30 09:15:24,031 | INFO | app.scrapers.winning_form_scraper | horse_names=['Poursomesugaronme', "Captain's Pride", 'Izibulo', 'Sign Of Fate', 'Alltheboysiveloved', 'Shesha Ntombi', 'Blue Poppy', 'Rikkitikkitavi', 'Queen Amina']
2026-07-30 09:15:24,205 | INFO | httpx | HTTP Request: GET https://legacy.winningform.co.za/KZN/2S260802_7.htm "HTTP/1.1 200 OK"
2026-07-30 09:15:24,271 | INFO | app.scrapers.winning_form_scraper | runner_table_used columns={'number': 0, 'name': 1, 'length_behind': 2, 'speed_index': 3, 'predicted_time': 4, 'merit': 5, 'weight': 6, 'draw': 7, 'jockey': 9, 'trainer': 10} extracted=8 stated=8
2026-07-30 09:15:24,272 | INFO | app.scrapers.winning_form_scraper | race_parsed url=https://legacy.winningform.co.za/KZN/2S260802_7.htm venue=Hollywoodbets Scottsville Outer date=2026-08-02 race=7 stated=8 parsed=8
2026-07-30 09:15:24,272 | INFO | app.scrapers.winning_form_scraper | horse_names=['Trafalgar Square', 'Cappellino', 'Champagne Mac', 'Bless Me Fred', 'Futano', 'Intrepid', "Jane's Vision", "Mia's Athena"]
2026-07-30 09:15:24,438 | INFO | httpx | HTTP Request: GET https://legacy.winningform.co.za/KZN/2S260802_8.htm "HTTP/1.1 200 OK"
2026-07-30 09:15:24,522 | INFO | app.scrapers.winning_form_scraper | runner_table_used columns={'number': 0, 'name': 1, 'length_behind': 2, 'speed_index': 3, 'predicted_time': 4, 'merit': 5, 'weight': 6, 'draw': 7, 'jockey': 9, 'trainer': 10} extracted=11 stated=11
2026-07-30 09:15:24,522 | INFO | app.scrapers.winning_form_scraper | race_parsed url=https://legacy.winningform.co.za/KZN/2S260802_8.htm venue=Hollywoodbets Scottsville Outer date=2026-08-02 race=8 stated=11 parsed=11
2026-07-30 09:15:24,522 | INFO | app.scrapers.winning_form_scraper | horse_names=['Axis Power', 'Cavalry Commander', 'Blazing Fury', 'Military Command', 'Luneluck', 'Smorgasbord', 'Billy Cool', 'Call Of The Karoo', 'Rock Music', 'Caribbean Gold', 'Queen Of The Spear']
2026-07-30 09:15:24,593 | INFO | app.services.monitoring_service | monitoring_cycle_completed
2026-07-30 09:15:24,593 | INFO | app.main | application_started
2026-07-30 12:00:00,006 | INFO | apscheduler.executors.default | Running job "MonitoringService.run_cycle (trigger: cron[hour='0,6,12,18', minute='0'], next run at: 2026-07-30 18:00:00 SAST)" (scheduled at 2026-07-30 12:00:00+02:00)
2026-07-30 12:00:00,007 | INFO | app.services.monitoring_service | monitoring_cycle_started
2026-07-30 12:00:01,179 | INFO | httpx | HTTP Request: GET https://legacy.winningform.co.za "HTTP/1.1 200 OK"
2026-07-30 12:00:01,187 | INFO | app.scrapers.winning_form_scraper | fetch_index_frames=['https://legacy.winningform.co.za/guide.htm', 'https://legacy.winningform.co.za/cover.htm']
2026-07-30 12:00:01,696 | INFO | httpx | HTTP Request: GET https://legacy.winningform.co.za "HTTP/1.1 200 OK"
2026-07-30 12:00:01,839 | INFO | httpx | HTTP Request: GET https://legacy.winningform.co.za/guide.htm "HTTP/1.1 200 OK"
2026-07-30 12:00:03,154 | INFO | httpx | HTTP Request: GET https://legacy.winningform.co.za/cover.htm "HTTP/1.1 200 OK"
2026-07-30 12:00:03,441 | INFO | httpx | HTTP Request: GET https://legacy.winningform.co.za "HTTP/1.1 200 OK"
2026-07-30 12:00:03,698 | INFO | httpx | HTTP Request: GET https://legacy.winningform.co.za/guide.htm "HTTP/1.1 200 OK"
2026-07-30 12:00:03,932 | INFO | httpx | HTTP Request: GET https://legacy.winningform.co.za/cover.htm "HTTP/1.1 200 OK"
2026-07-30 12:00:03,966 | INFO | app.scrapers.winning_form_scraper | race_links_total=41
2026-07-30 12:00:03,967 | INFO | app.scrapers.winning_form_scraper | meetings_seen=['gau-p260731', 'gau-r260730', 'gau-t260801', 'kzn-s260802', 'zim-h260731']
2026-07-30 12:00:04,129 | INFO | httpx | HTTP Request: GET https://legacy.winningform.co.za/GAU/2R260730_1.htm "HTTP/1.1 200 OK"
2026-07-30 12:00:04,184 | INFO | app.scrapers.winning_form_scraper | runner_table_used columns={'number': 0, 'name': 1, 'length_behind': 2, 'speed_index': 3, 'predicted_time': 4, 'merit': 5, 'weight': 6, 'draw': 7, 'jockey': 9, 'trainer': 10} extracted=8 stated=8
2026-07-30 12:00:04,184 | INFO | app.scrapers.winning_form_scraper | race_parsed url=https://legacy.winningform.co.za/GAU/2R260730_1.htm venue=Vaal Classic date=2026-07-30 race=1 stated=8 parsed=8
2026-07-30 12:00:04,185 | INFO | app.scrapers.winning_form_scraper | horse_names=["Rafeef's Queen", 'Miss Honey Bee', 'Royal Rant', 'Miss Fire Arrow', 'San Francisco', 'Navigatrix', 'Pretty Girl', 'Volare Veloce']
2026-07-30 12:00:04,391 | INFO | httpx | HTTP Request: GET https://legacy.winningform.co.za/GAU/2R260730_2.htm "HTTP/1.1 200 OK"
2026-07-30 12:00:04,445 | INFO | app.scrapers.winning_form_scraper | runner_table_used columns={'number': 0, 'name': 1, 'length_behind': 2, 'speed_index': 3, 'predicted_time': 4, 'merit': 5, 'weight': 6, 'draw': 7, 'jockey': 9, 'trainer': 10} extracted=9 stated=9
2026-07-30 12:00:04,445 | INFO | app.scrapers.winning_form_scraper | race_parsed url=https://legacy.winningform.co.za/GAU/2R260730_2.htm venue=Vaal Classic date=2026-07-30 race=2 stated=9 parsed=9
2026-07-30 12:00:04,445 | INFO | app.scrapers.winning_form_scraper | horse_names=['Tenareef', 'Captain Cooper', 'Flotilla', 'North Star Fury', 'Chic Shack', 'Hawkeye', 'Mocha Magic', 'Reachingforthemoon', 'Red Viking']
2026-07-30 12:00:04,673 | INFO | httpx | HTTP Request: GET https://legacy.winningform.co.za/GAU/2R260730_3.htm "HTTP/1.1 200 OK"
2026-07-30 12:00:04,799 | INFO | app.scrapers.winning_form_scraper | runner_table_used columns={'number': 0, 'name': 1, 'length_behind': 2, 'speed_index': 3, 'predicted_time': 4, 'merit': 5, 'weight': 6, 'draw': 7, 'jockey': 9, 'trainer': 10} extracted=8 stated=8
2026-07-30 12:00:04,800 | INFO | app.scrapers.winning_form_scraper | race_parsed url=https://legacy.winningform.co.za/GAU/2R260730_3.htm venue=Vaal Classic date=2026-07-30 race=3 stated=8 parsed=8
2026-07-30 12:00:04,800 | INFO | app.scrapers.winning_form_scraper | horse_names=['Beautiful One', 'Two Tigers', 'Berry Lancer', 'Dreaming Of Youth', "Leanne's Love", 'Dreadnought', 'Pittar', 'Walkinginthewoods']
2026-07-30 12:00:04,976 | INFO | httpx | HTTP Request: GET https://legacy.winningform.co.za/GAU/2R260730_4.htm "HTTP/1.1 200 OK"
2026-07-30 12:00:05,086 | INFO | app.scrapers.winning_form_scraper | runner_table_used columns={'number': 0, 'name': 1, 'length_behind': 2, 'speed_index': 3, 'predicted_time': 4, 'merit': 5, 'weight': 6, 'draw': 7, 'jockey': 9, 'trainer': 10} extracted=9 stated=9
2026-07-30 12:00:05,086 | INFO | app.scrapers.winning_form_scraper | race_parsed url=https://legacy.winningform.co.za/GAU/2R260730_4.htm venue=Vaal Classic date=2026-07-30 race=4 stated=9 parsed=9
2026-07-30 12:00:05,087 | INFO | app.scrapers.winning_form_scraper | horse_names=['Duke Of Lorraine', 'Vixeninthevineyard', 'Uncle Bob', 'Angle Of Attack', 'Silver Comet', 'Crimson Ranger', 'Echo Of The Wild', 'Gus On The Bus', 'Sivaji']
2026-07-30 12:00:05,298 | INFO | httpx | HTTP Request: GET https://legacy.winningform.co.za/GAU/2R260730_5.htm "HTTP/1.1 200 OK"
2026-07-30 12:00:05,435 | INFO | app.scrapers.winning_form_scraper | runner_table_used columns={'number': 0, 'name': 1, 'length_behind': 2, 'speed_index': 3, 'predicted_time': 4, 'merit': 5, 'weight': 6, 'draw': 7, 'jockey': 9, 'trainer': 10} extracted=9 stated=9
2026-07-30 12:00:05,435 | INFO | app.scrapers.winning_form_scraper | race_parsed url=https://legacy.winningform.co.za/GAU/2R260730_5.htm venue=Vaal Classic date=2026-07-30 race=5 stated=9 parsed=9
2026-07-30 12:00:05,435 | INFO | app.scrapers.winning_form_scraper | horse_names=['Art Nouveau', 'Frangipani', 'Azaleas For All', 'Boom Boom', 'Surprise Party', 'Lady Sabrina', 'Lady Blunt', 'Juliet Tango', 'Mount Etna']
2026-07-30 12:00:05,605 | INFO | httpx | HTTP Request: GET https://legacy.winningform.co.za/GAU/2R260730_6.htm "HTTP/1.1 200 OK"
2026-07-30 12:00:05,816 | INFO | app.scrapers.winning_form_scraper | runner_table_used columns={'number': 0, 'name': 1, 'length_behind': 2, 'speed_index': 3, 'predicted_time': 4, 'merit': 5, 'weight': 6, 'draw': 7, 'jockey': 9, 'trainer': 10} extracted=10 stated=10
2026-07-30 12:00:05,816 | INFO | app.scrapers.winning_form_scraper | race_parsed url=https://legacy.winningform.co.za/GAU/2R260730_6.htm venue=Vaal Classic date=2026-07-30 race=6 stated=10 parsed=10
2026-07-30 12:00:05,817 | INFO | app.scrapers.winning_form_scraper | horse_names=['Hopscotch', 'Bold Action', 'Utsaah', 'Play With Fire', "Kylie's Angel", "Ariel's Jet", 'Be My Fate', 'Chariklo', 'Wise Counsel', 'Cocomelon']
2026-07-30 12:00:06,043 | INFO | httpx | HTTP Request: GET https://legacy.winningform.co.za/GAU/2R260730_7.htm "HTTP/1.1 200 OK"
2026-07-30 12:00:06,255 | INFO | app.scrapers.winning_form_scraper | runner_table_used columns={'number': 0, 'name': 1, 'length_behind': 2, 'speed_index': 3, 'predicted_time': 4, 'merit': 5, 'weight': 6, 'draw': 7, 'jockey': 9, 'trainer': 10} extracted=10 stated=10
2026-07-30 12:00:06,256 | INFO | app.scrapers.winning_form_scraper | race_parsed url=https://legacy.winningform.co.za/GAU/2R260730_7.htm venue=Vaal Classic date=2026-07-30 race=7 stated=10 parsed=10
2026-07-30 12:00:06,256 | INFO | app.scrapers.winning_form_scraper | horse_names=['Stop The Traffic', 'Full Go', 'Last Ginger', 'Circle Of Grace', 'Itsnowornever', 'Ghostbuster', 'Thambi', 'Gold De Grace', 'Red Sparrow', 'Cover Charge']
2026-07-30 12:00:06,482 | INFO | httpx | HTTP Request: GET https://legacy.winningform.co.za/GAU/2R260730_8.htm "HTTP/1.1 200 OK"
2026-07-30 12:00:06,766 | INFO | app.scrapers.winning_form_scraper | runner_table_used columns={'number': 0, 'name': 1, 'length_behind': 2, 'speed_index': 3, 'predicted_time': 4, 'merit': 5, 'weight': 6, 'draw': 7, 'jockey': 9, 'trainer': 10} extracted=8 stated=8
2026-07-30 12:00:06,766 | INFO | app.scrapers.winning_form_scraper | race_parsed url=https://legacy.winningform.co.za/GAU/2R260730_8.htm venue=Vaal Classic date=2026-07-30 race=8 stated=8 parsed=8
2026-07-30 12:00:06,766 | INFO | app.scrapers.winning_form_scraper | horse_names=['Time Will Tell', 'Twentytwentyvision', 'Hammer Blow', 'Arilena', 'Taking A Risk', 'Sergeant Soqrat', 'Champagne Problems', 'Raining Rubies']
2026-07-30 12:00:07,176 | INFO | httpx | HTTP Request: GET https://legacy.winningform.co.za/GAU/2R260730_9.htm "HTTP/1.1 200 OK"
2026-07-30 12:00:07,433 | INFO | app.scrapers.winning_form_scraper | runner_table_used columns={'number': 0, 'name': 1, 'length_behind': 2, 'speed_index': 3, 'predicted_time': 4, 'merit': 5, 'weight': 6, 'draw': 7, 'jockey': 9, 'trainer': 10} extracted=17 stated=17
2026-07-30 12:00:07,434 | INFO | app.scrapers.winning_form_scraper | race_parsed url=https://legacy.winningform.co.za/GAU/2R260730_9.htm venue=Vaal Classic date=2026-07-30 race=9 stated=17 parsed=17
2026-07-30 12:00:07,435 | INFO | app.scrapers.winning_form_scraper | horse_names=['Golden Warrior', 'Satyagraha', 'Elusive Red', 'Dear Doc', "Can't Catch Me", 'Snow Moon', 'Pearl In Her Crown', 'Eiffel Tower', 'Pretty Analia', 'Shoreybomba', 'Shori Kai', 'Jabari Thimba', 'Lady Elliot', 'Prized Platinum', 'On A Jet Plane', 'Space Mission', 'Baby Red']
2026-07-30 12:00:07,668 | INFO | httpx | HTTP Request: GET https://legacy.winningform.co.za/ZIM/2H260731_1.htm "HTTP/1.1 200 OK"
2026-07-30 12:00:07,728 | INFO | app.scrapers.winning_form_scraper | runner_table_used columns={'number': 0, 'name': 1, 'length_behind': 2, 'speed_index': 3, 'predicted_time': 4, 'merit': 5, 'weight': 6, 'draw': 7, 'jockey': 9, 'trainer': 10} extracted=6 stated=6
2026-07-30 12:00:07,730 | INFO | app.scrapers.winning_form_scraper | race_parsed url=https://legacy.winningform.co.za/ZIM/2H260731_1.htm venue=Borrowdale date=2026-07-31 race=1 stated=6 parsed=6
2026-07-30 12:00:07,730 | INFO | app.scrapers.winning_form_scraper | horse_names=['Firefly Lane', "Lion's Share", 'Roman Law', 'Wintery Mansion', 'Endearing Peace', 'Majik Wine']
2026-07-30 12:00:07,992 | INFO | httpx | HTTP Request: GET https://legacy.winningform.co.za/ZIM/2H260731_2.htm "HTTP/1.1 200 OK"
2026-07-30 12:00:08,080 | INFO | app.scrapers.winning_form_scraper | runner_table_used columns={'number': 0, 'name': 1, 'length_behind': 2, 'speed_index': 3, 'predicted_time': 4, 'merit': 5, 'weight': 6, 'draw': 7, 'jockey': 9, 'trainer': 10} extracted=6 stated=6
2026-07-30 12:00:08,080 | INFO | app.scrapers.winning_form_scraper | race_parsed url=https://legacy.winningform.co.za/ZIM/2H260731_2.htm venue=Borrowdale date=2026-07-31 race=2 stated=6 parsed=6
2026-07-30 12:00:08,080 | INFO | app.scrapers.winning_form_scraper | horse_names=['Zafar', 'Queen Of Fire', 'Diamond Jim', 'Red Top', 'Ultimate Jewel', 'Festival Of Light']
2026-07-30 12:00:08,235 | INFO | httpx | HTTP Request: GET https://legacy.winningform.co.za/ZIM/2H260731_3.htm "HTTP/1.1 200 OK"
2026-07-30 12:00:08,332 | INFO | app.scrapers.winning_form_scraper | runner_table_used columns={'number': 0, 'name': 1, 'length_behind': 2, 'speed_index': 3, 'predicted_time': 4, 'merit': 5, 'weight': 6, 'draw': 7, 'jockey': 9, 'trainer': 10} extracted=6 stated=6
2026-07-30 12:00:08,333 | INFO | app.scrapers.winning_form_scraper | race_parsed url=https://legacy.winningform.co.za/ZIM/2H260731_3.htm venue=Borrowdale date=2026-07-31 race=3 stated=6 parsed=6
2026-07-30 12:00:08,333 | INFO | app.scrapers.winning_form_scraper | horse_names=['Aerial Display', 'Mizzen Sword', 'Prince Of Denmark', 'Queen Of Montmatre', 'House Of Lords', 'Captain Carnage']
2026-07-30 12:00:08,530 | INFO | httpx | HTTP Request: GET https://legacy.winningform.co.za/ZIM/2H260731_4.htm "HTTP/1.1 200 OK"
2026-07-30 12:00:08,661 | INFO | app.scrapers.winning_form_scraper | runner_table_used columns={'number': 0, 'name': 1, 'length_behind': 2, 'speed_index': 3, 'predicted_time': 4, 'merit': 5, 'weight': 6, 'draw': 7, 'jockey': 9, 'trainer': 10} extracted=5 stated=5
2026-07-30 12:00:08,662 | INFO | app.scrapers.winning_form_scraper | race_parsed url=https://legacy.winningform.co.za/ZIM/2H260731_4.htm venue=Borrowdale date=2026-07-31 race=4 stated=5 parsed=5
2026-07-30 12:00:08,662 | INFO | app.scrapers.winning_form_scraper | horse_names=['Empire Blue', 'Copper Fire', 'When Evening Comes', 'Battle Of Seattle', 'Shes Everything']
2026-07-30 12:00:08,855 | INFO | httpx | HTTP Request: GET https://legacy.winningform.co.za/ZIM/2H260731_5.htm "HTTP/1.1 200 OK"
2026-07-30 12:00:08,979 | INFO | app.scrapers.winning_form_scraper | runner_table_used columns={'number': 0, 'name': 1, 'length_behind': 2, 'speed_index': 3, 'predicted_time': 4, 'merit': 5, 'weight': 6, 'draw': 7, 'jockey': 9, 'trainer': 10} extracted=4 stated=4
2026-07-30 12:00:08,980 | INFO | app.scrapers.winning_form_scraper | race_parsed url=https://legacy.winningform.co.za/ZIM/2H260731_5.htm venue=Borrowdale date=2026-07-31 race=5 stated=4 parsed=4
2026-07-30 12:00:08,980 | INFO | app.scrapers.winning_form_scraper | horse_names=['Ultra Pursuit', 'Pocket Watch', 'Coppola', 'Guerra']
2026-07-30 12:00:09,199 | INFO | httpx | HTTP Request: GET https://legacy.winningform.co.za/ZIM/2H260731_6.htm "HTTP/1.1 200 OK"
2026-07-30 12:00:09,301 | INFO | app.scrapers.winning_form_scraper | runner_table_used columns={'number': 0, 'name': 1, 'length_behind': 2, 'speed_index': 3, 'predicted_time': 4, 'merit': 5, 'weight': 6, 'draw': 7, 'jockey': 9, 'trainer': 10} extracted=4 stated=4
2026-07-30 12:00:09,302 | INFO | app.scrapers.winning_form_scraper | race_parsed url=https://legacy.winningform.co.za/ZIM/2H260731_6.htm venue=Borrowdale date=2026-07-31 race=6 stated=4 parsed=4
2026-07-30 12:00:09,303 | INFO | app.scrapers.winning_form_scraper | horse_names=['Robin Of Locksley', 'Kagura', 'Magic Exists', 'Majestic Warrior']
2026-07-30 12:00:09,463 | INFO | httpx | HTTP Request: GET https://legacy.winningform.co.za/ZIM/2H260731_7.htm "HTTP/1.1 200 OK"
2026-07-30 12:00:09,535 | INFO | app.scrapers.winning_form_scraper | runner_table_used columns={'number': 0, 'name': 1, 'length_behind': 2, 'speed_index': 3, 'predicted_time': 4, 'merit': 5, 'weight': 6, 'draw': 7, 'jockey': 9, 'trainer': 10} extracted=5 stated=5
2026-07-30 12:00:09,536 | INFO | app.scrapers.winning_form_scraper | race_parsed url=https://legacy.winningform.co.za/ZIM/2H260731_7.htm venue=Borrowdale date=2026-07-31 race=7 stated=5 parsed=5
2026-07-30 12:00:09,536 | INFO | app.scrapers.winning_form_scraper | horse_names=['Sally Port', 'Princess Lucy', 'Matilda Fitzwalter', 'Tranquil Judi', 'Waiting On Charlie']
2026-07-30 12:00:09,688 | INFO | httpx | HTTP Request: GET https://legacy.winningform.co.za/GAU/2P260731_1.htm "HTTP/1.1 200 OK"
2026-07-30 12:00:09,753 | INFO | app.scrapers.winning_form_scraper | runner_table_used columns={'number': 0, 'name': 1, 'length_behind': 2, 'speed_index': 3, 'predicted_time': 4, 'merit': 5, 'weight': 6, 'draw': 7, 'jockey': 9, 'trainer': 10} extracted=8 stated=8
2026-07-30 12:00:09,754 | INFO | app.scrapers.winning_form_scraper | race_parsed url=https://legacy.winningform.co.za/GAU/2P260731_1.htm venue=Fairview Polytrack date=2026-07-31 race=1 stated=8 parsed=8
2026-07-30 12:00:09,754 | INFO | app.scrapers.winning_form_scraper | horse_names=['Eternal Spirit', "Nobody's Perfect", 'Seattle Glow', 'Camden Square', "Queen's Away", 'Roses For Trex', 'Bumble Bee', 'So Welcome']
2026-07-30 12:00:09,914 | INFO | httpx | HTTP Request: GET https://legacy.winningform.co.za/GAU/2P260731_2.htm "HTTP/1.1 200 OK"
2026-07-30 12:00:10,054 | INFO | app.scrapers.winning_form_scraper | runner_table_used columns={'number': 0, 'name': 1, 'length_behind': 2, 'speed_index': 3, 'predicted_time': 4, 'merit': 5, 'weight': 6, 'draw': 7, 'jockey': 9, 'trainer': 10} extracted=12 stated=12
2026-07-30 12:00:10,054 | INFO | app.scrapers.winning_form_scraper | race_parsed url=https://legacy.winningform.co.za/GAU/2P260731_2.htm venue=Fairview Polytrack date=2026-07-31 race=2 stated=12 parsed=12
2026-07-30 12:00:10,055 | INFO | app.scrapers.winning_form_scraper | horse_names=['Good Shine', 'Peekaboo', 'Mediterraneanflame', 'Made To Measure', 'Champagne Blaze', 'Witching Hour', 'Gimmethegold', 'Pretty Boy', 'Kaleesh Cyborg', 'Total Eruption', 'Matter Of Trust', 'Makajima']
2026-07-30 12:00:10,241 | INFO | httpx | HTTP Request: GET https://legacy.winningform.co.za/GAU/2P260731_3.htm "HTTP/1.1 200 OK"
2026-07-30 12:00:10,387 | INFO | app.scrapers.winning_form_scraper | runner_table_used columns={'number': 0, 'name': 1, 'length_behind': 2, 'speed_index': 3, 'predicted_time': 4, 'merit': 5, 'weight': 6, 'draw': 7, 'jockey': 9, 'trainer': 10} extracted=9 stated=9
2026-07-30 12:00:10,387 | INFO | app.scrapers.winning_form_scraper | race_parsed url=https://legacy.winningform.co.za/GAU/2P260731_3.htm venue=Fairview Polytrack date=2026-07-31 race=3 stated=9 parsed=9
2026-07-30 12:00:10,388 | INFO | app.scrapers.winning_form_scraper | horse_names=['Lovely Dancer', 'J Lordi', 'Rock Up', 'Jewel Mule', 'Alesian Beau', 'Here Comes Johnny', 'American Gem', 'Chim Chim Cheree', 'Cautionary']
2026-07-30 12:00:10,559 | INFO | httpx | HTTP Request: GET https://legacy.winningform.co.za/GAU/2P260731_4.htm "HTTP/1.1 200 OK"
2026-07-30 12:00:10,698 | INFO | app.scrapers.winning_form_scraper | runner_table_used columns={'number': 0, 'name': 1, 'length_behind': 2, 'speed_index': 3, 'predicted_time': 4, 'merit': 5, 'weight': 6, 'draw': 7, 'jockey': 9, 'trainer': 10} extracted=7 stated=7
2026-07-30 12:00:10,699 | INFO | app.scrapers.winning_form_scraper | race_parsed url=https://legacy.winningform.co.za/GAU/2P260731_4.htm venue=Fairview Polytrack date=2026-07-31 race=4 stated=7 parsed=7
2026-07-30 12:00:10,700 | INFO | app.scrapers.winning_form_scraper | horse_names=['Imaginable', 'Black Egret', 'Tintamarre', 'Warrior Of Royalty', 'Ravilious', 'Joker Man', 'Galileo Star']
2026-07-30 12:00:10,884 | INFO | httpx | HTTP Request: GET https://legacy.winningform.co.za/GAU/2P260731_5.htm "HTTP/1.1 200 OK"
2026-07-30 12:00:11,070 | INFO | app.scrapers.winning_form_scraper | runner_table_used columns={'number': 0, 'name': 1, 'length_behind': 2, 'speed_index': 3, 'predicted_time': 4, 'merit': 5, 'weight': 6, 'draw': 7, 'jockey': 9, 'trainer': 10} extracted=8 stated=8
2026-07-30 12:00:11,070 | INFO | app.scrapers.winning_form_scraper | race_parsed url=https://legacy.winningform.co.za/GAU/2P260731_5.htm venue=Fairview Polytrack date=2026-07-31 race=5 stated=8 parsed=8
2026-07-30 12:00:11,071 | INFO | app.scrapers.winning_form_scraper | horse_names=['All Systems Go', 'Play Act', 'Clairwood Rose', 'Faraway Girl', 'Arashi', 'Can You Danse', 'Ventura Boulevard', 'Rip Wheeler']
2026-07-30 12:00:12,295 | INFO | httpx | HTTP Request: GET https://legacy.winningform.co.za/GAU/2P260731_6.htm "HTTP/1.1 200 OK"
2026-07-30 12:00:12,456 | INFO | app.scrapers.winning_form_scraper | runner_table_used columns={'number': 0, 'name': 1, 'length_behind': 2, 'speed_index': 3, 'predicted_time': 4, 'merit': 5, 'weight': 6, 'draw': 7, 'jockey': 9, 'trainer': 10} extracted=12 stated=12
2026-07-30 12:00:12,456 | INFO | app.scrapers.winning_form_scraper | race_parsed url=https://legacy.winningform.co.za/GAU/2P260731_6.htm venue=Fairview Polytrack date=2026-07-31 race=6 stated=12 parsed=12
2026-07-30 12:00:12,456 | INFO | app.scrapers.winning_form_scraper | horse_names=['Winteronthegreen', 'Whirlybird', 'Moscow Miss', 'Thread Of Life', 'Greenlight Dancer', 'Atlantic Pearl', 'Physiologus', 'Blowin In The Wind', 'New Day', 'Marketa', 'Timeline', 'Wild Star']
2026-07-30 12:00:13,599 | INFO | httpx | HTTP Request: GET https://legacy.winningform.co.za/GAU/2P260731_7.htm "HTTP/1.1 200 OK"
2026-07-30 12:00:13,837 | INFO | app.scrapers.winning_form_scraper | runner_table_used columns={'number': 0, 'name': 1, 'length_behind': 2, 'speed_index': 3, 'predicted_time': 4, 'merit': 5, 'weight': 6, 'draw': 7, 'jockey': 9, 'trainer': 10} extracted=12 stated=12
2026-07-30 12:00:13,837 | INFO | app.scrapers.winning_form_scraper | race_parsed url=https://legacy.winningform.co.za/GAU/2P260731_7.htm venue=Fairview Polytrack date=2026-07-31 race=7 stated=12 parsed=12
2026-07-30 12:00:13,838 | INFO | app.scrapers.winning_form_scraper | horse_names=['Bel Canto Dream', 'Blame It On Me', 'Rhydian', 'El Romiachi', 'Disruptive', 'Amanatto', 'Show Off', 'Hospices De Beaune', 'Bosnay', 'Tokyo Princess', 'Royal Dawn', 'Fantine']
2026-07-30 12:00:15,490 | INFO | httpx | HTTP Request: GET https://legacy.winningform.co.za/GAU/2P260731_8.htm "HTTP/1.1 200 OK"
2026-07-30 12:00:15,647 | INFO | app.scrapers.winning_form_scraper | runner_table_used columns={'number': 0, 'name': 1, 'length_behind': 2, 'speed_index': 3, 'predicted_time': 4, 'merit': 5, 'weight': 6, 'draw': 7, 'jockey': 9, 'trainer': 10} extracted=10 stated=10
2026-07-30 12:00:15,647 | INFO | app.scrapers.winning_form_scraper | race_parsed url=https://legacy.winningform.co.za/GAU/2P260731_8.htm venue=Fairview Polytrack date=2026-07-31 race=8 stated=10 parsed=10
2026-07-30 12:00:15,648 | INFO | app.scrapers.winning_form_scraper | horse_names=['Lana View', 'Qondanekukhanyeni', 'Oncidium', 'Flower Festival', 'Royal Kailani', "Captain's Jet", 'Potenza', 'Back For More', "Babette's Feast", 'Mountain High']
2026-07-30 12:00:15,874 | INFO | httpx | HTTP Request: GET https://legacy.winningform.co.za/GAU/2P260731_9.htm "HTTP/1.1 200 OK"
2026-07-30 12:00:16,391 | INFO | app.scrapers.winning_form_scraper | runner_table_used columns={'number': 0, 'name': 1, 'length_behind': 2, 'speed_index': 3, 'predicted_time': 4, 'merit': 5, 'weight': 6, 'draw': 7, 'jockey': 9, 'trainer': 10} extracted=18 stated=18
2026-07-30 12:00:16,392 | INFO | app.scrapers.winning_form_scraper | race_parsed url=https://legacy.winningform.co.za/GAU/2P260731_9.htm venue=Fairview Polytrack date=2026-07-31 race=9 stated=18 parsed=18
2026-07-30 12:00:16,393 | INFO | app.scrapers.winning_form_scraper | horse_names=['San Quintin', 'Global Speak', 'Rototo', 'Drielandenpunt', 'Global Drumbeat', 'Golden Grey', "Silvano's Song", 'Preserve Forever', 'Crepuscolo', "Alado's Pride", 'Flash Lightning', 'Arividicio', 'Osmium', 'Celtique', "Tori's Girl", 'Terminal Velocity', 'Satellite World', 'Woman In Gold']
2026-07-30 12:00:16,798 | INFO | httpx | HTTP Request: GET https://legacy.winningform.co.za/GAU/2T260801_1.htm "HTTP/1.1 200 OK"
2026-07-30 12:00:16,866 | INFO | app.scrapers.winning_form_scraper | runner_table_used columns={'number': 0, 'name': 1, 'length_behind': 2, 'speed_index': 3, 'predicted_time': 4, 'merit': 5, 'weight': 6, 'draw': 7, 'jockey': 9, 'trainer': 10} extracted=9 stated=9
2026-07-30 12:00:16,866 | INFO | app.scrapers.winning_form_scraper | race_parsed url=https://legacy.winningform.co.za/GAU/2T260801_1.htm venue=Turffontein date=2026-08-01 race=1 stated=9 parsed=9
2026-07-30 12:00:16,867 | INFO | app.scrapers.winning_form_scraper | horse_names=["Jack's Legacy", 'Without Remorse', 'Purple Rain', 'Bellflower', 'Northern European', 'Raspberry Delight', 'Greenhilsofjamaica', 'Totheplaceibelong', 'Lady Aarya']
2026-07-30 12:00:18,150 | INFO | httpx | HTTP Request: GET https://legacy.winningform.co.za/GAU/2T260801_2.htm "HTTP/1.1 200 OK"
2026-07-30 12:00:18,244 | INFO | app.scrapers.winning_form_scraper | runner_table_used columns={'number': 0, 'name': 1, 'length_behind': 2, 'speed_index': 3, 'predicted_time': 4, 'merit': 5, 'weight': 6, 'draw': 7, 'jockey': 9, 'trainer': 10} extracted=7 stated=7
2026-07-30 12:00:18,245 | INFO | app.scrapers.winning_form_scraper | race_parsed url=https://legacy.winningform.co.za/GAU/2T260801_2.htm venue=Turffontein date=2026-08-01 race=2 stated=7 parsed=7
2026-07-30 12:00:18,245 | INFO | app.scrapers.winning_form_scraper | horse_names=['One Tiger', 'Sakura Hanami', 'Spy Story', 'Geostorm', 'Sherlock Holmes', "Trompe L'oeil", 'Matroosberg']
2026-07-30 12:00:18,453 | INFO | httpx | HTTP Request: GET https://legacy.winningform.co.za/GAU/2T260801_3.htm "HTTP/1.1 200 OK"
2026-07-30 12:00:18,587 | INFO | app.scrapers.winning_form_scraper | runner_table_used columns={'number': 0, 'name': 1, 'length_behind': 2, 'speed_index': 3, 'predicted_time': 4, 'merit': 5, 'weight': 6, 'draw': 7, 'jockey': 9, 'trainer': 10} extracted=7 stated=7
2026-07-30 12:00:18,588 | INFO | app.scrapers.winning_form_scraper | race_parsed url=https://legacy.winningform.co.za/GAU/2T260801_3.htm venue=Turffontein date=2026-08-01 race=3 stated=7 parsed=7
2026-07-30 12:00:18,588 | INFO | app.scrapers.winning_form_scraper | horse_names=['Lonely As A Cloud', 'Fostinovo', 'Mrs Stormiatrix', 'Ice Dragon', 'Banyan', 'Pivotal Role', 'Var Park']
2026-07-30 12:00:19,830 | INFO | httpx | HTTP Request: GET https://legacy.winningform.co.za/GAU/2T260801_4.htm "HTTP/1.1 200 OK"
2026-07-30 12:00:19,977 | INFO | app.scrapers.winning_form_scraper | runner_table_used columns={'number': 0, 'name': 1, 'length_behind': 2, 'speed_index': 3, 'predicted_time': 4, 'merit': 5, 'weight': 6, 'draw': 7, 'jockey': 9, 'trainer': 10} extracted=8 stated=8
2026-07-30 12:00:19,977 | INFO | app.scrapers.winning_form_scraper | race_parsed url=https://legacy.winningform.co.za/GAU/2T260801_4.htm venue=Turffontein date=2026-08-01 race=4 stated=8 parsed=8
2026-07-30 12:00:19,977 | INFO | app.scrapers.winning_form_scraper | horse_names=['Mount Pinatubo', 'Almond Sea', 'Karate Kid', 'Espinoza', 'African Pride', 'Whistle The Tune', 'Yamadori', 'Chieftain']
2026-07-30 12:00:20,157 | INFO | httpx | HTTP Request: GET https://legacy.winningform.co.za/GAU/2T260801_5.htm "HTTP/1.1 200 OK"
2026-07-30 12:00:20,247 | INFO | app.scrapers.winning_form_scraper | runner_table_used columns={'number': 0, 'name': 1, 'length_behind': 2, 'speed_index': 3, 'predicted_time': 4, 'merit': 5, 'weight': 6, 'draw': 7, 'jockey': 9, 'trainer': 10} extracted=7 stated=7
2026-07-30 12:00:20,247 | INFO | app.scrapers.winning_form_scraper | race_parsed url=https://legacy.winningform.co.za/GAU/2T260801_5.htm venue=Turffontein date=2026-08-01 race=5 stated=7 parsed=7
2026-07-30 12:00:20,247 | INFO | app.scrapers.winning_form_scraper | horse_names=['Dual Prophecy', 'Guerilla Warfare', "Diesel's Shadow", 'Dark Silver', 'World Order', 'Culturati', 'Unsolved Riddle']
2026-07-30 12:00:21,533 | INFO | httpx | HTTP Request: GET https://legacy.winningform.co.za/GAU/2T260801_6.htm "HTTP/1.1 200 OK"
2026-07-30 12:00:21,619 | INFO | app.scrapers.winning_form_scraper | runner_table_used columns={'number': 0, 'name': 1, 'length_behind': 2, 'speed_index': 3, 'predicted_time': 4, 'merit': 5, 'weight': 6, 'draw': 7, 'jockey': 9, 'trainer': 10} extracted=8 stated=8
2026-07-30 12:00:21,620 | INFO | app.scrapers.winning_form_scraper | race_parsed url=https://legacy.winningform.co.za/GAU/2T260801_6.htm venue=Turffontein date=2026-08-01 race=6 stated=8 parsed=8
2026-07-30 12:00:21,620 | INFO | app.scrapers.winning_form_scraper | horse_names=['Apache Son', 'The Playboy Bomber', 'Prince Of Kildare', 'Royal Edition', 'Mission To Mars', 'Flashy Apache', 'Mo Ment', 'Positive Attitude']
2026-07-30 12:00:21,821 | INFO | httpx | HTTP Request: GET https://legacy.winningform.co.za/GAU/2T260801_7.htm "HTTP/1.1 200 OK"
2026-07-30 12:00:21,955 | INFO | app.scrapers.winning_form_scraper | runner_table_used columns={'number': 0, 'name': 1, 'length_behind': 2, 'speed_index': 3, 'predicted_time': 4, 'merit': 5, 'weight': 6, 'draw': 7, 'jockey': 9, 'trainer': 10} extracted=9 stated=9
2026-07-30 12:00:21,955 | INFO | app.scrapers.winning_form_scraper | race_parsed url=https://legacy.winningform.co.za/GAU/2T260801_7.htm venue=Turffontein date=2026-08-01 race=7 stated=9 parsed=9
2026-07-30 12:00:21,956 | INFO | app.scrapers.winning_form_scraper | horse_names=['Arumugam', 'Orange County', 'Harun Al Rashid', 'Sky Pilot', 'Knowmore', 'Ideal Summer', 'After Hours', 'Gimmethespotlight', 'Winding Power']
2026-07-30 12:00:22,169 | INFO | httpx | HTTP Request: GET https://legacy.winningform.co.za/GAU/2T260801_8.htm "HTTP/1.1 200 OK"
2026-07-30 12:00:22,372 | INFO | app.scrapers.winning_form_scraper | runner_table_used columns={'number': 0, 'name': 1, 'length_behind': 2, 'speed_index': 3, 'predicted_time': 4, 'merit': 5, 'weight': 6, 'draw': 7, 'jockey': 9, 'trainer': 10} extracted=11 stated=11
2026-07-30 12:00:22,373 | INFO | app.scrapers.winning_form_scraper | race_parsed url=https://legacy.winningform.co.za/GAU/2T260801_8.htm venue=Turffontein date=2026-08-01 race=8 stated=11 parsed=11
2026-07-30 12:00:22,373 | INFO | app.scrapers.winning_form_scraper | horse_names=['Naretoi', 'Southampton', 'Longsword', 'Commander Of All', 'Sunset Warrior', 'Michael Faraday', 'Coming In Hot', 'Rock My Boat', 'Spirit Of Gabz', 'Rising Eagle', 'Circus Lights']
2026-07-30 12:00:22,585 | INFO | httpx | HTTP Request: GET https://legacy.winningform.co.za/KZN/2S260802_1.htm "HTTP/1.1 200 OK"
2026-07-30 12:00:22,731 | INFO | app.scrapers.winning_form_scraper | runner_table_used columns={'number': 0, 'name': 1, 'length_behind': 2, 'speed_index': 3, 'predicted_time': 4, 'merit': 5, 'weight': 6, 'draw': 7, 'jockey': 9, 'trainer': 10} extracted=13 stated=13
2026-07-30 12:00:22,731 | INFO | app.scrapers.winning_form_scraper | race_parsed url=https://legacy.winningform.co.za/KZN/2S260802_1.htm venue=Hollywoodbets Scottsville Outer date=2026-08-02 race=1 stated=13 parsed=13
2026-07-30 12:00:22,733 | INFO | app.scrapers.winning_form_scraper | horse_names=['Iceberg Rose', 'Forthegoodtimes', 'Tipperary', 'Pink Skies', 'Lovecomesknocking', 'Sweet Cherry', 'So Indi', 'Timeless Wonder', 'Bellanca Viking', 'Gezouten Haring', 'Linguistic', 'Princess Positano', 'Fleur Delacour']
2026-07-30 12:00:24,715 | INFO | httpx | HTTP Request: GET https://legacy.winningform.co.za/KZN/2S260802_2.htm "HTTP/1.1 200 OK"
2026-07-30 12:00:24,886 | INFO | app.scrapers.winning_form_scraper | runner_table_used columns={'number': 0, 'name': 1, 'length_behind': 2, 'speed_index': 3, 'predicted_time': 4, 'merit': 5, 'weight': 6, 'draw': 7, 'jockey': 9, 'trainer': 10} extracted=13 stated=13
2026-07-30 12:00:24,887 | INFO | app.scrapers.winning_form_scraper | race_parsed url=https://legacy.winningform.co.za/KZN/2S260802_2.htm venue=Hollywoodbets Scottsville Outer date=2026-08-02 race=2 stated=13 parsed=13
2026-07-30 12:00:24,888 | INFO | app.scrapers.winning_form_scraper | horse_names=['Gimme The Power', 'Floral Kingdom', 'Sweet Faye', "Queen's Bounty", 'Ayzal', 'Secret Ambition', 'Sherpa Queen', 'Rustige Kracht', 'Tokyo Girl', 'Vivalto', 'Mighty Minnie', 'Queen Indrani', 'Umoyawokubambelela']
2026-07-30 12:00:25,454 | INFO | httpx | HTTP Request: GET https://legacy.winningform.co.za/KZN/2S260802_3.htm "HTTP/1.1 200 OK"
2026-07-30 12:00:25,614 | INFO | app.scrapers.winning_form_scraper | runner_table_used columns={'number': 0, 'name': 1, 'length_behind': 2, 'speed_index': 3, 'predicted_time': 4, 'merit': 5, 'weight': 6, 'draw': 7, 'jockey': 9, 'trainer': 10} extracted=8 stated=8
2026-07-30 12:00:25,615 | INFO | app.scrapers.winning_form_scraper | race_parsed url=https://legacy.winningform.co.za/KZN/2S260802_3.htm venue=Hollywoodbets Scottsville Inner date=2026-08-02 race=3 stated=8 parsed=8
2026-07-30 12:00:25,615 | INFO | app.scrapers.winning_form_scraper | horse_names=['Future Prospect', 'Cali Bullet', 'Peaceful Duchess', 'After The Fire', "Chef's Kiss", 'Jenny Darling', 'Guild The Lilly', 'Anemie']
2026-07-30 12:00:26,966 | INFO | httpx | HTTP Request: GET https://legacy.winningform.co.za/KZN/2S260802_4.htm "HTTP/1.1 200 OK"
2026-07-30 12:00:27,141 | INFO | app.scrapers.winning_form_scraper | runner_table_used columns={'number': 0, 'name': 1, 'length_behind': 2, 'speed_index': 3, 'predicted_time': 4, 'merit': 5, 'weight': 6, 'draw': 7, 'jockey': 9, 'trainer': 10} extracted=8 stated=8
2026-07-30 12:00:27,142 | INFO | app.scrapers.winning_form_scraper | race_parsed url=https://legacy.winningform.co.za/KZN/2S260802_4.htm venue=Hollywoodbets Scottsville Inner date=2026-08-02 race=4 stated=8 parsed=8
2026-07-30 12:00:27,142 | INFO | app.scrapers.winning_form_scraper | horse_names=["Zena's Act", 'Golden Angel', 'Our Lady Fate', 'Stampede Ahead', 'Sesame', 'Cool Wind', 'Hurricane Flight', 'Mary Read']
2026-07-30 12:00:27,928 | INFO | httpx | HTTP Request: GET https://legacy.winningform.co.za/KZN/2S260802_5.htm "HTTP/1.1 200 OK"
2026-07-30 12:00:28,078 | INFO | app.scrapers.winning_form_scraper | runner_table_used columns={'number': 0, 'name': 1, 'length_behind': 2, 'speed_index': 3, 'predicted_time': 4, 'merit': 5, 'weight': 6, 'draw': 7, 'jockey': 9, 'trainer': 10} extracted=12 stated=12
2026-07-30 12:00:28,078 | INFO | app.scrapers.winning_form_scraper | race_parsed url=https://legacy.winningform.co.za/KZN/2S260802_5.htm venue=Hollywoodbets Scottsville Inner date=2026-08-02 race=5 stated=12 parsed=12
2026-07-30 12:00:28,078 | INFO | app.scrapers.winning_form_scraper | horse_names=['Serpentine Fire', "Sascha's Dream", 'Blizzardboy', 'Master Bomber', 'Buddy Boy', 'Trois Trois Quatre', 'Song To The Moon', 'Queue Wing', 'Red Cardinal', 'Dancing On A Cloud', 'Charlie Bucket', 'Double Causeway']
2026-07-30 12:00:29,165 | INFO | httpx | HTTP Request: GET https://legacy.winningform.co.za/KZN/2S260802_6.htm "HTTP/1.1 200 OK"
2026-07-30 12:00:29,299 | INFO | app.scrapers.winning_form_scraper | runner_table_used columns={'number': 0, 'name': 1, 'length_behind': 2, 'speed_index': 3, 'predicted_time': 4, 'merit': 5, 'weight': 6, 'draw': 7, 'jockey': 9, 'trainer': 10} extracted=9 stated=9
2026-07-30 12:00:29,300 | INFO | app.scrapers.winning_form_scraper | race_parsed url=https://legacy.winningform.co.za/KZN/2S260802_6.htm venue=Hollywoodbets Scottsville Inner date=2026-08-02 race=6 stated=9 parsed=9
2026-07-30 12:00:29,300 | INFO | app.scrapers.winning_form_scraper | horse_names=['Poursomesugaronme', "Captain's Pride", 'Izibulo', 'Sign Of Fate', 'Alltheboysiveloved', 'Shesha Ntombi', 'Blue Poppy', 'Rikkitikkitavi', 'Queen Amina']
2026-07-30 12:00:30,190 | INFO | httpx | HTTP Request: GET https://legacy.winningform.co.za/KZN/2S260802_7.htm "HTTP/1.1 200 OK"
2026-07-30 12:00:30,336 | INFO | app.scrapers.winning_form_scraper | runner_table_used columns={'number': 0, 'name': 1, 'length_behind': 2, 'speed_index': 3, 'predicted_time': 4, 'merit': 5, 'weight': 6, 'draw': 7, 'jockey': 9, 'trainer': 10} extracted=8 stated=8
2026-07-30 12:00:30,339 | INFO | app.scrapers.winning_form_scraper | race_parsed url=https://legacy.winningform.co.za/KZN/2S260802_7.htm venue=Hollywoodbets Scottsville Outer date=2026-08-02 race=7 stated=8 parsed=8
2026-07-30 12:00:30,340 | INFO | app.scrapers.winning_form_scraper | horse_names=['Trafalgar Square', 'Cappellino', 'Champagne Mac', 'Bless Me Fred', 'Futano', 'Intrepid', "Jane's Vision", "Mia's Athena"]
2026-07-30 12:00:30,568 | INFO | httpx | HTTP Request: GET https://legacy.winningform.co.za/KZN/2S260802_8.htm "HTTP/1.1 200 OK"
2026-07-30 12:00:31,048 | INFO | app.scrapers.winning_form_scraper | runner_table_used columns={'number': 0, 'name': 1, 'length_behind': 2, 'speed_index': 3, 'predicted_time': 4, 'merit': 5, 'weight': 6, 'draw': 7, 'jockey': 9, 'trainer': 10} extracted=11 stated=11
2026-07-30 12:00:31,049 | INFO | app.scrapers.winning_form_scraper | race_parsed url=https://legacy.winningform.co.za/KZN/2S260802_8.htm venue=Hollywoodbets Scottsville Outer date=2026-08-02 race=8 stated=11 parsed=11
2026-07-30 12:00:31,049 | INFO | app.scrapers.winning_form_scraper | horse_names=['Axis Power', 'Cavalry Commander', 'Blazing Fury', 'Military Command', 'Luneluck', 'Smorgasbord', 'Billy Cool', 'Call Of The Karoo', 'Rock Music', 'Caribbean Gold', 'Queen Of The Spear']
2026-07-30 12:00:31,134 | INFO | app.services.monitoring_service | monitoring_cycle_completed
2026-07-30 12:00:31,134 | INFO | apscheduler.executors.default | Job "MonitoringService.run_cycle (trigger: cron[hour='0,6,12,18', minute='0'], next run at: 2026-07-30 18:00:00 SAST)" executed successfully
2026-07-30 14:14:20,248 | INFO | apscheduler.scheduler | Scheduler has been shut down
2026-07-30 14:14:20,317 | INFO | app.main | application_stopped
2026-07-30 14:14:23,729 | INFO | apscheduler.scheduler | Adding job tentatively -- it will be properly scheduled when the scheduler starts
2026-07-30 14:14:23,731 | INFO | apscheduler.scheduler | Added job "MonitoringService.run_cycle" to job store "default"
2026-07-30 14:14:23,732 | INFO | apscheduler.scheduler | Scheduler started
2026-07-30 14:14:23,733 | INFO | app.services.monitoring_service | monitoring_cycle_started
2026-07-30 14:14:23,966 | INFO | httpx | HTTP Request: GET https://legacy.winningform.co.za "HTTP/1.1 200 OK"
2026-07-30 14:14:23,969 | INFO | app.scrapers.winning_form_scraper | fetch_index_frames=['https://legacy.winningform.co.za/guide.htm', 'https://legacy.winningform.co.za/cover.htm']
2026-07-30 14:14:24,038 | INFO | httpx | HTTP Request: GET https://legacy.winningform.co.za "HTTP/1.1 200 OK"
2026-07-30 14:14:24,140 | INFO | httpx | HTTP Request: GET https://legacy.winningform.co.za/guide.htm "HTTP/1.1 200 OK"
2026-07-30 14:14:24,217 | INFO | httpx | HTTP Request: GET https://legacy.winningform.co.za/cover.htm "HTTP/1.1 200 OK"
2026-07-30 14:14:24,311 | INFO | httpx | HTTP Request: GET https://legacy.winningform.co.za "HTTP/1.1 200 OK"
2026-07-30 14:14:24,384 | INFO | httpx | HTTP Request: GET https://legacy.winningform.co.za/guide.htm "HTTP/1.1 200 OK"
2026-07-30 14:14:24,530 | INFO | httpx | HTTP Request: GET https://legacy.winningform.co.za/cover.htm "HTTP/1.1 200 OK"
2026-07-30 14:14:24,561 | INFO | app.scrapers.winning_form_scraper | race_links_total=41
2026-07-30 14:14:24,563 | INFO | app.scrapers.winning_form_scraper | meetings_seen=['gau-p260731', 'gau-r260730', 'gau-t260801', 'kzn-s260802', 'zim-h260731']
2026-07-30 14:14:24,701 | INFO | httpx | HTTP Request: GET https://legacy.winningform.co.za/GAU/2R260730_1.htm "HTTP/1.1 200 OK"
2026-07-30 14:14:24,780 | INFO | app.scrapers.winning_form_scraper | runner_table_used columns={'number': 0, 'name': 1, 'length_behind': 2, 'speed_index': 3, 'predicted_time': 4, 'merit': 5, 'weight': 6, 'draw': 7, 'jockey': 9, 'trainer': 10} extracted=8 stated=8
2026-07-30 14:14:24,782 | INFO | app.scrapers.winning_form_scraper | race_parsed url=https://legacy.winningform.co.za/GAU/2R260730_1.htm venue=Vaal Classic date=2026-07-30 race=1 stated=8 parsed=8
2026-07-30 14:14:24,785 | INFO | app.scrapers.winning_form_scraper | horse_names=["Rafeef's Queen", 'Miss Honey Bee', 'Royal Rant', 'Miss Fire Arrow', 'San Francisco', 'Navigatrix', 'Pretty Girl', 'Volare Veloce']
2026-07-30 14:14:25,055 | INFO | httpx | HTTP Request: GET https://legacy.winningform.co.za/GAU/2R260730_2.htm "HTTP/1.1 200 OK"
2026-07-30 14:14:25,372 | INFO | app.scrapers.winning_form_scraper | runner_table_used columns={'number': 0, 'name': 1, 'length_behind': 2, 'speed_index': 3, 'predicted_time': 4, 'merit': 5, 'weight': 6, 'draw': 7, 'jockey': 9, 'trainer': 10} extracted=9 stated=9
2026-07-30 14:14:25,373 | INFO | app.scrapers.winning_form_scraper | race_parsed url=https://legacy.winningform.co.za/GAU/2R260730_2.htm venue=Vaal Classic date=2026-07-30 race=2 stated=9 parsed=9
2026-07-30 14:14:25,373 | INFO | app.scrapers.winning_form_scraper | horse_names=['Tenareef', 'Captain Cooper', 'Flotilla', 'North Star Fury', 'Chic Shack', 'Hawkeye', 'Mocha Magic', 'Reachingforthemoon', 'Red Viking']
2026-07-30 14:14:25,608 | INFO | httpx | HTTP Request: GET https://legacy.winningform.co.za/GAU/2R260730_3.htm "HTTP/1.1 200 OK"
2026-07-30 14:14:25,841 | INFO | app.scrapers.winning_form_scraper | runner_table_used columns={'number': 0, 'name': 1, 'length_behind': 2, 'speed_index': 3, 'predicted_time': 4, 'merit': 5, 'weight': 6, 'draw': 7, 'jockey': 9, 'trainer': 10} extracted=8 stated=8
2026-07-30 14:14:25,842 | INFO | app.scrapers.winning_form_scraper | race_parsed url=https://legacy.winningform.co.za/GAU/2R260730_3.htm venue=Vaal Classic date=2026-07-30 race=3 stated=8 parsed=8
2026-07-30 14:14:25,843 | INFO | app.scrapers.winning_form_scraper | horse_names=['Beautiful One', 'Two Tigers', 'Berry Lancer', 'Dreaming Of Youth', "Leanne's Love", 'Dreadnought', 'Pittar', 'Walkinginthewoods']
2026-07-30 14:14:26,070 | INFO | httpx | HTTP Request: GET https://legacy.winningform.co.za/GAU/2R260730_4.htm "HTTP/1.1 200 OK"
2026-07-30 14:14:26,400 | INFO | app.scrapers.winning_form_scraper | runner_table_used columns={'number': 0, 'name': 1, 'length_behind': 2, 'speed_index': 3, 'predicted_time': 4, 'merit': 5, 'weight': 6, 'draw': 7, 'jockey': 9, 'trainer': 10} extracted=9 stated=9
2026-07-30 14:14:26,402 | INFO | app.scrapers.winning_form_scraper | race_parsed url=https://legacy.winningform.co.za/GAU/2R260730_4.htm venue=Vaal Classic date=2026-07-30 race=4 stated=9 parsed=9
2026-07-30 14:14:26,403 | INFO | app.scrapers.winning_form_scraper | horse_names=['Duke Of Lorraine', 'Vixeninthevineyard', 'Uncle Bob', 'Angle Of Attack', 'Silver Comet', 'Crimson Ranger', 'Echo Of The Wild', 'Gus On The Bus', 'Sivaji']
2026-07-30 14:14:26,752 | INFO | httpx | HTTP Request: GET https://legacy.winningform.co.za/GAU/2R260730_5.htm "HTTP/1.1 200 OK"
2026-07-30 14:14:27,399 | INFO | app.scrapers.winning_form_scraper | runner_table_used columns={'number': 0, 'name': 1, 'length_behind': 2, 'speed_index': 3, 'predicted_time': 4, 'merit': 5, 'weight': 6, 'draw': 7, 'jockey': 9, 'trainer': 10} extracted=9 stated=9
2026-07-30 14:14:27,400 | INFO | app.scrapers.winning_form_scraper | race_parsed url=https://legacy.winningform.co.za/GAU/2R260730_5.htm venue=Vaal Classic date=2026-07-30 race=5 stated=9 parsed=9
2026-07-30 14:14:27,401 | INFO | app.scrapers.winning_form_scraper | horse_names=['Art Nouveau', 'Frangipani', 'Azaleas For All', 'Boom Boom', 'Surprise Party', 'Lady Sabrina', 'Lady Blunt', 'Juliet Tango', 'Mount Etna']
2026-07-30 14:14:27,722 | INFO | httpx | HTTP Request: GET https://legacy.winningform.co.za/GAU/2R260730_6.htm "HTTP/1.1 200 OK"
2026-07-30 14:14:28,218 | INFO | app.scrapers.winning_form_scraper | runner_table_used columns={'number': 0, 'name': 1, 'length_behind': 2, 'speed_index': 3, 'predicted_time': 4, 'merit': 5, 'weight': 6, 'draw': 7, 'jockey': 9, 'trainer': 10} extracted=10 stated=10
2026-07-30 14:14:28,219 | INFO | app.scrapers.winning_form_scraper | race_parsed url=https://legacy.winningform.co.za/GAU/2R260730_6.htm venue=Vaal Classic date=2026-07-30 race=6 stated=10 parsed=10
2026-07-30 14:14:28,221 | INFO | app.scrapers.winning_form_scraper | horse_names=['Hopscotch', 'Bold Action', 'Utsaah', 'Play With Fire', "Kylie's Angel", "Ariel's Jet", 'Be My Fate', 'Chariklo', 'Wise Counsel', 'Cocomelon']
2026-07-30 14:14:28,561 | INFO | httpx | HTTP Request: GET https://legacy.winningform.co.za/GAU/2R260730_7.htm "HTTP/1.1 200 OK"
2026-07-30 14:14:29,081 | INFO | app.scrapers.winning_form_scraper | runner_table_used columns={'number': 0, 'name': 1, 'length_behind': 2, 'speed_index': 3, 'predicted_time': 4, 'merit': 5, 'weight': 6, 'draw': 7, 'jockey': 9, 'trainer': 10} extracted=10 stated=10
2026-07-30 14:14:29,083 | INFO | app.scrapers.winning_form_scraper | race_parsed url=https://legacy.winningform.co.za/GAU/2R260730_7.htm venue=Vaal Classic date=2026-07-30 race=7 stated=10 parsed=10
2026-07-30 14:14:29,084 | INFO | app.scrapers.winning_form_scraper | horse_names=['Stop The Traffic', 'Full Go', 'Last Ginger', 'Circle Of Grace', 'Itsnowornever', 'Ghostbuster', 'Thambi', 'Gold De Grace', 'Red Sparrow', 'Cover Charge']
2026-07-30 14:14:29,347 | INFO | httpx | HTTP Request: GET https://legacy.winningform.co.za/GAU/2R260730_8.htm "HTTP/1.1 200 OK"
2026-07-30 14:14:29,745 | INFO | app.scrapers.winning_form_scraper | runner_table_used columns={'number': 0, 'name': 1, 'length_behind': 2, 'speed_index': 3, 'predicted_time': 4, 'merit': 5, 'weight': 6, 'draw': 7, 'jockey': 9, 'trainer': 10} extracted=8 stated=8
2026-07-30 14:14:29,746 | INFO | app.scrapers.winning_form_scraper | race_parsed url=https://legacy.winningform.co.za/GAU/2R260730_8.htm venue=Vaal Classic date=2026-07-30 race=8 stated=8 parsed=8
2026-07-30 14:14:29,746 | INFO | app.scrapers.winning_form_scraper | horse_names=['Time Will Tell', 'Twentytwentyvision', 'Hammer Blow', 'Arilena', 'Taking A Risk', 'Sergeant Soqrat', 'Champagne Problems', 'Raining Rubies']
2026-07-30 14:14:30,007 | INFO | httpx | HTTP Request: GET https://legacy.winningform.co.za/GAU/2R260730_9.htm "HTTP/1.1 200 OK"
2026-07-30 14:14:30,919 | INFO | app.scrapers.winning_form_scraper | runner_table_used columns={'number': 0, 'name': 1, 'length_behind': 2, 'speed_index': 3, 'predicted_time': 4, 'merit': 5, 'weight': 6, 'draw': 7, 'jockey': 9, 'trainer': 10} extracted=17 stated=17
2026-07-30 14:14:30,921 | INFO | app.scrapers.winning_form_scraper | race_parsed url=https://legacy.winningform.co.za/GAU/2R260730_9.htm venue=Vaal Classic date=2026-07-30 race=9 stated=17 parsed=17
2026-07-30 14:14:30,922 | INFO | app.scrapers.winning_form_scraper | horse_names=['Golden Warrior', 'Satyagraha', 'Elusive Red', 'Dear Doc', "Can't Catch Me", 'Snow Moon', 'Pearl In Her Crown', 'Eiffel Tower', 'Pretty Analia', 'Shoreybomba', 'Shori Kai', 'Jabari Thimba', 'Lady Elliot', 'Prized Platinum', 'On A Jet Plane', 'Space Mission', 'Baby Red']
2026-07-30 14:14:31,276 | INFO | httpx | HTTP Request: GET https://legacy.winningform.co.za/ZIM/2H260731_1.htm "HTTP/1.1 200 OK"
2026-07-30 14:14:31,463 | INFO | app.scrapers.winning_form_scraper | runner_table_used columns={'number': 0, 'name': 1, 'length_behind': 2, 'speed_index': 3, 'predicted_time': 4, 'merit': 5, 'weight': 6, 'draw': 7, 'jockey': 9, 'trainer': 10} extracted=6 stated=6
2026-07-30 14:14:31,464 | INFO | app.scrapers.winning_form_scraper | race_parsed url=https://legacy.winningform.co.za/ZIM/2H260731_1.htm venue=Borrowdale date=2026-07-31 race=1 stated=6 parsed=6
2026-07-30 14:14:31,465 | INFO | app.scrapers.winning_form_scraper | horse_names=['Firefly Lane', "Lion's Share", 'Roman Law', 'Wintery Mansion', 'Endearing Peace', 'Majik Wine']
2026-07-30 14:14:31,641 | INFO | httpx | HTTP Request: GET https://legacy.winningform.co.za/ZIM/2H260731_2.htm "HTTP/1.1 200 OK"
2026-07-30 14:14:31,958 | INFO | app.scrapers.winning_form_scraper | runner_table_used columns={'number': 0, 'name': 1, 'length_behind': 2, 'speed_index': 3, 'predicted_time': 4, 'merit': 5, 'weight': 6, 'draw': 7, 'jockey': 9, 'trainer': 10} extracted=6 stated=6
2026-07-30 14:14:31,959 | INFO | app.scrapers.winning_form_scraper | race_parsed url=https://legacy.winningform.co.za/ZIM/2H260731_2.htm venue=Borrowdale date=2026-07-31 race=2 stated=6 parsed=6
2026-07-30 14:14:31,961 | INFO | app.scrapers.winning_form_scraper | horse_names=['Zafar', 'Queen Of Fire', 'Diamond Jim', 'Red Top', 'Ultimate Jewel', 'Festival Of Light']
2026-07-30 14:14:32,198 | INFO | httpx | HTTP Request: GET https://legacy.winningform.co.za/ZIM/2H260731_3.htm "HTTP/1.1 200 OK"
2026-07-30 14:14:32,543 | INFO | app.scrapers.winning_form_scraper | runner_table_used columns={'number': 0, 'name': 1, 'length_behind': 2, 'speed_index': 3, 'predicted_time': 4, 'merit': 5, 'weight': 6, 'draw': 7, 'jockey': 9, 'trainer': 10} extracted=6 stated=6
2026-07-30 14:14:32,544 | INFO | app.scrapers.winning_form_scraper | race_parsed url=https://legacy.winningform.co.za/ZIM/2H260731_3.htm venue=Borrowdale date=2026-07-31 race=3 stated=6 parsed=6
2026-07-30 14:14:32,545 | INFO | app.scrapers.winning_form_scraper | horse_names=['Aerial Display', 'Mizzen Sword', 'Prince Of Denmark', 'Queen Of Montmatre', 'House Of Lords', 'Captain Carnage']
2026-07-30 14:14:32,773 | INFO | httpx | HTTP Request: GET https://legacy.winningform.co.za/ZIM/2H260731_4.htm "HTTP/1.1 200 OK"
2026-07-30 14:14:33,073 | INFO | app.scrapers.winning_form_scraper | runner_table_used columns={'number': 0, 'name': 1, 'length_behind': 2, 'speed_index': 3, 'predicted_time': 4, 'merit': 5, 'weight': 6, 'draw': 7, 'jockey': 9, 'trainer': 10} extracted=5 stated=5
2026-07-30 14:14:33,074 | INFO | app.scrapers.winning_form_scraper | race_parsed url=https://legacy.winningform.co.za/ZIM/2H260731_4.htm venue=Borrowdale date=2026-07-31 race=4 stated=5 parsed=5
2026-07-30 14:14:33,075 | INFO | app.scrapers.winning_form_scraper | horse_names=['Empire Blue', 'Copper Fire', 'When Evening Comes', 'Battle Of Seattle', 'Shes Everything']
2026-07-30 14:14:33,282 | INFO | httpx | HTTP Request: GET https://legacy.winningform.co.za/ZIM/2H260731_5.htm "HTTP/1.1 200 OK"
2026-07-30 14:14:33,523 | INFO | app.scrapers.winning_form_scraper | runner_table_used columns={'number': 0, 'name': 1, 'length_behind': 2, 'speed_index': 3, 'predicted_time': 4, 'merit': 5, 'weight': 6, 'draw': 7, 'jockey': 9, 'trainer': 10} extracted=4 stated=4
2026-07-30 14:14:33,525 | INFO | app.scrapers.winning_form_scraper | race_parsed url=https://legacy.winningform.co.za/ZIM/2H260731_5.htm venue=Borrowdale date=2026-07-31 race=5 stated=4 parsed=4
2026-07-30 14:14:33,525 | INFO | app.scrapers.winning_form_scraper | horse_names=['Ultra Pursuit', 'Pocket Watch', 'Coppola', 'Guerra']
2026-07-30 14:14:33,709 | INFO | httpx | HTTP Request: GET https://legacy.winningform.co.za/ZIM/2H260731_6.htm "HTTP/1.1 200 OK"
2026-07-30 14:14:33,932 | INFO | app.scrapers.winning_form_scraper | runner_table_used columns={'number': 0, 'name': 1, 'length_behind': 2, 'speed_index': 3, 'predicted_time': 4, 'merit': 5, 'weight': 6, 'draw': 7, 'jockey': 9, 'trainer': 10} extracted=4 stated=4
2026-07-30 14:14:33,934 | INFO | app.scrapers.winning_form_scraper | race_parsed url=https://legacy.winningform.co.za/ZIM/2H260731_6.htm venue=Borrowdale date=2026-07-31 race=6 stated=4 parsed=4
2026-07-30 14:14:33,934 | INFO | app.scrapers.winning_form_scraper | horse_names=['Robin Of Locksley', 'Kagura', 'Magic Exists', 'Majestic Warrior']
2026-07-30 14:14:34,123 | INFO | httpx | HTTP Request: GET https://legacy.winningform.co.za/ZIM/2H260731_7.htm "HTTP/1.1 200 OK"
2026-07-30 14:14:34,349 | INFO | app.scrapers.winning_form_scraper | runner_table_used columns={'number': 0, 'name': 1, 'length_behind': 2, 'speed_index': 3, 'predicted_time': 4, 'merit': 5, 'weight': 6, 'draw': 7, 'jockey': 9, 'trainer': 10} extracted=5 stated=5
2026-07-30 14:14:34,350 | INFO | app.scrapers.winning_form_scraper | race_parsed url=https://legacy.winningform.co.za/ZIM/2H260731_7.htm venue=Borrowdale date=2026-07-31 race=7 stated=5 parsed=5
2026-07-30 14:14:34,351 | INFO | app.scrapers.winning_form_scraper | horse_names=['Sally Port', 'Princess Lucy', 'Matilda Fitzwalter', 'Tranquil Judi', 'Waiting On Charlie']
2026-07-30 14:14:34,560 | INFO | httpx | HTTP Request: GET https://legacy.winningform.co.za/GAU/2P260731_1.htm "HTTP/1.1 200 OK"
2026-07-30 14:14:34,794 | INFO | app.scrapers.winning_form_scraper | runner_table_used columns={'number': 0, 'name': 1, 'length_behind': 2, 'speed_index': 3, 'predicted_time': 4, 'merit': 5, 'weight': 6, 'draw': 7, 'jockey': 9, 'trainer': 10} extracted=8 stated=8
2026-07-30 14:14:34,795 | INFO | app.scrapers.winning_form_scraper | race_parsed url=https://legacy.winningform.co.za/GAU/2P260731_1.htm venue=Fairview Polytrack date=2026-07-31 race=1 stated=8 parsed=8
2026-07-30 14:14:34,796 | INFO | app.scrapers.winning_form_scraper | horse_names=['Eternal Spirit', "Nobody's Perfect", 'Seattle Glow', 'Camden Square', "Queen's Away", 'Roses For Trex', 'Bumble Bee', 'So Welcome']
2026-07-30 14:14:35,623 | INFO | httpx | HTTP Request: GET https://legacy.winningform.co.za/GAU/2P260731_2.htm "HTTP/1.1 200 OK"
2026-07-30 14:14:36,161 | INFO | app.scrapers.winning_form_scraper | runner_table_used columns={'number': 0, 'name': 1, 'length_behind': 2, 'speed_index': 3, 'predicted_time': 4, 'merit': 5, 'weight': 6, 'draw': 7, 'jockey': 9, 'trainer': 10} extracted=12 stated=12
2026-07-30 14:14:36,162 | INFO | app.scrapers.winning_form_scraper | race_parsed url=https://legacy.winningform.co.za/GAU/2P260731_2.htm venue=Fairview Polytrack date=2026-07-31 race=2 stated=12 parsed=12
2026-07-30 14:14:36,164 | INFO | app.scrapers.winning_form_scraper | horse_names=['Good Shine', 'Peekaboo', 'Mediterraneanflame', 'Made To Measure', 'Champagne Blaze', 'Witching Hour', 'Gimmethegold', 'Pretty Boy', 'Kaleesh Cyborg', 'Total Eruption', 'Matter Of Trust', 'Makajima']
2026-07-30 14:14:36,519 | INFO | httpx | HTTP Request: GET https://legacy.winningform.co.za/GAU/2P260731_3.htm "HTTP/1.1 200 OK"
2026-07-30 14:14:36,868 | INFO | app.scrapers.winning_form_scraper | runner_table_used columns={'number': 0, 'name': 1, 'length_behind': 2, 'speed_index': 3, 'predicted_time': 4, 'merit': 5, 'weight': 6, 'draw': 7, 'jockey': 9, 'trainer': 10} extracted=9 stated=9
2026-07-30 14:14:36,870 | INFO | app.scrapers.winning_form_scraper | race_parsed url=https://legacy.winningform.co.za/GAU/2P260731_3.htm venue=Fairview Polytrack date=2026-07-31 race=3 stated=9 parsed=9
2026-07-30 14:14:36,871 | INFO | app.scrapers.winning_form_scraper | horse_names=['Lovely Dancer', 'J Lordi', 'Rock Up', 'Jewel Mule', 'Alesian Beau', 'Here Comes Johnny', 'American Gem', 'Chim Chim Cheree', 'Cautionary']
2026-07-30 14:14:37,154 | INFO | httpx | HTTP Request: GET https://legacy.winningform.co.za/GAU/2P260731_4.htm "HTTP/1.1 200 OK"
2026-07-30 14:14:37,523 | INFO | app.scrapers.winning_form_scraper | runner_table_used columns={'number': 0, 'name': 1, 'length_behind': 2, 'speed_index': 3, 'predicted_time': 4, 'merit': 5, 'weight': 6, 'draw': 7, 'jockey': 9, 'trainer': 10} extracted=7 stated=7
2026-07-30 14:14:37,525 | INFO | app.scrapers.winning_form_scraper | race_parsed url=https://legacy.winningform.co.za/GAU/2P260731_4.htm venue=Fairview Polytrack date=2026-07-31 race=4 stated=7 parsed=7
2026-07-30 14:14:37,525 | INFO | app.scrapers.winning_form_scraper | horse_names=['Imaginable', 'Black Egret', 'Tintamarre', 'Warrior Of Royalty', 'Ravilious', 'Joker Man', 'Galileo Star']
2026-07-30 14:14:37,769 | INFO | httpx | HTTP Request: GET https://legacy.winningform.co.za/GAU/2P260731_5.htm "HTTP/1.1 200 OK"
2026-07-30 14:14:38,064 | INFO | app.scrapers.winning_form_scraper | runner_table_used columns={'number': 0, 'name': 1, 'length_behind': 2, 'speed_index': 3, 'predicted_time': 4, 'merit': 5, 'weight': 6, 'draw': 7, 'jockey': 9, 'trainer': 10} extracted=8 stated=8
2026-07-30 14:14:38,065 | INFO | app.scrapers.winning_form_scraper | race_parsed url=https://legacy.winningform.co.za/GAU/2P260731_5.htm venue=Fairview Polytrack date=2026-07-31 race=5 stated=8 parsed=8
2026-07-30 14:14:38,066 | INFO | app.scrapers.winning_form_scraper | horse_names=['All Systems Go', 'Play Act', 'Clairwood Rose', 'Faraway Girl', 'Arashi', 'Can You Danse', 'Ventura Boulevard', 'Rip Wheeler']
2026-07-30 14:14:38,301 | INFO | httpx | HTTP Request: GET https://legacy.winningform.co.za/GAU/2P260731_6.htm "HTTP/1.1 200 OK"
2026-07-30 14:14:38,915 | INFO | app.scrapers.winning_form_scraper | runner_table_used columns={'number': 0, 'name': 1, 'length_behind': 2, 'speed_index': 3, 'predicted_time': 4, 'merit': 5, 'weight': 6, 'draw': 7, 'jockey': 9, 'trainer': 10} extracted=12 stated=12
2026-07-30 14:14:38,917 | INFO | app.scrapers.winning_form_scraper | race_parsed url=https://legacy.winningform.co.za/GAU/2P260731_6.htm venue=Fairview Polytrack date=2026-07-31 race=6 stated=12 parsed=12
2026-07-30 14:14:38,918 | INFO | app.scrapers.winning_form_scraper | horse_names=['Winteronthegreen', 'Whirlybird', 'Moscow Miss', 'Thread Of Life', 'Greenlight Dancer', 'Atlantic Pearl', 'Physiologus', 'Blowin In The Wind', 'New Day', 'Marketa', 'Timeline', 'Wild Star']
2026-07-30 14:14:39,228 | INFO | httpx | HTTP Request: GET https://legacy.winningform.co.za/GAU/2P260731_7.htm "HTTP/1.1 200 OK"
2026-07-30 14:14:40,067 | INFO | app.scrapers.winning_form_scraper | runner_table_used columns={'number': 0, 'name': 1, 'length_behind': 2, 'speed_index': 3, 'predicted_time': 4, 'merit': 5, 'weight': 6, 'draw': 7, 'jockey': 9, 'trainer': 10} extracted=12 stated=12
2026-07-30 14:14:40,068 | INFO | app.scrapers.winning_form_scraper | race_parsed url=https://legacy.winningform.co.za/GAU/2P260731_7.htm venue=Fairview Polytrack date=2026-07-31 race=7 stated=12 parsed=12
2026-07-30 14:14:40,069 | INFO | app.scrapers.winning_form_scraper | horse_names=['Bel Canto Dream', 'Blame It On Me', 'Rhydian', 'El Romiachi', 'Disruptive', 'Amanatto', 'Show Off', 'Hospices De Beaune', 'Bosnay', 'Tokyo Princess', 'Royal Dawn', 'Fantine']
2026-07-30 14:14:40,336 | INFO | httpx | HTTP Request: GET https://legacy.winningform.co.za/GAU/2P260731_8.htm "HTTP/1.1 200 OK"
2026-07-30 14:14:40,874 | INFO | app.scrapers.winning_form_scraper | runner_table_used columns={'number': 0, 'name': 1, 'length_behind': 2, 'speed_index': 3, 'predicted_time': 4, 'merit': 5, 'weight': 6, 'draw': 7, 'jockey': 9, 'trainer': 10} extracted=10 stated=10
2026-07-30 14:14:40,876 | INFO | app.scrapers.winning_form_scraper | race_parsed url=https://legacy.winningform.co.za/GAU/2P260731_8.htm venue=Fairview Polytrack date=2026-07-31 race=8 stated=10 parsed=10
2026-07-30 14:14:40,877 | INFO | app.scrapers.winning_form_scraper | horse_names=['Lana View', 'Qondanekukhanyeni', 'Oncidium', 'Flower Festival', 'Royal Kailani', "Captain's Jet", 'Potenza', 'Back For More', "Babette's Feast", 'Mountain High']
2026-07-30 14:14:41,255 | INFO | httpx | HTTP Request: GET https://legacy.winningform.co.za/GAU/2P260731_9.htm "HTTP/1.1 200 OK"
2026-07-30 14:14:42,397 | INFO | app.scrapers.winning_form_scraper | runner_table_used columns={'number': 0, 'name': 1, 'length_behind': 2, 'speed_index': 3, 'predicted_time': 4, 'merit': 5, 'weight': 6, 'draw': 7, 'jockey': 9, 'trainer': 10} extracted=18 stated=18
2026-07-30 14:14:42,400 | INFO | app.scrapers.winning_form_scraper | race_parsed url=https://legacy.winningform.co.za/GAU/2P260731_9.htm venue=Fairview Polytrack date=2026-07-31 race=9 stated=18 parsed=18
2026-07-30 14:14:42,401 | INFO | app.scrapers.winning_form_scraper | horse_names=['San Quintin', 'Global Speak', 'Rototo', 'Drielandenpunt', 'Global Drumbeat', 'Golden Grey', "Silvano's Song", 'Preserve Forever', 'Crepuscolo', "Alado's Pride", 'Flash Lightning', 'Arividicio', 'Osmium', 'Celtique', "Tori's Girl", 'Terminal Velocity', 'Satellite World', 'Woman In Gold']
2026-07-30 14:14:42,931 | INFO | httpx | HTTP Request: GET https://legacy.winningform.co.za/GAU/2T260801_1.htm "HTTP/1.1 200 OK"
2026-07-30 14:14:43,210 | INFO | app.scrapers.winning_form_scraper | runner_table_used columns={'number': 0, 'name': 1, 'length_behind': 2, 'speed_index': 3, 'predicted_time': 4, 'merit': 5, 'weight': 6, 'draw': 7, 'jockey': 9, 'trainer': 10} extracted=9 stated=9
2026-07-30 14:14:43,211 | INFO | app.scrapers.winning_form_scraper | race_parsed url=https://legacy.winningform.co.za/GAU/2T260801_1.htm venue=Turffontein date=2026-08-01 race=1 stated=9 parsed=9
2026-07-30 14:14:43,213 | INFO | app.scrapers.winning_form_scraper | horse_names=["Jack's Legacy", 'Without Remorse', 'Purple Rain', 'Bellflower', 'Northern European', 'Raspberry Delight', 'Greenhilsofjamaica', 'Totheplaceibelong', 'Lady Aarya']
2026-07-30 14:14:43,542 | INFO | httpx | HTTP Request: GET https://legacy.winningform.co.za/GAU/2T260801_2.htm "HTTP/1.1 200 OK"
2026-07-30 14:14:43,910 | INFO | app.scrapers.winning_form_scraper | runner_table_used columns={'number': 0, 'name': 1, 'length_behind': 2, 'speed_index': 3, 'predicted_time': 4, 'merit': 5, 'weight': 6, 'draw': 7, 'jockey': 9, 'trainer': 10} extracted=7 stated=7
2026-07-30 14:14:43,915 | INFO | app.scrapers.winning_form_scraper | race_parsed url=https://legacy.winningform.co.za/GAU/2T260801_2.htm venue=Turffontein date=2026-08-01 race=2 stated=7 parsed=7
2026-07-30 14:14:43,917 | INFO | app.scrapers.winning_form_scraper | horse_names=['One Tiger', 'Sakura Hanami', 'Spy Story', 'Geostorm', 'Sherlock Holmes', "Trompe L'oeil", 'Matroosberg']
2026-07-30 14:14:44,226 | INFO | httpx | HTTP Request: GET https://legacy.winningform.co.za/GAU/2T260801_3.htm "HTTP/1.1 200 OK"
2026-07-30 14:14:44,596 | INFO | app.scrapers.winning_form_scraper | runner_table_used columns={'number': 0, 'name': 1, 'length_behind': 2, 'speed_index': 3, 'predicted_time': 4, 'merit': 5, 'weight': 6, 'draw': 7, 'jockey': 9, 'trainer': 10} extracted=7 stated=7
2026-07-30 14:14:44,597 | INFO | app.scrapers.winning_form_scraper | race_parsed url=https://legacy.winningform.co.za/GAU/2T260801_3.htm venue=Turffontein date=2026-08-01 race=3 stated=7 parsed=7
2026-07-30 14:14:44,598 | INFO | app.scrapers.winning_form_scraper | horse_names=['Lonely As A Cloud', 'Fostinovo', 'Mrs Stormiatrix', 'Ice Dragon', 'Banyan', 'Pivotal Role', 'Var Park']
2026-07-30 14:14:44,873 | INFO | httpx | HTTP Request: GET https://legacy.winningform.co.za/GAU/2T260801_4.htm "HTTP/1.1 200 OK"
2026-07-30 14:14:45,363 | INFO | app.scrapers.winning_form_scraper | runner_table_used columns={'number': 0, 'name': 1, 'length_behind': 2, 'speed_index': 3, 'predicted_time': 4, 'merit': 5, 'weight': 6, 'draw': 7, 'jockey': 9, 'trainer': 10} extracted=8 stated=8
2026-07-30 14:14:45,364 | INFO | app.scrapers.winning_form_scraper | race_parsed url=https://legacy.winningform.co.za/GAU/2T260801_4.htm venue=Turffontein date=2026-08-01 race=4 stated=8 parsed=8
2026-07-30 14:14:45,365 | INFO | app.scrapers.winning_form_scraper | horse_names=['Mount Pinatubo', 'Almond Sea', 'Karate Kid', 'Espinoza', 'African Pride', 'Whistle The Tune', 'Yamadori', 'Chieftain']
2026-07-30 14:14:45,635 | INFO | httpx | HTTP Request: GET https://legacy.winningform.co.za/GAU/2T260801_5.htm "HTTP/1.1 200 OK"
2026-07-30 14:14:46,052 | INFO | app.scrapers.winning_form_scraper | runner_table_used columns={'number': 0, 'name': 1, 'length_behind': 2, 'speed_index': 3, 'predicted_time': 4, 'merit': 5, 'weight': 6, 'draw': 7, 'jockey': 9, 'trainer': 10} extracted=7 stated=7
2026-07-30 14:14:46,055 | INFO | app.scrapers.winning_form_scraper | race_parsed url=https://legacy.winningform.co.za/GAU/2T260801_5.htm venue=Turffontein date=2026-08-01 race=5 stated=7 parsed=7
2026-07-30 14:14:46,056 | INFO | app.scrapers.winning_form_scraper | horse_names=['Dual Prophecy', 'Guerilla Warfare', "Diesel's Shadow", 'Dark Silver', 'World Order', 'Culturati', 'Unsolved Riddle']
2026-07-30 14:14:46,306 | INFO | httpx | HTTP Request: GET https://legacy.winningform.co.za/GAU/2T260801_6.htm "HTTP/1.1 200 OK"
2026-07-30 14:14:46,759 | INFO | app.scrapers.winning_form_scraper | runner_table_used columns={'number': 0, 'name': 1, 'length_behind': 2, 'speed_index': 3, 'predicted_time': 4, 'merit': 5, 'weight': 6, 'draw': 7, 'jockey': 9, 'trainer': 10} extracted=8 stated=8
2026-07-30 14:14:46,760 | INFO | app.scrapers.winning_form_scraper | race_parsed url=https://legacy.winningform.co.za/GAU/2T260801_6.htm venue=Turffontein date=2026-08-01 race=6 stated=8 parsed=8
2026-07-30 14:14:46,761 | INFO | app.scrapers.winning_form_scraper | horse_names=['Apache Son', 'The Playboy Bomber', 'Prince Of Kildare', 'Royal Edition', 'Mission To Mars', 'Flashy Apache', 'Mo Ment', 'Positive Attitude']
2026-07-30 14:14:47,037 | INFO | httpx | HTTP Request: GET https://legacy.winningform.co.za/GAU/2T260801_7.htm "HTTP/1.1 200 OK"
2026-07-30 14:14:47,567 | INFO | app.scrapers.winning_form_scraper | runner_table_used columns={'number': 0, 'name': 1, 'length_behind': 2, 'speed_index': 3, 'predicted_time': 4, 'merit': 5, 'weight': 6, 'draw': 7, 'jockey': 9, 'trainer': 10} extracted=9 stated=9
2026-07-30 14:14:47,570 | INFO | app.scrapers.winning_form_scraper | race_parsed url=https://legacy.winningform.co.za/GAU/2T260801_7.htm venue=Turffontein date=2026-08-01 race=7 stated=9 parsed=9
2026-07-30 14:14:47,573 | INFO | app.scrapers.winning_form_scraper | horse_names=['Arumugam', 'Orange County', 'Harun Al Rashid', 'Sky Pilot', 'Knowmore', 'Ideal Summer', 'After Hours', 'Gimmethespotlight', 'Winding Power']
2026-07-30 14:14:47,895 | INFO | httpx | HTTP Request: GET https://legacy.winningform.co.za/GAU/2T260801_8.htm "HTTP/1.1 200 OK"
2026-07-30 14:14:48,555 | INFO | app.scrapers.winning_form_scraper | runner_table_used columns={'number': 0, 'name': 1, 'length_behind': 2, 'speed_index': 3, 'predicted_time': 4, 'merit': 5, 'weight': 6, 'draw': 7, 'jockey': 9, 'trainer': 10} extracted=11 stated=11
2026-07-30 14:14:48,557 | INFO | app.scrapers.winning_form_scraper | race_parsed url=https://legacy.winningform.co.za/GAU/2T260801_8.htm venue=Turffontein date=2026-08-01 race=8 stated=11 parsed=11
2026-07-30 14:14:48,558 | INFO | app.scrapers.winning_form_scraper | horse_names=['Naretoi', 'Southampton', 'Longsword', 'Commander Of All', 'Sunset Warrior', 'Michael Faraday', 'Coming In Hot', 'Rock My Boat', 'Spirit Of Gabz', 'Rising Eagle', 'Circus Lights']
2026-07-30 14:14:48,953 | INFO | httpx | HTTP Request: GET https://legacy.winningform.co.za/KZN/2S260802_1.htm "HTTP/1.1 200 OK"
2026-07-30 14:14:49,342 | INFO | app.scrapers.winning_form_scraper | runner_table_used columns={'number': 0, 'name': 1, 'length_behind': 2, 'speed_index': 3, 'predicted_time': 4, 'merit': 5, 'weight': 6, 'draw': 7, 'jockey': 9, 'trainer': 10} extracted=13 stated=13
2026-07-30 14:14:49,343 | INFO | app.scrapers.winning_form_scraper | race_parsed url=https://legacy.winningform.co.za/KZN/2S260802_1.htm venue=Hollywoodbets Scottsville Outer date=2026-08-02 race=1 stated=13 parsed=13
2026-07-30 14:14:49,345 | INFO | app.scrapers.winning_form_scraper | horse_names=['Iceberg Rose', 'Forthegoodtimes', 'Tipperary', 'Pink Skies', 'Lovecomesknocking', 'Sweet Cherry', 'So Indi', 'Timeless Wonder', 'Bellanca Viking', 'Gezouten Haring', 'Linguistic', 'Princess Positano', 'Fleur Delacour']
2026-07-30 14:14:49,764 | INFO | httpx | HTTP Request: GET https://legacy.winningform.co.za/KZN/2S260802_2.htm "HTTP/1.1 200 OK"
2026-07-30 14:14:50,177 | INFO | app.scrapers.winning_form_scraper | runner_table_used columns={'number': 0, 'name': 1, 'length_behind': 2, 'speed_index': 3, 'predicted_time': 4, 'merit': 5, 'weight': 6, 'draw': 7, 'jockey': 9, 'trainer': 10} extracted=13 stated=13
2026-07-30 14:14:50,178 | INFO | app.scrapers.winning_form_scraper | race_parsed url=https://legacy.winningform.co.za/KZN/2S260802_2.htm venue=Hollywoodbets Scottsville Outer date=2026-08-02 race=2 stated=13 parsed=13
2026-07-30 14:14:50,179 | INFO | app.scrapers.winning_form_scraper | horse_names=['Gimme The Power', 'Floral Kingdom', 'Sweet Faye', "Queen's Bounty", 'Ayzal', 'Secret Ambition', 'Sherpa Queen', 'Rustige Kracht', 'Tokyo Girl', 'Vivalto', 'Mighty Minnie', 'Queen Indrani', 'Umoyawokubambelela']
2026-07-30 14:14:50,498 | INFO | httpx | HTTP Request: GET https://legacy.winningform.co.za/KZN/2S260802_3.htm "HTTP/1.1 200 OK"
2026-07-30 14:14:50,857 | INFO | app.scrapers.winning_form_scraper | runner_table_used columns={'number': 0, 'name': 1, 'length_behind': 2, 'speed_index': 3, 'predicted_time': 4, 'merit': 5, 'weight': 6, 'draw': 7, 'jockey': 9, 'trainer': 10} extracted=8 stated=8
2026-07-30 14:14:50,858 | INFO | app.scrapers.winning_form_scraper | race_parsed url=https://legacy.winningform.co.za/KZN/2S260802_3.htm venue=Hollywoodbets Scottsville Inner date=2026-08-02 race=3 stated=8 parsed=8
2026-07-30 14:14:50,859 | INFO | app.scrapers.winning_form_scraper | horse_names=['Future Prospect', 'Cali Bullet', 'Peaceful Duchess', 'After The Fire', "Chef's Kiss", 'Jenny Darling', 'Guild The Lilly', 'Anemie']
2026-07-30 14:14:51,455 | INFO | httpx | HTTP Request: GET https://legacy.winningform.co.za/KZN/2S260802_4.htm "HTTP/1.1 200 OK"
2026-07-30 14:14:51,985 | INFO | app.scrapers.winning_form_scraper | runner_table_used columns={'number': 0, 'name': 1, 'length_behind': 2, 'speed_index': 3, 'predicted_time': 4, 'merit': 5, 'weight': 6, 'draw': 7, 'jockey': 9, 'trainer': 10} extracted=8 stated=8
2026-07-30 14:14:51,986 | INFO | app.scrapers.winning_form_scraper | race_parsed url=https://legacy.winningform.co.za/KZN/2S260802_4.htm venue=Hollywoodbets Scottsville Inner date=2026-08-02 race=4 stated=8 parsed=8
2026-07-30 14:14:51,986 | INFO | app.scrapers.winning_form_scraper | horse_names=["Zena's Act", 'Golden Angel', 'Our Lady Fate', 'Stampede Ahead', 'Sesame', 'Cool Wind', 'Hurricane Flight', 'Mary Read']
2026-07-30 14:14:52,266 | INFO | httpx | HTTP Request: GET https://legacy.winningform.co.za/KZN/2S260802_5.htm "HTTP/1.1 200 OK"
2026-07-30 14:14:53,289 | INFO | app.scrapers.winning_form_scraper | runner_table_used columns={'number': 0, 'name': 1, 'length_behind': 2, 'speed_index': 3, 'predicted_time': 4, 'merit': 5, 'weight': 6, 'draw': 7, 'jockey': 9, 'trainer': 10} extracted=12 stated=12
2026-07-30 14:14:53,290 | INFO | app.scrapers.winning_form_scraper | race_parsed url=https://legacy.winningform.co.za/KZN/2S260802_5.htm venue=Hollywoodbets Scottsville Inner date=2026-08-02 race=5 stated=12 parsed=12
2026-07-30 14:14:53,293 | INFO | app.scrapers.winning_form_scraper | horse_names=['Serpentine Fire', "Sascha's Dream", 'Blizzardboy', 'Master Bomber', 'Buddy Boy', 'Trois Trois Quatre', 'Song To The Moon', 'Queue Wing', 'Red Cardinal', 'Dancing On A Cloud', 'Charlie Bucket', 'Double Causeway']
2026-07-30 14:14:53,681 | INFO | httpx | HTTP Request: GET https://legacy.winningform.co.za/KZN/2S260802_6.htm "HTTP/1.1 200 OK"
2026-07-30 14:14:54,262 | INFO | app.scrapers.winning_form_scraper | runner_table_used columns={'number': 0, 'name': 1, 'length_behind': 2, 'speed_index': 3, 'predicted_time': 4, 'merit': 5, 'weight': 6, 'draw': 7, 'jockey': 9, 'trainer': 10} extracted=9 stated=9
2026-07-30 14:14:54,263 | INFO | app.scrapers.winning_form_scraper | race_parsed url=https://legacy.winningform.co.za/KZN/2S260802_6.htm venue=Hollywoodbets Scottsville Inner date=2026-08-02 race=6 stated=9 parsed=9
2026-07-30 14:14:54,265 | INFO | app.scrapers.winning_form_scraper | horse_names=['Poursomesugaronme', "Captain's Pride", 'Izibulo', 'Sign Of Fate', 'Alltheboysiveloved', 'Shesha Ntombi', 'Blue Poppy', 'Rikkitikkitavi', 'Queen Amina']
2026-07-30 14:14:54,624 | INFO | httpx | HTTP Request: GET https://legacy.winningform.co.za/KZN/2S260802_7.htm "HTTP/1.1 200 OK"
2026-07-30 14:14:55,131 | INFO | app.scrapers.winning_form_scraper | runner_table_used columns={'number': 0, 'name': 1, 'length_behind': 2, 'speed_index': 3, 'predicted_time': 4, 'merit': 5, 'weight': 6, 'draw': 7, 'jockey': 9, 'trainer': 10} extracted=8 stated=8
2026-07-30 14:14:55,132 | INFO | app.scrapers.winning_form_scraper | race_parsed url=https://legacy.winningform.co.za/KZN/2S260802_7.htm venue=Hollywoodbets Scottsville Outer date=2026-08-02 race=7 stated=8 parsed=8
2026-07-30 14:14:55,134 | INFO | app.scrapers.winning_form_scraper | horse_names=['Trafalgar Square', 'Cappellino', 'Champagne Mac', 'Bless Me Fred', 'Futano', 'Intrepid', "Jane's Vision", "Mia's Athena"]
2026-07-30 14:14:55,448 | INFO | httpx | HTTP Request: GET https://legacy.winningform.co.za/KZN/2S260802_8.htm "HTTP/1.1 200 OK"
2026-07-30 14:14:56,364 | INFO | app.scrapers.winning_form_scraper | runner_table_used columns={'number': 0, 'name': 1, 'length_behind': 2, 'speed_index': 3, 'predicted_time': 4, 'merit': 5, 'weight': 6, 'draw': 7, 'jockey': 9, 'trainer': 10} extracted=11 stated=11
2026-07-30 14:14:56,366 | INFO | app.scrapers.winning_form_scraper | race_parsed url=https://legacy.winningform.co.za/KZN/2S260802_8.htm venue=Hollywoodbets Scottsville Outer date=2026-08-02 race=8 stated=11 parsed=11
2026-07-30 14:14:56,367 | INFO | app.scrapers.winning_form_scraper | horse_names=['Axis Power', 'Cavalry Commander', 'Blazing Fury', 'Military Command', 'Luneluck', 'Smorgasbord', 'Billy Cool', 'Call Of The Karoo', 'Rock Music', 'Caribbean Gold', 'Queen Of The Spear']
2026-07-30 14:14:56,623 | INFO | app.services.monitoring_service | monitoring_cycle_completed
2026-07-30 14:14:56,624 | INFO | app.main | application_started
2026-07-30 14:14:56,741 | INFO | apscheduler.scheduler | Scheduler has been shut down
2026-07-30 14:14:56,745 | INFO | app.main | application_stopped
2026-07-30 14:14:59,008 | INFO | apscheduler.scheduler | Adding job tentatively -- it will be properly scheduled when the scheduler starts
2026-07-30 14:14:59,010 | INFO | apscheduler.scheduler | Added job "MonitoringService.run_cycle" to job store "default"
2026-07-30 14:14:59,012 | INFO | apscheduler.scheduler | Scheduler started
2026-07-30 14:14:59,013 | INFO | app.services.monitoring_service | monitoring_cycle_started
2026-07-30 14:14:59,239 | INFO | httpx | HTTP Request: GET https://legacy.winningform.co.za "HTTP/1.1 200 OK"
2026-07-30 14:14:59,244 | INFO | app.scrapers.winning_form_scraper | fetch_index_frames=['https://legacy.winningform.co.za/guide.htm', 'https://legacy.winningform.co.za/cover.htm']
2026-07-30 14:14:59,309 | INFO | httpx | HTTP Request: GET https://legacy.winningform.co.za "HTTP/1.1 200 OK"
2026-07-30 14:14:59,406 | INFO | httpx | HTTP Request: GET https://legacy.winningform.co.za/guide.htm "HTTP/1.1 200 OK"
2026-07-30 14:14:59,521 | INFO | httpx | HTTP Request: GET https://legacy.winningform.co.za/cover.htm "HTTP/1.1 200 OK"
2026-07-30 14:14:59,596 | INFO | httpx | HTTP Request: GET https://legacy.winningform.co.za "HTTP/1.1 200 OK"
2026-07-30 14:14:59,712 | INFO | httpx | HTTP Request: GET https://legacy.winningform.co.za/guide.htm "HTTP/1.1 200 OK"
2026-07-30 14:14:59,821 | INFO | httpx | HTTP Request: GET https://legacy.winningform.co.za/cover.htm "HTTP/1.1 200 OK"
2026-07-30 14:14:59,852 | INFO | app.scrapers.winning_form_scraper | race_links_total=41
2026-07-30 14:14:59,854 | INFO | app.scrapers.winning_form_scraper | meetings_seen=['gau-p260731', 'gau-r260730', 'gau-t260801', 'kzn-s260802', 'zim-h260731']
2026-07-30 14:14:59,959 | INFO | httpx | HTTP Request: GET https://legacy.winningform.co.za/GAU/2R260730_1.htm "HTTP/1.1 200 OK"
2026-07-30 14:15:00,040 | INFO | app.scrapers.winning_form_scraper | runner_table_used columns={'number': 0, 'name': 1, 'length_behind': 2, 'speed_index': 3, 'predicted_time': 4, 'merit': 5, 'weight': 6, 'draw': 7, 'jockey': 9, 'trainer': 10} extracted=8 stated=8
2026-07-30 14:15:00,042 | INFO | app.scrapers.winning_form_scraper | race_parsed url=https://legacy.winningform.co.za/GAU/2R260730_1.htm venue=Vaal Classic date=2026-07-30 race=1 stated=8 parsed=8
2026-07-30 14:15:00,044 | INFO | app.scrapers.winning_form_scraper | horse_names=["Rafeef's Queen", 'Miss Honey Bee', 'Royal Rant', 'Miss Fire Arrow', 'San Francisco', 'Navigatrix', 'Pretty Girl', 'Volare Veloce']
2026-07-30 14:15:00,289 | INFO | httpx | HTTP Request: GET https://legacy.winningform.co.za/GAU/2R260730_2.htm "HTTP/1.1 200 OK"
2026-07-30 14:15:00,382 | INFO | app.scrapers.winning_form_scraper | runner_table_used columns={'number': 0, 'name': 1, 'length_behind': 2, 'speed_index': 3, 'predicted_time': 4, 'merit': 5, 'weight': 6, 'draw': 7, 'jockey': 9, 'trainer': 10} extracted=9 stated=9
2026-07-30 14:15:00,384 | INFO | app.scrapers.winning_form_scraper | race_parsed url=https://legacy.winningform.co.za/GAU/2R260730_2.htm venue=Vaal Classic date=2026-07-30 race=2 stated=9 parsed=9
2026-07-30 14:15:00,385 | INFO | app.scrapers.winning_form_scraper | horse_names=['Tenareef', 'Captain Cooper', 'Flotilla', 'North Star Fury', 'Chic Shack', 'Hawkeye', 'Mocha Magic', 'Reachingforthemoon', 'Red Viking']
2026-07-30 14:15:00,614 | INFO | httpx | HTTP Request: GET https://legacy.winningform.co.za/GAU/2R260730_3.htm "HTTP/1.1 200 OK"
2026-07-30 14:15:00,909 | INFO | app.scrapers.winning_form_scraper | runner_table_used columns={'number': 0, 'name': 1, 'length_behind': 2, 'speed_index': 3, 'predicted_time': 4, 'merit': 5, 'weight': 6, 'draw': 7, 'jockey': 9, 'trainer': 10} extracted=8 stated=8
2026-07-30 14:15:00,911 | INFO | app.scrapers.winning_form_scraper | race_parsed url=https://legacy.winningform.co.za/GAU/2R260730_3.htm venue=Vaal Classic date=2026-07-30 race=3 stated=8 parsed=8
2026-07-30 14:15:00,912 | INFO | app.scrapers.winning_form_scraper | horse_names=['Beautiful One', 'Two Tigers', 'Berry Lancer', 'Dreaming Of Youth', "Leanne's Love", 'Dreadnought', 'Pittar', 'Walkinginthewoods']
2026-07-30 14:15:01,368 | INFO | httpx | HTTP Request: GET https://legacy.winningform.co.za/GAU/2R260730_4.htm "HTTP/1.1 200 OK"
2026-07-30 14:15:01,764 | INFO | app.scrapers.winning_form_scraper | runner_table_used columns={'number': 0, 'name': 1, 'length_behind': 2, 'speed_index': 3, 'predicted_time': 4, 'merit': 5, 'weight': 6, 'draw': 7, 'jockey': 9, 'trainer': 10} extracted=9 stated=9
2026-07-30 14:15:01,765 | INFO | app.scrapers.winning_form_scraper | race_parsed url=https://legacy.winningform.co.za/GAU/2R260730_4.htm venue=Vaal Classic date=2026-07-30 race=4 stated=9 parsed=9
2026-07-30 14:15:01,766 | INFO | app.scrapers.winning_form_scraper | horse_names=['Duke Of Lorraine', 'Vixeninthevineyard', 'Uncle Bob', 'Angle Of Attack', 'Silver Comet', 'Crimson Ranger', 'Echo Of The Wild', 'Gus On The Bus', 'Sivaji']
2026-07-30 14:15:02,095 | INFO | httpx | HTTP Request: GET https://legacy.winningform.co.za/GAU/2R260730_5.htm "HTTP/1.1 200 OK"
2026-07-30 14:15:02,811 | INFO | app.scrapers.winning_form_scraper | runner_table_used columns={'number': 0, 'name': 1, 'length_behind': 2, 'speed_index': 3, 'predicted_time': 4, 'merit': 5, 'weight': 6, 'draw': 7, 'jockey': 9, 'trainer': 10} extracted=9 stated=9
2026-07-30 14:15:02,812 | INFO | app.scrapers.winning_form_scraper | race_parsed url=https://legacy.winningform.co.za/GAU/2R260730_5.htm venue=Vaal Classic date=2026-07-30 race=5 stated=9 parsed=9
2026-07-30 14:15:02,813 | INFO | app.scrapers.winning_form_scraper | horse_names=['Art Nouveau', 'Frangipani', 'Azaleas For All', 'Boom Boom', 'Surprise Party', 'Lady Sabrina', 'Lady Blunt', 'Juliet Tango', 'Mount Etna']
2026-07-30 14:15:03,203 | INFO | httpx | HTTP Request: GET https://legacy.winningform.co.za/GAU/2R260730_6.htm "HTTP/1.1 200 OK"
2026-07-30 14:15:03,720 | INFO | app.scrapers.winning_form_scraper | runner_table_used columns={'number': 0, 'name': 1, 'length_behind': 2, 'speed_index': 3, 'predicted_time': 4, 'merit': 5, 'weight': 6, 'draw': 7, 'jockey': 9, 'trainer': 10} extracted=10 stated=10
2026-07-30 14:15:03,723 | INFO | app.scrapers.winning_form_scraper | race_parsed url=https://legacy.winningform.co.za/GAU/2R260730_6.htm venue=Vaal Classic date=2026-07-30 race=6 stated=10 parsed=10
2026-07-30 14:15:03,724 | INFO | app.scrapers.winning_form_scraper | horse_names=['Hopscotch', 'Bold Action', 'Utsaah', 'Play With Fire', "Kylie's Angel", "Ariel's Jet", 'Be My Fate', 'Chariklo', 'Wise Counsel', 'Cocomelon']
2026-07-30 14:15:04,019 | INFO | httpx | HTTP Request: GET https://legacy.winningform.co.za/GAU/2R260730_7.htm "HTTP/1.1 200 OK"
2026-07-30 14:15:04,579 | INFO | app.scrapers.winning_form_scraper | runner_table_used columns={'number': 0, 'name': 1, 'length_behind': 2, 'speed_index': 3, 'predicted_time': 4, 'merit': 5, 'weight': 6, 'draw': 7, 'jockey': 9, 'trainer': 10} extracted=10 stated=10
2026-07-30 14:15:04,580 | INFO | app.scrapers.winning_form_scraper | race_parsed url=https://legacy.winningform.co.za/GAU/2R260730_7.htm venue=Vaal Classic date=2026-07-30 race=7 stated=10 parsed=10
2026-07-30 14:15:04,581 | INFO | app.scrapers.winning_form_scraper | horse_names=['Stop The Traffic', 'Full Go', 'Last Ginger', 'Circle Of Grace', 'Itsnowornever', 'Ghostbuster', 'Thambi', 'Gold De Grace', 'Red Sparrow', 'Cover Charge']
2026-07-30 14:15:04,877 | INFO | httpx | HTTP Request: GET https://legacy.winningform.co.za/GAU/2R260730_8.htm "HTTP/1.1 200 OK"
2026-07-30 14:15:05,389 | INFO | app.scrapers.winning_form_scraper | runner_table_used columns={'number': 0, 'name': 1, 'length_behind': 2, 'speed_index': 3, 'predicted_time': 4, 'merit': 5, 'weight': 6, 'draw': 7, 'jockey': 9, 'trainer': 10} extracted=8 stated=8
2026-07-30 14:15:05,390 | INFO | app.scrapers.winning_form_scraper | race_parsed url=https://legacy.winningform.co.za/GAU/2R260730_8.htm venue=Vaal Classic date=2026-07-30 race=8 stated=8 parsed=8
2026-07-30 14:15:05,391 | INFO | app.scrapers.winning_form_scraper | horse_names=['Time Will Tell', 'Twentytwentyvision', 'Hammer Blow', 'Arilena', 'Taking A Risk', 'Sergeant Soqrat', 'Champagne Problems', 'Raining Rubies']
2026-07-30 14:15:05,645 | INFO | httpx | HTTP Request: GET https://legacy.winningform.co.za/GAU/2R260730_9.htm "HTTP/1.1 200 OK"
2026-07-30 14:15:06,578 | INFO | app.scrapers.winning_form_scraper | runner_table_used columns={'number': 0, 'name': 1, 'length_behind': 2, 'speed_index': 3, 'predicted_time': 4, 'merit': 5, 'weight': 6, 'draw': 7, 'jockey': 9, 'trainer': 10} extracted=17 stated=17
2026-07-30 14:15:06,579 | INFO | app.scrapers.winning_form_scraper | race_parsed url=https://legacy.winningform.co.za/GAU/2R260730_9.htm venue=Vaal Classic date=2026-07-30 race=9 stated=17 parsed=17
2026-07-30 14:15:06,581 | INFO | app.scrapers.winning_form_scraper | horse_names=['Golden Warrior', 'Satyagraha', 'Elusive Red', 'Dear Doc', "Can't Catch Me", 'Snow Moon', 'Pearl In Her Crown', 'Eiffel Tower', 'Pretty Analia', 'Shoreybomba', 'Shori Kai', 'Jabari Thimba', 'Lady Elliot', 'Prized Platinum', 'On A Jet Plane', 'Space Mission', 'Baby Red']
2026-07-30 14:15:07,002 | INFO | httpx | HTTP Request: GET https://legacy.winningform.co.za/ZIM/2H260731_1.htm "HTTP/1.1 200 OK"
2026-07-30 14:15:07,235 | INFO | app.scrapers.winning_form_scraper | runner_table_used columns={'number': 0, 'name': 1, 'length_behind': 2, 'speed_index': 3, 'predicted_time': 4, 'merit': 5, 'weight': 6, 'draw': 7, 'jockey': 9, 'trainer': 10} extracted=6 stated=6
2026-07-30 14:15:07,239 | INFO | app.scrapers.winning_form_scraper | race_parsed url=https://legacy.winningform.co.za/ZIM/2H260731_1.htm venue=Borrowdale date=2026-07-31 race=1 stated=6 parsed=6
2026-07-30 14:15:07,242 | INFO | app.scrapers.winning_form_scraper | horse_names=['Firefly Lane', "Lion's Share", 'Roman Law', 'Wintery Mansion', 'Endearing Peace', 'Majik Wine']
2026-07-30 14:15:07,461 | INFO | httpx | HTTP Request: GET https://legacy.winningform.co.za/ZIM/2H260731_2.htm "HTTP/1.1 200 OK"
2026-07-30 14:15:07,852 | INFO | app.scrapers.winning_form_scraper | runner_table_used columns={'number': 0, 'name': 1, 'length_behind': 2, 'speed_index': 3, 'predicted_time': 4, 'merit': 5, 'weight': 6, 'draw': 7, 'jockey': 9, 'trainer': 10} extracted=6 stated=6
2026-07-30 14:15:07,853 | INFO | app.scrapers.winning_form_scraper | race_parsed url=https://legacy.winningform.co.za/ZIM/2H260731_2.htm venue=Borrowdale date=2026-07-31 race=2 stated=6 parsed=6
2026-07-30 14:15:07,854 | INFO | app.scrapers.winning_form_scraper | horse_names=['Zafar', 'Queen Of Fire', 'Diamond Jim', 'Red Top', 'Ultimate Jewel', 'Festival Of Light']
2026-07-30 14:15:08,168 | INFO | httpx | HTTP Request: GET https://legacy.winningform.co.za/ZIM/2H260731_3.htm "HTTP/1.1 200 OK"
2026-07-30 14:15:08,547 | INFO | app.scrapers.winning_form_scraper | runner_table_used columns={'number': 0, 'name': 1, 'length_behind': 2, 'speed_index': 3, 'predicted_time': 4, 'merit': 5, 'weight': 6, 'draw': 7, 'jockey': 9, 'trainer': 10} extracted=6 stated=6
2026-07-30 14:15:08,548 | INFO | app.scrapers.winning_form_scraper | race_parsed url=https://legacy.winningform.co.za/ZIM/2H260731_3.htm venue=Borrowdale date=2026-07-31 race=3 stated=6 parsed=6
2026-07-30 14:15:08,549 | INFO | app.scrapers.winning_form_scraper | horse_names=['Aerial Display', 'Mizzen Sword', 'Prince Of Denmark', 'Queen Of Montmatre', 'House Of Lords', 'Captain Carnage']
2026-07-30 14:15:08,755 | INFO | httpx | HTTP Request: GET https://legacy.winningform.co.za/ZIM/2H260731_4.htm "HTTP/1.1 200 OK"
2026-07-30 14:15:09,066 | INFO | app.scrapers.winning_form_scraper | runner_table_used columns={'number': 0, 'name': 1, 'length_behind': 2, 'speed_index': 3, 'predicted_time': 4, 'merit': 5, 'weight': 6, 'draw': 7, 'jockey': 9, 'trainer': 10} extracted=5 stated=5
2026-07-30 14:15:09,068 | INFO | app.scrapers.winning_form_scraper | race_parsed url=https://legacy.winningform.co.za/ZIM/2H260731_4.htm venue=Borrowdale date=2026-07-31 race=4 stated=5 parsed=5
2026-07-30 14:15:09,070 | INFO | app.scrapers.winning_form_scraper | horse_names=['Empire Blue', 'Copper Fire', 'When Evening Comes', 'Battle Of Seattle', 'Shes Everything']
2026-07-30 14:15:09,261 | INFO | httpx | HTTP Request: GET https://legacy.winningform.co.za/ZIM/2H260731_5.htm "HTTP/1.1 200 OK"
2026-07-30 14:15:09,510 | INFO | app.scrapers.winning_form_scraper | runner_table_used columns={'number': 0, 'name': 1, 'length_behind': 2, 'speed_index': 3, 'predicted_time': 4, 'merit': 5, 'weight': 6, 'draw': 7, 'jockey': 9, 'trainer': 10} extracted=4 stated=4
2026-07-30 14:15:09,511 | INFO | app.scrapers.winning_form_scraper | race_parsed url=https://legacy.winningform.co.za/ZIM/2H260731_5.htm venue=Borrowdale date=2026-07-31 race=5 stated=4 parsed=4
2026-07-30 14:15:09,512 | INFO | app.scrapers.winning_form_scraper | horse_names=['Ultra Pursuit', 'Pocket Watch', 'Coppola', 'Guerra']
2026-07-30 14:15:09,698 | INFO | httpx | HTTP Request: GET https://legacy.winningform.co.za/ZIM/2H260731_6.htm "HTTP/1.1 200 OK"
2026-07-30 14:15:09,951 | INFO | app.scrapers.winning_form_scraper | runner_table_used columns={'number': 0, 'name': 1, 'length_behind': 2, 'speed_index': 3, 'predicted_time': 4, 'merit': 5, 'weight': 6, 'draw': 7, 'jockey': 9, 'trainer': 10} extracted=4 stated=4
2026-07-30 14:15:09,952 | INFO | app.scrapers.winning_form_scraper | race_parsed url=https://legacy.winningform.co.za/ZIM/2H260731_6.htm venue=Borrowdale date=2026-07-31 race=6 stated=4 parsed=4
2026-07-30 14:15:09,953 | INFO | app.scrapers.winning_form_scraper | horse_names=['Robin Of Locksley', 'Kagura', 'Magic Exists', 'Majestic Warrior']
2026-07-30 14:15:10,172 | INFO | httpx | HTTP Request: GET https://legacy.winningform.co.za/ZIM/2H260731_7.htm "HTTP/1.1 200 OK"
2026-07-30 14:15:10,551 | INFO | app.scrapers.winning_form_scraper | runner_table_used columns={'number': 0, 'name': 1, 'length_behind': 2, 'speed_index': 3, 'predicted_time': 4, 'merit': 5, 'weight': 6, 'draw': 7, 'jockey': 9, 'trainer': 10} extracted=5 stated=5
2026-07-30 14:15:10,552 | INFO | app.scrapers.winning_form_scraper | race_parsed url=https://legacy.winningform.co.za/ZIM/2H260731_7.htm venue=Borrowdale date=2026-07-31 race=7 stated=5 parsed=5
2026-07-30 14:15:10,555 | INFO | app.scrapers.winning_form_scraper | horse_names=['Sally Port', 'Princess Lucy', 'Matilda Fitzwalter', 'Tranquil Judi', 'Waiting On Charlie']
2026-07-30 14:15:10,930 | INFO | httpx | HTTP Request: GET https://legacy.winningform.co.za/GAU/2P260731_1.htm "HTTP/1.1 200 OK"
2026-07-30 14:15:11,200 | INFO | app.scrapers.winning_form_scraper | runner_table_used columns={'number': 0, 'name': 1, 'length_behind': 2, 'speed_index': 3, 'predicted_time': 4, 'merit': 5, 'weight': 6, 'draw': 7, 'jockey': 9, 'trainer': 10} extracted=8 stated=8
2026-07-30 14:15:11,201 | INFO | app.scrapers.winning_form_scraper | race_parsed url=https://legacy.winningform.co.za/GAU/2P260731_1.htm venue=Fairview Polytrack date=2026-07-31 race=1 stated=8 parsed=8
2026-07-30 14:15:11,203 | INFO | app.scrapers.winning_form_scraper | horse_names=['Eternal Spirit', "Nobody's Perfect", 'Seattle Glow', 'Camden Square', "Queen's Away", 'Roses For Trex', 'Bumble Bee', 'So Welcome']
2026-07-30 14:15:11,584 | INFO | httpx | HTTP Request: GET https://legacy.winningform.co.za/GAU/2P260731_2.htm "HTTP/1.1 200 OK"
2026-07-30 14:15:12,337 | INFO | app.scrapers.winning_form_scraper | runner_table_used columns={'number': 0, 'name': 1, 'length_behind': 2, 'speed_index': 3, 'predicted_time': 4, 'merit': 5, 'weight': 6, 'draw': 7, 'jockey': 9, 'trainer': 10} extracted=12 stated=12
2026-07-30 14:15:12,340 | INFO | app.scrapers.winning_form_scraper | race_parsed url=https://legacy.winningform.co.za/GAU/2P260731_2.htm venue=Fairview Polytrack date=2026-07-31 race=2 stated=12 parsed=12
2026-07-30 14:15:12,341 | INFO | app.scrapers.winning_form_scraper | horse_names=['Good Shine', 'Peekaboo', 'Mediterraneanflame', 'Made To Measure', 'Champagne Blaze', 'Witching Hour', 'Gimmethegold', 'Pretty Boy', 'Kaleesh Cyborg', 'Total Eruption', 'Matter Of Trust', 'Makajima']
2026-07-30 14:15:12,692 | INFO | httpx | HTTP Request: GET https://legacy.winningform.co.za/GAU/2P260731_3.htm "HTTP/1.1 200 OK"
2026-07-30 14:15:13,015 | INFO | app.scrapers.winning_form_scraper | runner_table_used columns={'number': 0, 'name': 1, 'length_behind': 2, 'speed_index': 3, 'predicted_time': 4, 'merit': 5, 'weight': 6, 'draw': 7, 'jockey': 9, 'trainer': 10} extracted=9 stated=9
2026-07-30 14:15:13,016 | INFO | app.scrapers.winning_form_scraper | race_parsed url=https://legacy.winningform.co.za/GAU/2P260731_3.htm venue=Fairview Polytrack date=2026-07-31 race=3 stated=9 parsed=9
2026-07-30 14:15:13,017 | INFO | app.scrapers.winning_form_scraper | horse_names=['Lovely Dancer', 'J Lordi', 'Rock Up', 'Jewel Mule', 'Alesian Beau', 'Here Comes Johnny', 'American Gem', 'Chim Chim Cheree', 'Cautionary']
2026-07-30 14:15:13,259 | INFO | httpx | HTTP Request: GET https://legacy.winningform.co.za/GAU/2P260731_4.htm "HTTP/1.1 200 OK"
2026-07-30 14:15:13,724 | INFO | app.scrapers.winning_form_scraper | runner_table_used columns={'number': 0, 'name': 1, 'length_behind': 2, 'speed_index': 3, 'predicted_time': 4, 'merit': 5, 'weight': 6, 'draw': 7, 'jockey': 9, 'trainer': 10} extracted=7 stated=7
2026-07-30 14:15:13,726 | INFO | app.scrapers.winning_form_scraper | race_parsed url=https://legacy.winningform.co.za/GAU/2P260731_4.htm venue=Fairview Polytrack date=2026-07-31 race=4 stated=7 parsed=7
2026-07-30 14:15:13,728 | INFO | app.scrapers.winning_form_scraper | horse_names=['Imaginable', 'Black Egret', 'Tintamarre', 'Warrior Of Royalty', 'Ravilious', 'Joker Man', 'Galileo Star']
2026-07-30 14:15:14,043 | INFO | httpx | HTTP Request: GET https://legacy.winningform.co.za/GAU/2P260731_5.htm "HTTP/1.1 200 OK"
2026-07-30 14:15:14,469 | INFO | app.scrapers.winning_form_scraper | runner_table_used columns={'number': 0, 'name': 1, 'length_behind': 2, 'speed_index': 3, 'predicted_time': 4, 'merit': 5, 'weight': 6, 'draw': 7, 'jockey': 9, 'trainer': 10} extracted=8 stated=8
2026-07-30 14:15:14,470 | INFO | app.scrapers.winning_form_scraper | race_parsed url=https://legacy.winningform.co.za/GAU/2P260731_5.htm venue=Fairview Polytrack date=2026-07-31 race=5 stated=8 parsed=8
2026-07-30 14:15:14,473 | INFO | app.scrapers.winning_form_scraper | horse_names=['All Systems Go', 'Play Act', 'Clairwood Rose', 'Faraway Girl', 'Arashi', 'Can You Danse', 'Ventura Boulevard', 'Rip Wheeler']
2026-07-30 14:15:14,796 | INFO | httpx | HTTP Request: GET https://legacy.winningform.co.za/GAU/2P260731_6.htm "HTTP/1.1 200 OK"
2026-07-30 14:15:15,464 | INFO | app.scrapers.winning_form_scraper | runner_table_used columns={'number': 0, 'name': 1, 'length_behind': 2, 'speed_index': 3, 'predicted_time': 4, 'merit': 5, 'weight': 6, 'draw': 7, 'jockey': 9, 'trainer': 10} extracted=12 stated=12
2026-07-30 14:15:15,465 | INFO | app.scrapers.winning_form_scraper | race_parsed url=https://legacy.winningform.co.za/GAU/2P260731_6.htm venue=Fairview Polytrack date=2026-07-31 race=6 stated=12 parsed=12
2026-07-30 14:15:15,466 | INFO | app.scrapers.winning_form_scraper | horse_names=['Winteronthegreen', 'Whirlybird', 'Moscow Miss', 'Thread Of Life', 'Greenlight Dancer', 'Atlantic Pearl', 'Physiologus', 'Blowin In The Wind', 'New Day', 'Marketa', 'Timeline', 'Wild Star']
2026-07-30 14:15:15,801 | INFO | httpx | HTTP Request: GET https://legacy.winningform.co.za/GAU/2P260731_7.htm "HTTP/1.1 200 OK"
2026-07-30 14:15:16,753 | INFO | app.scrapers.winning_form_scraper | runner_table_used columns={'number': 0, 'name': 1, 'length_behind': 2, 'speed_index': 3, 'predicted_time': 4, 'merit': 5, 'weight': 6, 'draw': 7, 'jockey': 9, 'trainer': 10} extracted=12 stated=12
2026-07-30 14:15:16,755 | INFO | app.scrapers.winning_form_scraper | race_parsed url=https://legacy.winningform.co.za/GAU/2P260731_7.htm venue=Fairview Polytrack date=2026-07-31 race=7 stated=12 parsed=12
2026-07-30 14:15:16,756 | INFO | app.scrapers.winning_form_scraper | horse_names=['Bel Canto Dream', 'Blame It On Me', 'Rhydian', 'El Romiachi', 'Disruptive', 'Amanatto', 'Show Off', 'Hospices De Beaune', 'Bosnay', 'Tokyo Princess', 'Royal Dawn', 'Fantine']
2026-07-30 14:15:17,083 | INFO | httpx | HTTP Request: GET https://legacy.winningform.co.za/GAU/2P260731_8.htm "HTTP/1.1 200 OK"
2026-07-30 14:15:17,641 | INFO | app.scrapers.winning_form_scraper | runner_table_used columns={'number': 0, 'name': 1, 'length_behind': 2, 'speed_index': 3, 'predicted_time': 4, 'merit': 5, 'weight': 6, 'draw': 7, 'jockey': 9, 'trainer': 10} extracted=10 stated=10
2026-07-30 14:15:17,642 | INFO | app.scrapers.winning_form_scraper | race_parsed url=https://legacy.winningform.co.za/GAU/2P260731_8.htm venue=Fairview Polytrack date=2026-07-31 race=8 stated=10 parsed=10
2026-07-30 14:15:17,643 | INFO | app.scrapers.winning_form_scraper | horse_names=['Lana View', 'Qondanekukhanyeni', 'Oncidium', 'Flower Festival', 'Royal Kailani', "Captain's Jet", 'Potenza', 'Back For More', "Babette's Feast", 'Mountain High']
2026-07-30 14:15:18,028 | INFO | httpx | HTTP Request: GET https://legacy.winningform.co.za/GAU/2P260731_9.htm "HTTP/1.1 200 OK"
2026-07-30 14:15:18,959 | INFO | app.scrapers.winning_form_scraper | runner_table_used columns={'number': 0, 'name': 1, 'length_behind': 2, 'speed_index': 3, 'predicted_time': 4, 'merit': 5, 'weight': 6, 'draw': 7, 'jockey': 9, 'trainer': 10} extracted=18 stated=18
2026-07-30 14:15:18,959 | INFO | app.scrapers.winning_form_scraper | race_parsed url=https://legacy.winningform.co.za/GAU/2P260731_9.htm venue=Fairview Polytrack date=2026-07-31 race=9 stated=18 parsed=18
2026-07-30 14:15:18,960 | INFO | app.scrapers.winning_form_scraper | horse_names=['San Quintin', 'Global Speak', 'Rototo', 'Drielandenpunt', 'Global Drumbeat', 'Golden Grey', "Silvano's Song", 'Preserve Forever', 'Crepuscolo', "Alado's Pride", 'Flash Lightning', 'Arividicio', 'Osmium', 'Celtique', "Tori's Girl", 'Terminal Velocity', 'Satellite World', 'Woman In Gold']
2026-07-30 14:15:19,368 | INFO | httpx | HTTP Request: GET https://legacy.winningform.co.za/GAU/2T260801_1.htm "HTTP/1.1 200 OK"
2026-07-30 14:15:19,641 | INFO | app.scrapers.winning_form_scraper | runner_table_used columns={'number': 0, 'name': 1, 'length_behind': 2, 'speed_index': 3, 'predicted_time': 4, 'merit': 5, 'weight': 6, 'draw': 7, 'jockey': 9, 'trainer': 10} extracted=9 stated=9
2026-07-30 14:15:19,642 | INFO | app.scrapers.winning_form_scraper | race_parsed url=https://legacy.winningform.co.za/GAU/2T260801_1.htm venue=Turffontein date=2026-08-01 race=1 stated=9 parsed=9
2026-07-30 14:15:19,644 | INFO | app.scrapers.winning_form_scraper | horse_names=["Jack's Legacy", 'Without Remorse', 'Purple Rain', 'Bellflower', 'Northern European', 'Raspberry Delight', 'Greenhilsofjamaica', 'Totheplaceibelong', 'Lady Aarya']
2026-07-30 14:15:20,189 | INFO | httpx | HTTP Request: GET https://legacy.winningform.co.za/GAU/2T260801_2.htm "HTTP/1.1 200 OK"
2026-07-30 14:15:20,494 | INFO | app.scrapers.winning_form_scraper | runner_table_used columns={'number': 0, 'name': 1, 'length_behind': 2, 'speed_index': 3, 'predicted_time': 4, 'merit': 5, 'weight': 6, 'draw': 7, 'jockey': 9, 'trainer': 10} extracted=7 stated=7
2026-07-30 14:15:20,496 | INFO | app.scrapers.winning_form_scraper | race_parsed url=https://legacy.winningform.co.za/GAU/2T260801_2.htm venue=Turffontein date=2026-08-01 race=2 stated=7 parsed=7
2026-07-30 14:15:20,496 | INFO | app.scrapers.winning_form_scraper | horse_names=['One Tiger', 'Sakura Hanami', 'Spy Story', 'Geostorm', 'Sherlock Holmes', "Trompe L'oeil", 'Matroosberg']
2026-07-30 14:15:20,733 | INFO | httpx | HTTP Request: GET https://legacy.winningform.co.za/GAU/2T260801_3.htm "HTTP/1.1 200 OK"
2026-07-30 14:15:21,109 | INFO | app.scrapers.winning_form_scraper | runner_table_used columns={'number': 0, 'name': 1, 'length_behind': 2, 'speed_index': 3, 'predicted_time': 4, 'merit': 5, 'weight': 6, 'draw': 7, 'jockey': 9, 'trainer': 10} extracted=7 stated=7
2026-07-30 14:15:21,110 | INFO | app.scrapers.winning_form_scraper | race_parsed url=https://legacy.winningform.co.za/GAU/2T260801_3.htm venue=Turffontein date=2026-08-01 race=3 stated=7 parsed=7
2026-07-30 14:15:21,111 | INFO | app.scrapers.winning_form_scraper | horse_names=['Lonely As A Cloud', 'Fostinovo', 'Mrs Stormiatrix', 'Ice Dragon', 'Banyan', 'Pivotal Role', 'Var Park']
2026-07-30 14:15:21,339 | INFO | httpx | HTTP Request: GET https://legacy.winningform.co.za/GAU/2T260801_4.htm "HTTP/1.1 200 OK"
2026-07-30 14:15:21,866 | INFO | app.scrapers.winning_form_scraper | runner_table_used columns={'number': 0, 'name': 1, 'length_behind': 2, 'speed_index': 3, 'predicted_time': 4, 'merit': 5, 'weight': 6, 'draw': 7, 'jockey': 9, 'trainer': 10} extracted=8 stated=8
2026-07-30 14:15:21,869 | INFO | app.scrapers.winning_form_scraper | race_parsed url=https://legacy.winningform.co.za/GAU/2T260801_4.htm venue=Turffontein date=2026-08-01 race=4 stated=8 parsed=8
2026-07-30 14:15:21,871 | INFO | app.scrapers.winning_form_scraper | horse_names=['Mount Pinatubo', 'Almond Sea', 'Karate Kid', 'Espinoza', 'African Pride', 'Whistle The Tune', 'Yamadori', 'Chieftain']
2026-07-30 14:15:22,163 | INFO | httpx | HTTP Request: GET https://legacy.winningform.co.za/GAU/2T260801_5.htm "HTTP/1.1 200 OK"
2026-07-30 14:15:22,610 | INFO | app.scrapers.winning_form_scraper | runner_table_used columns={'number': 0, 'name': 1, 'length_behind': 2, 'speed_index': 3, 'predicted_time': 4, 'merit': 5, 'weight': 6, 'draw': 7, 'jockey': 9, 'trainer': 10} extracted=7 stated=7
2026-07-30 14:15:22,614 | INFO | app.scrapers.winning_form_scraper | race_parsed url=https://legacy.winningform.co.za/GAU/2T260801_5.htm venue=Turffontein date=2026-08-01 race=5 stated=7 parsed=7
2026-07-30 14:15:22,617 | INFO | app.scrapers.winning_form_scraper | horse_names=['Dual Prophecy', 'Guerilla Warfare', "Diesel's Shadow", 'Dark Silver', 'World Order', 'Culturati', 'Unsolved Riddle']
2026-07-30 14:15:22,893 | INFO | httpx | HTTP Request: GET https://legacy.winningform.co.za/GAU/2T260801_6.htm "HTTP/1.1 200 OK"
2026-07-30 14:15:23,371 | INFO | app.scrapers.winning_form_scraper | runner_table_used columns={'number': 0, 'name': 1, 'length_behind': 2, 'speed_index': 3, 'predicted_time': 4, 'merit': 5, 'weight': 6, 'draw': 7, 'jockey': 9, 'trainer': 10} extracted=8 stated=8
2026-07-30 14:15:23,374 | INFO | app.scrapers.winning_form_scraper | race_parsed url=https://legacy.winningform.co.za/GAU/2T260801_6.htm venue=Turffontein date=2026-08-01 race=6 stated=8 parsed=8
2026-07-30 14:15:23,375 | INFO | app.scrapers.winning_form_scraper | horse_names=['Apache Son', 'The Playboy Bomber', 'Prince Of Kildare', 'Royal Edition', 'Mission To Mars', 'Flashy Apache', 'Mo Ment', 'Positive Attitude']
2026-07-30 14:15:23,746 | INFO | httpx | HTTP Request: GET https://legacy.winningform.co.za/GAU/2T260801_7.htm "HTTP/1.1 200 OK"
2026-07-30 14:15:24,314 | INFO | app.scrapers.winning_form_scraper | runner_table_used columns={'number': 0, 'name': 1, 'length_behind': 2, 'speed_index': 3, 'predicted_time': 4, 'merit': 5, 'weight': 6, 'draw': 7, 'jockey': 9, 'trainer': 10} extracted=9 stated=9
2026-07-30 14:15:24,316 | INFO | app.scrapers.winning_form_scraper | race_parsed url=https://legacy.winningform.co.za/GAU/2T260801_7.htm venue=Turffontein date=2026-08-01 race=7 stated=9 parsed=9
2026-07-30 14:15:24,318 | INFO | app.scrapers.winning_form_scraper | horse_names=['Arumugam', 'Orange County', 'Harun Al Rashid', 'Sky Pilot', 'Knowmore', 'Ideal Summer', 'After Hours', 'Gimmethespotlight', 'Winding Power']
2026-07-30 14:15:24,735 | INFO | httpx | HTTP Request: GET https://legacy.winningform.co.za/GAU/2T260801_8.htm "HTTP/1.1 200 OK"
2026-07-30 14:15:25,328 | INFO | app.scrapers.winning_form_scraper | runner_table_used columns={'number': 0, 'name': 1, 'length_behind': 2, 'speed_index': 3, 'predicted_time': 4, 'merit': 5, 'weight': 6, 'draw': 7, 'jockey': 9, 'trainer': 10} extracted=11 stated=11
2026-07-30 14:15:25,329 | INFO | app.scrapers.winning_form_scraper | race_parsed url=https://legacy.winningform.co.za/GAU/2T260801_8.htm venue=Turffontein date=2026-08-01 race=8 stated=11 parsed=11
2026-07-30 14:15:25,330 | INFO | app.scrapers.winning_form_scraper | horse_names=['Naretoi', 'Southampton', 'Longsword', 'Commander Of All', 'Sunset Warrior', 'Michael Faraday', 'Coming In Hot', 'Rock My Boat', 'Spirit Of Gabz', 'Rising Eagle', 'Circus Lights']
2026-07-30 14:15:25,658 | INFO | httpx | HTTP Request: GET https://legacy.winningform.co.za/KZN/2S260802_1.htm "HTTP/1.1 200 OK"
2026-07-30 14:15:26,104 | INFO | app.scrapers.winning_form_scraper | runner_table_used columns={'number': 0, 'name': 1, 'length_behind': 2, 'speed_index': 3, 'predicted_time': 4, 'merit': 5, 'weight': 6, 'draw': 7, 'jockey': 9, 'trainer': 10} extracted=13 stated=13
2026-07-30 14:15:26,107 | INFO | app.scrapers.winning_form_scraper | race_parsed url=https://legacy.winningform.co.za/KZN/2S260802_1.htm venue=Hollywoodbets Scottsville Outer date=2026-08-02 race=1 stated=13 parsed=13
2026-07-30 14:15:26,111 | INFO | app.scrapers.winning_form_scraper | horse_names=['Iceberg Rose', 'Forthegoodtimes', 'Tipperary', 'Pink Skies', 'Lovecomesknocking', 'Sweet Cherry', 'So Indi', 'Timeless Wonder', 'Bellanca Viking', 'Gezouten Haring', 'Linguistic', 'Princess Positano', 'Fleur Delacour']
2026-07-30 14:15:26,463 | INFO | httpx | HTTP Request: GET https://legacy.winningform.co.za/KZN/2S260802_2.htm "HTTP/1.1 200 OK"
2026-07-30 14:15:26,897 | INFO | app.scrapers.winning_form_scraper | runner_table_used columns={'number': 0, 'name': 1, 'length_behind': 2, 'speed_index': 3, 'predicted_time': 4, 'merit': 5, 'weight': 6, 'draw': 7, 'jockey': 9, 'trainer': 10} extracted=13 stated=13
2026-07-30 14:15:26,898 | INFO | app.scrapers.winning_form_scraper | race_parsed url=https://legacy.winningform.co.za/KZN/2S260802_2.htm venue=Hollywoodbets Scottsville Outer date=2026-08-02 race=2 stated=13 parsed=13
2026-07-30 14:15:26,900 | INFO | app.scrapers.winning_form_scraper | horse_names=['Gimme The Power', 'Floral Kingdom', 'Sweet Faye', "Queen's Bounty", 'Ayzal', 'Secret Ambition', 'Sherpa Queen', 'Rustige Kracht', 'Tokyo Girl', 'Vivalto', 'Mighty Minnie', 'Queen Indrani', 'Umoyawokubambelela']
2026-07-30 14:15:27,269 | INFO | httpx | HTTP Request: GET https://legacy.winningform.co.za/KZN/2S260802_3.htm "HTTP/1.1 200 OK"
2026-07-30 14:15:27,665 | INFO | app.scrapers.winning_form_scraper | runner_table_used columns={'number': 0, 'name': 1, 'length_behind': 2, 'speed_index': 3, 'predicted_time': 4, 'merit': 5, 'weight': 6, 'draw': 7, 'jockey': 9, 'trainer': 10} extracted=8 stated=8
2026-07-30 14:15:27,667 | INFO | app.scrapers.winning_form_scraper | race_parsed url=https://legacy.winningform.co.za/KZN/2S260802_3.htm venue=Hollywoodbets Scottsville Inner date=2026-08-02 race=3 stated=8 parsed=8
2026-07-30 14:15:27,668 | INFO | app.scrapers.winning_form_scraper | horse_names=['Future Prospect', 'Cali Bullet', 'Peaceful Duchess', 'After The Fire', "Chef's Kiss", 'Jenny Darling', 'Guild The Lilly', 'Anemie']
2026-07-30 14:15:27,940 | INFO | httpx | HTTP Request: GET https://legacy.winningform.co.za/KZN/2S260802_4.htm "HTTP/1.1 200 OK"
2026-07-30 14:15:28,399 | INFO | app.scrapers.winning_form_scraper | runner_table_used columns={'number': 0, 'name': 1, 'length_behind': 2, 'speed_index': 3, 'predicted_time': 4, 'merit': 5, 'weight': 6, 'draw': 7, 'jockey': 9, 'trainer': 10} extracted=8 stated=8
2026-07-30 14:15:28,399 | INFO | app.scrapers.winning_form_scraper | race_parsed url=https://legacy.winningform.co.za/KZN/2S260802_4.htm venue=Hollywoodbets Scottsville Inner date=2026-08-02 race=4 stated=8 parsed=8
2026-07-30 14:15:28,401 | INFO | app.scrapers.winning_form_scraper | horse_names=["Zena's Act", 'Golden Angel', 'Our Lady Fate', 'Stampede Ahead', 'Sesame', 'Cool Wind', 'Hurricane Flight', 'Mary Read']
2026-07-30 14:15:28,746 | INFO | httpx | HTTP Request: GET https://legacy.winningform.co.za/KZN/2S260802_5.htm "HTTP/1.1 200 OK"
2026-07-30 14:15:29,914 | INFO | app.scrapers.winning_form_scraper | runner_table_used columns={'number': 0, 'name': 1, 'length_behind': 2, 'speed_index': 3, 'predicted_time': 4, 'merit': 5, 'weight': 6, 'draw': 7, 'jockey': 9, 'trainer': 10} extracted=12 stated=12
2026-07-30 14:15:29,915 | INFO | app.scrapers.winning_form_scraper | race_parsed url=https://legacy.winningform.co.za/KZN/2S260802_5.htm venue=Hollywoodbets Scottsville Inner date=2026-08-02 race=5 stated=12 parsed=12
2026-07-30 14:15:29,917 | INFO | app.scrapers.winning_form_scraper | horse_names=['Serpentine Fire', "Sascha's Dream", 'Blizzardboy', 'Master Bomber', 'Buddy Boy', 'Trois Trois Quatre', 'Song To The Moon', 'Queue Wing', 'Red Cardinal', 'Dancing On A Cloud', 'Charlie Bucket', 'Double Causeway']
2026-07-30 14:15:30,246 | INFO | httpx | HTTP Request: GET https://legacy.winningform.co.za/KZN/2S260802_6.htm "HTTP/1.1 200 OK"
2026-07-30 14:15:30,750 | INFO | app.scrapers.winning_form_scraper | runner_table_used columns={'number': 0, 'name': 1, 'length_behind': 2, 'speed_index': 3, 'predicted_time': 4, 'merit': 5, 'weight': 6, 'draw': 7, 'jockey': 9, 'trainer': 10} extracted=9 stated=9
2026-07-30 14:15:30,751 | INFO | app.scrapers.winning_form_scraper | race_parsed url=https://legacy.winningform.co.za/KZN/2S260802_6.htm venue=Hollywoodbets Scottsville Inner date=2026-08-02 race=6 stated=9 parsed=9
2026-07-30 14:15:30,752 | INFO | app.scrapers.winning_form_scraper | horse_names=['Poursomesugaronme', "Captain's Pride", 'Izibulo', 'Sign Of Fate', 'Alltheboysiveloved', 'Shesha Ntombi', 'Blue Poppy', 'Rikkitikkitavi', 'Queen Amina']
2026-07-30 14:15:31,017 | INFO | httpx | HTTP Request: GET https://legacy.winningform.co.za/KZN/2S260802_7.htm "HTTP/1.1 200 OK"
2026-07-30 14:15:31,482 | INFO | app.scrapers.winning_form_scraper | runner_table_used columns={'number': 0, 'name': 1, 'length_behind': 2, 'speed_index': 3, 'predicted_time': 4, 'merit': 5, 'weight': 6, 'draw': 7, 'jockey': 9, 'trainer': 10} extracted=8 stated=8
2026-07-30 14:15:31,484 | INFO | app.scrapers.winning_form_scraper | race_parsed url=https://legacy.winningform.co.za/KZN/2S260802_7.htm venue=Hollywoodbets Scottsville Outer date=2026-08-02 race=7 stated=8 parsed=8
2026-07-30 14:15:31,486 | INFO | app.scrapers.winning_form_scraper | horse_names=['Trafalgar Square', 'Cappellino', 'Champagne Mac', 'Bless Me Fred', 'Futano', 'Intrepid', "Jane's Vision", "Mia's Athena"]
2026-07-30 14:15:31,766 | INFO | httpx | HTTP Request: GET https://legacy.winningform.co.za/KZN/2S260802_8.htm "HTTP/1.1 200 OK"
2026-07-30 14:15:32,371 | INFO | app.scrapers.winning_form_scraper | runner_table_used columns={'number': 0, 'name': 1, 'length_behind': 2, 'speed_index': 3, 'predicted_time': 4, 'merit': 5, 'weight': 6, 'draw': 7, 'jockey': 9, 'trainer': 10} extracted=11 stated=11
2026-07-30 14:15:32,372 | INFO | app.scrapers.winning_form_scraper | race_parsed url=https://legacy.winningform.co.za/KZN/2S260802_8.htm venue=Hollywoodbets Scottsville Outer date=2026-08-02 race=8 stated=11 parsed=11
2026-07-30 14:15:32,373 | INFO | app.scrapers.winning_form_scraper | horse_names=['Axis Power', 'Cavalry Commander', 'Blazing Fury', 'Military Command', 'Luneluck', 'Smorgasbord', 'Billy Cool', 'Call Of The Karoo', 'Rock Music', 'Caribbean Gold', 'Queen Of The Spear']
2026-07-30 14:15:32,604 | INFO | app.services.monitoring_service | monitoring_cycle_completed
2026-07-30 14:15:32,605 | INFO | app.main | application_started
2026-07-30 14:26:23,317 | INFO | apscheduler.scheduler | Scheduler has been shut down
2026-07-30 14:26:23,324 | INFO | app.main | application_stopped
2026-07-30 14:26:27,093 | INFO | apscheduler.scheduler | Adding job tentatively -- it will be properly scheduled when the scheduler starts
2026-07-30 14:26:27,097 | INFO | apscheduler.scheduler | Added job "MonitoringService.run_cycle" to job store "default"
2026-07-30 14:26:27,100 | INFO | apscheduler.scheduler | Scheduler started
2026-07-30 14:26:27,102 | INFO | app.services.monitoring_service | monitoring_cycle_started
2026-07-30 14:26:27,436 | INFO | httpx | HTTP Request: GET https://legacy.winningform.co.za "HTTP/1.1 200 OK"
2026-07-30 14:26:27,452 | INFO | app.scrapers.winning_form_scraper | fetch_index_frames=['https://legacy.winningform.co.za/guide.htm', 'https://legacy.winningform.co.za/cover.htm']
2026-07-30 14:26:27,621 | INFO | httpx | HTTP Request: GET https://legacy.winningform.co.za "HTTP/1.1 200 OK"
2026-07-30 14:26:27,717 | INFO | httpx | HTTP Request: GET https://legacy.winningform.co.za/guide.htm "HTTP/1.1 200 OK"
2026-07-30 14:26:27,816 | INFO | httpx | HTTP Request: GET https://legacy.winningform.co.za/cover.htm "HTTP/1.1 200 OK"
2026-07-30 14:26:27,893 | INFO | httpx | HTTP Request: GET https://legacy.winningform.co.za "HTTP/1.1 200 OK"
2026-07-30 14:26:27,973 | INFO | httpx | HTTP Request: GET https://legacy.winningform.co.za/guide.htm "HTTP/1.1 200 OK"
2026-07-30 14:26:28,051 | INFO | httpx | HTTP Request: GET https://legacy.winningform.co.za/cover.htm "HTTP/1.1 200 OK"
2026-07-30 14:26:28,071 | INFO | app.scrapers.winning_form_scraper | race_links_total=41
2026-07-30 14:26:28,074 | INFO | app.scrapers.winning_form_scraper | meetings_seen=['gau-p260731', 'gau-r260730', 'gau-t260801', 'kzn-s260802', 'zim-h260731']
2026-07-30 14:26:28,180 | INFO | httpx | HTTP Request: GET https://legacy.winningform.co.za/GAU/2R260730_1.htm "HTTP/1.1 200 OK"
2026-07-30 14:26:28,394 | INFO | app.scrapers.winning_form_scraper | runner_table_used columns={'number': 0, 'name': 1, 'length_behind': 2, 'speed_index': 3, 'predicted_time': 4, 'merit': 5, 'weight': 6, 'draw': 7, 'jockey': 9, 'trainer': 10} extracted=8 stated=8
2026-07-30 14:26:28,397 | INFO | app.scrapers.winning_form_scraper | race_parsed url=https://legacy.winningform.co.za/GAU/2R260730_1.htm venue=Vaal Classic date=2026-07-30 race=1 stated=8 parsed=8
2026-07-30 14:26:28,398 | INFO | app.scrapers.winning_form_scraper | horse_names=["Rafeef's Queen", 'Miss Honey Bee', 'Royal Rant', 'Miss Fire Arrow', 'San Francisco', 'Navigatrix', 'Pretty Girl', 'Volare Veloce']
2026-07-30 14:26:28,768 | INFO | httpx | HTTP Request: GET https://legacy.winningform.co.za/GAU/2R260730_2.htm "HTTP/1.1 200 OK"
2026-07-30 14:26:28,999 | INFO | app.scrapers.winning_form_scraper | runner_table_used columns={'number': 0, 'name': 1, 'length_behind': 2, 'speed_index': 3, 'predicted_time': 4, 'merit': 5, 'weight': 6, 'draw': 7, 'jockey': 9, 'trainer': 10} extracted=9 stated=9
2026-07-30 14:26:29,000 | INFO | app.scrapers.winning_form_scraper | race_parsed url=https://legacy.winningform.co.za/GAU/2R260730_2.htm venue=Vaal Classic date=2026-07-30 race=2 stated=9 parsed=9
2026-07-30 14:26:29,002 | INFO | app.scrapers.winning_form_scraper | horse_names=['Tenareef', 'Captain Cooper', 'Flotilla', 'North Star Fury', 'Chic Shack', 'Hawkeye', 'Mocha Magic', 'Reachingforthemoon', 'Red Viking']
2026-07-30 14:26:29,221 | INFO | httpx | HTTP Request: GET https://legacy.winningform.co.za/GAU/2R260730_3.htm "HTTP/1.1 200 OK"
2026-07-30 14:26:29,515 | INFO | app.scrapers.winning_form_scraper | runner_table_used columns={'number': 0, 'name': 1, 'length_behind': 2, 'speed_index': 3, 'predicted_time': 4, 'merit': 5, 'weight': 6, 'draw': 7, 'jockey': 9, 'trainer': 10} extracted=8 stated=8
2026-07-30 14:26:29,517 | INFO | app.scrapers.winning_form_scraper | race_parsed url=https://legacy.winningform.co.za/GAU/2R260730_3.htm venue=Vaal Classic date=2026-07-30 race=3 stated=8 parsed=8
2026-07-30 14:26:29,518 | INFO | app.scrapers.winning_form_scraper | horse_names=['Beautiful One', 'Two Tigers', 'Berry Lancer', 'Dreaming Of Youth', "Leanne's Love", 'Dreadnought', 'Pittar', 'Walkinginthewoods']
2026-07-30 14:26:29,771 | INFO | httpx | HTTP Request: GET https://legacy.winningform.co.za/GAU/2R260730_4.htm "HTTP/1.1 200 OK"
2026-07-30 14:26:30,154 | INFO | app.scrapers.winning_form_scraper | runner_table_used columns={'number': 0, 'name': 1, 'length_behind': 2, 'speed_index': 3, 'predicted_time': 4, 'merit': 5, 'weight': 6, 'draw': 7, 'jockey': 9, 'trainer': 10} extracted=9 stated=9
2026-07-30 14:26:30,157 | INFO | app.scrapers.winning_form_scraper | race_parsed url=https://legacy.winningform.co.za/GAU/2R260730_4.htm venue=Vaal Classic date=2026-07-30 race=4 stated=9 parsed=9
2026-07-30 14:26:30,159 | INFO | app.scrapers.winning_form_scraper | horse_names=['Duke Of Lorraine', 'Vixeninthevineyard', 'Uncle Bob', 'Angle Of Attack', 'Silver Comet', 'Crimson Ranger', 'Echo Of The Wild', 'Gus On The Bus', 'Sivaji']
2026-07-30 14:26:30,452 | INFO | httpx | HTTP Request: GET https://legacy.winningform.co.za/GAU/2R260730_5.htm "HTTP/1.1 200 OK"
2026-07-30 14:26:31,271 | INFO | app.scrapers.winning_form_scraper | runner_table_used columns={'number': 0, 'name': 1, 'length_behind': 2, 'speed_index': 3, 'predicted_time': 4, 'merit': 5, 'weight': 6, 'draw': 7, 'jockey': 9, 'trainer': 10} extracted=9 stated=9
2026-07-30 14:26:31,276 | INFO | app.scrapers.winning_form_scraper | race_parsed url=https://legacy.winningform.co.za/GAU/2R260730_5.htm venue=Vaal Classic date=2026-07-30 race=5 stated=9 parsed=9
2026-07-30 14:26:31,280 | INFO | app.scrapers.winning_form_scraper | horse_names=['Art Nouveau', 'Frangipani', 'Azaleas For All', 'Boom Boom', 'Surprise Party', 'Lady Sabrina', 'Lady Blunt', 'Juliet Tango', 'Mount Etna']
2026-07-30 14:26:31,576 | INFO | httpx | HTTP Request: GET https://legacy.winningform.co.za/GAU/2R260730_6.htm "HTTP/1.1 200 OK"
2026-07-30 14:26:32,167 | INFO | app.scrapers.winning_form_scraper | runner_table_used columns={'number': 0, 'name': 1, 'length_behind': 2, 'speed_index': 3, 'predicted_time': 4, 'merit': 5, 'weight': 6, 'draw': 7, 'jockey': 9, 'trainer': 10} extracted=10 stated=10
2026-07-30 14:26:32,168 | INFO | app.scrapers.winning_form_scraper | race_parsed url=https://legacy.winningform.co.za/GAU/2R260730_6.htm venue=Vaal Classic date=2026-07-30 race=6 stated=10 parsed=10
2026-07-30 14:26:32,171 | INFO | app.scrapers.winning_form_scraper | horse_names=['Hopscotch', 'Bold Action', 'Utsaah', 'Play With Fire', "Kylie's Angel", "Ariel's Jet", 'Be My Fate', 'Chariklo', 'Wise Counsel', 'Cocomelon']
2026-07-30 14:26:32,460 | INFO | httpx | HTTP Request: GET https://legacy.winningform.co.za/GAU/2R260730_7.htm "HTTP/1.1 200 OK"
2026-07-30 14:26:33,205 | INFO | app.scrapers.winning_form_scraper | runner_table_used columns={'number': 0, 'name': 1, 'length_behind': 2, 'speed_index': 3, 'predicted_time': 4, 'merit': 5, 'weight': 6, 'draw': 7, 'jockey': 9, 'trainer': 10} extracted=10 stated=10
2026-07-30 14:26:33,210 | INFO | app.scrapers.winning_form_scraper | race_parsed url=https://legacy.winningform.co.za/GAU/2R260730_7.htm venue=Vaal Classic date=2026-07-30 race=7 stated=10 parsed=10
2026-07-30 14:26:33,213 | INFO | app.scrapers.winning_form_scraper | horse_names=['Stop The Traffic', 'Full Go', 'Last Ginger', 'Circle Of Grace', 'Itsnowornever', 'Ghostbuster', 'Thambi', 'Gold De Grace', 'Red Sparrow', 'Cover Charge']
2026-07-30 14:26:33,574 | INFO | httpx | HTTP Request: GET https://legacy.winningform.co.za/GAU/2R260730_8.htm "HTTP/1.1 200 OK"
2026-07-30 14:26:34,234 | INFO | app.scrapers.winning_form_scraper | runner_table_used columns={'number': 0, 'name': 1, 'length_behind': 2, 'speed_index': 3, 'predicted_time': 4, 'merit': 5, 'weight': 6, 'draw': 7, 'jockey': 9, 'trainer': 10} extracted=8 stated=8
2026-07-30 14:26:34,238 | INFO | app.scrapers.winning_form_scraper | race_parsed url=https://legacy.winningform.co.za/GAU/2R260730_8.htm venue=Vaal Classic date=2026-07-30 race=8 stated=8 parsed=8
2026-07-30 14:26:34,240 | INFO | app.scrapers.winning_form_scraper | horse_names=['Time Will Tell', 'Twentytwentyvision', 'Hammer Blow', 'Arilena', 'Taking A Risk', 'Sergeant Soqrat', 'Champagne Problems', 'Raining Rubies']
2026-07-30 14:26:34,611 | INFO | httpx | HTTP Request: GET https://legacy.winningform.co.za/GAU/2R260730_9.htm "HTTP/1.1 200 OK"
2026-07-30 14:26:35,643 | INFO | app.scrapers.winning_form_scraper | runner_table_used columns={'number': 0, 'name': 1, 'length_behind': 2, 'speed_index': 3, 'predicted_time': 4, 'merit': 5, 'weight': 6, 'draw': 7, 'jockey': 9, 'trainer': 10} extracted=17 stated=17
2026-07-30 14:26:35,647 | INFO | app.scrapers.winning_form_scraper | race_parsed url=https://legacy.winningform.co.za/GAU/2R260730_9.htm venue=Vaal Classic date=2026-07-30 race=9 stated=17 parsed=17
2026-07-30 14:26:35,649 | INFO | app.scrapers.winning_form_scraper | horse_names=['Golden Warrior', 'Satyagraha', 'Elusive Red', 'Dear Doc', "Can't Catch Me", 'Snow Moon', 'Pearl In Her Crown', 'Eiffel Tower', 'Pretty Analia', 'Shoreybomba', 'Shori Kai', 'Jabari Thimba', 'Lady Elliot', 'Prized Platinum', 'On A Jet Plane', 'Space Mission', 'Baby Red']
2026-07-30 14:26:36,143 | INFO | httpx | HTTP Request: GET https://legacy.winningform.co.za/ZIM/2H260731_1.htm "HTTP/1.1 200 OK"
2026-07-30 14:26:36,384 | INFO | app.scrapers.winning_form_scraper | runner_table_used columns={'number': 0, 'name': 1, 'length_behind': 2, 'speed_index': 3, 'predicted_time': 4, 'merit': 5, 'weight': 6, 'draw': 7, 'jockey': 9, 'trainer': 10} extracted=6 stated=6
2026-07-30 14:26:36,387 | INFO | app.scrapers.winning_form_scraper | race_parsed url=https://legacy.winningform.co.za/ZIM/2H260731_1.htm venue=Borrowdale date=2026-07-31 race=1 stated=6 parsed=6
2026-07-30 14:26:36,389 | INFO | app.scrapers.winning_form_scraper | horse_names=['Firefly Lane', "Lion's Share", 'Roman Law', 'Wintery Mansion', 'Endearing Peace', 'Majik Wine']
2026-07-30 14:26:36,612 | INFO | httpx | HTTP Request: GET https://legacy.winningform.co.za/ZIM/2H260731_2.htm "HTTP/1.1 200 OK"
2026-07-30 14:26:37,021 | INFO | app.scrapers.winning_form_scraper | runner_table_used columns={'number': 0, 'name': 1, 'length_behind': 2, 'speed_index': 3, 'predicted_time': 4, 'merit': 5, 'weight': 6, 'draw': 7, 'jockey': 9, 'trainer': 10} extracted=6 stated=6
2026-07-30 14:26:37,024 | INFO | app.scrapers.winning_form_scraper | race_parsed url=https://legacy.winningform.co.za/ZIM/2H260731_2.htm venue=Borrowdale date=2026-07-31 race=2 stated=6 parsed=6
2026-07-30 14:26:37,027 | INFO | app.scrapers.winning_form_scraper | horse_names=['Zafar', 'Queen Of Fire', 'Diamond Jim', 'Red Top', 'Ultimate Jewel', 'Festival Of Light']
2026-07-30 14:26:37,357 | INFO | httpx | HTTP Request: GET https://legacy.winningform.co.za/ZIM/2H260731_3.htm "HTTP/1.1 200 OK"
2026-07-30 14:26:37,805 | INFO | app.scrapers.winning_form_scraper | runner_table_used columns={'number': 0, 'name': 1, 'length_behind': 2, 'speed_index': 3, 'predicted_time': 4, 'merit': 5, 'weight': 6, 'draw': 7, 'jockey': 9, 'trainer': 10} extracted=6 stated=6
2026-07-30 14:26:37,806 | INFO | app.scrapers.winning_form_scraper | race_parsed url=https://legacy.winningform.co.za/ZIM/2H260731_3.htm venue=Borrowdale date=2026-07-31 race=3 stated=6 parsed=6
2026-07-30 14:26:37,808 | INFO | app.scrapers.winning_form_scraper | horse_names=['Aerial Display', 'Mizzen Sword', 'Prince Of Denmark', 'Queen Of Montmatre', 'House Of Lords', 'Captain Carnage']
2026-07-30 14:26:38,049 | INFO | httpx | HTTP Request: GET https://legacy.winningform.co.za/ZIM/2H260731_4.htm "HTTP/1.1 200 OK"
2026-07-30 14:26:38,379 | INFO | app.scrapers.winning_form_scraper | runner_table_used columns={'number': 0, 'name': 1, 'length_behind': 2, 'speed_index': 3, 'predicted_time': 4, 'merit': 5, 'weight': 6, 'draw': 7, 'jockey': 9, 'trainer': 10} extracted=5 stated=5
2026-07-30 14:26:38,382 | INFO | app.scrapers.winning_form_scraper | race_parsed url=https://legacy.winningform.co.za/ZIM/2H260731_4.htm venue=Borrowdale date=2026-07-31 race=4 stated=5 parsed=5
2026-07-30 14:26:38,383 | INFO | app.scrapers.winning_form_scraper | horse_names=['Empire Blue', 'Copper Fire', 'When Evening Comes', 'Battle Of Seattle', 'Shes Everything']
2026-07-30 14:26:38,626 | INFO | httpx | HTTP Request: GET https://legacy.winningform.co.za/ZIM/2H260731_5.htm "HTTP/1.1 200 OK"
2026-07-30 14:26:38,942 | INFO | app.scrapers.winning_form_scraper | runner_table_used columns={'number': 0, 'name': 1, 'length_behind': 2, 'speed_index': 3, 'predicted_time': 4, 'merit': 5, 'weight': 6, 'draw': 7, 'jockey': 9, 'trainer': 10} extracted=4 stated=4
2026-07-30 14:26:38,946 | INFO | app.scrapers.winning_form_scraper | race_parsed url=https://legacy.winningform.co.za/ZIM/2H260731_5.htm venue=Borrowdale date=2026-07-31 race=5 stated=4 parsed=4
2026-07-30 14:26:38,949 | INFO | app.scrapers.winning_form_scraper | horse_names=['Ultra Pursuit', 'Pocket Watch', 'Coppola', 'Guerra']
2026-07-30 14:26:39,137 | INFO | httpx | HTTP Request: GET https://legacy.winningform.co.za/ZIM/2H260731_6.htm "HTTP/1.1 200 OK"
2026-07-30 14:26:39,426 | INFO | app.scrapers.winning_form_scraper | runner_table_used columns={'number': 0, 'name': 1, 'length_behind': 2, 'speed_index': 3, 'predicted_time': 4, 'merit': 5, 'weight': 6, 'draw': 7, 'jockey': 9, 'trainer': 10} extracted=4 stated=4
2026-07-30 14:26:39,428 | INFO | app.scrapers.winning_form_scraper | race_parsed url=https://legacy.winningform.co.za/ZIM/2H260731_6.htm venue=Borrowdale date=2026-07-31 race=6 stated=4 parsed=4
2026-07-30 14:26:39,432 | INFO | app.scrapers.winning_form_scraper | horse_names=['Robin Of Locksley', 'Kagura', 'Magic Exists', 'Majestic Warrior']
2026-07-30 14:26:39,679 | INFO | httpx | HTTP Request: GET https://legacy.winningform.co.za/ZIM/2H260731_7.htm "HTTP/1.1 200 OK"
2026-07-30 14:26:40,010 | INFO | app.scrapers.winning_form_scraper | runner_table_used columns={'number': 0, 'name': 1, 'length_behind': 2, 'speed_index': 3, 'predicted_time': 4, 'merit': 5, 'weight': 6, 'draw': 7, 'jockey': 9, 'trainer': 10} extracted=5 stated=5
2026-07-30 14:26:40,012 | INFO | app.scrapers.winning_form_scraper | race_parsed url=https://legacy.winningform.co.za/ZIM/2H260731_7.htm venue=Borrowdale date=2026-07-31 race=7 stated=5 parsed=5
2026-07-30 14:26:40,014 | INFO | app.scrapers.winning_form_scraper | horse_names=['Sally Port', 'Princess Lucy', 'Matilda Fitzwalter', 'Tranquil Judi', 'Waiting On Charlie']
2026-07-30 14:26:40,237 | INFO | httpx | HTTP Request: GET https://legacy.winningform.co.za/GAU/2P260731_1.htm "HTTP/1.1 200 OK"
2026-07-30 14:26:40,526 | INFO | app.scrapers.winning_form_scraper | runner_table_used columns={'number': 0, 'name': 1, 'length_behind': 2, 'speed_index': 3, 'predicted_time': 4, 'merit': 5, 'weight': 6, 'draw': 7, 'jockey': 9, 'trainer': 10} extracted=8 stated=8
2026-07-30 14:26:40,527 | INFO | app.scrapers.winning_form_scraper | race_parsed url=https://legacy.winningform.co.za/GAU/2P260731_1.htm venue=Fairview Polytrack date=2026-07-31 race=1 stated=8 parsed=8
2026-07-30 14:26:40,528 | INFO | app.scrapers.winning_form_scraper | horse_names=['Eternal Spirit', "Nobody's Perfect", 'Seattle Glow', 'Camden Square', "Queen's Away", 'Roses For Trex', 'Bumble Bee', 'So Welcome']
2026-07-30 14:26:40,840 | INFO | httpx | HTTP Request: GET https://legacy.winningform.co.za/GAU/2P260731_2.htm "HTTP/1.1 200 OK"
2026-07-30 14:26:41,532 | INFO | app.scrapers.winning_form_scraper | runner_table_used columns={'number': 0, 'name': 1, 'length_behind': 2, 'speed_index': 3, 'predicted_time': 4, 'merit': 5, 'weight': 6, 'draw': 7, 'jockey': 9, 'trainer': 10} extracted=12 stated=12
2026-07-30 14:26:41,535 | INFO | app.scrapers.winning_form_scraper | race_parsed url=https://legacy.winningform.co.za/GAU/2P260731_2.htm venue=Fairview Polytrack date=2026-07-31 race=2 stated=12 parsed=12
2026-07-30 14:26:41,536 | INFO | app.scrapers.winning_form_scraper | horse_names=['Good Shine', 'Peekaboo', 'Mediterraneanflame', 'Made To Measure', 'Champagne Blaze', 'Witching Hour', 'Gimmethegold', 'Pretty Boy', 'Kaleesh Cyborg', 'Total Eruption', 'Matter Of Trust', 'Makajima']
2026-07-30 14:26:41,915 | INFO | httpx | HTTP Request: GET https://legacy.winningform.co.za/GAU/2P260731_3.htm "HTTP/1.1 200 OK"
2026-07-30 14:26:42,308 | INFO | app.scrapers.winning_form_scraper | runner_table_used columns={'number': 0, 'name': 1, 'length_behind': 2, 'speed_index': 3, 'predicted_time': 4, 'merit': 5, 'weight': 6, 'draw': 7, 'jockey': 9, 'trainer': 10} extracted=9 stated=9
2026-07-30 14:26:42,309 | INFO | app.scrapers.winning_form_scraper | race_parsed url=https://legacy.winningform.co.za/GAU/2P260731_3.htm venue=Fairview Polytrack date=2026-07-31 race=3 stated=9 parsed=9
2026-07-30 14:26:42,311 | INFO | app.scrapers.winning_form_scraper | horse_names=['Lovely Dancer', 'J Lordi', 'Rock Up', 'Jewel Mule', 'Alesian Beau', 'Here Comes Johnny', 'American Gem', 'Chim Chim Cheree', 'Cautionary']
2026-07-30 14:26:42,627 | INFO | httpx | HTTP Request: GET https://legacy.winningform.co.za/GAU/2P260731_4.htm "HTTP/1.1 200 OK"
2026-07-30 14:26:43,155 | INFO | app.scrapers.winning_form_scraper | runner_table_used columns={'number': 0, 'name': 1, 'length_behind': 2, 'speed_index': 3, 'predicted_time': 4, 'merit': 5, 'weight': 6, 'draw': 7, 'jockey': 9, 'trainer': 10} extracted=7 stated=7
2026-07-30 14:26:43,156 | INFO | app.scrapers.winning_form_scraper | race_parsed url=https://legacy.winningform.co.za/GAU/2P260731_4.htm venue=Fairview Polytrack date=2026-07-31 race=4 stated=7 parsed=7
2026-07-30 14:26:43,157 | INFO | app.scrapers.winning_form_scraper | horse_names=['Imaginable', 'Black Egret', 'Tintamarre', 'Warrior Of Royalty', 'Ravilious', 'Joker Man', 'Galileo Star']
2026-07-30 14:26:43,455 | INFO | httpx | HTTP Request: GET https://legacy.winningform.co.za/GAU/2P260731_5.htm "HTTP/1.1 200 OK"
2026-07-30 14:26:43,833 | INFO | app.scrapers.winning_form_scraper | runner_table_used columns={'number': 0, 'name': 1, 'length_behind': 2, 'speed_index': 3, 'predicted_time': 4, 'merit': 5, 'weight': 6, 'draw': 7, 'jockey': 9, 'trainer': 10} extracted=8 stated=8
2026-07-30 14:26:43,834 | INFO | app.scrapers.winning_form_scraper | race_parsed url=https://legacy.winningform.co.za/GAU/2P260731_5.htm venue=Fairview Polytrack date=2026-07-31 race=5 stated=8 parsed=8
2026-07-30 14:26:43,835 | INFO | app.scrapers.winning_form_scraper | horse_names=['All Systems Go', 'Play Act', 'Clairwood Rose', 'Faraway Girl', 'Arashi', 'Can You Danse', 'Ventura Boulevard', 'Rip Wheeler']
2026-07-30 14:26:44,069 | INFO | httpx | HTTP Request: GET https://legacy.winningform.co.za/GAU/2P260731_6.htm "HTTP/1.1 200 OK"
2026-07-30 14:26:44,814 | INFO | app.scrapers.winning_form_scraper | runner_table_used columns={'number': 0, 'name': 1, 'length_behind': 2, 'speed_index': 3, 'predicted_time': 4, 'merit': 5, 'weight': 6, 'draw': 7, 'jockey': 9, 'trainer': 10} extracted=12 stated=12
2026-07-30 14:26:44,816 | INFO | app.scrapers.winning_form_scraper | race_parsed url=https://legacy.winningform.co.za/GAU/2P260731_6.htm venue=Fairview Polytrack date=2026-07-31 race=6 stated=12 parsed=12
2026-07-30 14:26:44,818 | INFO | app.scrapers.winning_form_scraper | horse_names=['Winteronthegreen', 'Whirlybird', 'Moscow Miss', 'Thread Of Life', 'Greenlight Dancer', 'Atlantic Pearl', 'Physiologus', 'Blowin In The Wind', 'New Day', 'Marketa', 'Timeline', 'Wild Star']
2026-07-30 14:26:45,414 | INFO | httpx | HTTP Request: GET https://legacy.winningform.co.za/GAU/2P260731_7.htm "HTTP/1.1 200 OK"
2026-07-30 14:26:46,443 | INFO | app.scrapers.winning_form_scraper | runner_table_used columns={'number': 0, 'name': 1, 'length_behind': 2, 'speed_index': 3, 'predicted_time': 4, 'merit': 5, 'weight': 6, 'draw': 7, 'jockey': 9, 'trainer': 10} extracted=12 stated=12
2026-07-30 14:26:46,446 | INFO | app.scrapers.winning_form_scraper | race_parsed url=https://legacy.winningform.co.za/GAU/2P260731_7.htm venue=Fairview Polytrack date=2026-07-31 race=7 stated=12 parsed=12
2026-07-30 14:26:46,447 | INFO | app.scrapers.winning_form_scraper | horse_names=['Bel Canto Dream', 'Blame It On Me', 'Rhydian', 'El Romiachi', 'Disruptive', 'Amanatto', 'Show Off', 'Hospices De Beaune', 'Bosnay', 'Tokyo Princess', 'Royal Dawn', 'Fantine']
2026-07-30 14:26:47,039 | INFO | httpx | HTTP Request: GET https://legacy.winningform.co.za/GAU/2P260731_8.htm "HTTP/1.1 200 OK"
2026-07-30 14:26:47,569 | INFO | app.scrapers.winning_form_scraper | runner_table_used columns={'number': 0, 'name': 1, 'length_behind': 2, 'speed_index': 3, 'predicted_time': 4, 'merit': 5, 'weight': 6, 'draw': 7, 'jockey': 9, 'trainer': 10} extracted=10 stated=10
2026-07-30 14:26:47,570 | INFO | app.scrapers.winning_form_scraper | race_parsed url=https://legacy.winningform.co.za/GAU/2P260731_8.htm venue=Fairview Polytrack date=2026-07-31 race=8 stated=10 parsed=10
2026-07-30 14:26:47,571 | INFO | app.scrapers.winning_form_scraper | horse_names=['Lana View', 'Qondanekukhanyeni', 'Oncidium', 'Flower Festival', 'Royal Kailani', "Captain's Jet", 'Potenza', 'Back For More', "Babette's Feast", 'Mountain High']
2026-07-30 14:26:47,869 | INFO | httpx | HTTP Request: GET https://legacy.winningform.co.za/GAU/2P260731_9.htm "HTTP/1.1 200 OK"
2026-07-30 14:26:48,860 | INFO | app.scrapers.winning_form_scraper | runner_table_used columns={'number': 0, 'name': 1, 'length_behind': 2, 'speed_index': 3, 'predicted_time': 4, 'merit': 5, 'weight': 6, 'draw': 7, 'jockey': 9, 'trainer': 10} extracted=18 stated=18
2026-07-30 14:26:48,861 | INFO | app.scrapers.winning_form_scraper | race_parsed url=https://legacy.winningform.co.za/GAU/2P260731_9.htm venue=Fairview Polytrack date=2026-07-31 race=9 stated=18 parsed=18
2026-07-30 14:26:48,864 | INFO | app.scrapers.winning_form_scraper | horse_names=['San Quintin', 'Global Speak', 'Rototo', 'Drielandenpunt', 'Global Drumbeat', 'Golden Grey', "Silvano's Song", 'Preserve Forever', 'Crepuscolo', "Alado's Pride", 'Flash Lightning', 'Arividicio', 'Osmium', 'Celtique', "Tori's Girl", 'Terminal Velocity', 'Satellite World', 'Woman In Gold']
2026-07-30 14:26:49,256 | INFO | httpx | HTTP Request: GET https://legacy.winningform.co.za/GAU/2T260801_1.htm "HTTP/1.1 200 OK"
2026-07-30 14:26:49,537 | INFO | app.scrapers.winning_form_scraper | runner_table_used columns={'number': 0, 'name': 1, 'length_behind': 2, 'speed_index': 3, 'predicted_time': 4, 'merit': 5, 'weight': 6, 'draw': 7, 'jockey': 9, 'trainer': 10} extracted=9 stated=9
2026-07-30 14:26:49,539 | INFO | app.scrapers.winning_form_scraper | race_parsed url=https://legacy.winningform.co.za/GAU/2T260801_1.htm venue=Turffontein date=2026-08-01 race=1 stated=9 parsed=9
2026-07-30 14:26:49,540 | INFO | app.scrapers.winning_form_scraper | horse_names=["Jack's Legacy", 'Without Remorse', 'Purple Rain', 'Bellflower', 'Northern European', 'Raspberry Delight', 'Greenhilsofjamaica', 'Totheplaceibelong', 'Lady Aarya']
2026-07-30 14:26:49,807 | INFO | httpx | HTTP Request: GET https://legacy.winningform.co.za/GAU/2T260801_2.htm "HTTP/1.1 200 OK"
2026-07-30 14:26:50,217 | INFO | app.scrapers.winning_form_scraper | runner_table_used columns={'number': 0, 'name': 1, 'length_behind': 2, 'speed_index': 3, 'predicted_time': 4, 'merit': 5, 'weight': 6, 'draw': 7, 'jockey': 9, 'trainer': 10} extracted=7 stated=7
2026-07-30 14:26:50,219 | INFO | app.scrapers.winning_form_scraper | race_parsed url=https://legacy.winningform.co.za/GAU/2T260801_2.htm venue=Turffontein date=2026-08-01 race=2 stated=7 parsed=7
2026-07-30 14:26:50,222 | INFO | app.scrapers.winning_form_scraper | horse_names=['One Tiger', 'Sakura Hanami', 'Spy Story', 'Geostorm', 'Sherlock Holmes', "Trompe L'oeil", 'Matroosberg']
2026-07-30 14:26:50,583 | INFO | httpx | HTTP Request: GET https://legacy.winningform.co.za/GAU/2T260801_3.htm "HTTP/1.1 200 OK"
2026-07-30 14:26:50,991 | INFO | app.scrapers.winning_form_scraper | runner_table_used columns={'number': 0, 'name': 1, 'length_behind': 2, 'speed_index': 3, 'predicted_time': 4, 'merit': 5, 'weight': 6, 'draw': 7, 'jockey': 9, 'trainer': 10} extracted=7 stated=7
2026-07-30 14:26:50,992 | INFO | app.scrapers.winning_form_scraper | race_parsed url=https://legacy.winningform.co.za/GAU/2T260801_3.htm venue=Turffontein date=2026-08-01 race=3 stated=7 parsed=7
2026-07-30 14:26:50,993 | INFO | app.scrapers.winning_form_scraper | horse_names=['Lonely As A Cloud', 'Fostinovo', 'Mrs Stormiatrix', 'Ice Dragon', 'Banyan', 'Pivotal Role', 'Var Park']
2026-07-30 14:26:51,261 | INFO | httpx | HTTP Request: GET https://legacy.winningform.co.za/GAU/2T260801_4.htm "HTTP/1.1 200 OK"
2026-07-30 14:26:51,727 | INFO | app.scrapers.winning_form_scraper | runner_table_used columns={'number': 0, 'name': 1, 'length_behind': 2, 'speed_index': 3, 'predicted_time': 4, 'merit': 5, 'weight': 6, 'draw': 7, 'jockey': 9, 'trainer': 10} extracted=8 stated=8
2026-07-30 14:26:51,729 | INFO | app.scrapers.winning_form_scraper | race_parsed url=https://legacy.winningform.co.za/GAU/2T260801_4.htm venue=Turffontein date=2026-08-01 race=4 stated=8 parsed=8
2026-07-30 14:26:51,730 | INFO | app.scrapers.winning_form_scraper | horse_names=['Mount Pinatubo', 'Almond Sea', 'Karate Kid', 'Espinoza', 'African Pride', 'Whistle The Tune', 'Yamadori', 'Chieftain']
2026-07-30 14:26:51,965 | INFO | httpx | HTTP Request: GET https://legacy.winningform.co.za/GAU/2T260801_5.htm "HTTP/1.1 200 OK"
2026-07-30 14:26:52,468 | INFO | app.scrapers.winning_form_scraper | runner_table_used columns={'number': 0, 'name': 1, 'length_behind': 2, 'speed_index': 3, 'predicted_time': 4, 'merit': 5, 'weight': 6, 'draw': 7, 'jockey': 9, 'trainer': 10} extracted=7 stated=7
2026-07-30 14:26:52,472 | INFO | app.scrapers.winning_form_scraper | race_parsed url=https://legacy.winningform.co.za/GAU/2T260801_5.htm venue=Turffontein date=2026-08-01 race=5 stated=7 parsed=7
2026-07-30 14:26:52,475 | INFO | app.scrapers.winning_form_scraper | horse_names=['Dual Prophecy', 'Guerilla Warfare', "Diesel's Shadow", 'Dark Silver', 'World Order', 'Culturati', 'Unsolved Riddle']
2026-07-30 14:26:52,771 | INFO | httpx | HTTP Request: GET https://legacy.winningform.co.za/GAU/2T260801_6.htm "HTTP/1.1 200 OK"
2026-07-30 14:26:53,542 | INFO | app.scrapers.winning_form_scraper | runner_table_used columns={'number': 0, 'name': 1, 'length_behind': 2, 'speed_index': 3, 'predicted_time': 4, 'merit': 5, 'weight': 6, 'draw': 7, 'jockey': 9, 'trainer': 10} extracted=8 stated=8
2026-07-30 14:26:53,544 | INFO | app.scrapers.winning_form_scraper | race_parsed url=https://legacy.winningform.co.za/GAU/2T260801_6.htm venue=Turffontein date=2026-08-01 race=6 stated=8 parsed=8
2026-07-30 14:26:53,545 | INFO | app.scrapers.winning_form_scraper | horse_names=['Apache Son', 'The Playboy Bomber', 'Prince Of Kildare', 'Royal Edition', 'Mission To Mars', 'Flashy Apache', 'Mo Ment', 'Positive Attitude']
2026-07-30 14:26:53,885 | INFO | httpx | HTTP Request: GET https://legacy.winningform.co.za/GAU/2T260801_7.htm "HTTP/1.1 200 OK"
2026-07-30 14:26:54,377 | INFO | app.scrapers.winning_form_scraper | runner_table_used columns={'number': 0, 'name': 1, 'length_behind': 2, 'speed_index': 3, 'predicted_time': 4, 'merit': 5, 'weight': 6, 'draw': 7, 'jockey': 9, 'trainer': 10} extracted=9 stated=9
2026-07-30 14:26:54,379 | INFO | app.scrapers.winning_form_scraper | race_parsed url=https://legacy.winningform.co.za/GAU/2T260801_7.htm venue=Turffontein date=2026-08-01 race=7 stated=9 parsed=9
2026-07-30 14:26:54,381 | INFO | app.scrapers.winning_form_scraper | horse_names=['Arumugam', 'Orange County', 'Harun Al Rashid', 'Sky Pilot', 'Knowmore', 'Ideal Summer', 'After Hours', 'Gimmethespotlight', 'Winding Power']
2026-07-30 14:26:54,652 | INFO | httpx | HTTP Request: GET https://legacy.winningform.co.za/GAU/2T260801_8.htm "HTTP/1.1 200 OK"
2026-07-30 14:26:55,277 | INFO | app.scrapers.winning_form_scraper | runner_table_used columns={'number': 0, 'name': 1, 'length_behind': 2, 'speed_index': 3, 'predicted_time': 4, 'merit': 5, 'weight': 6, 'draw': 7, 'jockey': 9, 'trainer': 10} extracted=11 stated=11
2026-07-30 14:26:55,278 | INFO | app.scrapers.winning_form_scraper | race_parsed url=https://legacy.winningform.co.za/GAU/2T260801_8.htm venue=Turffontein date=2026-08-01 race=8 stated=11 parsed=11
2026-07-30 14:26:55,281 | INFO | app.scrapers.winning_form_scraper | horse_names=['Naretoi', 'Southampton', 'Longsword', 'Commander Of All', 'Sunset Warrior', 'Michael Faraday', 'Coming In Hot', 'Rock My Boat', 'Spirit Of Gabz', 'Rising Eagle', 'Circus Lights']
2026-07-30 14:26:55,602 | INFO | httpx | HTTP Request: GET https://legacy.winningform.co.za/KZN/2S260802_1.htm "HTTP/1.1 200 OK"
2026-07-30 14:26:55,972 | INFO | app.scrapers.winning_form_scraper | runner_table_used columns={'number': 0, 'name': 1, 'length_behind': 2, 'speed_index': 3, 'predicted_time': 4, 'merit': 5, 'weight': 6, 'draw': 7, 'jockey': 9, 'trainer': 10} extracted=13 stated=13
2026-07-30 14:26:55,973 | INFO | app.scrapers.winning_form_scraper | race_parsed url=https://legacy.winningform.co.za/KZN/2S260802_1.htm venue=Hollywoodbets Scottsville Outer date=2026-08-02 race=1 stated=13 parsed=13
2026-07-30 14:26:55,974 | INFO | app.scrapers.winning_form_scraper | horse_names=['Iceberg Rose', 'Forthegoodtimes', 'Tipperary', 'Pink Skies', 'Lovecomesknocking', 'Sweet Cherry', 'So Indi', 'Timeless Wonder', 'Bellanca Viking', 'Gezouten Haring', 'Linguistic', 'Princess Positano', 'Fleur Delacour']
2026-07-30 14:26:56,261 | INFO | httpx | HTTP Request: GET https://legacy.winningform.co.za/KZN/2S260802_2.htm "HTTP/1.1 200 OK"
2026-07-30 14:26:56,696 | INFO | app.scrapers.winning_form_scraper | runner_table_used columns={'number': 0, 'name': 1, 'length_behind': 2, 'speed_index': 3, 'predicted_time': 4, 'merit': 5, 'weight': 6, 'draw': 7, 'jockey': 9, 'trainer': 10} extracted=13 stated=13
2026-07-30 14:26:56,698 | INFO | app.scrapers.winning_form_scraper | race_parsed url=https://legacy.winningform.co.za/KZN/2S260802_2.htm venue=Hollywoodbets Scottsville Outer date=2026-08-02 race=2 stated=13 parsed=13
2026-07-30 14:26:56,699 | INFO | app.scrapers.winning_form_scraper | horse_names=['Gimme The Power', 'Floral Kingdom', 'Sweet Faye', "Queen's Bounty", 'Ayzal', 'Secret Ambition', 'Sherpa Queen', 'Rustige Kracht', 'Tokyo Girl', 'Vivalto', 'Mighty Minnie', 'Queen Indrani', 'Umoyawokubambelela']
2026-07-30 14:26:57,007 | INFO | httpx | HTTP Request: GET https://legacy.winningform.co.za/KZN/2S260802_3.htm "HTTP/1.1 200 OK"
2026-07-30 14:26:57,409 | INFO | app.scrapers.winning_form_scraper | runner_table_used columns={'number': 0, 'name': 1, 'length_behind': 2, 'speed_index': 3, 'predicted_time': 4, 'merit': 5, 'weight': 6, 'draw': 7, 'jockey': 9, 'trainer': 10} extracted=8 stated=8
2026-07-30 14:26:57,410 | INFO | app.scrapers.winning_form_scraper | race_parsed url=https://legacy.winningform.co.za/KZN/2S260802_3.htm venue=Hollywoodbets Scottsville Inner date=2026-08-02 race=3 stated=8 parsed=8
2026-07-30 14:26:57,411 | INFO | app.scrapers.winning_form_scraper | horse_names=['Future Prospect', 'Cali Bullet', 'Peaceful Duchess', 'After The Fire', "Chef's Kiss", 'Jenny Darling', 'Guild The Lilly', 'Anemie']
2026-07-30 14:26:57,687 | INFO | httpx | HTTP Request: GET https://legacy.winningform.co.za/KZN/2S260802_4.htm "HTTP/1.1 200 OK"
2026-07-30 14:26:58,268 | INFO | app.scrapers.winning_form_scraper | runner_table_used columns={'number': 0, 'name': 1, 'length_behind': 2, 'speed_index': 3, 'predicted_time': 4, 'merit': 5, 'weight': 6, 'draw': 7, 'jockey': 9, 'trainer': 10} extracted=8 stated=8
2026-07-30 14:26:58,270 | INFO | app.scrapers.winning_form_scraper | race_parsed url=https://legacy.winningform.co.za/KZN/2S260802_4.htm venue=Hollywoodbets Scottsville Inner date=2026-08-02 race=4 stated=8 parsed=8
2026-07-30 14:26:58,270 | INFO | app.scrapers.winning_form_scraper | horse_names=["Zena's Act", 'Golden Angel', 'Our Lady Fate', 'Stampede Ahead', 'Sesame', 'Cool Wind', 'Hurricane Flight', 'Mary Read']
2026-07-30 14:26:58,535 | INFO | httpx | HTTP Request: GET https://legacy.winningform.co.za/KZN/2S260802_5.htm "HTTP/1.1 200 OK"
2026-07-30 14:26:59,730 | INFO | app.scrapers.winning_form_scraper | runner_table_used columns={'number': 0, 'name': 1, 'length_behind': 2, 'speed_index': 3, 'predicted_time': 4, 'merit': 5, 'weight': 6, 'draw': 7, 'jockey': 9, 'trainer': 10} extracted=12 stated=12
2026-07-30 14:26:59,732 | INFO | app.scrapers.winning_form_scraper | race_parsed url=https://legacy.winningform.co.za/KZN/2S260802_5.htm venue=Hollywoodbets Scottsville Inner date=2026-08-02 race=5 stated=12 parsed=12
2026-07-30 14:26:59,734 | INFO | app.scrapers.winning_form_scraper | horse_names=['Serpentine Fire', "Sascha's Dream", 'Blizzardboy', 'Master Bomber', 'Buddy Boy', 'Trois Trois Quatre', 'Song To The Moon', 'Queue Wing', 'Red Cardinal', 'Dancing On A Cloud', 'Charlie Bucket', 'Double Causeway']
2026-07-30 14:27:00,023 | INFO | httpx | HTTP Request: GET https://legacy.winningform.co.za/KZN/2S260802_6.htm "HTTP/1.1 200 OK"
2026-07-30 14:27:00,553 | INFO | app.scrapers.winning_form_scraper | runner_table_used columns={'number': 0, 'name': 1, 'length_behind': 2, 'speed_index': 3, 'predicted_time': 4, 'merit': 5, 'weight': 6, 'draw': 7, 'jockey': 9, 'trainer': 10} extracted=9 stated=9
2026-07-30 14:27:00,554 | INFO | app.scrapers.winning_form_scraper | race_parsed url=https://legacy.winningform.co.za/KZN/2S260802_6.htm venue=Hollywoodbets Scottsville Inner date=2026-08-02 race=6 stated=9 parsed=9
2026-07-30 14:27:00,555 | INFO | app.scrapers.winning_form_scraper | horse_names=['Poursomesugaronme', "Captain's Pride", 'Izibulo', 'Sign Of Fate', 'Alltheboysiveloved', 'Shesha Ntombi', 'Blue Poppy', 'Rikkitikkitavi', 'Queen Amina']
2026-07-30 14:27:00,804 | INFO | httpx | HTTP Request: GET https://legacy.winningform.co.za/KZN/2S260802_7.htm "HTTP/1.1 200 OK"
2026-07-30 14:27:01,306 | INFO | app.scrapers.winning_form_scraper | runner_table_used columns={'number': 0, 'name': 1, 'length_behind': 2, 'speed_index': 3, 'predicted_time': 4, 'merit': 5, 'weight': 6, 'draw': 7, 'jockey': 9, 'trainer': 10} extracted=8 stated=8
2026-07-30 14:27:01,307 | INFO | app.scrapers.winning_form_scraper | race_parsed url=https://legacy.winningform.co.za/KZN/2S260802_7.htm venue=Hollywoodbets Scottsville Outer date=2026-08-02 race=7 stated=8 parsed=8
2026-07-30 14:27:01,309 | INFO | app.scrapers.winning_form_scraper | horse_names=['Trafalgar Square', 'Cappellino', 'Champagne Mac', 'Bless Me Fred', 'Futano', 'Intrepid', "Jane's Vision", "Mia's Athena"]
2026-07-30 14:27:01,594 | INFO | httpx | HTTP Request: GET https://legacy.winningform.co.za/KZN/2S260802_8.htm "HTTP/1.1 200 OK"
2026-07-30 14:27:02,227 | INFO | app.scrapers.winning_form_scraper | runner_table_used columns={'number': 0, 'name': 1, 'length_behind': 2, 'speed_index': 3, 'predicted_time': 4, 'merit': 5, 'weight': 6, 'draw': 7, 'jockey': 9, 'trainer': 10} extracted=11 stated=11
2026-07-30 14:27:02,228 | INFO | app.scrapers.winning_form_scraper | race_parsed url=https://legacy.winningform.co.za/KZN/2S260802_8.htm venue=Hollywoodbets Scottsville Outer date=2026-08-02 race=8 stated=11 parsed=11
2026-07-30 14:27:02,229 | INFO | app.scrapers.winning_form_scraper | horse_names=['Axis Power', 'Cavalry Commander', 'Blazing Fury', 'Military Command', 'Luneluck', 'Smorgasbord', 'Billy Cool', 'Call Of The Karoo', 'Rock Music', 'Caribbean Gold', 'Queen Of The Spear']
2026-07-30 14:27:02,499 | INFO | app.services.monitoring_service | monitoring_cycle_completed
2026-07-30 14:27:02,500 | INFO | app.main | application_started
2026-07-30 15:57:32,534 | INFO | apscheduler.scheduler | Scheduler has been shut down
2026-07-30 15:57:32,552 | INFO | app.main | application_stopped
2026-08-01 09:20:12,670 | INFO | apscheduler.scheduler | Adding job tentatively -- it will be properly scheduled when the scheduler starts
2026-08-01 09:20:12,673 | INFO | apscheduler.scheduler | Added job "MonitoringService.run_cycle" to job store "default"
2026-08-01 09:20:12,673 | INFO | apscheduler.scheduler | Scheduler started
2026-08-01 09:20:12,673 | INFO | app.services.monitoring_service | monitoring_cycle_started
2026-08-01 09:20:13,095 | INFO | httpx | HTTP Request: GET https://legacy.winningform.co.za "HTTP/1.1 200 OK"
2026-08-01 09:20:13,101 | INFO | app.scrapers.winning_form_scraper | fetch_index_frames=['https://legacy.winningform.co.za/guide.htm', 'https://legacy.winningform.co.za/cover.htm']
2026-08-01 09:20:13,199 | INFO | httpx | HTTP Request: GET https://legacy.winningform.co.za "HTTP/1.1 200 OK"
2026-08-01 09:20:13,308 | INFO | httpx | HTTP Request: GET https://legacy.winningform.co.za/guide.htm "HTTP/1.1 200 OK"
2026-08-01 09:20:13,409 | INFO | httpx | HTTP Request: GET https://legacy.winningform.co.za/cover.htm "HTTP/1.1 200 OK"
2026-08-01 09:20:13,494 | INFO | httpx | HTTP Request: GET https://legacy.winningform.co.za "HTTP/1.1 200 OK"
2026-08-01 09:20:13,587 | INFO | httpx | HTTP Request: GET https://legacy.winningform.co.za/guide.htm "HTTP/1.1 200 OK"
2026-08-01 09:20:13,708 | INFO | httpx | HTTP Request: GET https://legacy.winningform.co.za/cover.htm "HTTP/1.1 200 OK"
2026-08-01 09:20:13,715 | INFO | app.scrapers.winning_form_scraper | race_links_total=32
2026-08-01 09:20:13,716 | INFO | app.scrapers.winning_form_scraper | meetings_seen=['gau-t260801', 'gau-v260806', 'kzn-s260802', 'wcp-k260805']
2026-08-01 09:20:13,817 | INFO | httpx | HTTP Request: GET https://legacy.winningform.co.za/GAU/2T260801_1.htm "HTTP/1.1 200 OK"
2026-08-01 09:20:13,907 | INFO | app.scrapers.winning_form_scraper | runner_table_used columns={'number': 0, 'name': 1, 'length_behind': 2, 'speed_index': 3, 'predicted_time': 4, 'merit': 5, 'weight': 6, 'draw': 7, 'jockey': 9, 'trainer': 10} extracted=9 stated=9
2026-08-01 09:20:13,907 | INFO | app.scrapers.winning_form_scraper | race_parsed url=https://legacy.winningform.co.za/GAU/2T260801_1.htm venue=Turffontein date=2026-08-01 race=1 stated=9 parsed=8
2026-08-01 09:20:13,907 | INFO | app.scrapers.winning_form_scraper | horse_names=["Jack's Legacy", 'Without Remorse', 'Bellflower', 'Northern European', 'Raspberry Delight', 'Greenhilsofjamaica', 'Totheplaceibelong', 'Lady Aarya', 'Purple Rain']
2026-08-01 09:20:14,221 | INFO | httpx | HTTP Request: GET https://legacy.winningform.co.za/GAU/2T260801_2.htm "HTTP/1.1 200 OK"
2026-08-01 09:20:14,297 | INFO | app.scrapers.winning_form_scraper | runner_table_used columns={'number': 0, 'name': 1, 'length_behind': 2, 'speed_index': 3, 'predicted_time': 4, 'merit': 5, 'weight': 6, 'draw': 7, 'jockey': 9, 'trainer': 10} extracted=7 stated=7
2026-08-01 09:20:14,297 | INFO | app.scrapers.winning_form_scraper | race_parsed url=https://legacy.winningform.co.za/GAU/2T260801_2.htm venue=Turffontein date=2026-08-01 race=2 stated=7 parsed=6
2026-08-01 09:20:14,297 | INFO | app.scrapers.winning_form_scraper | horse_names=['One Tiger', 'Sakura Hanami', 'Spy Story', 'Sherlock Holmes', "Trompe L'oeil", 'Matroosberg', 'Geostorm']
2026-08-01 09:20:14,454 | INFO | httpx | HTTP Request: GET https://legacy.winningform.co.za/GAU/2T260801_3.htm "HTTP/1.1 200 OK"
2026-08-01 09:20:14,544 | INFO | app.scrapers.winning_form_scraper | runner_table_used columns={'number': 0, 'name': 1, 'length_behind': 2, 'speed_index': 3, 'predicted_time': 4, 'merit': 5, 'weight': 6, 'draw': 7, 'jockey': 9, 'trainer': 10} extracted=7 stated=7
2026-08-01 09:20:14,544 | INFO | app.scrapers.winning_form_scraper | race_parsed url=https://legacy.winningform.co.za/GAU/2T260801_3.htm venue=Turffontein date=2026-08-01 race=3 stated=7 parsed=6
2026-08-01 09:20:14,545 | INFO | app.scrapers.winning_form_scraper | horse_names=['Lonely As A Cloud', 'Mrs Stormiatrix', 'Ice Dragon', 'Banyan', 'Pivotal Role', 'Var Park', 'Fostinovo']
2026-08-01 09:20:14,689 | INFO | httpx | HTTP Request: GET https://legacy.winningform.co.za/GAU/2T260801_4.htm "HTTP/1.1 200 OK"
2026-08-01 09:20:14,767 | INFO | app.scrapers.winning_form_scraper | runner_table_used columns={'number': 0, 'name': 1, 'length_behind': 2, 'speed_index': 3, 'predicted_time': 4, 'merit': 5, 'weight': 6, 'draw': 7, 'jockey': 9, 'trainer': 10} extracted=8 stated=8
2026-08-01 09:20:14,767 | INFO | app.scrapers.winning_form_scraper | race_parsed url=https://legacy.winningform.co.za/GAU/2T260801_4.htm venue=Turffontein date=2026-08-01 race=4 stated=8 parsed=6
2026-08-01 09:20:14,767 | INFO | app.scrapers.winning_form_scraper | horse_names=['Mount Pinatubo', 'Almond Sea', 'Karate Kid', 'African Pride', 'Whistle The Tune', 'Chieftain', 'Espinoza', 'Yamadori']
2026-08-01 09:20:14,914 | INFO | httpx | HTTP Request: GET https://legacy.winningform.co.za/GAU/2T260801_5.htm "HTTP/1.1 200 OK"
2026-08-01 09:20:15,041 | INFO | app.scrapers.winning_form_scraper | runner_table_used columns={'number': 0, 'name': 1, 'length_behind': 2, 'speed_index': 3, 'predicted_time': 4, 'merit': 5, 'weight': 6, 'draw': 7, 'jockey': 9, 'trainer': 10} extracted=7 stated=7
2026-08-01 09:20:15,041 | INFO | app.scrapers.winning_form_scraper | race_parsed url=https://legacy.winningform.co.za/GAU/2T260801_5.htm venue=Turffontein date=2026-08-01 race=5 stated=7 parsed=7
2026-08-01 09:20:15,041 | INFO | app.scrapers.winning_form_scraper | horse_names=['Dual Prophecy', 'Guerilla Warfare', "Diesel's Shadow", 'Dark Silver', 'World Order', 'Culturati', 'Unsolved Riddle']
2026-08-01 09:20:15,181 | INFO | httpx | HTTP Request: GET https://legacy.winningform.co.za/GAU/2T260801_6.htm "HTTP/1.1 200 OK"
2026-08-01 09:20:15,323 | INFO | app.scrapers.winning_form_scraper | runner_table_used columns={'number': 0, 'name': 1, 'length_behind': 2, 'speed_index': 3, 'predicted_time': 4, 'merit': 5, 'weight': 6, 'draw': 7, 'jockey': 9, 'trainer': 10} extracted=8 stated=8
2026-08-01 09:20:15,323 | INFO | app.scrapers.winning_form_scraper | race_parsed url=https://legacy.winningform.co.za/GAU/2T260801_6.htm venue=Turffontein date=2026-08-01 race=6 stated=8 parsed=8
2026-08-01 09:20:15,323 | INFO | app.scrapers.winning_form_scraper | horse_names=['Apache Son', 'The Playboy Bomber', 'Prince Of Kildare', 'Royal Edition', 'Mission To Mars', 'Flashy Apache', 'Mo Ment', 'Positive Attitude']
2026-08-01 09:20:15,558 | INFO | httpx | HTTP Request: GET https://legacy.winningform.co.za/GAU/2T260801_7.htm "HTTP/1.1 200 OK"
2026-08-01 09:20:15,634 | INFO | app.scrapers.winning_form_scraper | runner_table_used columns={'number': 0, 'name': 1, 'length_behind': 2, 'speed_index': 3, 'predicted_time': 4, 'merit': 5, 'weight': 6, 'draw': 7, 'jockey': 9, 'trainer': 10} extracted=9 stated=9
2026-08-01 09:20:15,634 | INFO | app.scrapers.winning_form_scraper | race_parsed url=https://legacy.winningform.co.za/GAU/2T260801_7.htm venue=Turffontein date=2026-08-01 race=7 stated=9 parsed=9
2026-08-01 09:20:15,634 | INFO | app.scrapers.winning_form_scraper | horse_names=['Arumugam', 'Orange County', 'Harun Al Rashid', 'Sky Pilot', 'Knowmore', 'Ideal Summer', 'After Hours', 'Gimmethespotlight', 'Winding Power']
2026-08-01 09:20:15,770 | INFO | httpx | HTTP Request: GET https://legacy.winningform.co.za/GAU/2T260801_8.htm "HTTP/1.1 200 OK"
2026-08-01 09:20:15,910 | INFO | app.scrapers.winning_form_scraper | runner_table_used columns={'number': 0, 'name': 1, 'length_behind': 2, 'speed_index': 3, 'predicted_time': 4, 'merit': 5, 'weight': 6, 'draw': 7, 'jockey': 9, 'trainer': 10} extracted=11 stated=11
2026-08-01 09:20:15,910 | INFO | app.scrapers.winning_form_scraper | race_parsed url=https://legacy.winningform.co.za/GAU/2T260801_8.htm venue=Turffontein date=2026-08-01 race=8 stated=11 parsed=11
2026-08-01 09:20:15,910 | INFO | app.scrapers.winning_form_scraper | horse_names=['Naretoi', 'Southampton', 'Longsword', 'Commander Of All', 'Sunset Warrior', 'Michael Faraday', 'Coming In Hot', 'Rock My Boat', 'Spirit Of Gabz', 'Rising Eagle', 'Circus Lights']
2026-08-01 09:20:16,055 | INFO | httpx | HTTP Request: GET https://legacy.winningform.co.za/KZN/2S260802_1.htm "HTTP/1.1 200 OK"
2026-08-01 09:20:16,140 | INFO | app.scrapers.winning_form_scraper | runner_table_used columns={'number': 0, 'name': 1, 'length_behind': 2, 'speed_index': 3, 'predicted_time': 4, 'merit': 5, 'weight': 6, 'draw': 7, 'jockey': 9, 'trainer': 10} extracted=13 stated=13
2026-08-01 09:20:16,140 | INFO | app.scrapers.winning_form_scraper | race_parsed url=https://legacy.winningform.co.za/KZN/2S260802_1.htm venue=Hollywoodbets Scottsville Outer date=2026-08-02 race=1 stated=13 parsed=13
2026-08-01 09:20:16,140 | INFO | app.scrapers.winning_form_scraper | horse_names=['Iceberg Rose', 'Forthegoodtimes', 'Tipperary', 'Pink Skies', 'Lovecomesknocking', 'Sweet Cherry', 'So Indi', 'Timeless Wonder', 'Bellanca Viking', 'Gezouten Haring', 'Linguistic', 'Princess Positano', 'Fleur Delacour']
2026-08-01 09:20:16,325 | INFO | httpx | HTTP Request: GET https://legacy.winningform.co.za/KZN/2S260802_2.htm "HTTP/1.1 200 OK"
2026-08-01 09:20:16,404 | INFO | app.scrapers.winning_form_scraper | runner_table_used columns={'number': 0, 'name': 1, 'length_behind': 2, 'speed_index': 3, 'predicted_time': 4, 'merit': 5, 'weight': 6, 'draw': 7, 'jockey': 9, 'trainer': 10} extracted=13 stated=13
2026-08-01 09:20:16,404 | INFO | app.scrapers.winning_form_scraper | race_parsed url=https://legacy.winningform.co.za/KZN/2S260802_2.htm venue=Hollywoodbets Scottsville Outer date=2026-08-02 race=2 stated=13 parsed=13
2026-08-01 09:20:16,405 | INFO | app.scrapers.winning_form_scraper | horse_names=['Gimme The Power', 'Floral Kingdom', 'Sweet Faye', "Queen's Bounty", 'Ayzal', 'Secret Ambition', 'Sherpa Queen', 'Rustige Kracht', 'Tokyo Girl', 'Vivalto', 'Mighty Minnie', 'Queen Indrani', 'Umoyawokubambelela']
2026-08-01 09:20:16,574 | INFO | httpx | HTTP Request: GET https://legacy.winningform.co.za/KZN/2S260802_3.htm "HTTP/1.1 200 OK"
2026-08-01 09:20:16,665 | INFO | app.scrapers.winning_form_scraper | runner_table_used columns={'number': 0, 'name': 1, 'length_behind': 2, 'speed_index': 3, 'predicted_time': 4, 'merit': 5, 'weight': 6, 'draw': 7, 'jockey': 9, 'trainer': 10} extracted=8 stated=8
2026-08-01 09:20:16,665 | INFO | app.scrapers.winning_form_scraper | race_parsed url=https://legacy.winningform.co.za/KZN/2S260802_3.htm venue=Hollywoodbets Scottsville Inner date=2026-08-02 race=3 stated=8 parsed=8
2026-08-01 09:20:16,665 | INFO | app.scrapers.winning_form_scraper | horse_names=['Future Prospect', 'Cali Bullet', 'Peaceful Duchess', 'After The Fire', "Chef's Kiss", 'Jenny Darling', 'Guild The Lilly', 'Anemie']
2026-08-01 09:20:16,841 | INFO | httpx | HTTP Request: GET https://legacy.winningform.co.za/KZN/2S260802_4.htm "HTTP/1.1 200 OK"
2026-08-01 09:20:16,982 | INFO | app.scrapers.winning_form_scraper | runner_table_used columns={'number': 0, 'name': 1, 'length_behind': 2, 'speed_index': 3, 'predicted_time': 4, 'merit': 5, 'weight': 6, 'draw': 7, 'jockey': 9, 'trainer': 10} extracted=8 stated=8
2026-08-01 09:20:16,982 | INFO | app.scrapers.winning_form_scraper | race_parsed url=https://legacy.winningform.co.za/KZN/2S260802_4.htm venue=Hollywoodbets Scottsville Inner date=2026-08-02 race=4 stated=8 parsed=8
2026-08-01 09:20:16,983 | INFO | app.scrapers.winning_form_scraper | horse_names=["Zena's Act", 'Golden Angel', 'Our Lady Fate', 'Stampede Ahead', 'Sesame', 'Cool Wind', 'Hurricane Flight', 'Mary Read']
2026-08-01 09:20:17,172 | INFO | httpx | HTTP Request: GET https://legacy.winningform.co.za/KZN/2S260802_5.htm "HTTP/1.1 200 OK"
2026-08-01 09:20:17,341 | INFO | app.scrapers.winning_form_scraper | runner_table_used columns={'number': 0, 'name': 1, 'length_behind': 2, 'speed_index': 3, 'predicted_time': 4, 'merit': 5, 'weight': 6, 'draw': 7, 'jockey': 9, 'trainer': 10} extracted=12 stated=12
2026-08-01 09:20:17,342 | INFO | app.scrapers.winning_form_scraper | race_parsed url=https://legacy.winningform.co.za/KZN/2S260802_5.htm venue=Hollywoodbets Scottsville Inner date=2026-08-02 race=5 stated=12 parsed=12
2026-08-01 09:20:17,342 | INFO | app.scrapers.winning_form_scraper | horse_names=['Serpentine Fire', "Sascha's Dream", 'Blizzardboy', 'Master Bomber', 'Buddy Boy', 'Trois Trois Quatre', 'Song To The Moon', 'Queue Wing', 'Red Cardinal', 'Dancing On A Cloud', 'Charlie Bucket', 'Double Causeway']
2026-08-01 09:20:17,508 | INFO | httpx | HTTP Request: GET https://legacy.winningform.co.za/KZN/2S260802_6.htm "HTTP/1.1 200 OK"
2026-08-01 09:20:17,649 | INFO | app.scrapers.winning_form_scraper | runner_table_used columns={'number': 0, 'name': 1, 'length_behind': 2, 'speed_index': 3, 'predicted_time': 4, 'merit': 5, 'weight': 6, 'draw': 7, 'jockey': 9, 'trainer': 10} extracted=9 stated=9
2026-08-01 09:20:17,649 | INFO | app.scrapers.winning_form_scraper | race_parsed url=https://legacy.winningform.co.za/KZN/2S260802_6.htm venue=Hollywoodbets Scottsville Inner date=2026-08-02 race=6 stated=9 parsed=9
2026-08-01 09:20:17,649 | INFO | app.scrapers.winning_form_scraper | horse_names=['Poursomesugaronme', "Captain's Pride", 'Izibulo', 'Sign Of Fate', 'Alltheboysiveloved', 'Shesha Ntombi', 'Blue Poppy', 'Rikkitikkitavi', 'Queen Amina']
2026-08-01 09:20:17,805 | INFO | httpx | HTTP Request: GET https://legacy.winningform.co.za/KZN/2S260802_7.htm "HTTP/1.1 200 OK"
2026-08-01 09:20:17,869 | INFO | app.scrapers.winning_form_scraper | runner_table_used columns={'number': 0, 'name': 1, 'length_behind': 2, 'speed_index': 3, 'predicted_time': 4, 'merit': 5, 'weight': 6, 'draw': 7, 'jockey': 9, 'trainer': 10} extracted=8 stated=8
2026-08-01 09:20:17,869 | INFO | app.scrapers.winning_form_scraper | race_parsed url=https://legacy.winningform.co.za/KZN/2S260802_7.htm venue=Hollywoodbets Scottsville Outer date=2026-08-02 race=7 stated=8 parsed=8
2026-08-01 09:20:17,869 | INFO | app.scrapers.winning_form_scraper | horse_names=['Trafalgar Square', 'Cappellino', 'Champagne Mac', 'Bless Me Fred', 'Futano', 'Intrepid', "Jane's Vision", "Mia's Athena"]
2026-08-01 09:20:18,050 | INFO | httpx | HTTP Request: GET https://legacy.winningform.co.za/KZN/2S260802_8.htm "HTTP/1.1 200 OK"
2026-08-01 09:20:18,145 | INFO | app.scrapers.winning_form_scraper | runner_table_used columns={'number': 0, 'name': 1, 'length_behind': 2, 'speed_index': 3, 'predicted_time': 4, 'merit': 5, 'weight': 6, 'draw': 7, 'jockey': 9, 'trainer': 10} extracted=11 stated=11
2026-08-01 09:20:18,145 | INFO | app.scrapers.winning_form_scraper | race_parsed url=https://legacy.winningform.co.za/KZN/2S260802_8.htm venue=Hollywoodbets Scottsville Outer date=2026-08-02 race=8 stated=11 parsed=11
2026-08-01 09:20:18,145 | INFO | app.scrapers.winning_form_scraper | horse_names=['Axis Power', 'Cavalry Commander', 'Blazing Fury', 'Military Command', 'Luneluck', 'Smorgasbord', 'Billy Cool', 'Call Of The Karoo', 'Rock Music', 'Caribbean Gold', 'Queen Of The Spear']
2026-08-01 09:20:18,308 | INFO | httpx | HTTP Request: GET https://legacy.winningform.co.za/WCP/2K260805_1.htm "HTTP/1.1 200 OK"
2026-08-01 09:20:18,353 | INFO | app.scrapers.winning_form_scraper | runner_table_used columns={'number': 0, 'name': 1, 'length_behind': 2, 'speed_index': 3, 'predicted_time': 4, 'merit': 5, 'weight': 6, 'draw': 7, 'jockey': 9, 'trainer': 10} extracted=9 stated=9
2026-08-01 09:20:18,353 | INFO | app.scrapers.winning_form_scraper | race_parsed url=https://legacy.winningform.co.za/WCP/2K260805_1.htm venue=Hollywoodbets Kenilworth date=2026-08-05 race=1 stated=9 parsed=9
2026-08-01 09:20:18,353 | INFO | app.scrapers.winning_form_scraper | horse_names=['El Cohete', 'Bolero', 'Rust Never Sleeps', 'In The Air Tonight', 'Wild Streak', 'Visionary Flame', 'Wreath Of Snow', 'Cardinal King', 'Workingclasshero']
2026-08-01 09:20:18,547 | INFO | httpx | HTTP Request: GET https://legacy.winningform.co.za/WCP/2K260805_2.htm "HTTP/1.1 200 OK"
2026-08-01 09:20:18,587 | INFO | app.scrapers.winning_form_scraper | runner_table_used columns={'number': 0, 'name': 1, 'length_behind': 2, 'speed_index': 3, 'predicted_time': 4, 'merit': 5, 'weight': 6, 'draw': 7, 'jockey': 9, 'trainer': 10} extracted=12 stated=12
2026-08-01 09:20:18,587 | INFO | app.scrapers.winning_form_scraper | race_parsed url=https://legacy.winningform.co.za/WCP/2K260805_2.htm venue=Hollywoodbets Kenilworth date=2026-08-05 race=2 stated=12 parsed=12
2026-08-01 09:20:18,587 | INFO | app.scrapers.winning_form_scraper | horse_names=['Rock The Road', 'Sabre Wing', 'Royal Emulation', 'Hurricane Paige', 'Mind Over You', 'One Step', 'Cloudy Day', 'Over My Shoulder', 'Winter Blossom', 'Qilin', 'Eye Opener', 'Naughty Princess']
2026-08-01 09:20:18,800 | INFO | httpx | HTTP Request: GET https://legacy.winningform.co.za/WCP/2K260805_3.htm "HTTP/1.1 200 OK"
2026-08-01 09:20:18,851 | INFO | app.scrapers.winning_form_scraper | runner_table_used columns={'number': 0, 'name': 1, 'length_behind': 2, 'speed_index': 3, 'predicted_time': 4, 'merit': 5, 'weight': 6, 'draw': 7, 'jockey': 9, 'trainer': 10} extracted=11 stated=11
2026-08-01 09:20:18,851 | INFO | app.scrapers.winning_form_scraper | race_parsed url=https://legacy.winningform.co.za/WCP/2K260805_3.htm venue=Hollywoodbets Kenilworth date=2026-08-05 race=3 stated=11 parsed=11
2026-08-01 09:20:18,852 | INFO | app.scrapers.winning_form_scraper | horse_names=['African Wild Dog', "It'sgood It'snice", 'Big Deal', 'Zanfan Moris', 'Copper Head', 'Noble Salute', 'Edictal Citation', 'Waiting Game', 'World At One', 'Gather Quick', 'Legal Dancer']
2026-08-01 09:20:19,031 | INFO | httpx | HTTP Request: GET https://legacy.winningform.co.za/WCP/2K260805_4.htm "HTTP/1.1 200 OK"
2026-08-01 09:20:19,104 | INFO | app.scrapers.winning_form_scraper | runner_table_used columns={'number': 0, 'name': 1, 'length_behind': 2, 'speed_index': 3, 'predicted_time': 4, 'merit': 5, 'weight': 6, 'draw': 7, 'jockey': 9, 'trainer': 10} extracted=12 stated=12
2026-08-01 09:20:19,105 | INFO | app.scrapers.winning_form_scraper | race_parsed url=https://legacy.winningform.co.za/WCP/2K260805_4.htm venue=Hollywoodbets Kenilworth date=2026-08-05 race=4 stated=12 parsed=12
2026-08-01 09:20:19,105 | INFO | app.scrapers.winning_form_scraper | horse_names=['Odds And Evens', 'Ntibindi', 'Macro Gravity', 'Be Rational', 'What The Fluff', 'Limerance', 'Runway Romance', 'Remuneration', 'Moonshine Bay', 'Proxima', 'Glamour Girl', 'United We Stand']
2026-08-01 09:20:19,293 | INFO | httpx | HTTP Request: GET https://legacy.winningform.co.za/WCP/2K260805_5.htm "HTTP/1.1 200 OK"
2026-08-01 09:20:19,488 | INFO | app.scrapers.winning_form_scraper | runner_table_used columns={'number': 0, 'name': 1, 'length_behind': 2, 'speed_index': 3, 'predicted_time': 4, 'merit': 5, 'weight': 6, 'draw': 7, 'jockey': 9, 'trainer': 10} extracted=11 stated=11
2026-08-01 09:20:19,489 | INFO | app.scrapers.winning_form_scraper | race_parsed url=https://legacy.winningform.co.za/WCP/2K260805_5.htm venue=Hollywoodbets Kenilworth date=2026-08-05 race=5 stated=11 parsed=11
2026-08-01 09:20:19,489 | INFO | app.scrapers.winning_form_scraper | horse_names=['Hampstead Heath', 'Dream Searcher', 'Supreme Fate', 'Una The Unicorn', 'Eisteddfod', 'Gin Palace', 'South Of France', 'Amayah', 'Jou Lekker Ding', 'Take It As Red', 'Money Extractor']
2026-08-01 09:20:19,670 | INFO | httpx | HTTP Request: GET https://legacy.winningform.co.za/WCP/2K260805_6.htm "HTTP/1.1 200 OK"
2026-08-01 09:20:19,781 | INFO | app.scrapers.winning_form_scraper | runner_table_used columns={'number': 0, 'name': 1, 'length_behind': 2, 'speed_index': 3, 'predicted_time': 4, 'merit': 5, 'weight': 6, 'draw': 7, 'jockey': 9, 'trainer': 10} extracted=13 stated=13
2026-08-01 09:20:19,781 | INFO | app.scrapers.winning_form_scraper | race_parsed url=https://legacy.winningform.co.za/WCP/2K260805_6.htm venue=Hollywoodbets Kenilworth date=2026-08-05 race=6 stated=13 parsed=13
2026-08-01 09:20:19,781 | INFO | app.scrapers.winning_form_scraper | horse_names=['Etoilefillante', 'Midway', 'Phantom Man', 'Gold Index', 'Smart Horse', 'Master Coiner', 'Mela Strength', 'Double Dash', 'Miss New York', 'Kisses', 'Twice The Master', 'Tothemoonandback', 'Run For Cover']
2026-08-01 09:20:19,969 | INFO | httpx | HTTP Request: GET https://legacy.winningform.co.za/WCP/2K260805_7.htm "HTTP/1.1 200 OK"
2026-08-01 09:20:20,058 | INFO | app.scrapers.winning_form_scraper | runner_table_used columns={'number': 0, 'name': 1, 'length_behind': 2, 'speed_index': 3, 'predicted_time': 4, 'merit': 5, 'weight': 6, 'draw': 7, 'jockey': 9, 'trainer': 10} extracted=8 stated=8
2026-08-01 09:20:20,058 | INFO | app.scrapers.winning_form_scraper | race_parsed url=https://legacy.winningform.co.za/WCP/2K260805_7.htm venue=Hollywoodbets Kenilworth date=2026-08-05 race=7 stated=8 parsed=8
2026-08-01 09:20:20,058 | INFO | app.scrapers.winning_form_scraper | horse_names=['Avignon', 'Shifting Path', 'Prince Of Tibet', 'Vivo Per Lei', 'Commanding', 'Black Path', 'Vercicat', 'Cantona']
2026-08-01 09:20:20,201 | INFO | httpx | HTTP Request: GET https://legacy.winningform.co.za/WCP/2K260805_8.htm "HTTP/1.1 200 OK"
2026-08-01 09:20:20,312 | INFO | app.scrapers.winning_form_scraper | runner_table_used columns={'number': 0, 'name': 1, 'length_behind': 2, 'speed_index': 3, 'predicted_time': 4, 'merit': 5, 'weight': 6, 'draw': 7, 'jockey': 9, 'trainer': 10} extracted=11 stated=11
2026-08-01 09:20:20,312 | INFO | app.scrapers.winning_form_scraper | race_parsed url=https://legacy.winningform.co.za/WCP/2K260805_8.htm venue=Hollywoodbets Kenilworth date=2026-08-05 race=8 stated=11 parsed=11
2026-08-01 09:20:20,312 | INFO | app.scrapers.winning_form_scraper | horse_names=['Cork Bay', 'Lyrical Gangster', 'Escarpment', 'Gold Dust', 'Follow Your Heart', 'Like Dynamite', "Dawn's Early Light", 'Ferryman', 'Marseilles', 'Catwalk King', 'Earn The Weekend']
2026-08-01 09:20:20,494 | INFO | httpx | HTTP Request: GET https://legacy.winningform.co.za/GAU/2V260806_1.htm "HTTP/1.1 200 OK"
2026-08-01 09:20:20,618 | INFO | app.scrapers.winning_form_scraper | runner_table_used columns={'number': 0, 'name': 1, 'length_behind': 2, 'speed_index': 3, 'predicted_time': 4, 'merit': 5, 'weight': 6, 'draw': 7, 'jockey': 9, 'trainer': 10} extracted=6 stated=6
2026-08-01 09:20:20,618 | INFO | app.scrapers.winning_form_scraper | race_parsed url=https://legacy.winningform.co.za/GAU/2V260806_1.htm venue=Vaal date=2026-08-06 race=1 stated=6 parsed=6
2026-08-01 09:20:20,618 | INFO | app.scrapers.winning_form_scraper | horse_names=['Battleground', 'Corrupt', 'Green Machine', 'Taxhaven', 'Samuel Sharpe', 'Bellerophon']
2026-08-01 09:20:20,777 | INFO | httpx | HTTP Request: GET https://legacy.winningform.co.za/GAU/2V260806_2.htm "HTTP/1.1 200 OK"
2026-08-01 09:20:20,881 | INFO | app.scrapers.winning_form_scraper | runner_table_used columns={'number': 0, 'name': 1, 'length_behind': 2, 'speed_index': 3, 'predicted_time': 4, 'merit': 5, 'weight': 6, 'draw': 7, 'jockey': 9, 'trainer': 10} extracted=7 stated=7
2026-08-01 09:20:20,881 | INFO | app.scrapers.winning_form_scraper | race_parsed url=https://legacy.winningform.co.za/GAU/2V260806_2.htm venue=Vaal date=2026-08-06 race=2 stated=7 parsed=7
2026-08-01 09:20:20,881 | INFO | app.scrapers.winning_form_scraper | horse_names=['Jet Cat', 'Bell Of Angelus', 'Sergeant Soqrat', 'Oriental Bouquet', 'Champagne Problems', 'Phala Millions', 'Caladrius']
2026-08-01 09:20:21,045 | INFO | httpx | HTTP Request: GET https://legacy.winningform.co.za/GAU/2V260806_3.htm "HTTP/1.1 200 OK"
2026-08-01 09:20:21,146 | INFO | app.scrapers.winning_form_scraper | runner_table_used columns={'number': 0, 'name': 1, 'length_behind': 2, 'speed_index': 3, 'predicted_time': 4, 'merit': 5, 'weight': 6, 'draw': 7, 'jockey': 9, 'trainer': 10} extracted=7 stated=7
2026-08-01 09:20:21,146 | INFO | app.scrapers.winning_form_scraper | race_parsed url=https://legacy.winningform.co.za/GAU/2V260806_3.htm venue=Vaal date=2026-08-06 race=3 stated=7 parsed=7
2026-08-01 09:20:21,147 | INFO | app.scrapers.winning_form_scraper | horse_names=['Wings Of Kildra', 'Ada Lovelace', 'Executrix', 'Magic Carpet Ride', 'Royal Horizon', 'Iconic Winter', 'Love Not War']
2026-08-01 09:20:21,308 | INFO | httpx | HTTP Request: GET https://legacy.winningform.co.za/GAU/2V260806_4.htm "HTTP/1.1 200 OK"
2026-08-01 09:20:21,359 | INFO | app.scrapers.winning_form_scraper | runner_table_used columns={'number': 0, 'name': 1, 'length_behind': 2, 'speed_index': 3, 'predicted_time': 4, 'merit': 5, 'weight': 6, 'draw': 7, 'jockey': 9, 'trainer': 10} extracted=7 stated=7
2026-08-01 09:20:21,359 | INFO | app.scrapers.winning_form_scraper | race_parsed url=https://legacy.winningform.co.za/GAU/2V260806_4.htm venue=Vaal date=2026-08-06 race=4 stated=7 parsed=7
2026-08-01 09:20:21,359 | INFO | app.scrapers.winning_form_scraper | horse_names=['Winter Rainfall', 'Valieva', "She's All Mine", 'Jazz Pianist', 'Tempranillo', 'Versace Onthetrack', 'Slender Silhouette']
2026-08-01 09:20:21,517 | INFO | httpx | HTTP Request: GET https://legacy.winningform.co.za/GAU/2V260806_5.htm "HTTP/1.1 200 OK"
2026-08-01 09:20:21,580 | INFO | app.scrapers.winning_form_scraper | runner_table_used columns={'number': 0, 'name': 1, 'length_behind': 2, 'speed_index': 3, 'predicted_time': 4, 'merit': 5, 'weight': 6, 'draw': 7, 'jockey': 9, 'trainer': 10} extracted=11 stated=11
2026-08-01 09:20:21,580 | INFO | app.scrapers.winning_form_scraper | race_parsed url=https://legacy.winningform.co.za/GAU/2V260806_5.htm venue=Vaal date=2026-08-06 race=5 stated=11 parsed=11
2026-08-01 09:20:21,581 | INFO | app.scrapers.winning_form_scraper | horse_names=['Wish You Were Here', 'Lannyboy', 'Smoking Gun', 'A Roman Twist', "God's Country", 'Cool Gambler', "Ain't No Sunshine", 'Willow Charm', 'Levitator', 'Forever Canford', 'Spirit Of The Sea']
2026-08-01 09:20:21,747 | INFO | httpx | HTTP Request: GET https://legacy.winningform.co.za/GAU/2V260806_6.htm "HTTP/1.1 200 OK"
2026-08-01 09:20:21,812 | INFO | app.scrapers.winning_form_scraper | runner_table_used columns={'number': 0, 'name': 1, 'length_behind': 2, 'speed_index': 3, 'predicted_time': 4, 'merit': 5, 'weight': 6, 'draw': 7, 'jockey': 9, 'trainer': 10} extracted=8 stated=8
2026-08-01 09:20:21,813 | INFO | app.scrapers.winning_form_scraper | race_parsed url=https://legacy.winningform.co.za/GAU/2V260806_6.htm venue=Vaal date=2026-08-06 race=6 stated=8 parsed=8
2026-08-01 09:20:21,813 | INFO | app.scrapers.winning_form_scraper | horse_names=['Korcula', 'Epidaurus', 'Twelfth Of Never', 'Comic Artist', 'Lanteri', 'Gus On The Bus', 'Evening News', 'Forever Red']
2026-08-01 09:20:22,000 | INFO | httpx | HTTP Request: GET https://legacy.winningform.co.za/GAU/2V260806_7.htm "HTTP/1.1 200 OK"
2026-08-01 09:20:22,104 | INFO | app.scrapers.winning_form_scraper | runner_table_used columns={'number': 0, 'name': 1, 'length_behind': 2, 'speed_index': 3, 'predicted_time': 4, 'merit': 5, 'weight': 6, 'draw': 7, 'jockey': 9, 'trainer': 10} extracted=13 stated=13
2026-08-01 09:20:22,105 | INFO | app.scrapers.winning_form_scraper | race_parsed url=https://legacy.winningform.co.za/GAU/2V260806_7.htm venue=Vaal date=2026-08-06 race=7 stated=13 parsed=13
2026-08-01 09:20:22,105 | INFO | app.scrapers.winning_form_scraper | horse_names=['Nuclear Force', 'Thoonsil', 'Party Punch', 'Hopscotch', 'Rosy Lemon', 'Cartagena', 'Arlington Action', 'Itsnowornever', 'Chabal', 'Repetition', 'Euphrates', 'Heroic Act', 'Gold De Grace']
2026-08-01 09:20:22,294 | INFO | httpx | HTTP Request: GET https://legacy.winningform.co.za/GAU/2V260806_8.htm "HTTP/1.1 200 OK"
2026-08-01 09:20:22,353 | INFO | app.scrapers.winning_form_scraper | runner_table_used columns={'number': 0, 'name': 1, 'length_behind': 2, 'speed_index': 3, 'predicted_time': 4, 'merit': 5, 'weight': 6, 'draw': 7, 'jockey': 9, 'trainer': 10} extracted=10 stated=10
2026-08-01 09:20:22,353 | INFO | app.scrapers.winning_form_scraper | race_parsed url=https://legacy.winningform.co.za/GAU/2V260806_8.htm venue=Vaal date=2026-08-06 race=8 stated=10 parsed=10
2026-08-01 09:20:22,353 | INFO | app.scrapers.winning_form_scraper | horse_names=['Freestyle Dance', 'Wartrax Blaze', 'Elisa Mbali', 'One State', 'Campo Formio', 'Sword Of Light', 'Mega Awesome', 'Truro Legacy', 'Cuzzie', 'Noble Chiefdom']
2026-08-01 09:20:22,410 | INFO | app.services.monitoring_service | monitoring_cycle_completed
2026-08-01 09:20:22,410 | INFO | app.main | application_started
2026-08-02 17:44:35,512 | INFO | apscheduler.scheduler | Adding job tentatively -- it will be properly scheduled when the scheduler starts
2026-08-02 17:44:35,513 | INFO | apscheduler.scheduler | Added job "MonitoringService.run_cycle" to job store "default"
2026-08-02 17:44:35,514 | INFO | apscheduler.scheduler | Scheduler started
2026-08-02 17:44:35,514 | INFO | app.services.monitoring_service | monitoring_cycle_started
2026-08-02 17:44:35,974 | INFO | httpx | HTTP Request: GET https://legacy.winningform.co.za "HTTP/1.1 200 OK"
2026-08-02 17:44:35,987 | INFO | app.scrapers.winning_form_scraper | fetch_index_frames=['https://legacy.winningform.co.za/guide.htm', 'https://legacy.winningform.co.za/cover.htm']
2026-08-02 17:44:36,091 | INFO | httpx | HTTP Request: GET https://legacy.winningform.co.za "HTTP/1.1 200 OK"
2026-08-02 17:44:36,205 | INFO | httpx | HTTP Request: GET https://legacy.winningform.co.za/guide.htm "HTTP/1.1 200 OK"
2026-08-02 17:44:36,339 | INFO | httpx | HTTP Request: GET https://legacy.winningform.co.za/cover.htm "HTTP/1.1 200 OK"
2026-08-02 17:44:36,477 | INFO | httpx | HTTP Request: GET https://legacy.winningform.co.za "HTTP/1.1 200 OK"
2026-08-02 17:44:36,608 | INFO | httpx | HTTP Request: GET https://legacy.winningform.co.za/guide.htm "HTTP/1.1 200 OK"
2026-08-02 17:44:36,761 | INFO | httpx | HTTP Request: GET https://legacy.winningform.co.za/cover.htm "HTTP/1.1 200 OK"
2026-08-02 17:44:36,793 | INFO | app.scrapers.winning_form_scraper | race_links_total=24
2026-08-02 17:44:36,793 | INFO | app.scrapers.winning_form_scraper | meetings_seen=['gau-v260806', 'kzn-s260802', 'wcp-k260805']
2026-08-02 17:44:36,933 | INFO | httpx | HTTP Request: GET https://legacy.winningform.co.za/KZN/2S260802_1.htm "HTTP/1.1 200 OK"
2026-08-02 17:44:37,130 | INFO | app.scrapers.winning_form_scraper | runner_table_used columns={'number': 0, 'name': 1, 'length_behind': 2, 'speed_index': 3, 'predicted_time': 4, 'merit': 5, 'weight': 6, 'draw': 7, 'jockey': 9, 'trainer': 10} extracted=13 stated=13
2026-08-02 17:44:37,130 | INFO | app.scrapers.winning_form_scraper | race_parsed url=https://legacy.winningform.co.za/KZN/2S260802_1.htm venue=Hollywoodbets Scottsville Outer date=2026-08-02 race=1 stated=13 parsed=13
2026-08-02 17:44:37,130 | INFO | app.scrapers.winning_form_scraper | horse_names=['Iceberg Rose', 'Forthegoodtimes', 'Tipperary', 'Pink Skies', 'Lovecomesknocking', 'Sweet Cherry', 'So Indi', 'Timeless Wonder', 'Bellanca Viking', 'Gezouten Haring', 'Linguistic', 'Princess Positano', 'Fleur Delacour']
2026-08-02 17:44:37,336 | INFO | httpx | HTTP Request: GET https://legacy.winningform.co.za/KZN/2S260802_2.htm "HTTP/1.1 200 OK"
2026-08-02 17:44:37,509 | INFO | app.scrapers.winning_form_scraper | runner_table_used columns={'number': 0, 'name': 1, 'length_behind': 2, 'speed_index': 3, 'predicted_time': 4, 'merit': 5, 'weight': 6, 'draw': 7, 'jockey': 9, 'trainer': 10} extracted=13 stated=13
2026-08-02 17:44:37,510 | INFO | app.scrapers.winning_form_scraper | race_parsed url=https://legacy.winningform.co.za/KZN/2S260802_2.htm venue=Hollywoodbets Scottsville Outer date=2026-08-02 race=2 stated=13 parsed=10
2026-08-02 17:44:37,510 | INFO | app.scrapers.winning_form_scraper | horse_names=['Gimme The Power', 'Floral Kingdom', 'Sweet Faye', 'Ayzal', 'Secret Ambition', 'Rustige Kracht', 'Tokyo Girl', 'Vivalto', 'Queen Indrani', 'Umoyawokubambelela', "Queen's Bounty", 'Sherpa Queen', 'Mighty Minnie']
2026-08-02 17:44:37,740 | INFO | httpx | HTTP Request: GET https://legacy.winningform.co.za/KZN/2S260802_3.htm "HTTP/1.1 200 OK"
2026-08-02 17:44:37,987 | INFO | app.scrapers.winning_form_scraper | runner_table_used columns={'number': 0, 'name': 1, 'length_behind': 2, 'speed_index': 3, 'predicted_time': 4, 'merit': 5, 'weight': 6, 'draw': 7, 'jockey': 9, 'trainer': 10} extracted=8 stated=8
2026-08-02 17:44:37,988 | INFO | app.scrapers.winning_form_scraper | race_parsed url=https://legacy.winningform.co.za/KZN/2S260802_3.htm venue=Hollywoodbets Scottsville Inner date=2026-08-02 race=3 stated=8 parsed=8
2026-08-02 17:44:37,988 | INFO | app.scrapers.winning_form_scraper | horse_names=['Future Prospect', 'Cali Bullet', 'Peaceful Duchess', 'After The Fire', "Chef's Kiss", 'Jenny Darling', 'Guild The Lilly', 'Anemie']
2026-08-02 17:44:39,011 | INFO | httpx | HTTP Request: GET https://legacy.winningform.co.za/KZN/2S260802_4.htm "HTTP/1.1 200 OK"
2026-08-02 17:44:39,200 | INFO | app.scrapers.winning_form_scraper | runner_table_used columns={'number': 0, 'name': 1, 'length_behind': 2, 'speed_index': 3, 'predicted_time': 4, 'merit': 5, 'weight': 6, 'draw': 7, 'jockey': 9, 'trainer': 10} extracted=8 stated=8
2026-08-02 17:44:39,200 | INFO | app.scrapers.winning_form_scraper | race_parsed url=https://legacy.winningform.co.za/KZN/2S260802_4.htm venue=Hollywoodbets Scottsville Inner date=2026-08-02 race=4 stated=8 parsed=8
2026-08-02 17:44:39,200 | INFO | app.scrapers.winning_form_scraper | horse_names=["Zena's Act", 'Golden Angel', 'Our Lady Fate', 'Stampede Ahead', 'Sesame', 'Cool Wind', 'Hurricane Flight', 'Mary Read']
2026-08-02 17:44:39,379 | INFO | httpx | HTTP Request: GET https://legacy.winningform.co.za/KZN/2S260802_5.htm "HTTP/1.1 200 OK"
2026-08-02 17:44:39,551 | INFO | app.scrapers.winning_form_scraper | runner_table_used columns={'number': 0, 'name': 1, 'length_behind': 2, 'speed_index': 3, 'predicted_time': 4, 'merit': 5, 'weight': 6, 'draw': 7, 'jockey': 9, 'trainer': 10} extracted=12 stated=12
2026-08-02 17:44:39,551 | INFO | app.scrapers.winning_form_scraper | race_parsed url=https://legacy.winningform.co.za/KZN/2S260802_5.htm venue=Hollywoodbets Scottsville Inner date=2026-08-02 race=5 stated=12 parsed=12
2026-08-02 17:44:39,551 | INFO | app.scrapers.winning_form_scraper | horse_names=['Serpentine Fire', "Sascha's Dream", 'Blizzardboy', 'Master Bomber', 'Buddy Boy', 'Trois Trois Quatre', 'Song To The Moon', 'Queue Wing', 'Red Cardinal', 'Dancing On A Cloud', 'Charlie Bucket', 'Double Causeway']
2026-08-02 17:44:39,814 | INFO | httpx | HTTP Request: GET https://legacy.winningform.co.za/KZN/2S260802_6.htm "HTTP/1.1 200 OK"
2026-08-02 17:44:39,948 | INFO | app.scrapers.winning_form_scraper | runner_table_used columns={'number': 0, 'name': 1, 'length_behind': 2, 'speed_index': 3, 'predicted_time': 4, 'merit': 5, 'weight': 6, 'draw': 7, 'jockey': 9, 'trainer': 10} extracted=9 stated=9
2026-08-02 17:44:39,949 | INFO | app.scrapers.winning_form_scraper | race_parsed url=https://legacy.winningform.co.za/KZN/2S260802_6.htm venue=Hollywoodbets Scottsville Inner date=2026-08-02 race=6 stated=9 parsed=9
2026-08-02 17:44:39,949 | INFO | app.scrapers.winning_form_scraper | horse_names=['Poursomesugaronme', "Captain's Pride", 'Izibulo', 'Sign Of Fate', 'Alltheboysiveloved', 'Shesha Ntombi', 'Blue Poppy', 'Rikkitikkitavi', 'Queen Amina']
2026-08-02 17:44:40,111 | INFO | httpx | HTTP Request: GET https://legacy.winningform.co.za/KZN/2S260802_7.htm "HTTP/1.1 200 OK"
2026-08-02 17:44:40,186 | INFO | app.scrapers.winning_form_scraper | runner_table_used columns={'number': 0, 'name': 1, 'length_behind': 2, 'speed_index': 3, 'predicted_time': 4, 'merit': 5, 'weight': 6, 'draw': 7, 'jockey': 9, 'trainer': 10} extracted=8 stated=8
2026-08-02 17:44:40,186 | INFO | app.scrapers.winning_form_scraper | race_parsed url=https://legacy.winningform.co.za/KZN/2S260802_7.htm venue=Hollywoodbets Scottsville Outer date=2026-08-02 race=7 stated=8 parsed=8
2026-08-02 17:44:40,186 | INFO | app.scrapers.winning_form_scraper | horse_names=['Trafalgar Square', 'Cappellino', 'Champagne Mac', 'Bless Me Fred', 'Futano', 'Intrepid', "Jane's Vision", "Mia's Athena"]
2026-08-02 17:44:40,393 | INFO | httpx | HTTP Request: GET https://legacy.winningform.co.za/KZN/2S260802_8.htm "HTTP/1.1 200 OK"
2026-08-02 17:44:40,480 | INFO | app.scrapers.winning_form_scraper | runner_table_used columns={'number': 0, 'name': 1, 'length_behind': 2, 'speed_index': 3, 'predicted_time': 4, 'merit': 5, 'weight': 6, 'draw': 7, 'jockey': 9, 'trainer': 10} extracted=11 stated=11
2026-08-02 17:44:40,480 | INFO | app.scrapers.winning_form_scraper | race_parsed url=https://legacy.winningform.co.za/KZN/2S260802_8.htm venue=Hollywoodbets Scottsville Outer date=2026-08-02 race=8 stated=11 parsed=11
2026-08-02 17:44:40,480 | INFO | app.scrapers.winning_form_scraper | horse_names=['Axis Power', 'Cavalry Commander', 'Blazing Fury', 'Military Command', 'Luneluck', 'Smorgasbord', 'Billy Cool', 'Call Of The Karoo', 'Rock Music', 'Caribbean Gold', 'Queen Of The Spear']
2026-08-02 17:44:40,658 | INFO | httpx | HTTP Request: GET https://legacy.winningform.co.za/WCP/2K260805_1.htm "HTTP/1.1 200 OK"
2026-08-02 17:44:40,690 | INFO | app.scrapers.winning_form_scraper | runner_table_used columns={'number': 0, 'name': 1, 'length_behind': 2, 'speed_index': 3, 'predicted_time': 4, 'merit': 5, 'weight': 6, 'draw': 7, 'jockey': 9, 'trainer': 10} extracted=9 stated=9
2026-08-02 17:44:40,690 | INFO | app.scrapers.winning_form_scraper | race_parsed url=https://legacy.winningform.co.za/WCP/2K260805_1.htm venue=Hollywoodbets Kenilworth date=2026-08-05 race=1 stated=9 parsed=9
2026-08-02 17:44:40,690 | INFO | app.scrapers.winning_form_scraper | horse_names=['El Cohete', 'Bolero', 'Rust Never Sleeps', 'In The Air Tonight', 'Wild Streak', 'Visionary Flame', 'Wreath Of Snow', 'Cardinal King', 'Workingclasshero']
2026-08-02 17:44:40,847 | INFO | httpx | HTTP Request: GET https://legacy.winningform.co.za/WCP/2K260805_2.htm "HTTP/1.1 200 OK"
2026-08-02 17:44:40,885 | INFO | app.scrapers.winning_form_scraper | runner_table_used columns={'number': 0, 'name': 1, 'length_behind': 2, 'speed_index': 3, 'predicted_time': 4, 'merit': 5, 'weight': 6, 'draw': 7, 'jockey': 9, 'trainer': 10} extracted=12 stated=12
2026-08-02 17:44:40,886 | INFO | app.scrapers.winning_form_scraper | race_parsed url=https://legacy.winningform.co.za/WCP/2K260805_2.htm venue=Hollywoodbets Kenilworth date=2026-08-05 race=2 stated=12 parsed=12
2026-08-02 17:44:40,886 | INFO | app.scrapers.winning_form_scraper | horse_names=['Rock The Road', 'Sabre Wing', 'Royal Emulation', 'Hurricane Paige', 'Mind Over You', 'One Step', 'Cloudy Day', 'Over My Shoulder', 'Winter Blossom', 'Qilin', 'Eye Opener', 'Naughty Princess']
2026-08-02 17:44:41,036 | INFO | httpx | HTTP Request: GET https://legacy.winningform.co.za/WCP/2K260805_3.htm "HTTP/1.1 200 OK"
2026-08-02 17:44:41,081 | INFO | app.scrapers.winning_form_scraper | runner_table_used columns={'number': 0, 'name': 1, 'length_behind': 2, 'speed_index': 3, 'predicted_time': 4, 'merit': 5, 'weight': 6, 'draw': 7, 'jockey': 9, 'trainer': 10} extracted=11 stated=11
2026-08-02 17:44:41,082 | INFO | app.scrapers.winning_form_scraper | race_parsed url=https://legacy.winningform.co.za/WCP/2K260805_3.htm venue=Hollywoodbets Kenilworth date=2026-08-05 race=3 stated=11 parsed=11
2026-08-02 17:44:41,082 | INFO | app.scrapers.winning_form_scraper | horse_names=['African Wild Dog', "It'sgood It'snice", 'Big Deal', 'Zanfan Moris', 'Copper Head', 'Noble Salute', 'Edictal Citation', 'Waiting Game', 'World At One', 'Gather Quick', 'Legal Dancer']
2026-08-02 17:44:41,262 | INFO | httpx | HTTP Request: GET https://legacy.winningform.co.za/WCP/2K260805_4.htm "HTTP/1.1 200 OK"
2026-08-02 17:44:41,319 | INFO | app.scrapers.winning_form_scraper | runner_table_used columns={'number': 0, 'name': 1, 'length_behind': 2, 'speed_index': 3, 'predicted_time': 4, 'merit': 5, 'weight': 6, 'draw': 7, 'jockey': 9, 'trainer': 10} extracted=12 stated=12
2026-08-02 17:44:41,320 | INFO | app.scrapers.winning_form_scraper | race_parsed url=https://legacy.winningform.co.za/WCP/2K260805_4.htm venue=Hollywoodbets Kenilworth date=2026-08-05 race=4 stated=12 parsed=12
2026-08-02 17:44:41,320 | INFO | app.scrapers.winning_form_scraper | horse_names=['Odds And Evens', 'Ntibindi', 'Macro Gravity', 'Be Rational', 'What The Fluff', 'Limerance', 'Runway Romance', 'Remuneration', 'Moonshine Bay', 'Proxima', 'Glamour Girl', 'United We Stand']
2026-08-02 17:44:41,489 | INFO | httpx | HTTP Request: GET https://legacy.winningform.co.za/WCP/2K260805_5.htm "HTTP/1.1 200 OK"
2026-08-02 17:44:41,582 | INFO | app.scrapers.winning_form_scraper | runner_table_used columns={'number': 0, 'name': 1, 'length_behind': 2, 'speed_index': 3, 'predicted_time': 4, 'merit': 5, 'weight': 6, 'draw': 7, 'jockey': 9, 'trainer': 10} extracted=11 stated=11
2026-08-02 17:44:41,582 | INFO | app.scrapers.winning_form_scraper | race_parsed url=https://legacy.winningform.co.za/WCP/2K260805_5.htm venue=Hollywoodbets Kenilworth date=2026-08-05 race=5 stated=11 parsed=11
2026-08-02 17:44:41,582 | INFO | app.scrapers.winning_form_scraper | horse_names=['Hampstead Heath', 'Dream Searcher', 'Supreme Fate', 'Una The Unicorn', 'Eisteddfod', 'Gin Palace', 'South Of France', 'Amayah', 'Jou Lekker Ding', 'Take It As Red', 'Money Extractor']
2026-08-02 17:44:41,819 | INFO | httpx | HTTP Request: GET https://legacy.winningform.co.za/WCP/2K260805_6.htm "HTTP/1.1 200 OK"
2026-08-02 17:44:42,209 | INFO | app.scrapers.winning_form_scraper | runner_table_used columns={'number': 0, 'name': 1, 'length_behind': 2, 'speed_index': 3, 'predicted_time': 4, 'merit': 5, 'weight': 6, 'draw': 7, 'jockey': 9, 'trainer': 10} extracted=13 stated=13
2026-08-02 17:44:42,210 | INFO | app.scrapers.winning_form_scraper | race_parsed url=https://legacy.winningform.co.za/WCP/2K260805_6.htm venue=Hollywoodbets Kenilworth date=2026-08-05 race=6 stated=13 parsed=13
2026-08-02 17:44:42,210 | INFO | app.scrapers.winning_form_scraper | horse_names=['Etoilefillante', 'Midway', 'Phantom Man', 'Gold Index', 'Smart Horse', 'Master Coiner', 'Mela Strength', 'Double Dash', 'Miss New York', 'Kisses', 'Twice The Master', 'Tothemoonandback', 'Run For Cover']
2026-08-02 17:44:42,384 | INFO | httpx | HTTP Request: GET https://legacy.winningform.co.za/WCP/2K260805_7.htm "HTTP/1.1 200 OK"
2026-08-02 17:44:42,549 | INFO | app.scrapers.winning_form_scraper | runner_table_used columns={'number': 0, 'name': 1, 'length_behind': 2, 'speed_index': 3, 'predicted_time': 4, 'merit': 5, 'weight': 6, 'draw': 7, 'jockey': 9, 'trainer': 10} extracted=8 stated=8
2026-08-02 17:44:42,549 | INFO | app.scrapers.winning_form_scraper | race_parsed url=https://legacy.winningform.co.za/WCP/2K260805_7.htm venue=Hollywoodbets Kenilworth date=2026-08-05 race=7 stated=8 parsed=8
2026-08-02 17:44:42,549 | INFO | app.scrapers.winning_form_scraper | horse_names=['Avignon', 'Shifting Path', 'Prince Of Tibet', 'Vivo Per Lei', 'Commanding', 'Black Path', 'Vercicat', 'Cantona']
2026-08-02 17:44:42,720 | INFO | httpx | HTTP Request: GET https://legacy.winningform.co.za/WCP/2K260805_8.htm "HTTP/1.1 200 OK"
2026-08-02 17:44:42,896 | INFO | app.scrapers.winning_form_scraper | runner_table_used columns={'number': 0, 'name': 1, 'length_behind': 2, 'speed_index': 3, 'predicted_time': 4, 'merit': 5, 'weight': 6, 'draw': 7, 'jockey': 9, 'trainer': 10} extracted=11 stated=11
2026-08-02 17:44:42,896 | INFO | app.scrapers.winning_form_scraper | race_parsed url=https://legacy.winningform.co.za/WCP/2K260805_8.htm venue=Hollywoodbets Kenilworth date=2026-08-05 race=8 stated=11 parsed=11
2026-08-02 17:44:42,896 | INFO | app.scrapers.winning_form_scraper | horse_names=['Cork Bay', 'Lyrical Gangster', 'Escarpment', 'Gold Dust', 'Follow Your Heart', 'Like Dynamite', "Dawn's Early Light", 'Ferryman', 'Marseilles', 'Catwalk King', 'Earn The Weekend']
2026-08-02 17:44:43,062 | INFO | httpx | HTTP Request: GET https://legacy.winningform.co.za/GAU/2V260806_1.htm "HTTP/1.1 200 OK"
2026-08-02 17:44:43,159 | INFO | app.scrapers.winning_form_scraper | runner_table_used columns={'number': 0, 'name': 1, 'length_behind': 2, 'speed_index': 3, 'predicted_time': 4, 'merit': 5, 'weight': 6, 'draw': 7, 'jockey': 9, 'trainer': 10} extracted=6 stated=6
2026-08-02 17:44:43,159 | INFO | app.scrapers.winning_form_scraper | race_parsed url=https://legacy.winningform.co.za/GAU/2V260806_1.htm venue=Vaal date=2026-08-06 race=1 stated=6 parsed=6
2026-08-02 17:44:43,160 | INFO | app.scrapers.winning_form_scraper | horse_names=['Battleground', 'Corrupt', 'Green Machine', 'Taxhaven', 'Samuel Sharpe', 'Bellerophon']
2026-08-02 17:44:43,370 | INFO | httpx | HTTP Request: GET https://legacy.winningform.co.za/GAU/2V260806_2.htm "HTTP/1.1 200 OK"
2026-08-02 17:44:43,496 | INFO | app.scrapers.winning_form_scraper | runner_table_used columns={'number': 0, 'name': 1, 'length_behind': 2, 'speed_index': 3, 'predicted_time': 4, 'merit': 5, 'weight': 6, 'draw': 7, 'jockey': 9, 'trainer': 10} extracted=7 stated=7
2026-08-02 17:44:43,497 | INFO | app.scrapers.winning_form_scraper | race_parsed url=https://legacy.winningform.co.za/GAU/2V260806_2.htm venue=Vaal date=2026-08-06 race=2 stated=7 parsed=7
2026-08-02 17:44:43,497 | INFO | app.scrapers.winning_form_scraper | horse_names=['Jet Cat', 'Bell Of Angelus', 'Sergeant Soqrat', 'Oriental Bouquet', 'Champagne Problems', 'Phala Millions', 'Caladrius']
2026-08-02 17:44:43,731 | INFO | httpx | HTTP Request: GET https://legacy.winningform.co.za/GAU/2V260806_3.htm "HTTP/1.1 200 OK"
2026-08-02 17:44:43,794 | INFO | app.scrapers.winning_form_scraper | runner_table_used columns={'number': 0, 'name': 1, 'length_behind': 2, 'speed_index': 3, 'predicted_time': 4, 'merit': 5, 'weight': 6, 'draw': 7, 'jockey': 9, 'trainer': 10} extracted=7 stated=7
2026-08-02 17:44:43,794 | INFO | app.scrapers.winning_form_scraper | race_parsed url=https://legacy.winningform.co.za/GAU/2V260806_3.htm venue=Vaal date=2026-08-06 race=3 stated=7 parsed=7
2026-08-02 17:44:43,794 | INFO | app.scrapers.winning_form_scraper | horse_names=['Wings Of Kildra', 'Ada Lovelace', 'Executrix', 'Magic Carpet Ride', 'Royal Horizon', 'Iconic Winter', 'Love Not War']
2026-08-02 17:44:43,965 | INFO | httpx | HTTP Request: GET https://legacy.winningform.co.za/GAU/2V260806_4.htm "HTTP/1.1 200 OK"
2026-08-02 17:44:44,040 | INFO | app.scrapers.winning_form_scraper | runner_table_used columns={'number': 0, 'name': 1, 'length_behind': 2, 'speed_index': 3, 'predicted_time': 4, 'merit': 5, 'weight': 6, 'draw': 7, 'jockey': 9, 'trainer': 10} extracted=7 stated=7
2026-08-02 17:44:44,040 | INFO | app.scrapers.winning_form_scraper | race_parsed url=https://legacy.winningform.co.za/GAU/2V260806_4.htm venue=Vaal date=2026-08-06 race=4 stated=7 parsed=7
2026-08-02 17:44:44,040 | INFO | app.scrapers.winning_form_scraper | horse_names=['Winter Rainfall', 'Valieva', "She's All Mine", 'Jazz Pianist', 'Tempranillo', 'Versace Onthetrack', 'Slender Silhouette']
2026-08-02 17:44:44,204 | INFO | httpx | HTTP Request: GET https://legacy.winningform.co.za/GAU/2V260806_5.htm "HTTP/1.1 200 OK"
2026-08-02 17:44:44,391 | INFO | app.scrapers.winning_form_scraper | runner_table_used columns={'number': 0, 'name': 1, 'length_behind': 2, 'speed_index': 3, 'predicted_time': 4, 'merit': 5, 'weight': 6, 'draw': 7, 'jockey': 9, 'trainer': 10} extracted=11 stated=11
2026-08-02 17:44:44,391 | INFO | app.scrapers.winning_form_scraper | race_parsed url=https://legacy.winningform.co.za/GAU/2V260806_5.htm venue=Vaal date=2026-08-06 race=5 stated=11 parsed=11
2026-08-02 17:44:44,391 | INFO | app.scrapers.winning_form_scraper | horse_names=['Wish You Were Here', 'Lannyboy', 'Smoking Gun', 'A Roman Twist', "God's Country", 'Cool Gambler', "Ain't No Sunshine", 'Willow Charm', 'Levitator', 'Forever Canford', 'Spirit Of The Sea']
2026-08-02 17:44:44,568 | INFO | httpx | HTTP Request: GET https://legacy.winningform.co.za/GAU/2V260806_6.htm "HTTP/1.1 200 OK"
2026-08-02 17:44:44,714 | INFO | app.scrapers.winning_form_scraper | runner_table_used columns={'number': 0, 'name': 1, 'length_behind': 2, 'speed_index': 3, 'predicted_time': 4, 'merit': 5, 'weight': 6, 'draw': 7, 'jockey': 9, 'trainer': 10} extracted=8 stated=8
2026-08-02 17:44:44,715 | INFO | app.scrapers.winning_form_scraper | race_parsed url=https://legacy.winningform.co.za/GAU/2V260806_6.htm venue=Vaal date=2026-08-06 race=6 stated=8 parsed=8
2026-08-02 17:44:44,715 | INFO | app.scrapers.winning_form_scraper | horse_names=['Korcula', 'Epidaurus', 'Twelfth Of Never', 'Comic Artist', 'Lanteri', 'Gus On The Bus', 'Evening News', 'Forever Red']
2026-08-02 17:44:44,883 | INFO | httpx | HTTP Request: GET https://legacy.winningform.co.za/GAU/2V260806_7.htm "HTTP/1.1 200 OK"
2026-08-02 17:44:45,015 | INFO | app.scrapers.winning_form_scraper | runner_table_used columns={'number': 0, 'name': 1, 'length_behind': 2, 'speed_index': 3, 'predicted_time': 4, 'merit': 5, 'weight': 6, 'draw': 7, 'jockey': 9, 'trainer': 10} extracted=13 stated=13
2026-08-02 17:44:45,015 | INFO | app.scrapers.winning_form_scraper | race_parsed url=https://legacy.winningform.co.za/GAU/2V260806_7.htm venue=Vaal date=2026-08-06 race=7 stated=13 parsed=13
2026-08-02 17:44:45,015 | INFO | app.scrapers.winning_form_scraper | horse_names=['Nuclear Force', 'Thoonsil', 'Party Punch', 'Hopscotch', 'Rosy Lemon', 'Cartagena', 'Arlington Action', 'Itsnowornever', 'Chabal', 'Repetition', 'Euphrates', 'Heroic Act', 'Gold De Grace']
2026-08-02 17:44:45,185 | INFO | httpx | HTTP Request: GET https://legacy.winningform.co.za/GAU/2V260806_8.htm "HTTP/1.1 200 OK"
2026-08-02 17:44:45,240 | INFO | app.scrapers.winning_form_scraper | runner_table_used columns={'number': 0, 'name': 1, 'length_behind': 2, 'speed_index': 3, 'predicted_time': 4, 'merit': 5, 'weight': 6, 'draw': 7, 'jockey': 9, 'trainer': 10} extracted=10 stated=10
2026-08-02 17:44:45,240 | INFO | app.scrapers.winning_form_scraper | race_parsed url=https://legacy.winningform.co.za/GAU/2V260806_8.htm venue=Vaal date=2026-08-06 race=8 stated=10 parsed=10
2026-08-02 17:44:45,240 | INFO | app.scrapers.winning_form_scraper | horse_names=['Freestyle Dance', 'Wartrax Blaze', 'Elisa Mbali', 'One State', 'Campo Formio', 'Sword Of Light', 'Mega Awesome', 'Truro Legacy', 'Cuzzie', 'Noble Chiefdom']
2026-08-02 17:44:45,292 | INFO | app.services.monitoring_service | monitoring_cycle_completed
2026-08-02 17:44:45,292 | INFO | app.main | application_started
2026-08-02 17:45:10,612 | INFO | apscheduler.scheduler | Adding job tentatively -- it will be properly scheduled when the scheduler starts
2026-08-02 17:45:10,613 | INFO | apscheduler.scheduler | Added job "MonitoringService.run_cycle" to job store "default"
2026-08-02 17:45:10,613 | INFO | apscheduler.scheduler | Scheduler started
2026-08-02 17:45:10,613 | INFO | app.services.monitoring_service | monitoring_cycle_started
2026-08-02 17:45:10,956 | INFO | httpx | HTTP Request: GET https://legacy.winningform.co.za "HTTP/1.1 200 OK"
2026-08-02 17:45:10,958 | INFO | app.scrapers.winning_form_scraper | fetch_index_frames=['https://legacy.winningform.co.za/guide.htm', 'https://legacy.winningform.co.za/cover.htm']
2026-08-02 17:45:11,080 | INFO | httpx | HTTP Request: GET https://legacy.winningform.co.za "HTTP/1.1 200 OK"
2026-08-02 17:45:11,209 | INFO | httpx | HTTP Request: GET https://legacy.winningform.co.za/guide.htm "HTTP/1.1 200 OK"
2026-08-02 17:45:11,336 | INFO | httpx | HTTP Request: GET https://legacy.winningform.co.za/cover.htm "HTTP/1.1 200 OK"
2026-08-02 17:45:11,479 | INFO | httpx | HTTP Request: GET https://legacy.winningform.co.za "HTTP/1.1 200 OK"
2026-08-02 17:45:11,603 | INFO | httpx | HTTP Request: GET https://legacy.winningform.co.za/guide.htm "HTTP/1.1 200 OK"
2026-08-02 17:45:11,756 | INFO | httpx | HTTP Request: GET https://legacy.winningform.co.za/cover.htm "HTTP/1.1 200 OK"
2026-08-02 17:45:11,785 | INFO | app.scrapers.winning_form_scraper | race_links_total=24
2026-08-02 17:45:11,785 | INFO | app.scrapers.winning_form_scraper | meetings_seen=['gau-v260806', 'kzn-s260802', 'wcp-k260805']
2026-08-02 17:45:11,935 | INFO | httpx | HTTP Request: GET https://legacy.winningform.co.za/KZN/2S260802_1.htm "HTTP/1.1 200 OK"
2026-08-02 17:45:12,095 | INFO | app.scrapers.winning_form_scraper | runner_table_used columns={'number': 0, 'name': 1, 'length_behind': 2, 'speed_index': 3, 'predicted_time': 4, 'merit': 5, 'weight': 6, 'draw': 7, 'jockey': 9, 'trainer': 10} extracted=13 stated=13
2026-08-02 17:45:12,096 | INFO | app.scrapers.winning_form_scraper | race_parsed url=https://legacy.winningform.co.za/KZN/2S260802_1.htm venue=Hollywoodbets Scottsville Outer date=2026-08-02 race=1 stated=13 parsed=13
2026-08-02 17:45:12,096 | INFO | app.scrapers.winning_form_scraper | horse_names=['Iceberg Rose', 'Forthegoodtimes', 'Tipperary', 'Pink Skies', 'Lovecomesknocking', 'Sweet Cherry', 'So Indi', 'Timeless Wonder', 'Bellanca Viking', 'Gezouten Haring', 'Linguistic', 'Princess Positano', 'Fleur Delacour']
2026-08-02 17:45:12,257 | INFO | httpx | HTTP Request: GET https://legacy.winningform.co.za/KZN/2S260802_2.htm "HTTP/1.1 200 OK"
2026-08-02 17:45:12,346 | INFO | app.scrapers.winning_form_scraper | runner_table_used columns={'number': 0, 'name': 1, 'length_behind': 2, 'speed_index': 3, 'predicted_time': 4, 'merit': 5, 'weight': 6, 'draw': 7, 'jockey': 9, 'trainer': 10} extracted=13 stated=13
2026-08-02 17:45:12,346 | INFO | app.scrapers.winning_form_scraper | race_parsed url=https://legacy.winningform.co.za/KZN/2S260802_2.htm venue=Hollywoodbets Scottsville Outer date=2026-08-02 race=2 stated=13 parsed=10
2026-08-02 17:45:12,346 | INFO | app.scrapers.winning_form_scraper | horse_names=['Gimme The Power', 'Floral Kingdom', 'Sweet Faye', 'Ayzal', 'Secret Ambition', 'Rustige Kracht', 'Tokyo Girl', 'Vivalto', 'Queen Indrani', 'Umoyawokubambelela', "Queen's Bounty", 'Sherpa Queen', 'Mighty Minnie']
2026-08-02 17:45:12,504 | INFO | httpx | HTTP Request: GET https://legacy.winningform.co.za/KZN/2S260802_3.htm "HTTP/1.1 200 OK"
2026-08-02 17:45:12,570 | INFO | app.scrapers.winning_form_scraper | runner_table_used columns={'number': 0, 'name': 1, 'length_behind': 2, 'speed_index': 3, 'predicted_time': 4, 'merit': 5, 'weight': 6, 'draw': 7, 'jockey': 9, 'trainer': 10} extracted=8 stated=8
2026-08-02 17:45:12,570 | INFO | app.scrapers.winning_form_scraper | race_parsed url=https://legacy.winningform.co.za/KZN/2S260802_3.htm venue=Hollywoodbets Scottsville Inner date=2026-08-02 race=3 stated=8 parsed=8
2026-08-02 17:45:12,570 | INFO | app.scrapers.winning_form_scraper | horse_names=['Future Prospect', 'Cali Bullet', 'Peaceful Duchess', 'After The Fire', "Chef's Kiss", 'Jenny Darling', 'Guild The Lilly', 'Anemie']
2026-08-02 17:45:12,717 | INFO | httpx | HTTP Request: GET https://legacy.winningform.co.za/KZN/2S260802_4.htm "HTTP/1.1 200 OK"
2026-08-02 17:45:12,852 | INFO | app.scrapers.winning_form_scraper | runner_table_used columns={'number': 0, 'name': 1, 'length_behind': 2, 'speed_index': 3, 'predicted_time': 4, 'merit': 5, 'weight': 6, 'draw': 7, 'jockey': 9, 'trainer': 10} extracted=8 stated=8
2026-08-02 17:45:12,853 | INFO | app.scrapers.winning_form_scraper | race_parsed url=https://legacy.winningform.co.za/KZN/2S260802_4.htm venue=Hollywoodbets Scottsville Inner date=2026-08-02 race=4 stated=8 parsed=8
2026-08-02 17:45:12,853 | INFO | app.scrapers.winning_form_scraper | horse_names=["Zena's Act", 'Golden Angel', 'Our Lady Fate', 'Stampede Ahead', 'Sesame', 'Cool Wind', 'Hurricane Flight', 'Mary Read']
2026-08-02 17:45:13,013 | INFO | httpx | HTTP Request: GET https://legacy.winningform.co.za/KZN/2S260802_5.htm "HTTP/1.1 200 OK"
2026-08-02 17:45:13,100 | INFO | app.scrapers.winning_form_scraper | runner_table_used columns={'number': 0, 'name': 1, 'length_behind': 2, 'speed_index': 3, 'predicted_time': 4, 'merit': 5, 'weight': 6, 'draw': 7, 'jockey': 9, 'trainer': 10} extracted=12 stated=12
2026-08-02 17:45:13,101 | INFO | app.scrapers.winning_form_scraper | race_parsed url=https://legacy.winningform.co.za/KZN/2S260802_5.htm venue=Hollywoodbets Scottsville Inner date=2026-08-02 race=5 stated=12 parsed=12
2026-08-02 17:45:13,101 | INFO | app.scrapers.winning_form_scraper | horse_names=['Serpentine Fire', "Sascha's Dream", 'Blizzardboy', 'Master Bomber', 'Buddy Boy', 'Trois Trois Quatre', 'Song To The Moon', 'Queue Wing', 'Red Cardinal', 'Dancing On A Cloud', 'Charlie Bucket', 'Double Causeway']
2026-08-02 17:45:13,268 | INFO | httpx | HTTP Request: GET https://legacy.winningform.co.za/KZN/2S260802_6.htm "HTTP/1.1 200 OK"
2026-08-02 17:45:13,365 | INFO | app.scrapers.winning_form_scraper | runner_table_used columns={'number': 0, 'name': 1, 'length_behind': 2, 'speed_index': 3, 'predicted_time': 4, 'merit': 5, 'weight': 6, 'draw': 7, 'jockey': 9, 'trainer': 10} extracted=9 stated=9
2026-08-02 17:45:13,365 | INFO | app.scrapers.winning_form_scraper | race_parsed url=https://legacy.winningform.co.za/KZN/2S260802_6.htm venue=Hollywoodbets Scottsville Inner date=2026-08-02 race=6 stated=9 parsed=9
2026-08-02 17:45:13,366 | INFO | app.scrapers.winning_form_scraper | horse_names=['Poursomesugaronme', "Captain's Pride", 'Izibulo', 'Sign Of Fate', 'Alltheboysiveloved', 'Shesha Ntombi', 'Blue Poppy', 'Rikkitikkitavi', 'Queen Amina']
2026-08-02 17:45:13,530 | INFO | httpx | HTTP Request: GET https://legacy.winningform.co.za/KZN/2S260802_7.htm "HTTP/1.1 200 OK"
2026-08-02 17:45:13,591 | INFO | app.scrapers.winning_form_scraper | runner_table_used columns={'number': 0, 'name': 1, 'length_behind': 2, 'speed_index': 3, 'predicted_time': 4, 'merit': 5, 'weight': 6, 'draw': 7, 'jockey': 9, 'trainer': 10} extracted=8 stated=8
2026-08-02 17:45:13,591 | INFO | app.scrapers.winning_form_scraper | race_parsed url=https://legacy.winningform.co.za/KZN/2S260802_7.htm venue=Hollywoodbets Scottsville Outer date=2026-08-02 race=7 stated=8 parsed=8
2026-08-02 17:45:13,592 | INFO | app.scrapers.winning_form_scraper | horse_names=['Trafalgar Square', 'Cappellino', 'Champagne Mac', 'Bless Me Fred', 'Futano', 'Intrepid', "Jane's Vision", "Mia's Athena"]
2026-08-02 17:45:13,748 | INFO | httpx | HTTP Request: GET https://legacy.winningform.co.za/KZN/2S260802_8.htm "HTTP/1.1 200 OK"
2026-08-02 17:45:13,858 | INFO | app.scrapers.winning_form_scraper | runner_table_used columns={'number': 0, 'name': 1, 'length_behind': 2, 'speed_index': 3, 'predicted_time': 4, 'merit': 5, 'weight': 6, 'draw': 7, 'jockey': 9, 'trainer': 10} extracted=11 stated=11
2026-08-02 17:45:13,858 | INFO | app.scrapers.winning_form_scraper | race_parsed url=https://legacy.winningform.co.za/KZN/2S260802_8.htm venue=Hollywoodbets Scottsville Outer date=2026-08-02 race=8 stated=11 parsed=11
2026-08-02 17:45:13,859 | INFO | app.scrapers.winning_form_scraper | horse_names=['Axis Power', 'Cavalry Commander', 'Blazing Fury', 'Military Command', 'Luneluck', 'Smorgasbord', 'Billy Cool', 'Call Of The Karoo', 'Rock Music', 'Caribbean Gold', 'Queen Of The Spear']
2026-08-02 17:45:13,999 | INFO | httpx | HTTP Request: GET https://legacy.winningform.co.za/WCP/2K260805_1.htm "HTTP/1.1 200 OK"
2026-08-02 17:45:14,038 | INFO | app.scrapers.winning_form_scraper | runner_table_used columns={'number': 0, 'name': 1, 'length_behind': 2, 'speed_index': 3, 'predicted_time': 4, 'merit': 5, 'weight': 6, 'draw': 7, 'jockey': 9, 'trainer': 10} extracted=9 stated=9
2026-08-02 17:45:14,038 | INFO | app.scrapers.winning_form_scraper | race_parsed url=https://legacy.winningform.co.za/WCP/2K260805_1.htm venue=Hollywoodbets Kenilworth date=2026-08-05 race=1 stated=9 parsed=9
2026-08-02 17:45:14,038 | INFO | app.scrapers.winning_form_scraper | horse_names=['El Cohete', 'Bolero', 'Rust Never Sleeps', 'In The Air Tonight', 'Wild Streak', 'Visionary Flame', 'Wreath Of Snow', 'Cardinal King', 'Workingclasshero']
2026-08-02 17:45:14,163 | INFO | httpx | HTTP Request: GET https://legacy.winningform.co.za/WCP/2K260805_2.htm "HTTP/1.1 200 OK"
2026-08-02 17:45:14,210 | INFO | app.scrapers.winning_form_scraper | runner_table_used columns={'number': 0, 'name': 1, 'length_behind': 2, 'speed_index': 3, 'predicted_time': 4, 'merit': 5, 'weight': 6, 'draw': 7, 'jockey': 9, 'trainer': 10} extracted=12 stated=12
2026-08-02 17:45:14,210 | INFO | app.scrapers.winning_form_scraper | race_parsed url=https://legacy.winningform.co.za/WCP/2K260805_2.htm venue=Hollywoodbets Kenilworth date=2026-08-05 race=2 stated=12 parsed=12
2026-08-02 17:45:14,211 | INFO | app.scrapers.winning_form_scraper | horse_names=['Rock The Road', 'Sabre Wing', 'Royal Emulation', 'Hurricane Paige', 'Mind Over You', 'One Step', 'Cloudy Day', 'Over My Shoulder', 'Winter Blossom', 'Qilin', 'Eye Opener', 'Naughty Princess']
2026-08-02 17:45:14,351 | INFO | httpx | HTTP Request: GET https://legacy.winningform.co.za/WCP/2K260805_3.htm "HTTP/1.1 200 OK"
2026-08-02 17:45:14,407 | INFO | app.scrapers.winning_form_scraper | runner_table_used columns={'number': 0, 'name': 1, 'length_behind': 2, 'speed_index': 3, 'predicted_time': 4, 'merit': 5, 'weight': 6, 'draw': 7, 'jockey': 9, 'trainer': 10} extracted=11 stated=11
2026-08-02 17:45:14,407 | INFO | app.scrapers.winning_form_scraper | race_parsed url=https://legacy.winningform.co.za/WCP/2K260805_3.htm venue=Hollywoodbets Kenilworth date=2026-08-05 race=3 stated=11 parsed=11
2026-08-02 17:45:14,407 | INFO | app.scrapers.winning_form_scraper | horse_names=['African Wild Dog', "It'sgood It'snice", 'Big Deal', 'Zanfan Moris', 'Copper Head', 'Noble Salute', 'Edictal Citation', 'Waiting Game', 'World At One', 'Gather Quick', 'Legal Dancer']
2026-08-02 17:45:14,550 | INFO | httpx | HTTP Request: GET https://legacy.winningform.co.za/WCP/2K260805_4.htm "HTTP/1.1 200 OK"
2026-08-02 17:45:14,629 | INFO | app.scrapers.winning_form_scraper | runner_table_used columns={'number': 0, 'name': 1, 'length_behind': 2, 'speed_index': 3, 'predicted_time': 4, 'merit': 5, 'weight': 6, 'draw': 7, 'jockey': 9, 'trainer': 10} extracted=12 stated=12
2026-08-02 17:45:14,630 | INFO | app.scrapers.winning_form_scraper | race_parsed url=https://legacy.winningform.co.za/WCP/2K260805_4.htm venue=Hollywoodbets Kenilworth date=2026-08-05 race=4 stated=12 parsed=12
2026-08-02 17:45:14,630 | INFO | app.scrapers.winning_form_scraper | horse_names=['Odds And Evens', 'Ntibindi', 'Macro Gravity', 'Be Rational', 'What The Fluff', 'Limerance', 'Runway Romance', 'Remuneration', 'Moonshine Bay', 'Proxima', 'Glamour Girl', 'United We Stand']
2026-08-02 17:45:14,794 | INFO | httpx | HTTP Request: GET https://legacy.winningform.co.za/WCP/2K260805_5.htm "HTTP/1.1 200 OK"
2026-08-02 17:45:15,063 | INFO | app.scrapers.winning_form_scraper | runner_table_used columns={'number': 0, 'name': 1, 'length_behind': 2, 'speed_index': 3, 'predicted_time': 4, 'merit': 5, 'weight': 6, 'draw': 7, 'jockey': 9, 'trainer': 10} extracted=11 stated=11
2026-08-02 17:45:15,064 | INFO | app.scrapers.winning_form_scraper | race_parsed url=https://legacy.winningform.co.za/WCP/2K260805_5.htm venue=Hollywoodbets Kenilworth date=2026-08-05 race=5 stated=11 parsed=11
2026-08-02 17:45:15,064 | INFO | app.scrapers.winning_form_scraper | horse_names=['Hampstead Heath', 'Dream Searcher', 'Supreme Fate', 'Una The Unicorn', 'Eisteddfod', 'Gin Palace', 'South Of France', 'Amayah', 'Jou Lekker Ding', 'Take It As Red', 'Money Extractor']
2026-08-02 17:45:15,259 | INFO | httpx | HTTP Request: GET https://legacy.winningform.co.za/WCP/2K260805_6.htm "HTTP/1.1 200 OK"
2026-08-02 17:45:15,530 | INFO | app.scrapers.winning_form_scraper | runner_table_used columns={'number': 0, 'name': 1, 'length_behind': 2, 'speed_index': 3, 'predicted_time': 4, 'merit': 5, 'weight': 6, 'draw': 7, 'jockey': 9, 'trainer': 10} extracted=13 stated=13
2026-08-02 17:45:15,531 | INFO | app.scrapers.winning_form_scraper | race_parsed url=https://legacy.winningform.co.za/WCP/2K260805_6.htm venue=Hollywoodbets Kenilworth date=2026-08-05 race=6 stated=13 parsed=13
2026-08-02 17:45:15,531 | INFO | app.scrapers.winning_form_scraper | horse_names=['Etoilefillante', 'Midway', 'Phantom Man', 'Gold Index', 'Smart Horse', 'Master Coiner', 'Mela Strength', 'Double Dash', 'Miss New York', 'Kisses', 'Twice The Master', 'Tothemoonandback', 'Run For Cover']
2026-08-02 17:45:15,683 | INFO | httpx | HTTP Request: GET https://legacy.winningform.co.za/WCP/2K260805_7.htm "HTTP/1.1 200 OK"
2026-08-02 17:45:15,896 | INFO | app.scrapers.winning_form_scraper | runner_table_used columns={'number': 0, 'name': 1, 'length_behind': 2, 'speed_index': 3, 'predicted_time': 4, 'merit': 5, 'weight': 6, 'draw': 7, 'jockey': 9, 'trainer': 10} extracted=8 stated=8
2026-08-02 17:45:15,896 | INFO | app.scrapers.winning_form_scraper | race_parsed url=https://legacy.winningform.co.za/WCP/2K260805_7.htm venue=Hollywoodbets Kenilworth date=2026-08-05 race=7 stated=8 parsed=8
2026-08-02 17:45:15,897 | INFO | app.scrapers.winning_form_scraper | horse_names=['Avignon', 'Shifting Path', 'Prince Of Tibet', 'Vivo Per Lei', 'Commanding', 'Black Path', 'Vercicat', 'Cantona']
2026-08-02 17:45:16,071 | INFO | httpx | HTTP Request: GET https://legacy.winningform.co.za/WCP/2K260805_8.htm "HTTP/1.1 200 OK"
2026-08-02 17:45:16,288 | INFO | app.scrapers.winning_form_scraper | runner_table_used columns={'number': 0, 'name': 1, 'length_behind': 2, 'speed_index': 3, 'predicted_time': 4, 'merit': 5, 'weight': 6, 'draw': 7, 'jockey': 9, 'trainer': 10} extracted=11 stated=11
2026-08-02 17:45:16,288 | INFO | app.scrapers.winning_form_scraper | race_parsed url=https://legacy.winningform.co.za/WCP/2K260805_8.htm venue=Hollywoodbets Kenilworth date=2026-08-05 race=8 stated=11 parsed=11
2026-08-02 17:45:16,289 | INFO | app.scrapers.winning_form_scraper | horse_names=['Cork Bay', 'Lyrical Gangster', 'Escarpment', 'Gold Dust', 'Follow Your Heart', 'Like Dynamite', "Dawn's Early Light", 'Ferryman', 'Marseilles', 'Catwalk King', 'Earn The Weekend']
2026-08-02 17:45:16,462 | INFO | httpx | HTTP Request: GET https://legacy.winningform.co.za/GAU/2V260806_1.htm "HTTP/1.1 200 OK"
2026-08-02 17:45:16,609 | INFO | app.scrapers.winning_form_scraper | runner_table_used columns={'number': 0, 'name': 1, 'length_behind': 2, 'speed_index': 3, 'predicted_time': 4, 'merit': 5, 'weight': 6, 'draw': 7, 'jockey': 9, 'trainer': 10} extracted=6 stated=6
2026-08-02 17:45:16,609 | INFO | app.scrapers.winning_form_scraper | race_parsed url=https://legacy.winningform.co.za/GAU/2V260806_1.htm venue=Vaal date=2026-08-06 race=1 stated=6 parsed=6
2026-08-02 17:45:16,609 | INFO | app.scrapers.winning_form_scraper | horse_names=['Battleground', 'Corrupt', 'Green Machine', 'Taxhaven', 'Samuel Sharpe', 'Bellerophon']
2026-08-02 17:45:16,765 | INFO | httpx | HTTP Request: GET https://legacy.winningform.co.za/GAU/2V260806_2.htm "HTTP/1.1 200 OK"
2026-08-02 17:45:16,911 | INFO | app.scrapers.winning_form_scraper | runner_table_used columns={'number': 0, 'name': 1, 'length_behind': 2, 'speed_index': 3, 'predicted_time': 4, 'merit': 5, 'weight': 6, 'draw': 7, 'jockey': 9, 'trainer': 10} extracted=7 stated=7
2026-08-02 17:45:16,911 | INFO | app.scrapers.winning_form_scraper | race_parsed url=https://legacy.winningform.co.za/GAU/2V260806_2.htm venue=Vaal date=2026-08-06 race=2 stated=7 parsed=7
2026-08-02 17:45:16,911 | INFO | app.scrapers.winning_form_scraper | horse_names=['Jet Cat', 'Bell Of Angelus', 'Sergeant Soqrat', 'Oriental Bouquet', 'Champagne Problems', 'Phala Millions', 'Caladrius']
2026-08-02 17:45:17,053 | INFO | httpx | HTTP Request: GET https://legacy.winningform.co.za/GAU/2V260806_3.htm "HTTP/1.1 200 OK"
2026-08-02 17:45:17,131 | INFO | app.scrapers.winning_form_scraper | runner_table_used columns={'number': 0, 'name': 1, 'length_behind': 2, 'speed_index': 3, 'predicted_time': 4, 'merit': 5, 'weight': 6, 'draw': 7, 'jockey': 9, 'trainer': 10} extracted=7 stated=7
2026-08-02 17:45:17,131 | INFO | app.scrapers.winning_form_scraper | race_parsed url=https://legacy.winningform.co.za/GAU/2V260806_3.htm venue=Vaal date=2026-08-06 race=3 stated=7 parsed=7
2026-08-02 17:45:17,131 | INFO | app.scrapers.winning_form_scraper | horse_names=['Wings Of Kildra', 'Ada Lovelace', 'Executrix', 'Magic Carpet Ride', 'Royal Horizon', 'Iconic Winter', 'Love Not War']
2026-08-02 17:45:17,277 | INFO | httpx | HTTP Request: GET https://legacy.winningform.co.za/GAU/2V260806_4.htm "HTTP/1.1 200 OK"
2026-08-02 17:45:17,402 | INFO | app.scrapers.winning_form_scraper | runner_table_used columns={'number': 0, 'name': 1, 'length_behind': 2, 'speed_index': 3, 'predicted_time': 4, 'merit': 5, 'weight': 6, 'draw': 7, 'jockey': 9, 'trainer': 10} extracted=7 stated=7
2026-08-02 17:45:17,402 | INFO | app.scrapers.winning_form_scraper | race_parsed url=https://legacy.winningform.co.za/GAU/2V260806_4.htm venue=Vaal date=2026-08-06 race=4 stated=7 parsed=7
2026-08-02 17:45:17,403 | INFO | app.scrapers.winning_form_scraper | horse_names=['Winter Rainfall', 'Valieva', "She's All Mine", 'Jazz Pianist', 'Tempranillo', 'Versace Onthetrack', 'Slender Silhouette']
2026-08-02 17:45:17,573 | INFO | httpx | HTTP Request: GET https://legacy.winningform.co.za/GAU/2V260806_5.htm "HTTP/1.1 200 OK"
2026-08-02 17:45:17,898 | INFO | app.scrapers.winning_form_scraper | runner_table_used columns={'number': 0, 'name': 1, 'length_behind': 2, 'speed_index': 3, 'predicted_time': 4, 'merit': 5, 'weight': 6, 'draw': 7, 'jockey': 9, 'trainer': 10} extracted=11 stated=11
2026-08-02 17:45:17,899 | INFO | app.scrapers.winning_form_scraper | race_parsed url=https://legacy.winningform.co.za/GAU/2V260806_5.htm venue=Vaal date=2026-08-06 race=5 stated=11 parsed=11
2026-08-02 17:45:17,899 | INFO | app.scrapers.winning_form_scraper | horse_names=['Wish You Were Here', 'Lannyboy', 'Smoking Gun', 'A Roman Twist', "God's Country", 'Cool Gambler', "Ain't No Sunshine", 'Willow Charm', 'Levitator', 'Forever Canford', 'Spirit Of The Sea']
2026-08-02 17:45:18,049 | INFO | httpx | HTTP Request: GET https://legacy.winningform.co.za/GAU/2V260806_6.htm "HTTP/1.1 200 OK"
2026-08-02 17:45:18,154 | INFO | app.scrapers.winning_form_scraper | runner_table_used columns={'number': 0, 'name': 1, 'length_behind': 2, 'speed_index': 3, 'predicted_time': 4, 'merit': 5, 'weight': 6, 'draw': 7, 'jockey': 9, 'trainer': 10} extracted=8 stated=8
2026-08-02 17:45:18,154 | INFO | app.scrapers.winning_form_scraper | race_parsed url=https://legacy.winningform.co.za/GAU/2V260806_6.htm venue=Vaal date=2026-08-06 race=6 stated=8 parsed=8
2026-08-02 17:45:18,154 | INFO | app.scrapers.winning_form_scraper | horse_names=['Korcula', 'Epidaurus', 'Twelfth Of Never', 'Comic Artist', 'Lanteri', 'Gus On The Bus', 'Evening News', 'Forever Red']
2026-08-02 17:45:18,311 | INFO | httpx | HTTP Request: GET https://legacy.winningform.co.za/GAU/2V260806_7.htm "HTTP/1.1 200 OK"
2026-08-02 17:45:18,459 | INFO | app.scrapers.winning_form_scraper | runner_table_used columns={'number': 0, 'name': 1, 'length_behind': 2, 'speed_index': 3, 'predicted_time': 4, 'merit': 5, 'weight': 6, 'draw': 7, 'jockey': 9, 'trainer': 10} extracted=13 stated=13
2026-08-02 17:45:18,459 | INFO | app.scrapers.winning_form_scraper | race_parsed url=https://legacy.winningform.co.za/GAU/2V260806_7.htm venue=Vaal date=2026-08-06 race=7 stated=13 parsed=13
2026-08-02 17:45:18,460 | INFO | app.scrapers.winning_form_scraper | horse_names=['Nuclear Force', 'Thoonsil', 'Party Punch', 'Hopscotch', 'Rosy Lemon', 'Cartagena', 'Arlington Action', 'Itsnowornever', 'Chabal', 'Repetition', 'Euphrates', 'Heroic Act', 'Gold De Grace']
2026-08-02 17:45:18,613 | INFO | httpx | HTTP Request: GET https://legacy.winningform.co.za/GAU/2V260806_8.htm "HTTP/1.1 200 OK"
2026-08-02 17:45:18,708 | INFO | app.scrapers.winning_form_scraper | runner_table_used columns={'number': 0, 'name': 1, 'length_behind': 2, 'speed_index': 3, 'predicted_time': 4, 'merit': 5, 'weight': 6, 'draw': 7, 'jockey': 9, 'trainer': 10} extracted=10 stated=10
2026-08-02 17:45:18,709 | INFO | app.scrapers.winning_form_scraper | race_parsed url=https://legacy.winningform.co.za/GAU/2V260806_8.htm venue=Vaal date=2026-08-06 race=8 stated=10 parsed=10
2026-08-02 17:45:18,709 | INFO | app.scrapers.winning_form_scraper | horse_names=['Freestyle Dance', 'Wartrax Blaze', 'Elisa Mbali', 'One State', 'Campo Formio', 'Sword Of Light', 'Mega Awesome', 'Truro Legacy', 'Cuzzie', 'Noble Chiefdom']
2026-08-02 17:45:18,740 | INFO | app.services.monitoring_service | monitoring_cycle_completed
2026-08-02 17:45:18,740 | INFO | app.main | application_started
2026-08-02 17:45:18,741 | INFO | apscheduler.scheduler | Scheduler has been shut down
2026-08-02 17:45:18,742 | INFO | app.main | application_stopped
2026-08-02 18:00:00,006 | INFO | apscheduler.executors.default | Running job "MonitoringService.run_cycle (trigger: cron[hour='0,6,12,18', minute='0'], next run at: 2026-08-03 00:00:00 SAST)" (scheduled at 2026-08-02 18:00:00+02:00)
2026-08-02 18:00:00,006 | INFO | app.services.monitoring_service | monitoring_cycle_started
2026-08-02 18:00:03,014 | INFO | httpx | HTTP Request: GET https://legacy.winningform.co.za "HTTP/1.1 200 OK"
2026-08-02 18:00:03,019 | INFO | app.scrapers.winning_form_scraper | fetch_index_frames=['https://legacy.winningform.co.za/guide.htm', 'https://legacy.winningform.co.za/cover.htm']
2026-08-02 18:00:03,495 | INFO | httpx | HTTP Request: GET https://legacy.winningform.co.za "HTTP/1.1 200 OK"
2026-08-02 18:00:03,629 | INFO | httpx | HTTP Request: GET https://legacy.winningform.co.za/guide.htm "HTTP/1.1 200 OK"
2026-08-02 18:00:03,762 | INFO | httpx | HTTP Request: GET https://legacy.winningform.co.za/cover.htm "HTTP/1.1 200 OK"
2026-08-02 18:00:03,879 | INFO | httpx | HTTP Request: GET https://legacy.winningform.co.za "HTTP/1.1 200 OK"
2026-08-02 18:00:04,051 | INFO | httpx | HTTP Request: GET https://legacy.winningform.co.za/guide.htm "HTTP/1.1 200 OK"
2026-08-02 18:00:04,210 | INFO | httpx | HTTP Request: GET https://legacy.winningform.co.za/cover.htm "HTTP/1.1 200 OK"
2026-08-02 18:00:04,229 | INFO | app.scrapers.winning_form_scraper | race_links_total=24
2026-08-02 18:00:04,230 | INFO | app.scrapers.winning_form_scraper | meetings_seen=['gau-v260806', 'kzn-s260802', 'wcp-k260805']
2026-08-02 18:00:04,370 | INFO | httpx | HTTP Request: GET https://legacy.winningform.co.za/KZN/2S260802_1.htm "HTTP/1.1 200 OK"
2026-08-02 18:00:04,532 | INFO | app.scrapers.winning_form_scraper | runner_table_used columns={'number': 0, 'name': 1, 'length_behind': 2, 'speed_index': 3, 'predicted_time': 4, 'merit': 5, 'weight': 6, 'draw': 7, 'jockey': 9, 'trainer': 10} extracted=13 stated=13
2026-08-02 18:00:04,532 | INFO | app.scrapers.winning_form_scraper | race_parsed url=https://legacy.winningform.co.za/KZN/2S260802_1.htm venue=Hollywoodbets Scottsville Outer date=2026-08-02 race=1 stated=13 parsed=13
2026-08-02 18:00:04,532 | INFO | app.scrapers.winning_form_scraper | horse_names=['Iceberg Rose', 'Forthegoodtimes', 'Tipperary', 'Pink Skies', 'Lovecomesknocking', 'Sweet Cherry', 'So Indi', 'Timeless Wonder', 'Bellanca Viking', 'Gezouten Haring', 'Linguistic', 'Princess Positano', 'Fleur Delacour']
2026-08-02 18:00:21,871 | INFO | httpx | HTTP Request: GET https://legacy.winningform.co.za/KZN/2S260802_2.htm "HTTP/1.1 200 OK"
2026-08-02 18:00:22,043 | INFO | app.scrapers.winning_form_scraper | runner_table_used columns={'number': 0, 'name': 1, 'length_behind': 2, 'speed_index': 3, 'predicted_time': 4, 'merit': 5, 'weight': 6, 'draw': 7, 'jockey': 9, 'trainer': 10} extracted=13 stated=13
2026-08-02 18:00:22,043 | INFO | app.scrapers.winning_form_scraper | race_parsed url=https://legacy.winningform.co.za/KZN/2S260802_2.htm venue=Hollywoodbets Scottsville Outer date=2026-08-02 race=2 stated=13 parsed=10
2026-08-02 18:00:22,043 | INFO | app.scrapers.winning_form_scraper | horse_names=['Gimme The Power', 'Floral Kingdom', 'Sweet Faye', 'Ayzal', 'Secret Ambition', 'Rustige Kracht', 'Tokyo Girl', 'Vivalto', 'Queen Indrani', 'Umoyawokubambelela', "Queen's Bounty", 'Sherpa Queen', 'Mighty Minnie']
2026-08-02 18:00:40,095 | INFO | httpx | HTTP Request: GET https://legacy.winningform.co.za/KZN/2S260802_3.htm "HTTP/1.1 200 OK"
2026-08-02 18:00:40,289 | INFO | app.scrapers.winning_form_scraper | runner_table_used columns={'number': 0, 'name': 1, 'length_behind': 2, 'speed_index': 3, 'predicted_time': 4, 'merit': 5, 'weight': 6, 'draw': 7, 'jockey': 9, 'trainer': 10} extracted=8 stated=8
2026-08-02 18:00:40,289 | INFO | app.scrapers.winning_form_scraper | race_parsed url=https://legacy.winningform.co.za/KZN/2S260802_3.htm venue=Hollywoodbets Scottsville Inner date=2026-08-02 race=3 stated=8 parsed=8
2026-08-02 18:00:40,289 | INFO | app.scrapers.winning_form_scraper | horse_names=['Future Prospect', 'Cali Bullet', 'Peaceful Duchess', 'After The Fire', "Chef's Kiss", 'Jenny Darling', 'Guild The Lilly', 'Anemie']
2026-08-02 18:00:52,711 | INFO | httpx | HTTP Request: GET https://legacy.winningform.co.za/KZN/2S260802_4.htm "HTTP/1.1 200 OK"
2026-08-02 18:00:52,875 | INFO | app.scrapers.winning_form_scraper | runner_table_used columns={'number': 0, 'name': 1, 'length_behind': 2, 'speed_index': 3, 'predicted_time': 4, 'merit': 5, 'weight': 6, 'draw': 7, 'jockey': 9, 'trainer': 10} extracted=8 stated=8
2026-08-02 18:00:52,876 | INFO | app.scrapers.winning_form_scraper | race_parsed url=https://legacy.winningform.co.za/KZN/2S260802_4.htm venue=Hollywoodbets Scottsville Inner date=2026-08-02 race=4 stated=8 parsed=8
2026-08-02 18:00:52,876 | INFO | app.scrapers.winning_form_scraper | horse_names=["Zena's Act", 'Golden Angel', 'Our Lady Fate', 'Stampede Ahead', 'Sesame', 'Cool Wind', 'Hurricane Flight', 'Mary Read']
2026-08-02 18:01:05,325 | INFO | httpx | HTTP Request: GET https://legacy.winningform.co.za/KZN/2S260802_5.htm "HTTP/1.1 200 OK"
2026-08-02 18:01:05,617 | INFO | app.scrapers.winning_form_scraper | runner_table_used columns={'number': 0, 'name': 1, 'length_behind': 2, 'speed_index': 3, 'predicted_time': 4, 'merit': 5, 'weight': 6, 'draw': 7, 'jockey': 9, 'trainer': 10} extracted=12 stated=12
2026-08-02 18:01:05,617 | INFO | app.scrapers.winning_form_scraper | race_parsed url=https://legacy.winningform.co.za/KZN/2S260802_5.htm venue=Hollywoodbets Scottsville Inner date=2026-08-02 race=5 stated=12 parsed=12
2026-08-02 18:01:05,618 | INFO | app.scrapers.winning_form_scraper | horse_names=['Serpentine Fire', "Sascha's Dream", 'Blizzardboy', 'Master Bomber', 'Buddy Boy', 'Trois Trois Quatre', 'Song To The Moon', 'Queue Wing', 'Red Cardinal', 'Dancing On A Cloud', 'Charlie Bucket', 'Double Causeway']
2026-08-02 18:01:23,273 | INFO | httpx | HTTP Request: GET https://legacy.winningform.co.za/KZN/2S260802_6.htm "HTTP/1.1 200 OK"
2026-08-02 18:01:23,604 | INFO | app.scrapers.winning_form_scraper | runner_table_used columns={'number': 0, 'name': 1, 'length_behind': 2, 'speed_index': 3, 'predicted_time': 4, 'merit': 5, 'weight': 6, 'draw': 7, 'jockey': 9, 'trainer': 10} extracted=9 stated=9
2026-08-02 18:01:23,604 | INFO | app.scrapers.winning_form_scraper | race_parsed url=https://legacy.winningform.co.za/KZN/2S260802_6.htm venue=Hollywoodbets Scottsville Inner date=2026-08-02 race=6 stated=9 parsed=9
2026-08-02 18:01:23,604 | INFO | app.scrapers.winning_form_scraper | horse_names=['Poursomesugaronme', "Captain's Pride", 'Izibulo', 'Sign Of Fate', 'Alltheboysiveloved', 'Shesha Ntombi', 'Blue Poppy', 'Rikkitikkitavi', 'Queen Amina']
2026-08-02 18:08:03,748 | INFO | httpx | HTTP Request: GET https://legacy.winningform.co.za/KZN/2S260802_7.htm "HTTP/1.1 200 OK"
2026-08-02 18:08:04,056 | INFO | app.scrapers.winning_form_scraper | runner_table_used columns={'number': 0, 'name': 1, 'length_behind': 2, 'speed_index': 3, 'predicted_time': 4, 'merit': 5, 'weight': 6, 'draw': 7, 'jockey': 9, 'trainer': 10} extracted=8 stated=8
2026-08-02 18:08:04,056 | INFO | app.scrapers.winning_form_scraper | race_parsed url=https://legacy.winningform.co.za/KZN/2S260802_7.htm venue=Hollywoodbets Scottsville Outer date=2026-08-02 race=7 stated=8 parsed=8
2026-08-02 18:08:04,056 | INFO | app.scrapers.winning_form_scraper | horse_names=['Trafalgar Square', 'Cappellino', 'Champagne Mac', 'Bless Me Fred', 'Futano', 'Intrepid', "Jane's Vision", "Mia's Athena"]
2026-08-02 18:08:16,165 | INFO | httpx | HTTP Request: GET https://legacy.winningform.co.za/KZN/2S260802_8.htm "HTTP/1.1 200 OK"
2026-08-02 18:08:16,334 | INFO | app.scrapers.winning_form_scraper | runner_table_used columns={'number': 0, 'name': 1, 'length_behind': 2, 'speed_index': 3, 'predicted_time': 4, 'merit': 5, 'weight': 6, 'draw': 7, 'jockey': 9, 'trainer': 10} extracted=11 stated=11
2026-08-02 18:08:16,334 | INFO | app.scrapers.winning_form_scraper | race_parsed url=https://legacy.winningform.co.za/KZN/2S260802_8.htm venue=Hollywoodbets Scottsville Outer date=2026-08-02 race=8 stated=11 parsed=11
2026-08-02 18:08:16,334 | INFO | app.scrapers.winning_form_scraper | horse_names=['Axis Power', 'Cavalry Commander', 'Blazing Fury', 'Military Command', 'Luneluck', 'Smorgasbord', 'Billy Cool', 'Call Of The Karoo', 'Rock Music', 'Caribbean Gold', 'Queen Of The Spear']
2026-08-02 18:08:32,762 | INFO | httpx | HTTP Request: GET https://legacy.winningform.co.za/WCP/2K260805_1.htm "HTTP/1.1 200 OK"
2026-08-02 18:08:32,861 | INFO | app.scrapers.winning_form_scraper | runner_table_used columns={'number': 0, 'name': 1, 'length_behind': 2, 'speed_index': 3, 'predicted_time': 4, 'merit': 5, 'weight': 6, 'draw': 7, 'jockey': 9, 'trainer': 10} extracted=9 stated=9
2026-08-02 18:08:32,862 | INFO | app.scrapers.winning_form_scraper | race_parsed url=https://legacy.winningform.co.za/WCP/2K260805_1.htm venue=Hollywoodbets Kenilworth date=2026-08-05 race=1 stated=9 parsed=9
2026-08-02 18:08:32,862 | INFO | app.scrapers.winning_form_scraper | horse_names=['El Cohete', 'Bolero', 'Rust Never Sleeps', 'In The Air Tonight', 'Wild Streak', 'Visionary Flame', 'Wreath Of Snow', 'Cardinal King', 'Workingclasshero']
2026-08-02 18:08:44,020 | INFO | httpx | HTTP Request: GET https://legacy.winningform.co.za/WCP/2K260805_2.htm "HTTP/1.1 200 OK"
2026-08-02 18:08:44,203 | INFO | app.scrapers.winning_form_scraper | runner_table_used columns={'number': 0, 'name': 1, 'length_behind': 2, 'speed_index': 3, 'predicted_time': 4, 'merit': 5, 'weight': 6, 'draw': 7, 'jockey': 9, 'trainer': 10} extracted=12 stated=12
2026-08-02 18:08:44,203 | INFO | app.scrapers.winning_form_scraper | race_parsed url=https://legacy.winningform.co.za/WCP/2K260805_2.htm venue=Hollywoodbets Kenilworth date=2026-08-05 race=2 stated=12 parsed=12
2026-08-02 18:08:44,203 | INFO | app.scrapers.winning_form_scraper | horse_names=['Rock The Road', 'Sabre Wing', 'Royal Emulation', 'Hurricane Paige', 'Mind Over You', 'One Step', 'Cloudy Day', 'Over My Shoulder', 'Winter Blossom', 'Qilin', 'Eye Opener', 'Naughty Princess']
2026-08-02 18:08:58,003 | INFO | httpx | HTTP Request: GET https://legacy.winningform.co.za/WCP/2K260805_3.htm "HTTP/1.1 200 OK"
2026-08-02 18:08:58,123 | INFO | app.scrapers.winning_form_scraper | runner_table_used columns={'number': 0, 'name': 1, 'length_behind': 2, 'speed_index': 3, 'predicted_time': 4, 'merit': 5, 'weight': 6, 'draw': 7, 'jockey': 9, 'trainer': 10} extracted=11 stated=11
2026-08-02 18:08:58,123 | INFO | app.scrapers.winning_form_scraper | race_parsed url=https://legacy.winningform.co.za/WCP/2K260805_3.htm venue=Hollywoodbets Kenilworth date=2026-08-05 race=3 stated=11 parsed=11
2026-08-02 18:08:58,123 | INFO | app.scrapers.winning_form_scraper | horse_names=['African Wild Dog', "It'sgood It'snice", 'Big Deal', 'Zanfan Moris', 'Copper Head', 'Noble Salute', 'Edictal Citation', 'Waiting Game', 'World At One', 'Gather Quick', 'Legal Dancer']
2026-08-02 18:09:12,813 | INFO | httpx | HTTP Request: GET https://legacy.winningform.co.za/WCP/2K260805_4.htm "HTTP/1.1 200 OK"
2026-08-02 18:09:12,941 | INFO | app.scrapers.winning_form_scraper | runner_table_used columns={'number': 0, 'name': 1, 'length_behind': 2, 'speed_index': 3, 'predicted_time': 4, 'merit': 5, 'weight': 6, 'draw': 7, 'jockey': 9, 'trainer': 10} extracted=12 stated=12
2026-08-02 18:09:12,941 | INFO | app.scrapers.winning_form_scraper | race_parsed url=https://legacy.winningform.co.za/WCP/2K260805_4.htm venue=Hollywoodbets Kenilworth date=2026-08-05 race=4 stated=12 parsed=12
2026-08-02 18:09:12,941 | INFO | app.scrapers.winning_form_scraper | horse_names=['Odds And Evens', 'Ntibindi', 'Macro Gravity', 'Be Rational', 'What The Fluff', 'Limerance', 'Runway Romance', 'Remuneration', 'Moonshine Bay', 'Proxima', 'Glamour Girl', 'United We Stand']
2026-08-02 18:09:30,869 | INFO | httpx | HTTP Request: GET https://legacy.winningform.co.za/WCP/2K260805_5.htm "HTTP/1.1 200 OK"
2026-08-02 18:09:31,047 | INFO | app.scrapers.winning_form_scraper | runner_table_used columns={'number': 0, 'name': 1, 'length_behind': 2, 'speed_index': 3, 'predicted_time': 4, 'merit': 5, 'weight': 6, 'draw': 7, 'jockey': 9, 'trainer': 10} extracted=11 stated=11
2026-08-02 18:09:31,047 | INFO | app.scrapers.winning_form_scraper | race_parsed url=https://legacy.winningform.co.za/WCP/2K260805_5.htm venue=Hollywoodbets Kenilworth date=2026-08-05 race=5 stated=11 parsed=11
2026-08-02 18:09:31,047 | INFO | app.scrapers.winning_form_scraper | horse_names=['Hampstead Heath', 'Dream Searcher', 'Supreme Fate', 'Una The Unicorn', 'Eisteddfod', 'Gin Palace', 'South Of France', 'Amayah', 'Jou Lekker Ding', 'Take It As Red', 'Money Extractor']
2026-08-02 18:09:47,407 | INFO | httpx | HTTP Request: GET https://legacy.winningform.co.za/WCP/2K260805_6.htm "HTTP/1.1 200 OK"
2026-08-02 18:09:47,694 | INFO | app.scrapers.winning_form_scraper | runner_table_used columns={'number': 0, 'name': 1, 'length_behind': 2, 'speed_index': 3, 'predicted_time': 4, 'merit': 5, 'weight': 6, 'draw': 7, 'jockey': 9, 'trainer': 10} extracted=13 stated=13
2026-08-02 18:09:47,694 | INFO | app.scrapers.winning_form_scraper | race_parsed url=https://legacy.winningform.co.za/WCP/2K260805_6.htm venue=Hollywoodbets Kenilworth date=2026-08-05 race=6 stated=13 parsed=13
2026-08-02 18:09:47,694 | INFO | app.scrapers.winning_form_scraper | horse_names=['Etoilefillante', 'Midway', 'Phantom Man', 'Gold Index', 'Smart Horse', 'Master Coiner', 'Mela Strength', 'Double Dash', 'Miss New York', 'Kisses', 'Twice The Master', 'Tothemoonandback', 'Run For Cover']
2026-08-02 18:10:06,429 | INFO | httpx | HTTP Request: GET https://legacy.winningform.co.za/WCP/2K260805_7.htm "HTTP/1.1 200 OK"
2026-08-02 18:10:06,612 | INFO | app.scrapers.winning_form_scraper | runner_table_used columns={'number': 0, 'name': 1, 'length_behind': 2, 'speed_index': 3, 'predicted_time': 4, 'merit': 5, 'weight': 6, 'draw': 7, 'jockey': 9, 'trainer': 10} extracted=8 stated=8
2026-08-02 18:10:06,612 | INFO | app.scrapers.winning_form_scraper | race_parsed url=https://legacy.winningform.co.za/WCP/2K260805_7.htm venue=Hollywoodbets Kenilworth date=2026-08-05 race=7 stated=8 parsed=8
2026-08-02 18:10:06,613 | INFO | app.scrapers.winning_form_scraper | horse_names=['Avignon', 'Shifting Path', 'Prince Of Tibet', 'Vivo Per Lei', 'Commanding', 'Black Path', 'Vercicat', 'Cantona']
2026-08-02 18:10:19,098 | INFO | httpx | HTTP Request: GET https://legacy.winningform.co.za/WCP/2K260805_8.htm "HTTP/1.1 200 OK"
2026-08-02 18:10:19,263 | INFO | app.scrapers.winning_form_scraper | runner_table_used columns={'number': 0, 'name': 1, 'length_behind': 2, 'speed_index': 3, 'predicted_time': 4, 'merit': 5, 'weight': 6, 'draw': 7, 'jockey': 9, 'trainer': 10} extracted=11 stated=11
2026-08-02 18:10:19,263 | INFO | app.scrapers.winning_form_scraper | race_parsed url=https://legacy.winningform.co.za/WCP/2K260805_8.htm venue=Hollywoodbets Kenilworth date=2026-08-05 race=8 stated=11 parsed=11
2026-08-02 18:10:19,263 | INFO | app.scrapers.winning_form_scraper | horse_names=['Cork Bay', 'Lyrical Gangster', 'Escarpment', 'Gold Dust', 'Follow Your Heart', 'Like Dynamite', "Dawn's Early Light", 'Ferryman', 'Marseilles', 'Catwalk King', 'Earn The Weekend']
2026-08-02 18:10:35,882 | INFO | httpx | HTTP Request: GET https://legacy.winningform.co.za/GAU/2V260806_1.htm "HTTP/1.1 200 OK"
2026-08-02 18:10:36,003 | INFO | app.scrapers.winning_form_scraper | runner_table_used columns={'number': 0, 'name': 1, 'length_behind': 2, 'speed_index': 3, 'predicted_time': 4, 'merit': 5, 'weight': 6, 'draw': 7, 'jockey': 9, 'trainer': 10} extracted=6 stated=6
2026-08-02 18:10:36,003 | INFO | app.scrapers.winning_form_scraper | race_parsed url=https://legacy.winningform.co.za/GAU/2V260806_1.htm venue=Vaal date=2026-08-06 race=1 stated=6 parsed=6
2026-08-02 18:10:36,003 | INFO | app.scrapers.winning_form_scraper | horse_names=['Battleground', 'Corrupt', 'Green Machine', 'Taxhaven', 'Samuel Sharpe', 'Bellerophon']
2026-08-02 18:10:46,112 | INFO | httpx | HTTP Request: GET https://legacy.winningform.co.za/GAU/2V260806_2.htm "HTTP/1.1 200 OK"
2026-08-02 18:10:46,249 | INFO | app.scrapers.winning_form_scraper | runner_table_used columns={'number': 0, 'name': 1, 'length_behind': 2, 'speed_index': 3, 'predicted_time': 4, 'merit': 5, 'weight': 6, 'draw': 7, 'jockey': 9, 'trainer': 10} extracted=7 stated=7
2026-08-02 18:10:46,249 | INFO | app.scrapers.winning_form_scraper | race_parsed url=https://legacy.winningform.co.za/GAU/2V260806_2.htm venue=Vaal date=2026-08-06 race=2 stated=7 parsed=7
2026-08-02 18:10:46,249 | INFO | app.scrapers.winning_form_scraper | horse_names=['Jet Cat', 'Bell Of Angelus', 'Sergeant Soqrat', 'Oriental Bouquet', 'Champagne Problems', 'Phala Millions', 'Caladrius']
2026-08-02 18:11:12,411 | INFO | httpx | HTTP Request: GET https://legacy.winningform.co.za/GAU/2V260806_3.htm "HTTP/1.1 200 OK"
2026-08-02 18:11:12,478 | INFO | app.scrapers.winning_form_scraper | runner_table_used columns={'number': 0, 'name': 1, 'length_behind': 2, 'speed_index': 3, 'predicted_time': 4, 'merit': 5, 'weight': 6, 'draw': 7, 'jockey': 9, 'trainer': 10} extracted=7 stated=7
2026-08-02 18:11:12,478 | INFO | app.scrapers.winning_form_scraper | race_parsed url=https://legacy.winningform.co.za/GAU/2V260806_3.htm venue=Vaal date=2026-08-06 race=3 stated=7 parsed=7
2026-08-02 18:11:12,478 | INFO | app.scrapers.winning_form_scraper | horse_names=['Wings Of Kildra', 'Ada Lovelace', 'Executrix', 'Magic Carpet Ride', 'Royal Horizon', 'Iconic Winter', 'Love Not War']
2026-08-02 18:11:23,531 | INFO | httpx | HTTP Request: GET https://legacy.winningform.co.za/GAU/2V260806_4.htm "HTTP/1.1 200 OK"
2026-08-02 18:11:23,678 | INFO | app.scrapers.winning_form_scraper | runner_table_used columns={'number': 0, 'name': 1, 'length_behind': 2, 'speed_index': 3, 'predicted_time': 4, 'merit': 5, 'weight': 6, 'draw': 7, 'jockey': 9, 'trainer': 10} extracted=7 stated=7
2026-08-02 18:11:23,678 | INFO | app.scrapers.winning_form_scraper | race_parsed url=https://legacy.winningform.co.za/GAU/2V260806_4.htm venue=Vaal date=2026-08-06 race=4 stated=7 parsed=7
2026-08-02 18:11:23,678 | INFO | app.scrapers.winning_form_scraper | horse_names=['Winter Rainfall', 'Valieva', "She's All Mine", 'Jazz Pianist', 'Tempranillo', 'Versace Onthetrack', 'Slender Silhouette']
2026-08-02 18:11:35,116 | INFO | httpx | HTTP Request: GET https://legacy.winningform.co.za/GAU/2V260806_5.htm "HTTP/1.1 200 OK"
2026-08-02 18:11:35,370 | INFO | app.scrapers.winning_form_scraper | runner_table_used columns={'number': 0, 'name': 1, 'length_behind': 2, 'speed_index': 3, 'predicted_time': 4, 'merit': 5, 'weight': 6, 'draw': 7, 'jockey': 9, 'trainer': 10} extracted=11 stated=11
2026-08-02 18:11:35,371 | INFO | app.scrapers.winning_form_scraper | race_parsed url=https://legacy.winningform.co.za/GAU/2V260806_5.htm venue=Vaal date=2026-08-06 race=5 stated=11 parsed=11
2026-08-02 18:11:35,371 | INFO | app.scrapers.winning_form_scraper | horse_names=['Wish You Were Here', 'Lannyboy', 'Smoking Gun', 'A Roman Twist', "God's Country", 'Cool Gambler', "Ain't No Sunshine", 'Willow Charm', 'Levitator', 'Forever Canford', 'Spirit Of The Sea']
2026-08-02 18:11:52,242 | INFO | httpx | HTTP Request: GET https://legacy.winningform.co.za/GAU/2V260806_6.htm "HTTP/1.1 200 OK"
2026-08-02 18:11:52,425 | INFO | app.scrapers.winning_form_scraper | runner_table_used columns={'number': 0, 'name': 1, 'length_behind': 2, 'speed_index': 3, 'predicted_time': 4, 'merit': 5, 'weight': 6, 'draw': 7, 'jockey': 9, 'trainer': 10} extracted=8 stated=8
2026-08-02 18:11:52,425 | INFO | app.scrapers.winning_form_scraper | race_parsed url=https://legacy.winningform.co.za/GAU/2V260806_6.htm venue=Vaal date=2026-08-06 race=6 stated=8 parsed=8
2026-08-02 18:11:52,425 | INFO | app.scrapers.winning_form_scraper | horse_names=['Korcula', 'Epidaurus', 'Twelfth Of Never', 'Comic Artist', 'Lanteri', 'Gus On The Bus', 'Evening News', 'Forever Red']
2026-08-02 18:12:05,083 | INFO | httpx | HTTP Request: GET https://legacy.winningform.co.za/GAU/2V260806_7.htm "HTTP/1.1 200 OK"
2026-08-02 18:12:05,343 | INFO | app.scrapers.winning_form_scraper | runner_table_used columns={'number': 0, 'name': 1, 'length_behind': 2, 'speed_index': 3, 'predicted_time': 4, 'merit': 5, 'weight': 6, 'draw': 7, 'jockey': 9, 'trainer': 10} extracted=13 stated=13
2026-08-02 18:12:05,343 | INFO | app.scrapers.winning_form_scraper | race_parsed url=https://legacy.winningform.co.za/GAU/2V260806_7.htm venue=Vaal date=2026-08-06 race=7 stated=13 parsed=13
2026-08-02 18:12:05,343 | INFO | app.scrapers.winning_form_scraper | horse_names=['Nuclear Force', 'Thoonsil', 'Party Punch', 'Hopscotch', 'Rosy Lemon', 'Cartagena', 'Arlington Action', 'Itsnowornever', 'Chabal', 'Repetition', 'Euphrates', 'Heroic Act', 'Gold De Grace']
2026-08-02 18:12:24,579 | INFO | httpx | HTTP Request: GET https://legacy.winningform.co.za/GAU/2V260806_8.htm "HTTP/1.1 200 OK"
2026-08-02 18:12:25,219 | INFO | app.scrapers.winning_form_scraper | runner_table_used columns={'number': 0, 'name': 1, 'length_behind': 2, 'speed_index': 3, 'predicted_time': 4, 'merit': 5, 'weight': 6, 'draw': 7, 'jockey': 9, 'trainer': 10} extracted=10 stated=10
2026-08-02 18:12:25,220 | INFO | app.scrapers.winning_form_scraper | race_parsed url=https://legacy.winningform.co.za/GAU/2V260806_8.htm venue=Vaal date=2026-08-06 race=8 stated=10 parsed=10
2026-08-02 18:12:25,220 | INFO | app.scrapers.winning_form_scraper | horse_names=['Freestyle Dance', 'Wartrax Blaze', 'Elisa Mbali', 'One State', 'Campo Formio', 'Sword Of Light', 'Mega Awesome', 'Truro Legacy', 'Cuzzie', 'Noble Chiefdom']
2026-08-02 18:12:39,894 | INFO | app.services.monitoring_service | monitoring_cycle_completed
2026-08-02 18:12:39,894 | INFO | apscheduler.executors.default | Job "MonitoringService.run_cycle (trigger: cron[hour='0,6,12,18', minute='0'], next run at: 2026-08-03 00:00:00 SAST)" executed successfully
2026-08-02 20:16:40,392 | INFO | apscheduler.scheduler | Adding job tentatively -- it will be properly scheduled when the scheduler starts
2026-08-02 20:16:40,393 | INFO | apscheduler.scheduler | Added job "MonitoringService.run_cycle" to job store "default"
2026-08-02 20:16:40,393 | INFO | apscheduler.scheduler | Scheduler started
2026-08-02 20:16:40,393 | INFO | app.services.monitoring_service | monitoring_cycle_started
2026-08-02 20:16:40,702 | INFO | httpx | HTTP Request: GET https://legacy.winningform.co.za "HTTP/1.1 200 OK"
2026-08-02 20:16:40,705 | INFO | app.scrapers.winning_form_scraper | fetch_index_frames=['https://legacy.winningform.co.za/guide.htm', 'https://legacy.winningform.co.za/cover.htm']
2026-08-02 20:16:40,788 | INFO | httpx | HTTP Request: GET https://legacy.winningform.co.za "HTTP/1.1 200 OK"
2026-08-02 20:16:40,919 | INFO | httpx | HTTP Request: GET https://legacy.winningform.co.za/guide.htm "HTTP/1.1 200 OK"
2026-08-02 20:16:41,015 | INFO | httpx | HTTP Request: GET https://legacy.winningform.co.za/cover.htm "HTTP/1.1 200 OK"
2026-08-02 20:16:41,088 | INFO | httpx | HTTP Request: GET https://legacy.winningform.co.za "HTTP/1.1 200 OK"
2026-08-02 20:16:41,166 | INFO | httpx | HTTP Request: GET https://legacy.winningform.co.za/guide.htm "HTTP/1.1 200 OK"
2026-08-02 20:16:41,315 | INFO | httpx | HTTP Request: GET https://legacy.winningform.co.za/cover.htm "HTTP/1.1 200 OK"
2026-08-02 20:16:41,321 | INFO | app.scrapers.winning_form_scraper | race_links_total=24
2026-08-02 20:16:41,322 | INFO | app.scrapers.winning_form_scraper | meetings_seen=['gau-v260806', 'kzn-s260802', 'wcp-k260805']
2026-08-02 20:16:41,428 | INFO | httpx | HTTP Request: GET https://legacy.winningform.co.za/KZN/2S260802_1.htm "HTTP/1.1 200 OK"
2026-08-02 20:16:41,475 | INFO | app.scrapers.winning_form_scraper | runner_table_used columns={'number': 0, 'name': 1, 'length_behind': 2, 'speed_index': 3, 'predicted_time': 4, 'merit': 5, 'weight': 6, 'draw': 7, 'jockey': 9, 'trainer': 10} extracted=13 stated=13
2026-08-02 20:16:41,475 | INFO | app.scrapers.winning_form_scraper | race_parsed url=https://legacy.winningform.co.za/KZN/2S260802_1.htm venue=Hollywoodbets Scottsville Outer date=2026-08-02 race=1 stated=13 parsed=13
2026-08-02 20:16:41,475 | INFO | app.scrapers.winning_form_scraper | horse_names=['Iceberg Rose', 'Forthegoodtimes', 'Tipperary', 'Pink Skies', 'Lovecomesknocking', 'Sweet Cherry', 'So Indi', 'Timeless Wonder', 'Bellanca Viking', 'Gezouten Haring', 'Linguistic', 'Princess Positano', 'Fleur Delacour']
2026-08-02 20:16:41,650 | INFO | httpx | HTTP Request: GET https://legacy.winningform.co.za/KZN/2S260802_2.htm "HTTP/1.1 200 OK"
2026-08-02 20:16:41,724 | INFO | app.scrapers.winning_form_scraper | runner_table_used columns={'number': 0, 'name': 1, 'length_behind': 2, 'speed_index': 3, 'predicted_time': 4, 'merit': 5, 'weight': 6, 'draw': 7, 'jockey': 9, 'trainer': 10} extracted=13 stated=13
2026-08-02 20:16:41,724 | INFO | app.scrapers.winning_form_scraper | race_parsed url=https://legacy.winningform.co.za/KZN/2S260802_2.htm venue=Hollywoodbets Scottsville Outer date=2026-08-02 race=2 stated=13 parsed=10
2026-08-02 20:16:41,725 | INFO | app.scrapers.winning_form_scraper | horse_names=['Gimme The Power', 'Floral Kingdom', 'Sweet Faye', 'Ayzal', 'Secret Ambition', 'Rustige Kracht', 'Tokyo Girl', 'Vivalto', 'Queen Indrani', 'Umoyawokubambelela', "Queen's Bounty", 'Sherpa Queen', 'Mighty Minnie']
2026-08-02 20:16:41,860 | INFO | httpx | HTTP Request: GET https://legacy.winningform.co.za/KZN/2S260802_3.htm "HTTP/1.1 200 OK"
2026-08-02 20:16:41,912 | INFO | app.scrapers.winning_form_scraper | runner_table_used columns={'number': 0, 'name': 1, 'length_behind': 2, 'speed_index': 3, 'predicted_time': 4, 'merit': 5, 'weight': 6, 'draw': 7, 'jockey': 9, 'trainer': 10} extracted=8 stated=8
2026-08-02 20:16:41,912 | INFO | app.scrapers.winning_form_scraper | race_parsed url=https://legacy.winningform.co.za/KZN/2S260802_3.htm venue=Hollywoodbets Scottsville Inner date=2026-08-02 race=3 stated=8 parsed=8
2026-08-02 20:16:41,912 | INFO | app.scrapers.winning_form_scraper | horse_names=['Future Prospect', 'Cali Bullet', 'Peaceful Duchess', 'After The Fire', "Chef's Kiss", 'Jenny Darling', 'Guild The Lilly', 'Anemie']
2026-08-02 20:16:42,056 | INFO | httpx | HTTP Request: GET https://legacy.winningform.co.za/KZN/2S260802_4.htm "HTTP/1.1 200 OK"
2026-08-02 20:16:42,190 | INFO | app.scrapers.winning_form_scraper | runner_table_used columns={'number': 0, 'name': 1, 'length_behind': 2, 'speed_index': 3, 'predicted_time': 4, 'merit': 5, 'weight': 6, 'draw': 7, 'jockey': 9, 'trainer': 10} extracted=8 stated=8
2026-08-02 20:16:42,190 | INFO | app.scrapers.winning_form_scraper | race_parsed url=https://legacy.winningform.co.za/KZN/2S260802_4.htm venue=Hollywoodbets Scottsville Inner date=2026-08-02 race=4 stated=8 parsed=8
2026-08-02 20:16:42,190 | INFO | app.scrapers.winning_form_scraper | horse_names=["Zena's Act", 'Golden Angel', 'Our Lady Fate', 'Stampede Ahead', 'Sesame', 'Cool Wind', 'Hurricane Flight', 'Mary Read']
2026-08-02 20:16:42,337 | INFO | httpx | HTTP Request: GET https://legacy.winningform.co.za/KZN/2S260802_5.htm "HTTP/1.1 200 OK"
2026-08-02 20:16:42,397 | INFO | app.scrapers.winning_form_scraper | runner_table_used columns={'number': 0, 'name': 1, 'length_behind': 2, 'speed_index': 3, 'predicted_time': 4, 'merit': 5, 'weight': 6, 'draw': 7, 'jockey': 9, 'trainer': 10} extracted=12 stated=12
2026-08-02 20:16:42,398 | INFO | app.scrapers.winning_form_scraper | race_parsed url=https://legacy.winningform.co.za/KZN/2S260802_5.htm venue=Hollywoodbets Scottsville Inner date=2026-08-02 race=5 stated=12 parsed=12
2026-08-02 20:16:42,398 | INFO | app.scrapers.winning_form_scraper | horse_names=['Serpentine Fire', "Sascha's Dream", 'Blizzardboy', 'Master Bomber', 'Buddy Boy', 'Trois Trois Quatre', 'Song To The Moon', 'Queue Wing', 'Red Cardinal', 'Dancing On A Cloud', 'Charlie Bucket', 'Double Causeway']
2026-08-02 20:16:42,591 | INFO | httpx | HTTP Request: GET https://legacy.winningform.co.za/KZN/2S260802_6.htm "HTTP/1.1 200 OK"
2026-08-02 20:16:42,642 | INFO | app.scrapers.winning_form_scraper | runner_table_used columns={'number': 0, 'name': 1, 'length_behind': 2, 'speed_index': 3, 'predicted_time': 4, 'merit': 5, 'weight': 6, 'draw': 7, 'jockey': 9, 'trainer': 10} extracted=9 stated=9
2026-08-02 20:16:42,643 | INFO | app.scrapers.winning_form_scraper | race_parsed url=https://legacy.winningform.co.za/KZN/2S260802_6.htm venue=Hollywoodbets Scottsville Inner date=2026-08-02 race=6 stated=9 parsed=9
2026-08-02 20:16:42,643 | INFO | app.scrapers.winning_form_scraper | horse_names=['Poursomesugaronme', "Captain's Pride", 'Izibulo', 'Sign Of Fate', 'Alltheboysiveloved', 'Shesha Ntombi', 'Blue Poppy', 'Rikkitikkitavi', 'Queen Amina']
2026-08-02 20:16:42,775 | INFO | httpx | HTTP Request: GET https://legacy.winningform.co.za/KZN/2S260802_7.htm "HTTP/1.1 200 OK"
2026-08-02 20:16:42,835 | INFO | app.scrapers.winning_form_scraper | runner_table_used columns={'number': 0, 'name': 1, 'length_behind': 2, 'speed_index': 3, 'predicted_time': 4, 'merit': 5, 'weight': 6, 'draw': 7, 'jockey': 9, 'trainer': 10} extracted=8 stated=8
2026-08-02 20:16:42,836 | INFO | app.scrapers.winning_form_scraper | race_parsed url=https://legacy.winningform.co.za/KZN/2S260802_7.htm venue=Hollywoodbets Scottsville Outer date=2026-08-02 race=7 stated=8 parsed=8
2026-08-02 20:16:42,836 | INFO | app.scrapers.winning_form_scraper | horse_names=['Trafalgar Square', 'Cappellino', 'Champagne Mac', 'Bless Me Fred', 'Futano', 'Intrepid', "Jane's Vision", "Mia's Athena"]
2026-08-02 20:16:42,971 | INFO | httpx | HTTP Request: GET https://legacy.winningform.co.za/KZN/2S260802_8.htm "HTTP/1.1 200 OK"
2026-08-02 20:16:43,046 | INFO | app.scrapers.winning_form_scraper | runner_table_used columns={'number': 0, 'name': 1, 'length_behind': 2, 'speed_index': 3, 'predicted_time': 4, 'merit': 5, 'weight': 6, 'draw': 7, 'jockey': 9, 'trainer': 10} extracted=11 stated=11
2026-08-02 20:16:43,047 | INFO | app.scrapers.winning_form_scraper | race_parsed url=https://legacy.winningform.co.za/KZN/2S260802_8.htm venue=Hollywoodbets Scottsville Outer date=2026-08-02 race=8 stated=11 parsed=11
2026-08-02 20:16:43,047 | INFO | app.scrapers.winning_form_scraper | horse_names=['Axis Power', 'Cavalry Commander', 'Blazing Fury', 'Military Command', 'Luneluck', 'Smorgasbord', 'Billy Cool', 'Call Of The Karoo', 'Rock Music', 'Caribbean Gold', 'Queen Of The Spear']
2026-08-02 20:16:43,177 | INFO | httpx | HTTP Request: GET https://legacy.winningform.co.za/WCP/2K260805_1.htm "HTTP/1.1 200 OK"
2026-08-02 20:16:43,229 | INFO | app.scrapers.winning_form_scraper | runner_table_used columns={'number': 0, 'name': 1, 'length_behind': 2, 'speed_index': 3, 'predicted_time': 4, 'merit': 5, 'weight': 6, 'draw': 7, 'jockey': 9, 'trainer': 10} extracted=9 stated=9
2026-08-02 20:16:43,229 | INFO | app.scrapers.winning_form_scraper | race_parsed url=https://legacy.winningform.co.za/WCP/2K260805_1.htm venue=Hollywoodbets Kenilworth date=2026-08-05 race=1 stated=9 parsed=9
2026-08-02 20:16:43,229 | INFO | app.scrapers.winning_form_scraper | horse_names=['El Cohete', 'Bolero', 'Rust Never Sleeps', 'In The Air Tonight', 'Wild Streak', 'Visionary Flame', 'Wreath Of Snow', 'Cardinal King', 'Workingclasshero']
2026-08-02 20:16:43,367 | INFO | httpx | HTTP Request: GET https://legacy.winningform.co.za/WCP/2K260805_2.htm "HTTP/1.1 200 OK"
2026-08-02 20:16:43,434 | INFO | app.scrapers.winning_form_scraper | runner_table_used columns={'number': 0, 'name': 1, 'length_behind': 2, 'speed_index': 3, 'predicted_time': 4, 'merit': 5, 'weight': 6, 'draw': 7, 'jockey': 9, 'trainer': 10} extracted=12 stated=12
2026-08-02 20:16:43,434 | INFO | app.scrapers.winning_form_scraper | race_parsed url=https://legacy.winningform.co.za/WCP/2K260805_2.htm venue=Hollywoodbets Kenilworth date=2026-08-05 race=2 stated=12 parsed=12
2026-08-02 20:16:43,434 | INFO | app.scrapers.winning_form_scraper | horse_names=['Rock The Road', 'Sabre Wing', 'Royal Emulation', 'Hurricane Paige', 'Mind Over You', 'One Step', 'Cloudy Day', 'Over My Shoulder', 'Winter Blossom', 'Qilin', 'Eye Opener', 'Naughty Princess']
2026-08-02 20:16:43,596 | INFO | httpx | HTTP Request: GET https://legacy.winningform.co.za/WCP/2K260805_3.htm "HTTP/1.1 200 OK"
2026-08-02 20:16:43,679 | INFO | app.scrapers.winning_form_scraper | runner_table_used columns={'number': 0, 'name': 1, 'length_behind': 2, 'speed_index': 3, 'predicted_time': 4, 'merit': 5, 'weight': 6, 'draw': 7, 'jockey': 9, 'trainer': 10} extracted=11 stated=11
2026-08-02 20:16:43,680 | INFO | app.scrapers.winning_form_scraper | race_parsed url=https://legacy.winningform.co.za/WCP/2K260805_3.htm venue=Hollywoodbets Kenilworth date=2026-08-05 race=3 stated=11 parsed=11
2026-08-02 20:16:43,680 | INFO | app.scrapers.winning_form_scraper | horse_names=['African Wild Dog', "It'sgood It'snice", 'Big Deal', 'Zanfan Moris', 'Copper Head', 'Noble Salute', 'Edictal Citation', 'Waiting Game', 'World At One', 'Gather Quick', 'Legal Dancer']
2026-08-02 20:16:43,851 | INFO | httpx | HTTP Request: GET https://legacy.winningform.co.za/WCP/2K260805_4.htm "HTTP/1.1 200 OK"
2026-08-02 20:16:43,901 | INFO | app.scrapers.winning_form_scraper | runner_table_used columns={'number': 0, 'name': 1, 'length_behind': 2, 'speed_index': 3, 'predicted_time': 4, 'merit': 5, 'weight': 6, 'draw': 7, 'jockey': 9, 'trainer': 10} extracted=12 stated=12
2026-08-02 20:16:43,901 | INFO | app.scrapers.winning_form_scraper | race_parsed url=https://legacy.winningform.co.za/WCP/2K260805_4.htm venue=Hollywoodbets Kenilworth date=2026-08-05 race=4 stated=12 parsed=12
2026-08-02 20:16:43,901 | INFO | app.scrapers.winning_form_scraper | horse_names=['Odds And Evens', 'Ntibindi', 'Macro Gravity', 'Be Rational', 'What The Fluff', 'Limerance', 'Runway Romance', 'Remuneration', 'Moonshine Bay', 'Proxima', 'Glamour Girl', 'United We Stand']
2026-08-02 20:16:44,023 | INFO | httpx | HTTP Request: GET https://legacy.winningform.co.za/WCP/2K260805_5.htm "HTTP/1.1 200 OK"
2026-08-02 20:16:44,146 | INFO | app.scrapers.winning_form_scraper | runner_table_used columns={'number': 0, 'name': 1, 'length_behind': 2, 'speed_index': 3, 'predicted_time': 4, 'merit': 5, 'weight': 6, 'draw': 7, 'jockey': 9, 'trainer': 10} extracted=11 stated=11
2026-08-02 20:16:44,146 | INFO | app.scrapers.winning_form_scraper | race_parsed url=https://legacy.winningform.co.za/WCP/2K260805_5.htm venue=Hollywoodbets Kenilworth date=2026-08-05 race=5 stated=11 parsed=11
2026-08-02 20:16:44,146 | INFO | app.scrapers.winning_form_scraper | horse_names=['Hampstead Heath', 'Dream Searcher', 'Supreme Fate', 'Una The Unicorn', 'Eisteddfod', 'Gin Palace', 'South Of France', 'Amayah', 'Jou Lekker Ding', 'Take It As Red', 'Money Extractor']
2026-08-02 20:16:44,281 | INFO | httpx | HTTP Request: GET https://legacy.winningform.co.za/WCP/2K260805_6.htm "HTTP/1.1 200 OK"
2026-08-02 20:16:44,487 | INFO | app.scrapers.winning_form_scraper | runner_table_used columns={'number': 0, 'name': 1, 'length_behind': 2, 'speed_index': 3, 'predicted_time': 4, 'merit': 5, 'weight': 6, 'draw': 7, 'jockey': 9, 'trainer': 10} extracted=13 stated=13
2026-08-02 20:16:44,487 | INFO | app.scrapers.winning_form_scraper | race_parsed url=https://legacy.winningform.co.za/WCP/2K260805_6.htm venue=Hollywoodbets Kenilworth date=2026-08-05 race=6 stated=13 parsed=13
2026-08-02 20:16:44,487 | INFO | app.scrapers.winning_form_scraper | horse_names=['Etoilefillante', 'Midway', 'Phantom Man', 'Gold Index', 'Smart Horse', 'Master Coiner', 'Mela Strength', 'Double Dash', 'Miss New York', 'Kisses', 'Twice The Master', 'Tothemoonandback', 'Run For Cover']
2026-08-02 20:16:44,615 | INFO | httpx | HTTP Request: GET https://legacy.winningform.co.za/WCP/2K260805_7.htm "HTTP/1.1 200 OK"
2026-08-02 20:16:44,688 | INFO | app.scrapers.winning_form_scraper | runner_table_used columns={'number': 0, 'name': 1, 'length_behind': 2, 'speed_index': 3, 'predicted_time': 4, 'merit': 5, 'weight': 6, 'draw': 7, 'jockey': 9, 'trainer': 10} extracted=8 stated=8
2026-08-02 20:16:44,688 | INFO | app.scrapers.winning_form_scraper | race_parsed url=https://legacy.winningform.co.za/WCP/2K260805_7.htm venue=Hollywoodbets Kenilworth date=2026-08-05 race=7 stated=8 parsed=8
2026-08-02 20:16:44,688 | INFO | app.scrapers.winning_form_scraper | horse_names=['Avignon', 'Shifting Path', 'Prince Of Tibet', 'Vivo Per Lei', 'Commanding', 'Black Path', 'Vercicat', 'Cantona']
2026-08-02 20:16:44,817 | INFO | httpx | HTTP Request: GET https://legacy.winningform.co.za/WCP/2K260805_8.htm "HTTP/1.1 200 OK"
2026-08-02 20:16:44,900 | INFO | app.scrapers.winning_form_scraper | runner_table_used columns={'number': 0, 'name': 1, 'length_behind': 2, 'speed_index': 3, 'predicted_time': 4, 'merit': 5, 'weight': 6, 'draw': 7, 'jockey': 9, 'trainer': 10} extracted=11 stated=11
2026-08-02 20:16:44,900 | INFO | app.scrapers.winning_form_scraper | race_parsed url=https://legacy.winningform.co.za/WCP/2K260805_8.htm venue=Hollywoodbets Kenilworth date=2026-08-05 race=8 stated=11 parsed=11
2026-08-02 20:16:44,900 | INFO | app.scrapers.winning_form_scraper | horse_names=['Cork Bay', 'Lyrical Gangster', 'Escarpment', 'Gold Dust', 'Follow Your Heart', 'Like Dynamite', "Dawn's Early Light", 'Ferryman', 'Marseilles', 'Catwalk King', 'Earn The Weekend']
2026-08-02 20:16:45,059 | INFO | httpx | HTTP Request: GET https://legacy.winningform.co.za/GAU/2V260806_1.htm "HTTP/1.1 200 OK"
2026-08-02 20:16:45,100 | INFO | app.scrapers.winning_form_scraper | runner_table_used columns={'number': 0, 'name': 1, 'length_behind': 2, 'speed_index': 3, 'predicted_time': 4, 'merit': 5, 'weight': 6, 'draw': 7, 'jockey': 9, 'trainer': 10} extracted=6 stated=6
2026-08-02 20:16:45,101 | INFO | app.scrapers.winning_form_scraper | race_parsed url=https://legacy.winningform.co.za/GAU/2V260806_1.htm venue=Vaal date=2026-08-06 race=1 stated=6 parsed=6
2026-08-02 20:16:45,101 | INFO | app.scrapers.winning_form_scraper | horse_names=['Battleground', 'Corrupt', 'Green Machine', 'Taxhaven', 'Samuel Sharpe', 'Bellerophon']
2026-08-02 20:16:45,240 | INFO | httpx | HTTP Request: GET https://legacy.winningform.co.za/GAU/2V260806_2.htm "HTTP/1.1 200 OK"
2026-08-02 20:16:45,279 | INFO | app.scrapers.winning_form_scraper | runner_table_used columns={'number': 0, 'name': 1, 'length_behind': 2, 'speed_index': 3, 'predicted_time': 4, 'merit': 5, 'weight': 6, 'draw': 7, 'jockey': 9, 'trainer': 10} extracted=7 stated=7
2026-08-02 20:16:45,280 | INFO | app.scrapers.winning_form_scraper | race_parsed url=https://legacy.winningform.co.za/GAU/2V260806_2.htm venue=Vaal date=2026-08-06 race=2 stated=7 parsed=7
2026-08-02 20:16:45,280 | INFO | app.scrapers.winning_form_scraper | horse_names=['Jet Cat', 'Bell Of Angelus', 'Sergeant Soqrat', 'Oriental Bouquet', 'Champagne Problems', 'Phala Millions', 'Caladrius']
2026-08-02 20:16:45,402 | INFO | httpx | HTTP Request: GET https://legacy.winningform.co.za/GAU/2V260806_3.htm "HTTP/1.1 200 OK"
2026-08-02 20:16:45,484 | INFO | app.scrapers.winning_form_scraper | runner_table_used columns={'number': 0, 'name': 1, 'length_behind': 2, 'speed_index': 3, 'predicted_time': 4, 'merit': 5, 'weight': 6, 'draw': 7, 'jockey': 9, 'trainer': 10} extracted=7 stated=7
2026-08-02 20:16:45,484 | INFO | app.scrapers.winning_form_scraper | race_parsed url=https://legacy.winningform.co.za/GAU/2V260806_3.htm venue=Vaal date=2026-08-06 race=3 stated=7 parsed=7
2026-08-02 20:16:45,484 | INFO | app.scrapers.winning_form_scraper | horse_names=['Wings Of Kildra', 'Ada Lovelace', 'Executrix', 'Magic Carpet Ride', 'Royal Horizon', 'Iconic Winter', 'Love Not War']
2026-08-02 20:16:45,723 | INFO | httpx | HTTP Request: GET https://legacy.winningform.co.za/GAU/2V260806_4.htm "HTTP/1.1 200 OK"
2026-08-02 20:16:45,798 | INFO | app.scrapers.winning_form_scraper | runner_table_used columns={'number': 0, 'name': 1, 'length_behind': 2, 'speed_index': 3, 'predicted_time': 4, 'merit': 5, 'weight': 6, 'draw': 7, 'jockey': 9, 'trainer': 10} extracted=7 stated=7
2026-08-02 20:16:45,798 | INFO | app.scrapers.winning_form_scraper | race_parsed url=https://legacy.winningform.co.za/GAU/2V260806_4.htm venue=Vaal date=2026-08-06 race=4 stated=7 parsed=7
2026-08-02 20:16:45,799 | INFO | app.scrapers.winning_form_scraper | horse_names=['Winter Rainfall', 'Valieva', "She's All Mine", 'Jazz Pianist', 'Tempranillo', 'Versace Onthetrack', 'Slender Silhouette']
2026-08-02 20:16:45,915 | INFO | httpx | HTTP Request: GET https://legacy.winningform.co.za/GAU/2V260806_5.htm "HTTP/1.1 200 OK"
2026-08-02 20:16:46,135 | INFO | app.scrapers.winning_form_scraper | runner_table_used columns={'number': 0, 'name': 1, 'length_behind': 2, 'speed_index': 3, 'predicted_time': 4, 'merit': 5, 'weight': 6, 'draw': 7, 'jockey': 9, 'trainer': 10} extracted=11 stated=11
2026-08-02 20:16:46,135 | INFO | app.scrapers.winning_form_scraper | race_parsed url=https://legacy.winningform.co.za/GAU/2V260806_5.htm venue=Vaal date=2026-08-06 race=5 stated=11 parsed=11
2026-08-02 20:16:46,135 | INFO | app.scrapers.winning_form_scraper | horse_names=['Wish You Were Here', 'Lannyboy', 'Smoking Gun', 'A Roman Twist', "God's Country", 'Cool Gambler', "Ain't No Sunshine", 'Willow Charm', 'Levitator', 'Forever Canford', 'Spirit Of The Sea']
2026-08-02 20:16:46,356 | INFO | httpx | HTTP Request: GET https://legacy.winningform.co.za/GAU/2V260806_6.htm "HTTP/1.1 200 OK"
2026-08-02 20:16:46,396 | INFO | app.scrapers.winning_form_scraper | runner_table_used columns={'number': 0, 'name': 1, 'length_behind': 2, 'speed_index': 3, 'predicted_time': 4, 'merit': 5, 'weight': 6, 'draw': 7, 'jockey': 9, 'trainer': 10} extracted=8 stated=8
2026-08-02 20:16:46,396 | INFO | app.scrapers.winning_form_scraper | race_parsed url=https://legacy.winningform.co.za/GAU/2V260806_6.htm venue=Vaal date=2026-08-06 race=6 stated=8 parsed=8
2026-08-02 20:16:46,396 | INFO | app.scrapers.winning_form_scraper | horse_names=['Korcula', 'Epidaurus', 'Twelfth Of Never', 'Comic Artist', 'Lanteri', 'Gus On The Bus', 'Evening News', 'Forever Red']
2026-08-02 20:16:46,530 | INFO | httpx | HTTP Request: GET https://legacy.winningform.co.za/GAU/2V260806_7.htm "HTTP/1.1 200 OK"
2026-08-02 20:16:46,619 | INFO | app.scrapers.winning_form_scraper | runner_table_used columns={'number': 0, 'name': 1, 'length_behind': 2, 'speed_index': 3, 'predicted_time': 4, 'merit': 5, 'weight': 6, 'draw': 7, 'jockey': 9, 'trainer': 10} extracted=13 stated=13
2026-08-02 20:16:46,619 | INFO | app.scrapers.winning_form_scraper | race_parsed url=https://legacy.winningform.co.za/GAU/2V260806_7.htm venue=Vaal date=2026-08-06 race=7 stated=13 parsed=13
2026-08-02 20:16:46,619 | INFO | app.scrapers.winning_form_scraper | horse_names=['Nuclear Force', 'Thoonsil', 'Party Punch', 'Hopscotch', 'Rosy Lemon', 'Cartagena', 'Arlington Action', 'Itsnowornever', 'Chabal', 'Repetition', 'Euphrates', 'Heroic Act', 'Gold De Grace']
2026-08-02 20:16:46,777 | INFO | httpx | HTTP Request: GET https://legacy.winningform.co.za/GAU/2V260806_8.htm "HTTP/1.1 200 OK"
2026-08-02 20:16:46,845 | INFO | app.scrapers.winning_form_scraper | runner_table_used columns={'number': 0, 'name': 1, 'length_behind': 2, 'speed_index': 3, 'predicted_time': 4, 'merit': 5, 'weight': 6, 'draw': 7, 'jockey': 9, 'trainer': 10} extracted=10 stated=10
2026-08-02 20:16:46,845 | INFO | app.scrapers.winning_form_scraper | race_parsed url=https://legacy.winningform.co.za/GAU/2V260806_8.htm venue=Vaal date=2026-08-06 race=8 stated=10 parsed=10
2026-08-02 20:16:46,845 | INFO | app.scrapers.winning_form_scraper | horse_names=['Freestyle Dance', 'Wartrax Blaze', 'Elisa Mbali', 'One State', 'Campo Formio', 'Sword Of Light', 'Mega Awesome', 'Truro Legacy', 'Cuzzie', 'Noble Chiefdom']
2026-08-02 20:16:46,884 | INFO | app.services.monitoring_service | monitoring_cycle_completed
2026-08-02 20:16:46,884 | INFO | app.main | application_started
2026-08-02 23:48:43,247 | INFO | apscheduler.scheduler | Adding job tentatively -- it will be properly scheduled when the scheduler starts
2026-08-02 23:48:43,252 | INFO | apscheduler.scheduler | Added job "MonitoringService.run_cycle" to job store "default"
2026-08-02 23:48:43,254 | INFO | apscheduler.scheduler | Scheduler started
2026-08-02 23:48:43,256 | INFO | app.services.monitoring_service | monitoring_cycle_started
2026-08-02 23:48:43,686 | INFO | httpx | HTTP Request: GET https://legacy.winningform.co.za "HTTP/1.1 200 OK"
2026-08-02 23:48:43,697 | INFO | app.scrapers.winning_form_scraper | fetch_index_frames=['https://legacy.winningform.co.za/guide.htm', 'https://legacy.winningform.co.za/cover.htm']
2026-08-02 23:48:43,840 | INFO | httpx | HTTP Request: GET https://legacy.winningform.co.za "HTTP/1.1 200 OK"
2026-08-02 23:48:43,900 | INFO | httpx | HTTP Request: GET https://legacy.winningform.co.za/guide.htm "HTTP/1.1 200 OK"
2026-08-02 23:48:43,970 | INFO | httpx | HTTP Request: GET https://legacy.winningform.co.za/cover.htm "HTTP/1.1 200 OK"
2026-08-02 23:48:44,021 | INFO | httpx | HTTP Request: GET https://legacy.winningform.co.za "HTTP/1.1 200 OK"
2026-08-02 23:48:44,081 | INFO | httpx | HTTP Request: GET https://legacy.winningform.co.za/guide.htm "HTTP/1.1 200 OK"
2026-08-02 23:48:44,145 | INFO | httpx | HTTP Request: GET https://legacy.winningform.co.za/cover.htm "HTTP/1.1 200 OK"
2026-08-02 23:48:44,156 | INFO | app.scrapers.winning_form_scraper | race_links_total=24
2026-08-02 23:48:44,156 | INFO | app.scrapers.winning_form_scraper | meetings_seen=['gau-v260806', 'kzn-s260802', 'wcp-k260805']
2026-08-02 23:48:44,237 | INFO | httpx | HTTP Request: GET https://legacy.winningform.co.za/KZN/2S260802_1.htm "HTTP/1.1 200 OK"
2026-08-02 23:48:44,351 | INFO | app.scrapers.winning_form_scraper | runner_table_used columns={'number': 0, 'name': 1, 'length_behind': 2, 'speed_index': 3, 'predicted_time': 4, 'merit': 5, 'weight': 6, 'draw': 7, 'jockey': 9, 'trainer': 10} extracted=13 stated=13
2026-08-02 23:48:44,351 | INFO | app.scrapers.winning_form_scraper | race_parsed url=https://legacy.winningform.co.za/KZN/2S260802_1.htm venue=Hollywoodbets Scottsville Outer date=2026-08-02 race=1 stated=13 parsed=13
2026-08-02 23:48:44,352 | INFO | app.scrapers.winning_form_scraper | horse_names=['Iceberg Rose', 'Forthegoodtimes', 'Tipperary', 'Pink Skies', 'Lovecomesknocking', 'Sweet Cherry', 'So Indi', 'Timeless Wonder', 'Bellanca Viking', 'Gezouten Haring', 'Linguistic', 'Princess Positano', 'Fleur Delacour']
2026-08-02 23:48:44,501 | INFO | httpx | HTTP Request: GET https://legacy.winningform.co.za/KZN/2S260802_2.htm "HTTP/1.1 200 OK"
2026-08-02 23:48:44,569 | INFO | app.scrapers.winning_form_scraper | runner_table_used columns={'number': 0, 'name': 1, 'length_behind': 2, 'speed_index': 3, 'predicted_time': 4, 'merit': 5, 'weight': 6, 'draw': 7, 'jockey': 9, 'trainer': 10} extracted=13 stated=13
2026-08-02 23:48:44,570 | INFO | app.scrapers.winning_form_scraper | race_parsed url=https://legacy.winningform.co.za/KZN/2S260802_2.htm venue=Hollywoodbets Scottsville Outer date=2026-08-02 race=2 stated=13 parsed=10
2026-08-02 23:48:44,571 | INFO | app.scrapers.winning_form_scraper | horse_names=['Gimme The Power', 'Floral Kingdom', 'Sweet Faye', 'Ayzal', 'Secret Ambition', 'Rustige Kracht', 'Tokyo Girl', 'Vivalto', 'Queen Indrani', 'Umoyawokubambelela', "Queen's Bounty", 'Sherpa Queen', 'Mighty Minnie']
2026-08-02 23:48:44,711 | INFO | httpx | HTTP Request: GET https://legacy.winningform.co.za/KZN/2S260802_3.htm "HTTP/1.1 200 OK"
2026-08-02 23:48:44,801 | INFO | app.scrapers.winning_form_scraper | runner_table_used columns={'number': 0, 'name': 1, 'length_behind': 2, 'speed_index': 3, 'predicted_time': 4, 'merit': 5, 'weight': 6, 'draw': 7, 'jockey': 9, 'trainer': 10} extracted=8 stated=8
2026-08-02 23:48:44,801 | INFO | app.scrapers.winning_form_scraper | race_parsed url=https://legacy.winningform.co.za/KZN/2S260802_3.htm venue=Hollywoodbets Scottsville Inner date=2026-08-02 race=3 stated=8 parsed=8
2026-08-02 23:48:44,802 | INFO | app.scrapers.winning_form_scraper | horse_names=['Future Prospect', 'Cali Bullet', 'Peaceful Duchess', 'After The Fire', "Chef's Kiss", 'Jenny Darling', 'Guild The Lilly', 'Anemie']
2026-08-02 23:48:44,927 | INFO | httpx | HTTP Request: GET https://legacy.winningform.co.za/KZN/2S260802_4.htm "HTTP/1.1 200 OK"
2026-08-02 23:48:45,027 | INFO | app.scrapers.winning_form_scraper | runner_table_used columns={'number': 0, 'name': 1, 'length_behind': 2, 'speed_index': 3, 'predicted_time': 4, 'merit': 5, 'weight': 6, 'draw': 7, 'jockey': 9, 'trainer': 10} extracted=8 stated=8
2026-08-02 23:48:45,028 | INFO | app.scrapers.winning_form_scraper | race_parsed url=https://legacy.winningform.co.za/KZN/2S260802_4.htm venue=Hollywoodbets Scottsville Inner date=2026-08-02 race=4 stated=8 parsed=8
2026-08-02 23:48:45,028 | INFO | app.scrapers.winning_form_scraper | horse_names=["Zena's Act", 'Golden Angel', 'Our Lady Fate', 'Stampede Ahead', 'Sesame', 'Cool Wind', 'Hurricane Flight', 'Mary Read']
2026-08-02 23:48:45,190 | INFO | httpx | HTTP Request: GET https://legacy.winningform.co.za/KZN/2S260802_5.htm "HTTP/1.1 200 OK"
2026-08-02 23:48:45,449 | INFO | app.scrapers.winning_form_scraper | runner_table_used columns={'number': 0, 'name': 1, 'length_behind': 2, 'speed_index': 3, 'predicted_time': 4, 'merit': 5, 'weight': 6, 'draw': 7, 'jockey': 9, 'trainer': 10} extracted=12 stated=12
2026-08-02 23:48:45,450 | INFO | app.scrapers.winning_form_scraper | race_parsed url=https://legacy.winningform.co.za/KZN/2S260802_5.htm venue=Hollywoodbets Scottsville Inner date=2026-08-02 race=5 stated=12 parsed=12
2026-08-02 23:48:45,451 | INFO | app.scrapers.winning_form_scraper | horse_names=['Serpentine Fire', "Sascha's Dream", 'Blizzardboy', 'Master Bomber', 'Buddy Boy', 'Trois Trois Quatre', 'Song To The Moon', 'Queue Wing', 'Red Cardinal', 'Dancing On A Cloud', 'Charlie Bucket', 'Double Causeway']
2026-08-02 23:48:45,603 | INFO | httpx | HTTP Request: GET https://legacy.winningform.co.za/KZN/2S260802_6.htm "HTTP/1.1 200 OK"
2026-08-02 23:48:45,698 | INFO | app.scrapers.winning_form_scraper | runner_table_used columns={'number': 0, 'name': 1, 'length_behind': 2, 'speed_index': 3, 'predicted_time': 4, 'merit': 5, 'weight': 6, 'draw': 7, 'jockey': 9, 'trainer': 10} extracted=9 stated=9
2026-08-02 23:48:45,699 | INFO | app.scrapers.winning_form_scraper | race_parsed url=https://legacy.winningform.co.za/KZN/2S260802_6.htm venue=Hollywoodbets Scottsville Inner date=2026-08-02 race=6 stated=9 parsed=9
2026-08-02 23:48:45,700 | INFO | app.scrapers.winning_form_scraper | horse_names=['Poursomesugaronme', "Captain's Pride", 'Izibulo', 'Sign Of Fate', 'Alltheboysiveloved', 'Shesha Ntombi', 'Blue Poppy', 'Rikkitikkitavi', 'Queen Amina']
2026-08-02 23:48:45,821 | INFO | httpx | HTTP Request: GET https://legacy.winningform.co.za/KZN/2S260802_7.htm "HTTP/1.1 200 OK"
2026-08-02 23:48:45,894 | INFO | app.scrapers.winning_form_scraper | runner_table_used columns={'number': 0, 'name': 1, 'length_behind': 2, 'speed_index': 3, 'predicted_time': 4, 'merit': 5, 'weight': 6, 'draw': 7, 'jockey': 9, 'trainer': 10} extracted=8 stated=8
2026-08-02 23:48:45,903 | INFO | app.scrapers.winning_form_scraper | race_parsed url=https://legacy.winningform.co.za/KZN/2S260802_7.htm venue=Hollywoodbets Scottsville Outer date=2026-08-02 race=7 stated=8 parsed=8
2026-08-02 23:48:45,904 | INFO | app.scrapers.winning_form_scraper | horse_names=['Trafalgar Square', 'Cappellino', 'Champagne Mac', 'Bless Me Fred', 'Futano', 'Intrepid', "Jane's Vision", "Mia's Athena"]
2026-08-02 23:48:46,057 | INFO | httpx | HTTP Request: GET https://legacy.winningform.co.za/KZN/2S260802_8.htm "HTTP/1.1 200 OK"
2026-08-02 23:48:46,145 | INFO | app.scrapers.winning_form_scraper | runner_table_used columns={'number': 0, 'name': 1, 'length_behind': 2, 'speed_index': 3, 'predicted_time': 4, 'merit': 5, 'weight': 6, 'draw': 7, 'jockey': 9, 'trainer': 10} extracted=11 stated=11
2026-08-02 23:48:46,146 | INFO | app.scrapers.winning_form_scraper | race_parsed url=https://legacy.winningform.co.za/KZN/2S260802_8.htm venue=Hollywoodbets Scottsville Outer date=2026-08-02 race=8 stated=11 parsed=11
2026-08-02 23:48:46,146 | INFO | app.scrapers.winning_form_scraper | horse_names=['Axis Power', 'Cavalry Commander', 'Blazing Fury', 'Military Command', 'Luneluck', 'Smorgasbord', 'Billy Cool', 'Call Of The Karoo', 'Rock Music', 'Caribbean Gold', 'Queen Of The Spear']
2026-08-02 23:48:46,267 | INFO | httpx | HTTP Request: GET https://legacy.winningform.co.za/WCP/2K260805_1.htm "HTTP/1.1 200 OK"
2026-08-02 23:48:46,375 | INFO | app.scrapers.winning_form_scraper | runner_table_used columns={'number': 0, 'name': 1, 'length_behind': 2, 'speed_index': 3, 'predicted_time': 4, 'merit': 5, 'weight': 6, 'draw': 7, 'jockey': 9, 'trainer': 10} extracted=9 stated=9
2026-08-02 23:48:46,376 | INFO | app.scrapers.winning_form_scraper | race_parsed url=https://legacy.winningform.co.za/WCP/2K260805_1.htm venue=Hollywoodbets Kenilworth date=2026-08-05 race=1 stated=9 parsed=9
2026-08-02 23:48:46,376 | INFO | app.scrapers.winning_form_scraper | horse_names=['El Cohete', 'Bolero', 'Rust Never Sleeps', 'In The Air Tonight', 'Wild Streak', 'Visionary Flame', 'Wreath Of Snow', 'Cardinal King', 'Workingclasshero']
2026-08-02 23:48:46,481 | INFO | httpx | HTTP Request: GET https://legacy.winningform.co.za/WCP/2K260805_2.htm "HTTP/1.1 200 OK"
2026-08-02 23:48:46,548 | INFO | app.scrapers.winning_form_scraper | runner_table_used columns={'number': 0, 'name': 1, 'length_behind': 2, 'speed_index': 3, 'predicted_time': 4, 'merit': 5, 'weight': 6, 'draw': 7, 'jockey': 9, 'trainer': 10} extracted=12 stated=12
2026-08-02 23:48:46,549 | INFO | app.scrapers.winning_form_scraper | race_parsed url=https://legacy.winningform.co.za/WCP/2K260805_2.htm venue=Hollywoodbets Kenilworth date=2026-08-05 race=2 stated=12 parsed=12
2026-08-02 23:48:46,550 | INFO | app.scrapers.winning_form_scraper | horse_names=['Rock The Road', 'Sabre Wing', 'Royal Emulation', 'Hurricane Paige', 'Mind Over You', 'One Step', 'Cloudy Day', 'Over My Shoulder', 'Winter Blossom', 'Qilin', 'Eye Opener', 'Naughty Princess']
2026-08-02 23:48:46,685 | INFO | httpx | HTTP Request: GET https://legacy.winningform.co.za/WCP/2K260805_3.htm "HTTP/1.1 200 OK"
2026-08-02 23:48:46,751 | INFO | app.scrapers.winning_form_scraper | runner_table_used columns={'number': 0, 'name': 1, 'length_behind': 2, 'speed_index': 3, 'predicted_time': 4, 'merit': 5, 'weight': 6, 'draw': 7, 'jockey': 9, 'trainer': 10} extracted=11 stated=11
2026-08-02 23:48:46,752 | INFO | app.scrapers.winning_form_scraper | race_parsed url=https://legacy.winningform.co.za/WCP/2K260805_3.htm venue=Hollywoodbets Kenilworth date=2026-08-05 race=3 stated=11 parsed=11
2026-08-02 23:48:46,754 | INFO | app.scrapers.winning_form_scraper | horse_names=['African Wild Dog', "It'sgood It'snice", 'Big Deal', 'Zanfan Moris', 'Copper Head', 'Noble Salute', 'Edictal Citation', 'Waiting Game', 'World At One', 'Gather Quick', 'Legal Dancer']
2026-08-02 23:48:46,926 | INFO | httpx | HTTP Request: GET https://legacy.winningform.co.za/WCP/2K260805_4.htm "HTTP/1.1 200 OK"
2026-08-02 23:48:47,021 | INFO | app.scrapers.winning_form_scraper | runner_table_used columns={'number': 0, 'name': 1, 'length_behind': 2, 'speed_index': 3, 'predicted_time': 4, 'merit': 5, 'weight': 6, 'draw': 7, 'jockey': 9, 'trainer': 10} extracted=12 stated=12
2026-08-02 23:48:47,024 | INFO | app.scrapers.winning_form_scraper | race_parsed url=https://legacy.winningform.co.za/WCP/2K260805_4.htm venue=Hollywoodbets Kenilworth date=2026-08-05 race=4 stated=12 parsed=12
2026-08-02 23:48:47,026 | INFO | app.scrapers.winning_form_scraper | horse_names=['Odds And Evens', 'Ntibindi', 'Macro Gravity', 'Be Rational', 'What The Fluff', 'Limerance', 'Runway Romance', 'Remuneration', 'Moonshine Bay', 'Proxima', 'Glamour Girl', 'United We Stand']
2026-08-02 23:48:47,168 | INFO | httpx | HTTP Request: GET https://legacy.winningform.co.za/WCP/2K260805_5.htm "HTTP/1.1 200 OK"
2026-08-02 23:48:47,334 | INFO | app.scrapers.winning_form_scraper | runner_table_used columns={'number': 0, 'name': 1, 'length_behind': 2, 'speed_index': 3, 'predicted_time': 4, 'merit': 5, 'weight': 6, 'draw': 7, 'jockey': 9, 'trainer': 10} extracted=11 stated=11
2026-08-02 23:48:47,336 | INFO | app.scrapers.winning_form_scraper | race_parsed url=https://legacy.winningform.co.za/WCP/2K260805_5.htm venue=Hollywoodbets Kenilworth date=2026-08-05 race=5 stated=11 parsed=11
2026-08-02 23:48:47,336 | INFO | app.scrapers.winning_form_scraper | horse_names=['Hampstead Heath', 'Dream Searcher', 'Supreme Fate', 'Una The Unicorn', 'Eisteddfod', 'Gin Palace', 'South Of France', 'Amayah', 'Jou Lekker Ding', 'Take It As Red', 'Money Extractor']
2026-08-02 23:48:47,467 | INFO | httpx | HTTP Request: GET https://legacy.winningform.co.za/WCP/2K260805_6.htm "HTTP/1.1 200 OK"
2026-08-02 23:48:47,927 | INFO | app.scrapers.winning_form_scraper | runner_table_used columns={'number': 0, 'name': 1, 'length_behind': 2, 'speed_index': 3, 'predicted_time': 4, 'merit': 5, 'weight': 6, 'draw': 7, 'jockey': 9, 'trainer': 10} extracted=13 stated=13
2026-08-02 23:48:47,930 | INFO | app.scrapers.winning_form_scraper | race_parsed url=https://legacy.winningform.co.za/WCP/2K260805_6.htm venue=Hollywoodbets Kenilworth date=2026-08-05 race=6 stated=13 parsed=13
2026-08-02 23:48:47,931 | INFO | app.scrapers.winning_form_scraper | horse_names=['Etoilefillante', 'Midway', 'Phantom Man', 'Gold Index', 'Smart Horse', 'Master Coiner', 'Mela Strength', 'Double Dash', 'Miss New York', 'Kisses', 'Twice The Master', 'Tothemoonandback', 'Run For Cover']
2026-08-02 23:48:48,070 | INFO | httpx | HTTP Request: GET https://legacy.winningform.co.za/WCP/2K260805_7.htm "HTTP/1.1 200 OK"
2026-08-02 23:48:48,156 | INFO | app.scrapers.winning_form_scraper | runner_table_used columns={'number': 0, 'name': 1, 'length_behind': 2, 'speed_index': 3, 'predicted_time': 4, 'merit': 5, 'weight': 6, 'draw': 7, 'jockey': 9, 'trainer': 10} extracted=8 stated=8
2026-08-02 23:48:48,158 | INFO | app.scrapers.winning_form_scraper | race_parsed url=https://legacy.winningform.co.za/WCP/2K260805_7.htm venue=Hollywoodbets Kenilworth date=2026-08-05 race=7 stated=8 parsed=8
2026-08-02 23:48:48,158 | INFO | app.scrapers.winning_form_scraper | horse_names=['Avignon', 'Shifting Path', 'Prince Of Tibet', 'Vivo Per Lei', 'Commanding', 'Black Path', 'Vercicat', 'Cantona']
2026-08-02 23:48:48,276 | INFO | httpx | HTTP Request: GET https://legacy.winningform.co.za/WCP/2K260805_8.htm "HTTP/1.1 200 OK"
2026-08-02 23:48:48,393 | INFO | app.scrapers.winning_form_scraper | runner_table_used columns={'number': 0, 'name': 1, 'length_behind': 2, 'speed_index': 3, 'predicted_time': 4, 'merit': 5, 'weight': 6, 'draw': 7, 'jockey': 9, 'trainer': 10} extracted=11 stated=11
2026-08-02 23:48:48,397 | INFO | app.scrapers.winning_form_scraper | race_parsed url=https://legacy.winningform.co.za/WCP/2K260805_8.htm venue=Hollywoodbets Kenilworth date=2026-08-05 race=8 stated=11 parsed=11
2026-08-02 23:48:48,398 | INFO | app.scrapers.winning_form_scraper | horse_names=['Cork Bay', 'Lyrical Gangster', 'Escarpment', 'Gold Dust', 'Follow Your Heart', 'Like Dynamite', "Dawn's Early Light", 'Ferryman', 'Marseilles', 'Catwalk King', 'Earn The Weekend']
2026-08-02 23:48:48,556 | INFO | httpx | HTTP Request: GET https://legacy.winningform.co.za/GAU/2V260806_1.htm "HTTP/1.1 200 OK"
2026-08-02 23:48:48,623 | INFO | app.scrapers.winning_form_scraper | runner_table_used columns={'number': 0, 'name': 1, 'length_behind': 2, 'speed_index': 3, 'predicted_time': 4, 'merit': 5, 'weight': 6, 'draw': 7, 'jockey': 9, 'trainer': 10} extracted=6 stated=6
2026-08-02 23:48:48,624 | INFO | app.scrapers.winning_form_scraper | race_parsed url=https://legacy.winningform.co.za/GAU/2V260806_1.htm venue=Vaal date=2026-08-06 race=1 stated=6 parsed=6
2026-08-02 23:48:48,625 | INFO | app.scrapers.winning_form_scraper | horse_names=['Battleground', 'Corrupt', 'Green Machine', 'Taxhaven', 'Samuel Sharpe', 'Bellerophon']
2026-08-02 23:48:48,740 | INFO | httpx | HTTP Request: GET https://legacy.winningform.co.za/GAU/2V260806_2.htm "HTTP/1.1 200 OK"
2026-08-02 23:48:48,922 | INFO | app.scrapers.winning_form_scraper | runner_table_used columns={'number': 0, 'name': 1, 'length_behind': 2, 'speed_index': 3, 'predicted_time': 4, 'merit': 5, 'weight': 6, 'draw': 7, 'jockey': 9, 'trainer': 10} extracted=7 stated=7
2026-08-02 23:48:48,924 | INFO | app.scrapers.winning_form_scraper | race_parsed url=https://legacy.winningform.co.za/GAU/2V260806_2.htm venue=Vaal date=2026-08-06 race=2 stated=7 parsed=7
2026-08-02 23:48:48,924 | INFO | app.scrapers.winning_form_scraper | horse_names=['Jet Cat', 'Bell Of Angelus', 'Sergeant Soqrat', 'Oriental Bouquet', 'Champagne Problems', 'Phala Millions', 'Caladrius']
2026-08-02 23:48:49,061 | INFO | httpx | HTTP Request: GET https://legacy.winningform.co.za/GAU/2V260806_3.htm "HTTP/1.1 200 OK"
2026-08-02 23:48:49,140 | INFO | app.scrapers.winning_form_scraper | runner_table_used columns={'number': 0, 'name': 1, 'length_behind': 2, 'speed_index': 3, 'predicted_time': 4, 'merit': 5, 'weight': 6, 'draw': 7, 'jockey': 9, 'trainer': 10} extracted=7 stated=7
2026-08-02 23:48:49,141 | INFO | app.scrapers.winning_form_scraper | race_parsed url=https://legacy.winningform.co.za/GAU/2V260806_3.htm venue=Vaal date=2026-08-06 race=3 stated=7 parsed=7
2026-08-02 23:48:49,141 | INFO | app.scrapers.winning_form_scraper | horse_names=['Wings Of Kildra', 'Ada Lovelace', 'Executrix', 'Magic Carpet Ride', 'Royal Horizon', 'Iconic Winter', 'Love Not War']
2026-08-02 23:48:49,269 | INFO | httpx | HTTP Request: GET https://legacy.winningform.co.za/GAU/2V260806_4.htm "HTTP/1.1 200 OK"
2026-08-02 23:48:49,359 | INFO | app.scrapers.winning_form_scraper | runner_table_used columns={'number': 0, 'name': 1, 'length_behind': 2, 'speed_index': 3, 'predicted_time': 4, 'merit': 5, 'weight': 6, 'draw': 7, 'jockey': 9, 'trainer': 10} extracted=7 stated=7
2026-08-02 23:48:49,360 | INFO | app.scrapers.winning_form_scraper | race_parsed url=https://legacy.winningform.co.za/GAU/2V260806_4.htm venue=Vaal date=2026-08-06 race=4 stated=7 parsed=7
2026-08-02 23:48:49,361 | INFO | app.scrapers.winning_form_scraper | horse_names=['Winter Rainfall', 'Valieva', "She's All Mine", 'Jazz Pianist', 'Tempranillo', 'Versace Onthetrack', 'Slender Silhouette']
2026-08-02 23:48:49,488 | INFO | httpx | HTTP Request: GET https://legacy.winningform.co.za/GAU/2V260806_5.htm "HTTP/1.1 200 OK"
2026-08-02 23:48:49,626 | INFO | app.scrapers.winning_form_scraper | runner_table_used columns={'number': 0, 'name': 1, 'length_behind': 2, 'speed_index': 3, 'predicted_time': 4, 'merit': 5, 'weight': 6, 'draw': 7, 'jockey': 9, 'trainer': 10} extracted=11 stated=11
2026-08-02 23:48:49,627 | INFO | app.scrapers.winning_form_scraper | race_parsed url=https://legacy.winningform.co.za/GAU/2V260806_5.htm venue=Vaal date=2026-08-06 race=5 stated=11 parsed=11
2026-08-02 23:48:49,627 | INFO | app.scrapers.winning_form_scraper | horse_names=['Wish You Were Here', 'Lannyboy', 'Smoking Gun', 'A Roman Twist', "God's Country", 'Cool Gambler', "Ain't No Sunshine", 'Willow Charm', 'Levitator', 'Forever Canford', 'Spirit Of The Sea']
2026-08-02 23:48:49,790 | INFO | httpx | HTTP Request: GET https://legacy.winningform.co.za/GAU/2V260806_6.htm "HTTP/1.1 200 OK"
2026-08-02 23:48:50,002 | INFO | app.scrapers.winning_form_scraper | runner_table_used columns={'number': 0, 'name': 1, 'length_behind': 2, 'speed_index': 3, 'predicted_time': 4, 'merit': 5, 'weight': 6, 'draw': 7, 'jockey': 9, 'trainer': 10} extracted=8 stated=8
2026-08-02 23:48:50,004 | INFO | app.scrapers.winning_form_scraper | race_parsed url=https://legacy.winningform.co.za/GAU/2V260806_6.htm venue=Vaal date=2026-08-06 race=6 stated=8 parsed=8
2026-08-02 23:48:50,006 | INFO | app.scrapers.winning_form_scraper | horse_names=['Korcula', 'Epidaurus', 'Twelfth Of Never', 'Comic Artist', 'Lanteri', 'Gus On The Bus', 'Evening News', 'Forever Red']
2026-08-02 23:48:50,201 | INFO | httpx | HTTP Request: GET https://legacy.winningform.co.za/GAU/2V260806_7.htm "HTTP/1.1 200 OK"
2026-08-02 23:48:50,422 | INFO | app.scrapers.winning_form_scraper | runner_table_used columns={'number': 0, 'name': 1, 'length_behind': 2, 'speed_index': 3, 'predicted_time': 4, 'merit': 5, 'weight': 6, 'draw': 7, 'jockey': 9, 'trainer': 10} extracted=13 stated=13
2026-08-02 23:48:50,425 | INFO | app.scrapers.winning_form_scraper | race_parsed url=https://legacy.winningform.co.za/GAU/2V260806_7.htm venue=Vaal date=2026-08-06 race=7 stated=13 parsed=13
2026-08-02 23:48:50,425 | INFO | app.scrapers.winning_form_scraper | horse_names=['Nuclear Force', 'Thoonsil', 'Party Punch', 'Hopscotch', 'Rosy Lemon', 'Cartagena', 'Arlington Action', 'Itsnowornever', 'Chabal', 'Repetition', 'Euphrates', 'Heroic Act', 'Gold De Grace']
2026-08-02 23:48:50,586 | INFO | httpx | HTTP Request: GET https://legacy.winningform.co.za/GAU/2V260806_8.htm "HTTP/1.1 200 OK"
2026-08-02 23:48:50,660 | INFO | app.scrapers.winning_form_scraper | runner_table_used columns={'number': 0, 'name': 1, 'length_behind': 2, 'speed_index': 3, 'predicted_time': 4, 'merit': 5, 'weight': 6, 'draw': 7, 'jockey': 9, 'trainer': 10} extracted=10 stated=10
2026-08-02 23:48:50,662 | INFO | app.scrapers.winning_form_scraper | race_parsed url=https://legacy.winningform.co.za/GAU/2V260806_8.htm venue=Vaal date=2026-08-06 race=8 stated=10 parsed=10
2026-08-02 23:48:50,663 | INFO | app.scrapers.winning_form_scraper | horse_names=['Freestyle Dance', 'Wartrax Blaze', 'Elisa Mbali', 'One State', 'Campo Formio', 'Sword Of Light', 'Mega Awesome', 'Truro Legacy', 'Cuzzie', 'Noble Chiefdom']
2026-08-02 23:48:50,733 | INFO | app.services.monitoring_service | monitoring_cycle_completed
2026-08-02 23:48:50,733 | INFO | app.main | application_started
2026-08-03 00:00:00,024 | INFO | apscheduler.executors.default | Running job "MonitoringService.run_cycle (trigger: cron[hour='0,6,12,18', minute='0'], next run at: 2026-08-03 06:00:00 SAST)" (scheduled at 2026-08-03 00:00:00+02:00)
2026-08-03 00:00:00,026 | INFO | app.services.monitoring_service | monitoring_cycle_started
2026-08-03 00:00:00,175 | INFO | httpx | HTTP Request: GET https://legacy.winningform.co.za "HTTP/1.1 200 OK"
2026-08-03 00:00:00,191 | INFO | app.scrapers.winning_form_scraper | fetch_index_frames=['https://legacy.winningform.co.za/guide.htm', 'https://legacy.winningform.co.za/cover.htm']
2026-08-03 00:00:00,270 | INFO | httpx | HTTP Request: GET https://legacy.winningform.co.za "HTTP/1.1 200 OK"
2026-08-03 00:00:00,359 | INFO | httpx | HTTP Request: GET https://legacy.winningform.co.za/guide.htm "HTTP/1.1 200 OK"
2026-08-03 00:00:00,458 | INFO | httpx | HTTP Request: GET https://legacy.winningform.co.za/cover.htm "HTTP/1.1 200 OK"
2026-08-03 00:00:00,580 | INFO | httpx | HTTP Request: GET https://legacy.winningform.co.za "HTTP/1.1 200 OK"
2026-08-03 00:00:00,675 | INFO | httpx | HTTP Request: GET https://legacy.winningform.co.za/guide.htm "HTTP/1.1 200 OK"
2026-08-03 00:00:00,807 | INFO | httpx | HTTP Request: GET https://legacy.winningform.co.za/cover.htm "HTTP/1.1 200 OK"
2026-08-03 00:00:00,918 | INFO | app.scrapers.winning_form_scraper | race_links_total=24
2026-08-03 00:00:00,921 | INFO | app.scrapers.winning_form_scraper | meetings_seen=['gau-v260806', 'kzn-s260802', 'wcp-k260805']
2026-08-03 00:00:01,038 | INFO | httpx | HTTP Request: GET https://legacy.winningform.co.za/KZN/2S260802_1.htm "HTTP/1.1 200 OK"
2026-08-03 00:00:01,365 | INFO | app.scrapers.winning_form_scraper | runner_table_used columns={'number': 0, 'name': 1, 'length_behind': 2, 'speed_index': 3, 'predicted_time': 4, 'merit': 5, 'weight': 6, 'draw': 7, 'jockey': 9, 'trainer': 10} extracted=13 stated=13
2026-08-03 00:00:01,366 | INFO | app.scrapers.winning_form_scraper | race_parsed url=https://legacy.winningform.co.za/KZN/2S260802_1.htm venue=Hollywoodbets Scottsville Outer date=2026-08-02 race=1 stated=13 parsed=13
2026-08-03 00:00:01,367 | INFO | app.scrapers.winning_form_scraper | horse_names=['Iceberg Rose', 'Forthegoodtimes', 'Tipperary', 'Pink Skies', 'Lovecomesknocking', 'Sweet Cherry', 'So Indi', 'Timeless Wonder', 'Bellanca Viking', 'Gezouten Haring', 'Linguistic', 'Princess Positano', 'Fleur Delacour']
2026-08-03 00:00:01,597 | INFO | httpx | HTTP Request: GET https://legacy.winningform.co.za/KZN/2S260802_2.htm "HTTP/1.1 200 OK"
2026-08-03 00:00:01,809 | INFO | app.scrapers.winning_form_scraper | runner_table_used columns={'number': 0, 'name': 1, 'length_behind': 2, 'speed_index': 3, 'predicted_time': 4, 'merit': 5, 'weight': 6, 'draw': 7, 'jockey': 9, 'trainer': 10} extracted=13 stated=13
2026-08-03 00:00:01,810 | INFO | app.scrapers.winning_form_scraper | race_parsed url=https://legacy.winningform.co.za/KZN/2S260802_2.htm venue=Hollywoodbets Scottsville Outer date=2026-08-02 race=2 stated=13 parsed=10
2026-08-03 00:00:01,810 | INFO | app.scrapers.winning_form_scraper | horse_names=['Gimme The Power', 'Floral Kingdom', 'Sweet Faye', 'Ayzal', 'Secret Ambition', 'Rustige Kracht', 'Tokyo Girl', 'Vivalto', 'Queen Indrani', 'Umoyawokubambelela', "Queen's Bounty", 'Sherpa Queen', 'Mighty Minnie']
2026-08-03 00:00:02,076 | INFO | httpx | HTTP Request: GET https://legacy.winningform.co.za/KZN/2S260802_3.htm "HTTP/1.1 200 OK"
2026-08-03 00:00:02,287 | INFO | app.scrapers.winning_form_scraper | runner_table_used columns={'number': 0, 'name': 1, 'length_behind': 2, 'speed_index': 3, 'predicted_time': 4, 'merit': 5, 'weight': 6, 'draw': 7, 'jockey': 9, 'trainer': 10} extracted=8 stated=8
2026-08-03 00:00:02,290 | INFO | app.scrapers.winning_form_scraper | race_parsed url=https://legacy.winningform.co.za/KZN/2S260802_3.htm venue=Hollywoodbets Scottsville Inner date=2026-08-02 race=3 stated=8 parsed=8
2026-08-03 00:00:02,292 | INFO | app.scrapers.winning_form_scraper | horse_names=['Future Prospect', 'Cali Bullet', 'Peaceful Duchess', 'After The Fire', "Chef's Kiss", 'Jenny Darling', 'Guild The Lilly', 'Anemie']
2026-08-03 00:00:02,544 | INFO | httpx | HTTP Request: GET https://legacy.winningform.co.za/KZN/2S260802_4.htm "HTTP/1.1 200 OK"
2026-08-03 00:00:02,999 | INFO | app.scrapers.winning_form_scraper | runner_table_used columns={'number': 0, 'name': 1, 'length_behind': 2, 'speed_index': 3, 'predicted_time': 4, 'merit': 5, 'weight': 6, 'draw': 7, 'jockey': 9, 'trainer': 10} extracted=8 stated=8
2026-08-03 00:00:03,000 | INFO | app.scrapers.winning_form_scraper | race_parsed url=https://legacy.winningform.co.za/KZN/2S260802_4.htm venue=Hollywoodbets Scottsville Inner date=2026-08-02 race=4 stated=8 parsed=8
2026-08-03 00:00:03,000 | INFO | app.scrapers.winning_form_scraper | horse_names=["Zena's Act", 'Golden Angel', 'Our Lady Fate', 'Stampede Ahead', 'Sesame', 'Cool Wind', 'Hurricane Flight', 'Mary Read']
2026-08-03 00:00:03,196 | INFO | httpx | HTTP Request: GET https://legacy.winningform.co.za/KZN/2S260802_5.htm "HTTP/1.1 200 OK"
2026-08-03 00:00:04,078 | INFO | app.scrapers.winning_form_scraper | runner_table_used columns={'number': 0, 'name': 1, 'length_behind': 2, 'speed_index': 3, 'predicted_time': 4, 'merit': 5, 'weight': 6, 'draw': 7, 'jockey': 9, 'trainer': 10} extracted=12 stated=12
2026-08-03 00:00:04,081 | INFO | app.scrapers.winning_form_scraper | race_parsed url=https://legacy.winningform.co.za/KZN/2S260802_5.htm venue=Hollywoodbets Scottsville Inner date=2026-08-02 race=5 stated=12 parsed=12
2026-08-03 00:00:04,082 | INFO | app.scrapers.winning_form_scraper | horse_names=['Serpentine Fire', "Sascha's Dream", 'Blizzardboy', 'Master Bomber', 'Buddy Boy', 'Trois Trois Quatre', 'Song To The Moon', 'Queue Wing', 'Red Cardinal', 'Dancing On A Cloud', 'Charlie Bucket', 'Double Causeway']
2026-08-03 00:00:04,394 | INFO | httpx | HTTP Request: GET https://legacy.winningform.co.za/KZN/2S260802_6.htm "HTTP/1.1 200 OK"
2026-08-03 00:00:04,845 | INFO | app.scrapers.winning_form_scraper | runner_table_used columns={'number': 0, 'name': 1, 'length_behind': 2, 'speed_index': 3, 'predicted_time': 4, 'merit': 5, 'weight': 6, 'draw': 7, 'jockey': 9, 'trainer': 10} extracted=9 stated=9
2026-08-03 00:00:04,848 | INFO | app.scrapers.winning_form_scraper | race_parsed url=https://legacy.winningform.co.za/KZN/2S260802_6.htm venue=Hollywoodbets Scottsville Inner date=2026-08-02 race=6 stated=9 parsed=9
2026-08-03 00:00:04,848 | INFO | app.scrapers.winning_form_scraper | horse_names=['Poursomesugaronme', "Captain's Pride", 'Izibulo', 'Sign Of Fate', 'Alltheboysiveloved', 'Shesha Ntombi', 'Blue Poppy', 'Rikkitikkitavi', 'Queen Amina']
2026-08-03 00:00:05,043 | INFO | httpx | HTTP Request: GET https://legacy.winningform.co.za/KZN/2S260802_7.htm "HTTP/1.1 200 OK"
2026-08-03 00:00:05,263 | INFO | app.scrapers.winning_form_scraper | runner_table_used columns={'number': 0, 'name': 1, 'length_behind': 2, 'speed_index': 3, 'predicted_time': 4, 'merit': 5, 'weight': 6, 'draw': 7, 'jockey': 9, 'trainer': 10} extracted=8 stated=8
2026-08-03 00:00:05,264 | INFO | app.scrapers.winning_form_scraper | race_parsed url=https://legacy.winningform.co.za/KZN/2S260802_7.htm venue=Hollywoodbets Scottsville Outer date=2026-08-02 race=7 stated=8 parsed=8
2026-08-03 00:00:05,264 | INFO | app.scrapers.winning_form_scraper | horse_names=['Trafalgar Square', 'Cappellino', 'Champagne Mac', 'Bless Me Fred', 'Futano', 'Intrepid', "Jane's Vision", "Mia's Athena"]
2026-08-03 00:00:05,430 | INFO | httpx | HTTP Request: GET https://legacy.winningform.co.za/KZN/2S260802_8.htm "HTTP/1.1 200 OK"
2026-08-03 00:00:05,945 | INFO | app.scrapers.winning_form_scraper | runner_table_used columns={'number': 0, 'name': 1, 'length_behind': 2, 'speed_index': 3, 'predicted_time': 4, 'merit': 5, 'weight': 6, 'draw': 7, 'jockey': 9, 'trainer': 10} extracted=11 stated=11
2026-08-03 00:00:05,946 | INFO | app.scrapers.winning_form_scraper | race_parsed url=https://legacy.winningform.co.za/KZN/2S260802_8.htm venue=Hollywoodbets Scottsville Outer date=2026-08-02 race=8 stated=11 parsed=11
2026-08-03 00:00:05,947 | INFO | app.scrapers.winning_form_scraper | horse_names=['Axis Power', 'Cavalry Commander', 'Blazing Fury', 'Military Command', 'Luneluck', 'Smorgasbord', 'Billy Cool', 'Call Of The Karoo', 'Rock Music', 'Caribbean Gold', 'Queen Of The Spear']
2026-08-03 00:00:06,321 | INFO | httpx | HTTP Request: GET https://legacy.winningform.co.za/WCP/2K260805_1.htm "HTTP/1.1 200 OK"
2026-08-03 00:00:06,682 | INFO | app.scrapers.winning_form_scraper | runner_table_used columns={'number': 0, 'name': 1, 'length_behind': 2, 'speed_index': 3, 'predicted_time': 4, 'merit': 5, 'weight': 6, 'draw': 7, 'jockey': 9, 'trainer': 10} extracted=9 stated=9
2026-08-03 00:00:06,684 | INFO | app.scrapers.winning_form_scraper | race_parsed url=https://legacy.winningform.co.za/WCP/2K260805_1.htm venue=Hollywoodbets Kenilworth date=2026-08-05 race=1 stated=9 parsed=9
2026-08-03 00:00:06,684 | INFO | app.scrapers.winning_form_scraper | horse_names=['El Cohete', 'Bolero', 'Rust Never Sleeps', 'In The Air Tonight', 'Wild Streak', 'Visionary Flame', 'Wreath Of Snow', 'Cardinal King', 'Workingclasshero']
2026-08-03 00:00:06,992 | INFO | httpx | HTTP Request: GET https://legacy.winningform.co.za/WCP/2K260805_2.htm "HTTP/1.1 200 OK"
2026-08-03 00:00:07,200 | INFO | app.scrapers.winning_form_scraper | runner_table_used columns={'number': 0, 'name': 1, 'length_behind': 2, 'speed_index': 3, 'predicted_time': 4, 'merit': 5, 'weight': 6, 'draw': 7, 'jockey': 9, 'trainer': 10} extracted=12 stated=12
2026-08-03 00:00:07,203 | INFO | app.scrapers.winning_form_scraper | race_parsed url=https://legacy.winningform.co.za/WCP/2K260805_2.htm venue=Hollywoodbets Kenilworth date=2026-08-05 race=2 stated=12 parsed=12
2026-08-03 00:00:07,203 | INFO | app.scrapers.winning_form_scraper | horse_names=['Rock The Road', 'Sabre Wing', 'Royal Emulation', 'Hurricane Paige', 'Mind Over You', 'One Step', 'Cloudy Day', 'Over My Shoulder', 'Winter Blossom', 'Qilin', 'Eye Opener', 'Naughty Princess']
2026-08-03 00:00:07,547 | INFO | httpx | HTTP Request: GET https://legacy.winningform.co.za/WCP/2K260805_3.htm "HTTP/1.1 200 OK"
2026-08-03 00:00:07,766 | INFO | app.scrapers.winning_form_scraper | runner_table_used columns={'number': 0, 'name': 1, 'length_behind': 2, 'speed_index': 3, 'predicted_time': 4, 'merit': 5, 'weight': 6, 'draw': 7, 'jockey': 9, 'trainer': 10} extracted=11 stated=11
2026-08-03 00:00:07,766 | INFO | app.scrapers.winning_form_scraper | race_parsed url=https://legacy.winningform.co.za/WCP/2K260805_3.htm venue=Hollywoodbets Kenilworth date=2026-08-05 race=3 stated=11 parsed=11
2026-08-03 00:00:07,768 | INFO | app.scrapers.winning_form_scraper | horse_names=['African Wild Dog', "It'sgood It'snice", 'Big Deal', 'Zanfan Moris', 'Copper Head', 'Noble Salute', 'Edictal Citation', 'Waiting Game', 'World At One', 'Gather Quick', 'Legal Dancer']
2026-08-03 00:00:08,046 | INFO | httpx | HTTP Request: GET https://legacy.winningform.co.za/WCP/2K260805_4.htm "HTTP/1.1 200 OK"
2026-08-03 00:00:08,494 | INFO | app.scrapers.winning_form_scraper | runner_table_used columns={'number': 0, 'name': 1, 'length_behind': 2, 'speed_index': 3, 'predicted_time': 4, 'merit': 5, 'weight': 6, 'draw': 7, 'jockey': 9, 'trainer': 10} extracted=12 stated=12
2026-08-03 00:00:08,496 | INFO | app.scrapers.winning_form_scraper | race_parsed url=https://legacy.winningform.co.za/WCP/2K260805_4.htm venue=Hollywoodbets Kenilworth date=2026-08-05 race=4 stated=12 parsed=12
2026-08-03 00:00:08,497 | INFO | app.scrapers.winning_form_scraper | horse_names=['Odds And Evens', 'Ntibindi', 'Macro Gravity', 'Be Rational', 'What The Fluff', 'Limerance', 'Runway Romance', 'Remuneration', 'Moonshine Bay', 'Proxima', 'Glamour Girl', 'United We Stand']
2026-08-03 00:00:08,803 | INFO | httpx | HTTP Request: GET https://legacy.winningform.co.za/WCP/2K260805_5.htm "HTTP/1.1 200 OK"
2026-08-03 00:00:09,278 | INFO | app.scrapers.winning_form_scraper | runner_table_used columns={'number': 0, 'name': 1, 'length_behind': 2, 'speed_index': 3, 'predicted_time': 4, 'merit': 5, 'weight': 6, 'draw': 7, 'jockey': 9, 'trainer': 10} extracted=11 stated=11
2026-08-03 00:00:09,279 | INFO | app.scrapers.winning_form_scraper | race_parsed url=https://legacy.winningform.co.za/WCP/2K260805_5.htm venue=Hollywoodbets Kenilworth date=2026-08-05 race=5 stated=11 parsed=11
2026-08-03 00:00:09,280 | INFO | app.scrapers.winning_form_scraper | horse_names=['Hampstead Heath', 'Dream Searcher', 'Supreme Fate', 'Una The Unicorn', 'Eisteddfod', 'Gin Palace', 'South Of France', 'Amayah', 'Jou Lekker Ding', 'Take It As Red', 'Money Extractor']
2026-08-03 00:00:09,593 | INFO | httpx | HTTP Request: GET https://legacy.winningform.co.za/WCP/2K260805_6.htm "HTTP/1.1 200 OK"
2026-08-03 00:00:10,479 | INFO | app.scrapers.winning_form_scraper | runner_table_used columns={'number': 0, 'name': 1, 'length_behind': 2, 'speed_index': 3, 'predicted_time': 4, 'merit': 5, 'weight': 6, 'draw': 7, 'jockey': 9, 'trainer': 10} extracted=13 stated=13
2026-08-03 00:00:10,483 | INFO | app.scrapers.winning_form_scraper | race_parsed url=https://legacy.winningform.co.za/WCP/2K260805_6.htm venue=Hollywoodbets Kenilworth date=2026-08-05 race=6 stated=13 parsed=13
2026-08-03 00:00:10,486 | INFO | app.scrapers.winning_form_scraper | horse_names=['Etoilefillante', 'Midway', 'Phantom Man', 'Gold Index', 'Smart Horse', 'Master Coiner', 'Mela Strength', 'Double Dash', 'Miss New York', 'Kisses', 'Twice The Master', 'Tothemoonandback', 'Run For Cover']
2026-08-03 00:00:10,835 | INFO | httpx | HTTP Request: GET https://legacy.winningform.co.za/WCP/2K260805_7.htm "HTTP/1.1 200 OK"
2026-08-03 00:00:11,324 | INFO | app.scrapers.winning_form_scraper | runner_table_used columns={'number': 0, 'name': 1, 'length_behind': 2, 'speed_index': 3, 'predicted_time': 4, 'merit': 5, 'weight': 6, 'draw': 7, 'jockey': 9, 'trainer': 10} extracted=8 stated=8
2026-08-03 00:00:11,325 | INFO | app.scrapers.winning_form_scraper | race_parsed url=https://legacy.winningform.co.za/WCP/2K260805_7.htm venue=Hollywoodbets Kenilworth date=2026-08-05 race=7 stated=8 parsed=8
2026-08-03 00:00:11,325 | INFO | app.scrapers.winning_form_scraper | horse_names=['Avignon', 'Shifting Path', 'Prince Of Tibet', 'Vivo Per Lei', 'Commanding', 'Black Path', 'Vercicat', 'Cantona']
2026-08-03 00:00:11,561 | INFO | httpx | HTTP Request: GET https://legacy.winningform.co.za/WCP/2K260805_8.htm "HTTP/1.1 200 OK"
2026-08-03 00:00:12,019 | INFO | app.scrapers.winning_form_scraper | runner_table_used columns={'number': 0, 'name': 1, 'length_behind': 2, 'speed_index': 3, 'predicted_time': 4, 'merit': 5, 'weight': 6, 'draw': 7, 'jockey': 9, 'trainer': 10} extracted=11 stated=11
2026-08-03 00:00:12,022 | INFO | app.scrapers.winning_form_scraper | race_parsed url=https://legacy.winningform.co.za/WCP/2K260805_8.htm venue=Hollywoodbets Kenilworth date=2026-08-05 race=8 stated=11 parsed=11
2026-08-03 00:00:12,023 | INFO | app.scrapers.winning_form_scraper | horse_names=['Cork Bay', 'Lyrical Gangster', 'Escarpment', 'Gold Dust', 'Follow Your Heart', 'Like Dynamite', "Dawn's Early Light", 'Ferryman', 'Marseilles', 'Catwalk King', 'Earn The Weekend']
2026-08-03 00:00:12,304 | INFO | httpx | HTTP Request: GET https://legacy.winningform.co.za/GAU/2V260806_1.htm "HTTP/1.1 200 OK"
2026-08-03 00:00:12,651 | INFO | app.scrapers.winning_form_scraper | runner_table_used columns={'number': 0, 'name': 1, 'length_behind': 2, 'speed_index': 3, 'predicted_time': 4, 'merit': 5, 'weight': 6, 'draw': 7, 'jockey': 9, 'trainer': 10} extracted=6 stated=6
2026-08-03 00:00:12,653 | INFO | app.scrapers.winning_form_scraper | race_parsed url=https://legacy.winningform.co.za/GAU/2V260806_1.htm venue=Vaal date=2026-08-06 race=1 stated=6 parsed=6
2026-08-03 00:00:12,656 | INFO | app.scrapers.winning_form_scraper | horse_names=['Battleground', 'Corrupt', 'Green Machine', 'Taxhaven', 'Samuel Sharpe', 'Bellerophon']
2026-08-03 00:00:12,923 | INFO | httpx | HTTP Request: GET https://legacy.winningform.co.za/GAU/2V260806_2.htm "HTTP/1.1 200 OK"
2026-08-03 00:00:13,740 | INFO | app.scrapers.winning_form_scraper | runner_table_used columns={'number': 0, 'name': 1, 'length_behind': 2, 'speed_index': 3, 'predicted_time': 4, 'merit': 5, 'weight': 6, 'draw': 7, 'jockey': 9, 'trainer': 10} extracted=7 stated=7
2026-08-03 00:00:13,741 | INFO | app.scrapers.winning_form_scraper | race_parsed url=https://legacy.winningform.co.za/GAU/2V260806_2.htm venue=Vaal date=2026-08-06 race=2 stated=7 parsed=7
2026-08-03 00:00:13,743 | INFO | app.scrapers.winning_form_scraper | horse_names=['Jet Cat', 'Bell Of Angelus', 'Sergeant Soqrat', 'Oriental Bouquet', 'Champagne Problems', 'Phala Millions', 'Caladrius']
2026-08-03 00:00:13,996 | INFO | httpx | HTTP Request: GET https://legacy.winningform.co.za/GAU/2V260806_3.htm "HTTP/1.1 200 OK"
2026-08-03 00:00:14,362 | INFO | app.scrapers.winning_form_scraper | runner_table_used columns={'number': 0, 'name': 1, 'length_behind': 2, 'speed_index': 3, 'predicted_time': 4, 'merit': 5, 'weight': 6, 'draw': 7, 'jockey': 9, 'trainer': 10} extracted=7 stated=7
2026-08-03 00:00:14,363 | INFO | app.scrapers.winning_form_scraper | race_parsed url=https://legacy.winningform.co.za/GAU/2V260806_3.htm venue=Vaal date=2026-08-06 race=3 stated=7 parsed=7
2026-08-03 00:00:14,364 | INFO | app.scrapers.winning_form_scraper | horse_names=['Wings Of Kildra', 'Ada Lovelace', 'Executrix', 'Magic Carpet Ride', 'Royal Horizon', 'Iconic Winter', 'Love Not War']
2026-08-03 00:00:14,531 | INFO | httpx | HTTP Request: GET https://legacy.winningform.co.za/GAU/2V260806_4.htm "HTTP/1.1 200 OK"
2026-08-03 00:00:14,905 | INFO | app.scrapers.winning_form_scraper | runner_table_used columns={'number': 0, 'name': 1, 'length_behind': 2, 'speed_index': 3, 'predicted_time': 4, 'merit': 5, 'weight': 6, 'draw': 7, 'jockey': 9, 'trainer': 10} extracted=7 stated=7
2026-08-03 00:00:14,907 | INFO | app.scrapers.winning_form_scraper | race_parsed url=https://legacy.winningform.co.za/GAU/2V260806_4.htm venue=Vaal date=2026-08-06 race=4 stated=7 parsed=7
2026-08-03 00:00:14,908 | INFO | app.scrapers.winning_form_scraper | horse_names=['Winter Rainfall', 'Valieva', "She's All Mine", 'Jazz Pianist', 'Tempranillo', 'Versace Onthetrack', 'Slender Silhouette']
2026-08-03 00:00:15,086 | INFO | httpx | HTTP Request: GET https://legacy.winningform.co.za/GAU/2V260806_5.htm "HTTP/1.1 200 OK"
2026-08-03 00:00:15,529 | INFO | app.scrapers.winning_form_scraper | runner_table_used columns={'number': 0, 'name': 1, 'length_behind': 2, 'speed_index': 3, 'predicted_time': 4, 'merit': 5, 'weight': 6, 'draw': 7, 'jockey': 9, 'trainer': 10} extracted=11 stated=11
2026-08-03 00:00:15,532 | INFO | app.scrapers.winning_form_scraper | race_parsed url=https://legacy.winningform.co.za/GAU/2V260806_5.htm venue=Vaal date=2026-08-06 race=5 stated=11 parsed=11
2026-08-03 00:00:15,534 | INFO | app.scrapers.winning_form_scraper | horse_names=['Wish You Were Here', 'Lannyboy', 'Smoking Gun', 'A Roman Twist', "God's Country", 'Cool Gambler', "Ain't No Sunshine", 'Willow Charm', 'Levitator', 'Forever Canford', 'Spirit Of The Sea']
2026-08-03 00:00:15,691 | INFO | httpx | HTTP Request: GET https://legacy.winningform.co.za/GAU/2V260806_6.htm "HTTP/1.1 200 OK"
2026-08-03 00:00:15,929 | INFO | app.scrapers.winning_form_scraper | runner_table_used columns={'number': 0, 'name': 1, 'length_behind': 2, 'speed_index': 3, 'predicted_time': 4, 'merit': 5, 'weight': 6, 'draw': 7, 'jockey': 9, 'trainer': 10} extracted=8 stated=8
2026-08-03 00:00:15,932 | INFO | app.scrapers.winning_form_scraper | race_parsed url=https://legacy.winningform.co.za/GAU/2V260806_6.htm venue=Vaal date=2026-08-06 race=6 stated=8 parsed=8
2026-08-03 00:00:15,934 | INFO | app.scrapers.winning_form_scraper | horse_names=['Korcula', 'Epidaurus', 'Twelfth Of Never', 'Comic Artist', 'Lanteri', 'Gus On The Bus', 'Evening News', 'Forever Red']
2026-08-03 00:00:16,084 | INFO | httpx | HTTP Request: GET https://legacy.winningform.co.za/GAU/2V260806_7.htm "HTTP/1.1 200 OK"
2026-08-03 00:00:17,039 | INFO | app.scrapers.winning_form_scraper | runner_table_used columns={'number': 0, 'name': 1, 'length_behind': 2, 'speed_index': 3, 'predicted_time': 4, 'merit': 5, 'weight': 6, 'draw': 7, 'jockey': 9, 'trainer': 10} extracted=13 stated=13
2026-08-03 00:00:17,040 | INFO | app.scrapers.winning_form_scraper | race_parsed url=https://legacy.winningform.co.za/GAU/2V260806_7.htm venue=Vaal date=2026-08-06 race=7 stated=13 parsed=13
2026-08-03 00:00:17,040 | INFO | app.scrapers.winning_form_scraper | horse_names=['Nuclear Force', 'Thoonsil', 'Party Punch', 'Hopscotch', 'Rosy Lemon', 'Cartagena', 'Arlington Action', 'Itsnowornever', 'Chabal', 'Repetition', 'Euphrates', 'Heroic Act', 'Gold De Grace']
2026-08-03 00:00:17,384 | INFO | httpx | HTTP Request: GET https://legacy.winningform.co.za/GAU/2V260806_8.htm "HTTP/1.1 200 OK"
2026-08-03 00:00:17,812 | INFO | app.scrapers.winning_form_scraper | runner_table_used columns={'number': 0, 'name': 1, 'length_behind': 2, 'speed_index': 3, 'predicted_time': 4, 'merit': 5, 'weight': 6, 'draw': 7, 'jockey': 9, 'trainer': 10} extracted=10 stated=10
2026-08-03 00:00:17,815 | INFO | app.scrapers.winning_form_scraper | race_parsed url=https://legacy.winningform.co.za/GAU/2V260806_8.htm venue=Vaal date=2026-08-06 race=8 stated=10 parsed=10
2026-08-03 00:00:17,821 | INFO | app.scrapers.winning_form_scraper | horse_names=['Freestyle Dance', 'Wartrax Blaze', 'Elisa Mbali', 'One State', 'Campo Formio', 'Sword Of Light', 'Mega Awesome', 'Truro Legacy', 'Cuzzie', 'Noble Chiefdom']
2026-08-03 00:00:17,932 | INFO | app.services.monitoring_service | monitoring_cycle_completed
2026-08-03 00:00:17,935 | INFO | apscheduler.executors.default | Job "MonitoringService.run_cycle (trigger: cron[hour='0,6,12,18', minute='0'], next run at: 2026-08-03 06:00:00 SAST)" executed successfully
2026-08-03 08:17:47,408 | INFO | apscheduler.scheduler | Adding job tentatively -- it will be properly scheduled when the scheduler starts
2026-08-03 08:17:47,411 | INFO | apscheduler.scheduler | Added job "MonitoringService.run_cycle" to job store "default"
2026-08-03 08:17:47,412 | INFO | apscheduler.scheduler | Scheduler started
2026-08-03 08:17:47,412 | INFO | app.services.monitoring_service | monitoring_cycle_started
2026-08-03 08:17:47,917 | INFO | httpx | HTTP Request: GET https://legacy.winningform.co.za "HTTP/1.1 200 OK"
2026-08-03 08:17:47,928 | INFO | app.scrapers.winning_form_scraper | fetch_index_frames=['https://legacy.winningform.co.za/guide.htm', 'https://legacy.winningform.co.za/cover.htm']
2026-08-03 08:17:48,017 | INFO | httpx | HTTP Request: GET https://legacy.winningform.co.za "HTTP/1.1 200 OK"
2026-08-03 08:17:48,126 | INFO | httpx | HTTP Request: GET https://legacy.winningform.co.za/guide.htm "HTTP/1.1 200 OK"
2026-08-03 08:17:48,229 | INFO | httpx | HTTP Request: GET https://legacy.winningform.co.za/cover.htm "HTTP/1.1 200 OK"
2026-08-03 08:17:48,354 | INFO | httpx | HTTP Request: GET https://legacy.winningform.co.za "HTTP/1.1 200 OK"
2026-08-03 08:17:48,461 | INFO | httpx | HTTP Request: GET https://legacy.winningform.co.za/guide.htm "HTTP/1.1 200 OK"
2026-08-03 08:17:48,569 | INFO | httpx | HTTP Request: GET https://legacy.winningform.co.za/cover.htm "HTTP/1.1 200 OK"
2026-08-03 08:17:48,580 | INFO | app.scrapers.winning_form_scraper | race_links_total=16
2026-08-03 08:17:48,580 | INFO | app.scrapers.winning_form_scraper | meetings_seen=['gau-v260806', 'wcp-k260805']
2026-08-03 08:17:48,689 | INFO | httpx | HTTP Request: GET https://legacy.winningform.co.za/WCP/2K260805_1.htm "HTTP/1.1 200 OK"
2026-08-03 08:17:48,755 | INFO | app.scrapers.winning_form_scraper | runner_table_used columns={'number': 0, 'name': 1, 'length_behind': 2, 'speed_index': 3, 'predicted_time': 4, 'merit': 5, 'weight': 6, 'draw': 7, 'jockey': 9, 'trainer': 10} extracted=9 stated=9
2026-08-03 08:17:48,756 | INFO | app.scrapers.winning_form_scraper | race_parsed url=https://legacy.winningform.co.za/WCP/2K260805_1.htm venue=Hollywoodbets Kenilworth date=2026-08-05 race=1 stated=9 parsed=9
2026-08-03 08:17:48,756 | INFO | app.scrapers.winning_form_scraper | horse_names=['El Cohete', 'Bolero', 'Rust Never Sleeps', 'In The Air Tonight', 'Wild Streak', 'Visionary Flame', 'Wreath Of Snow', 'Cardinal King', 'Workingclasshero']
2026-08-03 08:17:49,021 | INFO | httpx | HTTP Request: GET https://legacy.winningform.co.za/WCP/2K260805_2.htm "HTTP/1.1 200 OK"
2026-08-03 08:17:49,084 | INFO | app.scrapers.winning_form_scraper | runner_table_used columns={'number': 0, 'name': 1, 'length_behind': 2, 'speed_index': 3, 'predicted_time': 4, 'merit': 5, 'weight': 6, 'draw': 7, 'jockey': 9, 'trainer': 10} extracted=12 stated=12
2026-08-03 08:17:49,085 | INFO | app.scrapers.winning_form_scraper | race_parsed url=https://legacy.winningform.co.za/WCP/2K260805_2.htm venue=Hollywoodbets Kenilworth date=2026-08-05 race=2 stated=12 parsed=12
2026-08-03 08:17:49,085 | INFO | app.scrapers.winning_form_scraper | horse_names=['Rock The Road', 'Sabre Wing', 'Royal Emulation', 'Hurricane Paige', 'Mind Over You', 'One Step', 'Cloudy Day', 'Over My Shoulder', 'Winter Blossom', 'Qilin', 'Eye Opener', 'Naughty Princess']
2026-08-03 08:17:49,245 | INFO | httpx | HTTP Request: GET https://legacy.winningform.co.za/WCP/2K260805_3.htm "HTTP/1.1 200 OK"
2026-08-03 08:17:49,317 | INFO | app.scrapers.winning_form_scraper | runner_table_used columns={'number': 0, 'name': 1, 'length_behind': 2, 'speed_index': 3, 'predicted_time': 4, 'merit': 5, 'weight': 6, 'draw': 7, 'jockey': 9, 'trainer': 10} extracted=11 stated=11
2026-08-03 08:17:49,317 | INFO | app.scrapers.winning_form_scraper | race_parsed url=https://legacy.winningform.co.za/WCP/2K260805_3.htm venue=Hollywoodbets Kenilworth date=2026-08-05 race=3 stated=11 parsed=11
2026-08-03 08:17:49,318 | INFO | app.scrapers.winning_form_scraper | horse_names=['African Wild Dog', "It'sgood It'snice", 'Big Deal', 'Zanfan Moris', 'Copper Head', 'Noble Salute', 'Edictal Citation', 'Waiting Game', 'World At One', 'Gather Quick', 'Legal Dancer']
2026-08-03 08:17:49,511 | INFO | httpx | HTTP Request: GET https://legacy.winningform.co.za/WCP/2K260805_4.htm "HTTP/1.1 200 OK"
2026-08-03 08:17:49,585 | INFO | app.scrapers.winning_form_scraper | runner_table_used columns={'number': 0, 'name': 1, 'length_behind': 2, 'speed_index': 3, 'predicted_time': 4, 'merit': 5, 'weight': 6, 'draw': 7, 'jockey': 9, 'trainer': 10} extracted=12 stated=12
2026-08-03 08:17:49,585 | INFO | app.scrapers.winning_form_scraper | race_parsed url=https://legacy.winningform.co.za/WCP/2K260805_4.htm venue=Hollywoodbets Kenilworth date=2026-08-05 race=4 stated=12 parsed=12
2026-08-03 08:17:49,585 | INFO | app.scrapers.winning_form_scraper | horse_names=['Odds And Evens', 'Ntibindi', 'Macro Gravity', 'Be Rational', 'What The Fluff', 'Limerance', 'Runway Romance', 'Remuneration', 'Moonshine Bay', 'Proxima', 'Glamour Girl', 'United We Stand']
2026-08-03 08:17:49,770 | INFO | httpx | HTTP Request: GET https://legacy.winningform.co.za/WCP/2K260805_5.htm "HTTP/1.1 200 OK"
2026-08-03 08:17:49,895 | INFO | app.scrapers.winning_form_scraper | runner_table_used columns={'number': 0, 'name': 1, 'length_behind': 2, 'speed_index': 3, 'predicted_time': 4, 'merit': 5, 'weight': 6, 'draw': 7, 'jockey': 9, 'trainer': 10} extracted=11 stated=11
2026-08-03 08:17:49,895 | INFO | app.scrapers.winning_form_scraper | race_parsed url=https://legacy.winningform.co.za/WCP/2K260805_5.htm venue=Hollywoodbets Kenilworth date=2026-08-05 race=5 stated=11 parsed=11
2026-08-03 08:17:49,896 | INFO | app.scrapers.winning_form_scraper | horse_names=['Hampstead Heath', 'Dream Searcher', 'Supreme Fate', 'Una The Unicorn', 'Eisteddfod', 'Gin Palace', 'South Of France', 'Amayah', 'Jou Lekker Ding', 'Take It As Red', 'Money Extractor']
2026-08-03 08:17:50,072 | INFO | httpx | HTTP Request: GET https://legacy.winningform.co.za/WCP/2K260805_6.htm "HTTP/1.1 200 OK"
2026-08-03 08:17:50,272 | INFO | app.scrapers.winning_form_scraper | runner_table_used columns={'number': 0, 'name': 1, 'length_behind': 2, 'speed_index': 3, 'predicted_time': 4, 'merit': 5, 'weight': 6, 'draw': 7, 'jockey': 9, 'trainer': 10} extracted=13 stated=13
2026-08-03 08:17:50,272 | INFO | app.scrapers.winning_form_scraper | race_parsed url=https://legacy.winningform.co.za/WCP/2K260805_6.htm venue=Hollywoodbets Kenilworth date=2026-08-05 race=6 stated=13 parsed=13
2026-08-03 08:17:50,272 | INFO | app.scrapers.winning_form_scraper | horse_names=['Etoilefillante', 'Midway', 'Phantom Man', 'Gold Index', 'Smart Horse', 'Master Coiner', 'Mela Strength', 'Double Dash', 'Miss New York', 'Kisses', 'Twice The Master', 'Tothemoonandback', 'Run For Cover']
2026-08-03 08:17:50,423 | INFO | httpx | HTTP Request: GET https://legacy.winningform.co.za/WCP/2K260805_7.htm "HTTP/1.1 200 OK"
2026-08-03 08:17:50,514 | INFO | app.scrapers.winning_form_scraper | runner_table_used columns={'number': 0, 'name': 1, 'length_behind': 2, 'speed_index': 3, 'predicted_time': 4, 'merit': 5, 'weight': 6, 'draw': 7, 'jockey': 9, 'trainer': 10} extracted=8 stated=8
2026-08-03 08:17:50,514 | INFO | app.scrapers.winning_form_scraper | race_parsed url=https://legacy.winningform.co.za/WCP/2K260805_7.htm venue=Hollywoodbets Kenilworth date=2026-08-05 race=7 stated=8 parsed=8
2026-08-03 08:17:50,514 | INFO | app.scrapers.winning_form_scraper | horse_names=['Avignon', 'Shifting Path', 'Prince Of Tibet', 'Vivo Per Lei', 'Commanding', 'Black Path', 'Vercicat', 'Cantona']
2026-08-03 08:17:50,697 | INFO | httpx | HTTP Request: GET https://legacy.winningform.co.za/WCP/2K260805_8.htm "HTTP/1.1 200 OK"
2026-08-03 08:17:50,844 | INFO | app.scrapers.winning_form_scraper | runner_table_used columns={'number': 0, 'name': 1, 'length_behind': 2, 'speed_index': 3, 'predicted_time': 4, 'merit': 5, 'weight': 6, 'draw': 7, 'jockey': 9, 'trainer': 10} extracted=11 stated=11
2026-08-03 08:17:50,845 | INFO | app.scrapers.winning_form_scraper | race_parsed url=https://legacy.winningform.co.za/WCP/2K260805_8.htm venue=Hollywoodbets Kenilworth date=2026-08-05 race=8 stated=11 parsed=11
2026-08-03 08:17:50,845 | INFO | app.scrapers.winning_form_scraper | horse_names=['Cork Bay', 'Lyrical Gangster', 'Escarpment', 'Gold Dust', 'Follow Your Heart', 'Like Dynamite', "Dawn's Early Light", 'Ferryman', 'Marseilles', 'Catwalk King', 'Earn The Weekend']
2026-08-03 08:17:51,022 | INFO | httpx | HTTP Request: GET https://legacy.winningform.co.za/GAU/2V260806_1.htm "HTTP/1.1 200 OK"
2026-08-03 08:17:51,090 | INFO | app.scrapers.winning_form_scraper | runner_table_used columns={'number': 0, 'name': 1, 'length_behind': 2, 'speed_index': 3, 'predicted_time': 4, 'merit': 5, 'weight': 6, 'draw': 7, 'jockey': 9, 'trainer': 10} extracted=6 stated=6
2026-08-03 08:17:51,091 | INFO | app.scrapers.winning_form_scraper | race_parsed url=https://legacy.winningform.co.za/GAU/2V260806_1.htm venue=Vaal date=2026-08-06 race=1 stated=6 parsed=6
2026-08-03 08:17:51,091 | INFO | app.scrapers.winning_form_scraper | horse_names=['Battleground', 'Corrupt', 'Green Machine', 'Taxhaven', 'Samuel Sharpe', 'Bellerophon']
2026-08-03 08:17:51,268 | INFO | httpx | HTTP Request: GET https://legacy.winningform.co.za/GAU/2V260806_2.htm "HTTP/1.1 200 OK"
2026-08-03 08:17:51,394 | INFO | app.scrapers.winning_form_scraper | runner_table_used columns={'number': 0, 'name': 1, 'length_behind': 2, 'speed_index': 3, 'predicted_time': 4, 'merit': 5, 'weight': 6, 'draw': 7, 'jockey': 9, 'trainer': 10} extracted=7 stated=7
2026-08-03 08:17:51,394 | INFO | app.scrapers.winning_form_scraper | race_parsed url=https://legacy.winningform.co.za/GAU/2V260806_2.htm venue=Vaal date=2026-08-06 race=2 stated=7 parsed=7
2026-08-03 08:17:51,394 | INFO | app.scrapers.winning_form_scraper | horse_names=['Jet Cat', 'Bell Of Angelus', 'Sergeant Soqrat', 'Oriental Bouquet', 'Champagne Problems', 'Phala Millions', 'Caladrius']
2026-08-03 08:17:51,548 | INFO | httpx | HTTP Request: GET https://legacy.winningform.co.za/GAU/2V260806_3.htm "HTTP/1.1 200 OK"
2026-08-03 08:17:51,625 | INFO | app.scrapers.winning_form_scraper | runner_table_used columns={'number': 0, 'name': 1, 'length_behind': 2, 'speed_index': 3, 'predicted_time': 4, 'merit': 5, 'weight': 6, 'draw': 7, 'jockey': 9, 'trainer': 10} extracted=7 stated=7
2026-08-03 08:17:51,636 | INFO | app.scrapers.winning_form_scraper | race_parsed url=https://legacy.winningform.co.za/GAU/2V260806_3.htm venue=Vaal date=2026-08-06 race=3 stated=7 parsed=7
2026-08-03 08:17:51,637 | INFO | app.scrapers.winning_form_scraper | horse_names=['Wings Of Kildra', 'Ada Lovelace', 'Executrix', 'Magic Carpet Ride', 'Royal Horizon', 'Iconic Winter', 'Love Not War']
2026-08-03 08:17:51,811 | INFO | httpx | HTTP Request: GET https://legacy.winningform.co.za/GAU/2V260806_4.htm "HTTP/1.1 200 OK"
2026-08-03 08:17:51,871 | INFO | app.scrapers.winning_form_scraper | runner_table_used columns={'number': 0, 'name': 1, 'length_behind': 2, 'speed_index': 3, 'predicted_time': 4, 'merit': 5, 'weight': 6, 'draw': 7, 'jockey': 9, 'trainer': 10} extracted=7 stated=7
2026-08-03 08:17:51,872 | INFO | app.scrapers.winning_form_scraper | race_parsed url=https://legacy.winningform.co.za/GAU/2V260806_4.htm venue=Vaal date=2026-08-06 race=4 stated=7 parsed=7
2026-08-03 08:17:51,872 | INFO | app.scrapers.winning_form_scraper | horse_names=['Winter Rainfall', 'Valieva', "She's All Mine", 'Jazz Pianist', 'Tempranillo', 'Versace Onthetrack', 'Slender Silhouette']
2026-08-03 08:17:52,097 | INFO | httpx | HTTP Request: GET https://legacy.winningform.co.za/GAU/2V260806_5.htm "HTTP/1.1 200 OK"
2026-08-03 08:17:52,159 | INFO | app.scrapers.winning_form_scraper | runner_table_used columns={'number': 0, 'name': 1, 'length_behind': 2, 'speed_index': 3, 'predicted_time': 4, 'merit': 5, 'weight': 6, 'draw': 7, 'jockey': 9, 'trainer': 10} extracted=11 stated=11
2026-08-03 08:17:52,160 | INFO | app.scrapers.winning_form_scraper | race_parsed url=https://legacy.winningform.co.za/GAU/2V260806_5.htm venue=Vaal date=2026-08-06 race=5 stated=11 parsed=11
2026-08-03 08:17:52,160 | INFO | app.scrapers.winning_form_scraper | horse_names=['Wish You Were Here', 'Lannyboy', 'Smoking Gun', 'A Roman Twist', "God's Country", 'Cool Gambler', "Ain't No Sunshine", 'Willow Charm', 'Levitator', 'Forever Canford', 'Spirit Of The Sea']
2026-08-03 08:17:52,428 | INFO | httpx | HTTP Request: GET https://legacy.winningform.co.za/GAU/2V260806_6.htm "HTTP/1.1 200 OK"
2026-08-03 08:17:52,527 | INFO | app.scrapers.winning_form_scraper | runner_table_used columns={'number': 0, 'name': 1, 'length_behind': 2, 'speed_index': 3, 'predicted_time': 4, 'merit': 5, 'weight': 6, 'draw': 7, 'jockey': 9, 'trainer': 10} extracted=8 stated=8
2026-08-03 08:17:52,527 | INFO | app.scrapers.winning_form_scraper | race_parsed url=https://legacy.winningform.co.za/GAU/2V260806_6.htm venue=Vaal date=2026-08-06 race=6 stated=8 parsed=8
2026-08-03 08:17:52,528 | INFO | app.scrapers.winning_form_scraper | horse_names=['Korcula', 'Epidaurus', 'Twelfth Of Never', 'Comic Artist', 'Lanteri', 'Gus On The Bus', 'Evening News', 'Forever Red']
2026-08-03 08:17:52,705 | INFO | httpx | HTTP Request: GET https://legacy.winningform.co.za/GAU/2V260806_7.htm "HTTP/1.1 200 OK"
2026-08-03 08:17:52,969 | INFO | app.scrapers.winning_form_scraper | runner_table_used columns={'number': 0, 'name': 1, 'length_behind': 2, 'speed_index': 3, 'predicted_time': 4, 'merit': 5, 'weight': 6, 'draw': 7, 'jockey': 9, 'trainer': 10} extracted=13 stated=13
2026-08-03 08:17:52,969 | INFO | app.scrapers.winning_form_scraper | race_parsed url=https://legacy.winningform.co.za/GAU/2V260806_7.htm venue=Vaal date=2026-08-06 race=7 stated=13 parsed=13
2026-08-03 08:17:52,969 | INFO | app.scrapers.winning_form_scraper | horse_names=['Nuclear Force', 'Thoonsil', 'Party Punch', 'Hopscotch', 'Rosy Lemon', 'Cartagena', 'Arlington Action', 'Itsnowornever', 'Chabal', 'Repetition', 'Euphrates', 'Heroic Act', 'Gold De Grace']
2026-08-03 08:17:53,143 | INFO | httpx | HTTP Request: GET https://legacy.winningform.co.za/GAU/2V260806_8.htm "HTTP/1.1 200 OK"
2026-08-03 08:17:53,199 | INFO | app.scrapers.winning_form_scraper | runner_table_used columns={'number': 0, 'name': 1, 'length_behind': 2, 'speed_index': 3, 'predicted_time': 4, 'merit': 5, 'weight': 6, 'draw': 7, 'jockey': 9, 'trainer': 10} extracted=10 stated=10
2026-08-03 08:17:53,201 | INFO | app.scrapers.winning_form_scraper | race_parsed url=https://legacy.winningform.co.za/GAU/2V260806_8.htm venue=Vaal date=2026-08-06 race=8 stated=10 parsed=10
2026-08-03 08:17:53,201 | INFO | app.scrapers.winning_form_scraper | horse_names=['Freestyle Dance', 'Wartrax Blaze', 'Elisa Mbali', 'One State', 'Campo Formio', 'Sword Of Light', 'Mega Awesome', 'Truro Legacy', 'Cuzzie', 'Noble Chiefdom']
2026-08-03 08:17:53,264 | INFO | app.services.monitoring_service | monitoring_cycle_completed
2026-08-03 08:17:53,264 | INFO | app.main | application_started
2026-08-03 12:13:55,607 | WARNING | apscheduler.executors.default | Run time of job "MonitoringService.run_cycle (trigger: cron[hour='0,6,12,18', minute='0'], next run at: 2026-08-03 18:00:00 SAST)" was missed by 0:13:55.607741
2026-08-05 11:43:18,637 | INFO | apscheduler.scheduler | Adding job tentatively -- it will be properly scheduled when the scheduler starts
2026-08-05 11:43:18,638 | INFO | apscheduler.scheduler | Added job "MonitoringService.run_cycle" to job store "default"
2026-08-05 11:43:18,639 | INFO | apscheduler.scheduler | Scheduler started
2026-08-05 11:43:18,639 | INFO | app.services.monitoring_service | monitoring_cycle_started
2026-08-05 11:43:19,054 | INFO | httpx | HTTP Request: GET https://legacy.winningform.co.za "HTTP/1.1 200 OK"
2026-08-05 11:43:19,069 | INFO | app.scrapers.winning_form_scraper | fetch_index_frames=['https://legacy.winningform.co.za/guide.htm', 'https://legacy.winningform.co.za/cover.htm']
2026-08-05 11:43:19,239 | INFO | httpx | HTTP Request: GET https://legacy.winningform.co.za "HTTP/1.1 200 OK"
2026-08-05 11:43:19,362 | INFO | httpx | HTTP Request: GET https://legacy.winningform.co.za/guide.htm "HTTP/1.1 200 OK"
2026-08-05 11:43:19,843 | INFO | httpx | HTTP Request: GET https://legacy.winningform.co.za/cover.htm "HTTP/1.1 200 OK"
2026-08-05 11:43:19,991 | INFO | httpx | HTTP Request: GET https://legacy.winningform.co.za "HTTP/1.1 200 OK"
2026-08-05 11:43:20,125 | INFO | httpx | HTTP Request: GET https://legacy.winningform.co.za/guide.htm "HTTP/1.1 200 OK"
2026-08-05 11:43:20,276 | INFO | httpx | HTTP Request: GET https://legacy.winningform.co.za/cover.htm "HTTP/1.1 200 OK"
2026-08-05 11:43:20,311 | INFO | app.scrapers.winning_form_scraper | race_links_total=49
2026-08-05 11:43:20,313 | INFO | app.scrapers.winning_form_scraper | meetings_seen=['ecp-f260807', 'gau-t260808', 'gau-v260806', 'kzn-d260807', 'kzn-s260809', 'wcp-k260805']
2026-08-05 11:43:20,471 | INFO | httpx | HTTP Request: GET https://legacy.winningform.co.za/WCP/2K260805_1.htm "HTTP/1.1 200 OK"
2026-08-05 11:43:20,555 | INFO | app.scrapers.winning_form_scraper | runner_table_used columns={'number': 0, 'name': 1, 'length_behind': 2, 'speed_index': 3, 'predicted_time': 4, 'merit': 5, 'weight': 6, 'draw': 7, 'jockey': 9, 'trainer': 10} extracted=9 stated=9
2026-08-05 11:43:20,556 | INFO | app.scrapers.winning_form_scraper | race_parsed url=https://legacy.winningform.co.za/WCP/2K260805_1.htm venue=Hollywoodbets Kenilworth date=2026-08-05 race=1 stated=9 parsed=9
2026-08-05 11:43:20,556 | INFO | app.scrapers.winning_form_scraper | horse_names=['El Cohete', 'Bolero', 'Rust Never Sleeps', 'In The Air Tonight', 'Wild Streak', 'Visionary Flame', 'Wreath Of Snow', 'Cardinal King', 'Workingclasshero']
2026-08-05 11:43:20,755 | INFO | httpx | HTTP Request: GET https://legacy.winningform.co.za/WCP/2K260805_2.htm "HTTP/1.1 200 OK"
2026-08-05 11:43:20,837 | INFO | app.scrapers.winning_form_scraper | runner_table_used columns={'number': 0, 'name': 1, 'length_behind': 2, 'speed_index': 3, 'predicted_time': 4, 'merit': 5, 'weight': 6, 'draw': 7, 'jockey': 9, 'trainer': 10} extracted=12 stated=12
2026-08-05 11:43:20,838 | INFO | app.scrapers.winning_form_scraper | race_parsed url=https://legacy.winningform.co.za/WCP/2K260805_2.htm venue=Hollywoodbets Kenilworth date=2026-08-05 race=2 stated=12 parsed=11
2026-08-05 11:43:20,838 | INFO | app.scrapers.winning_form_scraper | horse_names=['Rock The Road', 'Sabre Wing', 'Hurricane Paige', 'Mind Over You', 'One Step', 'Cloudy Day', 'Over My Shoulder', 'Winter Blossom', 'Qilin', 'Eye Opener', 'Naughty Princess', 'Royal Emulation']
2026-08-05 11:43:21,015 | INFO | httpx | HTTP Request: GET https://legacy.winningform.co.za/WCP/2K260805_3.htm "HTTP/1.1 200 OK"
2026-08-05 11:43:21,107 | INFO | app.scrapers.winning_form_scraper | runner_table_used columns={'number': 0, 'name': 1, 'length_behind': 2, 'speed_index': 3, 'predicted_time': 4, 'merit': 5, 'weight': 6, 'draw': 7, 'jockey': 9, 'trainer': 10} extracted=11 stated=11
2026-08-05 11:43:21,108 | INFO | app.scrapers.winning_form_scraper | race_parsed url=https://legacy.winningform.co.za/WCP/2K260805_3.htm venue=Hollywoodbets Kenilworth date=2026-08-05 race=3 stated=11 parsed=11
2026-08-05 11:43:21,108 | INFO | app.scrapers.winning_form_scraper | horse_names=['African Wild Dog', "It'sgood It'snice", 'Big Deal', 'Zanfan Moris', 'Copper Head', 'Noble Salute', 'Edictal Citation', 'Waiting Game', 'World At One', 'Gather Quick', 'Legal Dancer']
2026-08-05 11:43:21,328 | INFO | httpx | HTTP Request: GET https://legacy.winningform.co.za/WCP/2K260805_4.htm "HTTP/1.1 200 OK"
2026-08-05 11:43:21,420 | INFO | app.scrapers.winning_form_scraper | runner_table_used columns={'number': 0, 'name': 1, 'length_behind': 2, 'speed_index': 3, 'predicted_time': 4, 'merit': 5, 'weight': 6, 'draw': 7, 'jockey': 9, 'trainer': 10} extracted=12 stated=12
2026-08-05 11:43:21,421 | INFO | app.scrapers.winning_form_scraper | race_parsed url=https://legacy.winningform.co.za/WCP/2K260805_4.htm venue=Hollywoodbets Kenilworth date=2026-08-05 race=4 stated=12 parsed=12
2026-08-05 11:43:21,421 | INFO | app.scrapers.winning_form_scraper | horse_names=['Odds And Evens', 'Ntibindi', 'Macro Gravity', 'Be Rational', 'What The Fluff', 'Limerance', 'Runway Romance', 'Remuneration', 'Moonshine Bay', 'Proxima', 'Glamour Girl', 'United We Stand']
2026-08-05 11:43:21,651 | INFO | httpx | HTTP Request: GET https://legacy.winningform.co.za/WCP/2K260805_5.htm "HTTP/1.1 200 OK"
2026-08-05 11:43:21,902 | INFO | app.scrapers.winning_form_scraper | runner_table_used columns={'number': 0, 'name': 1, 'length_behind': 2, 'speed_index': 3, 'predicted_time': 4, 'merit': 5, 'weight': 6, 'draw': 7, 'jockey': 9, 'trainer': 10} extracted=11 stated=11
2026-08-05 11:43:21,903 | INFO | app.scrapers.winning_form_scraper | race_parsed url=https://legacy.winningform.co.za/WCP/2K260805_5.htm venue=Hollywoodbets Kenilworth date=2026-08-05 race=5 stated=11 parsed=10
2026-08-05 11:43:21,903 | INFO | app.scrapers.winning_form_scraper | horse_names=['Hampstead Heath', 'Dream Searcher', 'Una The Unicorn', 'Eisteddfod', 'Gin Palace', 'South Of France', 'Amayah', 'Jou Lekker Ding', 'Take It As Red', 'Money Extractor', 'Supreme Fate']
2026-08-05 11:43:22,107 | INFO | httpx | HTTP Request: GET https://legacy.winningform.co.za/WCP/2K260805_6.htm "HTTP/1.1 200 OK"
2026-08-05 11:43:22,304 | INFO | app.scrapers.winning_form_scraper | runner_table_used columns={'number': 0, 'name': 1, 'length_behind': 2, 'speed_index': 3, 'predicted_time': 4, 'merit': 5, 'weight': 6, 'draw': 7, 'jockey': 9, 'trainer': 10} extracted=13 stated=13
2026-08-05 11:43:22,305 | INFO | app.scrapers.winning_form_scraper | race_parsed url=https://legacy.winningform.co.za/WCP/2K260805_6.htm venue=Hollywoodbets Kenilworth date=2026-08-05 race=6 stated=13 parsed=13
2026-08-05 11:43:22,305 | INFO | app.scrapers.winning_form_scraper | horse_names=['Etoilefillante', 'Midway', 'Phantom Man', 'Gold Index', 'Smart Horse', 'Master Coiner', 'Mela Strength', 'Double Dash', 'Miss New York', 'Kisses', 'Twice The Master', 'Tothemoonandback', 'Run For Cover']
2026-08-05 11:43:22,503 | INFO | httpx | HTTP Request: GET https://legacy.winningform.co.za/WCP/2K260805_7.htm "HTTP/1.1 200 OK"
2026-08-05 11:43:22,633 | INFO | app.scrapers.winning_form_scraper | runner_table_used columns={'number': 0, 'name': 1, 'length_behind': 2, 'speed_index': 3, 'predicted_time': 4, 'merit': 5, 'weight': 6, 'draw': 7, 'jockey': 9, 'trainer': 10} extracted=8 stated=8
2026-08-05 11:43:22,634 | INFO | app.scrapers.winning_form_scraper | race_parsed url=https://legacy.winningform.co.za/WCP/2K260805_7.htm venue=Hollywoodbets Kenilworth date=2026-08-05 race=7 stated=8 parsed=8
2026-08-05 11:43:22,634 | INFO | app.scrapers.winning_form_scraper | horse_names=['Avignon', 'Shifting Path', 'Prince Of Tibet', 'Vivo Per Lei', 'Commanding', 'Black Path', 'Vercicat', 'Cantona']
2026-08-05 11:43:22,856 | INFO | httpx | HTTP Request: GET https://legacy.winningform.co.za/WCP/2K260805_8.htm "HTTP/1.1 200 OK"
2026-08-05 11:43:22,959 | INFO | app.scrapers.winning_form_scraper | runner_table_used columns={'number': 0, 'name': 1, 'length_behind': 2, 'speed_index': 3, 'predicted_time': 4, 'merit': 5, 'weight': 6, 'draw': 7, 'jockey': 9, 'trainer': 10} extracted=11 stated=11
2026-08-05 11:43:22,959 | INFO | app.scrapers.winning_form_scraper | race_parsed url=https://legacy.winningform.co.za/WCP/2K260805_8.htm venue=Hollywoodbets Kenilworth date=2026-08-05 race=8 stated=11 parsed=10
2026-08-05 11:43:22,959 | INFO | app.scrapers.winning_form_scraper | horse_names=['Cork Bay', 'Lyrical Gangster', 'Escarpment', 'Gold Dust', 'Follow Your Heart', 'Like Dynamite', "Dawn's Early Light", 'Ferryman', 'Marseilles', 'Earn The Weekend', 'Catwalk King']
2026-08-05 11:43:23,129 | INFO | httpx | HTTP Request: GET https://legacy.winningform.co.za/GAU/2V260806_1.htm "HTTP/1.1 200 OK"
2026-08-05 11:43:23,202 | INFO | app.scrapers.winning_form_scraper | runner_table_used columns={'number': 0, 'name': 1, 'length_behind': 2, 'speed_index': 3, 'predicted_time': 4, 'merit': 5, 'weight': 6, 'draw': 7, 'jockey': 9, 'trainer': 10} extracted=6 stated=6
2026-08-05 11:43:23,203 | INFO | app.scrapers.winning_form_scraper | race_parsed url=https://legacy.winningform.co.za/GAU/2V260806_1.htm venue=Vaal date=2026-08-06 race=1 stated=6 parsed=6
2026-08-05 11:43:23,203 | INFO | app.scrapers.winning_form_scraper | horse_names=['Battleground', 'Corrupt', 'Green Machine', 'Taxhaven', 'Samuel Sharpe', 'Bellerophon']
2026-08-05 11:43:23,358 | INFO | httpx | HTTP Request: GET https://legacy.winningform.co.za/GAU/2V260806_2.htm "HTTP/1.1 200 OK"
2026-08-05 11:43:23,448 | INFO | app.scrapers.winning_form_scraper | runner_table_used columns={'number': 0, 'name': 1, 'length_behind': 2, 'speed_index': 3, 'predicted_time': 4, 'merit': 5, 'weight': 6, 'draw': 7, 'jockey': 9, 'trainer': 10} extracted=7 stated=7
2026-08-05 11:43:23,449 | INFO | app.scrapers.winning_form_scraper | race_parsed url=https://legacy.winningform.co.za/GAU/2V260806_2.htm venue=Vaal date=2026-08-06 race=2 stated=7 parsed=7
2026-08-05 11:43:23,449 | INFO | app.scrapers.winning_form_scraper | horse_names=['Jet Cat', 'Bell Of Angelus', 'Sergeant Soqrat', 'Oriental Bouquet', 'Champagne Problems', 'Phala Millions', 'Caladrius']
2026-08-05 11:43:23,747 | INFO | httpx | HTTP Request: GET https://legacy.winningform.co.za/GAU/2V260806_3.htm "HTTP/1.1 200 OK"
2026-08-05 11:43:23,815 | INFO | app.scrapers.winning_form_scraper | runner_table_used columns={'number': 0, 'name': 1, 'length_behind': 2, 'speed_index': 3, 'predicted_time': 4, 'merit': 5, 'weight': 6, 'draw': 7, 'jockey': 9, 'trainer': 10} extracted=7 stated=7
2026-08-05 11:43:23,816 | INFO | app.scrapers.winning_form_scraper | race_parsed url=https://legacy.winningform.co.za/GAU/2V260806_3.htm venue=Vaal date=2026-08-06 race=3 stated=7 parsed=7
2026-08-05 11:43:23,816 | INFO | app.scrapers.winning_form_scraper | horse_names=['Wings Of Kildra', 'Ada Lovelace', 'Executrix', 'Magic Carpet Ride', 'Royal Horizon', 'Iconic Winter', 'Love Not War']
2026-08-05 11:43:24,007 | INFO | httpx | HTTP Request: GET https://legacy.winningform.co.za/GAU/2V260806_4.htm "HTTP/1.1 200 OK"
2026-08-05 11:43:24,086 | INFO | app.scrapers.winning_form_scraper | runner_table_used columns={'number': 0, 'name': 1, 'length_behind': 2, 'speed_index': 3, 'predicted_time': 4, 'merit': 5, 'weight': 6, 'draw': 7, 'jockey': 9, 'trainer': 10} extracted=7 stated=7
2026-08-05 11:43:24,086 | INFO | app.scrapers.winning_form_scraper | race_parsed url=https://legacy.winningform.co.za/GAU/2V260806_4.htm venue=Vaal date=2026-08-06 race=4 stated=7 parsed=7
2026-08-05 11:43:24,087 | INFO | app.scrapers.winning_form_scraper | horse_names=['Winter Rainfall', 'Valieva', "She's All Mine", 'Jazz Pianist', 'Tempranillo', 'Versace Onthetrack', 'Slender Silhouette']
2026-08-05 11:43:24,304 | INFO | httpx | HTTP Request: GET https://legacy.winningform.co.za/GAU/2V260806_5.htm "HTTP/1.1 200 OK"
2026-08-05 11:43:24,382 | INFO | app.scrapers.winning_form_scraper | runner_table_used columns={'number': 0, 'name': 1, 'length_behind': 2, 'speed_index': 3, 'predicted_time': 4, 'merit': 5, 'weight': 6, 'draw': 7, 'jockey': 9, 'trainer': 10} extracted=11 stated=11
2026-08-05 11:43:24,382 | INFO | app.scrapers.winning_form_scraper | race_parsed url=https://legacy.winningform.co.za/GAU/2V260806_5.htm venue=Vaal date=2026-08-06 race=5 stated=11 parsed=11
2026-08-05 11:43:24,383 | INFO | app.scrapers.winning_form_scraper | horse_names=['Wish You Were Here', 'Lannyboy', 'Smoking Gun', 'A Roman Twist', "God's Country", 'Cool Gambler', "Ain't No Sunshine", 'Willow Charm', 'Levitator', 'Forever Canford', 'Spirit Of The Sea']
2026-08-05 11:43:24,564 | INFO | httpx | HTTP Request: GET https://legacy.winningform.co.za/GAU/2V260806_6.htm "HTTP/1.1 200 OK"
2026-08-05 11:43:24,634 | INFO | app.scrapers.winning_form_scraper | runner_table_used columns={'number': 0, 'name': 1, 'length_behind': 2, 'speed_index': 3, 'predicted_time': 4, 'merit': 5, 'weight': 6, 'draw': 7, 'jockey': 9, 'trainer': 10} extracted=8 stated=8
2026-08-05 11:43:24,634 | INFO | app.scrapers.winning_form_scraper | race_parsed url=https://legacy.winningform.co.za/GAU/2V260806_6.htm venue=Vaal date=2026-08-06 race=6 stated=8 parsed=8
2026-08-05 11:43:24,634 | INFO | app.scrapers.winning_form_scraper | horse_names=['Korcula', 'Epidaurus', 'Twelfth Of Never', 'Comic Artist', 'Lanteri', 'Gus On The Bus', 'Evening News', 'Forever Red']
2026-08-05 11:43:24,880 | INFO | httpx | HTTP Request: GET https://legacy.winningform.co.za/GAU/2V260806_7.htm "HTTP/1.1 200 OK"
2026-08-05 11:43:25,010 | INFO | app.scrapers.winning_form_scraper | runner_table_used columns={'number': 0, 'name': 1, 'length_behind': 2, 'speed_index': 3, 'predicted_time': 4, 'merit': 5, 'weight': 6, 'draw': 7, 'jockey': 9, 'trainer': 10} extracted=13 stated=13
2026-08-05 11:43:25,010 | INFO | app.scrapers.winning_form_scraper | race_parsed url=https://legacy.winningform.co.za/GAU/2V260806_7.htm venue=Vaal date=2026-08-06 race=7 stated=13 parsed=13
2026-08-05 11:43:25,011 | INFO | app.scrapers.winning_form_scraper | horse_names=['Nuclear Force', 'Thoonsil', 'Party Punch', 'Hopscotch', 'Rosy Lemon', 'Cartagena', 'Arlington Action', 'Itsnowornever', 'Chabal', 'Repetition', 'Euphrates', 'Heroic Act', 'Gold De Grace']
2026-08-05 11:43:25,202 | INFO | httpx | HTTP Request: GET https://legacy.winningform.co.za/GAU/2V260806_8.htm "HTTP/1.1 200 OK"
2026-08-05 11:43:25,290 | INFO | app.scrapers.winning_form_scraper | runner_table_used columns={'number': 0, 'name': 1, 'length_behind': 2, 'speed_index': 3, 'predicted_time': 4, 'merit': 5, 'weight': 6, 'draw': 7, 'jockey': 9, 'trainer': 10} extracted=10 stated=10
2026-08-05 11:43:25,290 | INFO | app.scrapers.winning_form_scraper | race_parsed url=https://legacy.winningform.co.za/GAU/2V260806_8.htm venue=Vaal date=2026-08-06 race=8 stated=10 parsed=10
2026-08-05 11:43:25,290 | INFO | app.scrapers.winning_form_scraper | horse_names=['Freestyle Dance', 'Wartrax Blaze', 'Elisa Mbali', 'One State', 'Campo Formio', 'Sword Of Light', 'Mega Awesome', 'Truro Legacy', 'Cuzzie', 'Noble Chiefdom']
2026-08-05 11:43:25,487 | INFO | httpx | HTTP Request: GET https://legacy.winningform.co.za/KZN/2D260807_1.htm "HTTP/1.1 200 OK"
2026-08-05 11:43:25,599 | INFO | app.scrapers.winning_form_scraper | runner_table_used columns={'number': 0, 'name': 1, 'length_behind': 2, 'speed_index': 3, 'predicted_time': 4, 'merit': 5, 'weight': 6, 'draw': 7, 'jockey': 9, 'trainer': 10} extracted=14 stated=14
2026-08-05 11:43:25,599 | INFO | app.scrapers.winning_form_scraper | race_parsed url=https://legacy.winningform.co.za/KZN/2D260807_1.htm venue=Hollywoodbets Greyville date=2026-08-07 race=1 stated=14 parsed=14
2026-08-05 11:43:25,600 | INFO | app.scrapers.winning_form_scraper | horse_names=['Owner Of Creation', 'Skipper Zip', 'Yeah Baby', 'Simonis', "Hadrian's Wall", 'Golden Diadem', 'Prince Of Rabada', 'Goldsmith', 'Peace Sign', 'Thurloe Place', 'Cuba Libre', 'Flight Twenty One', 'Catch That Kid', 'Big Dipper']
2026-08-05 11:43:25,789 | INFO | httpx | HTTP Request: GET https://legacy.winningform.co.za/KZN/2D260807_2.htm "HTTP/1.1 200 OK"
2026-08-05 11:43:25,861 | INFO | app.scrapers.winning_form_scraper | runner_table_used columns={'number': 0, 'name': 1, 'length_behind': 2, 'speed_index': 3, 'predicted_time': 4, 'merit': 5, 'weight': 6, 'draw': 7, 'jockey': 9, 'trainer': 10} extracted=8 stated=8
2026-08-05 11:43:25,862 | INFO | app.scrapers.winning_form_scraper | race_parsed url=https://legacy.winningform.co.za/KZN/2D260807_2.htm venue=Hollywoodbets Greyville date=2026-08-07 race=2 stated=8 parsed=8
2026-08-05 11:43:25,862 | INFO | app.scrapers.winning_form_scraper | horse_names=['Hazel Green', 'Tears Of The Sun', 'Queen Of Denmark', 'America First', 'Eastern Glow', "Loreley's Rock", 'Lagertha The Queen', 'Periwinkle']
2026-08-05 11:43:26,027 | INFO | httpx | HTTP Request: GET https://legacy.winningform.co.za/KZN/2D260807_3.htm "HTTP/1.1 200 OK"
2026-08-05 11:43:26,123 | INFO | app.scrapers.winning_form_scraper | runner_table_used columns={'number': 0, 'name': 1, 'length_behind': 2, 'speed_index': 3, 'predicted_time': 4, 'merit': 5, 'weight': 6, 'draw': 7, 'jockey': 9, 'trainer': 10} extracted=7 stated=7
2026-08-05 11:43:26,124 | INFO | app.scrapers.winning_form_scraper | race_parsed url=https://legacy.winningform.co.za/KZN/2D260807_3.htm venue=Hollywoodbets Greyville date=2026-08-07 race=3 stated=7 parsed=7
2026-08-05 11:43:26,124 | INFO | app.scrapers.winning_form_scraper | horse_names=['Crimson Typhoon', 'Fire Force', 'Augrabies', 'Captive Prince', 'Lacryma Christi', 'Noctambulist', 'Chaos Queen']
2026-08-05 11:43:26,343 | INFO | httpx | HTTP Request: GET https://legacy.winningform.co.za/KZN/2D260807_4.htm "HTTP/1.1 200 OK"
2026-08-05 11:43:26,457 | INFO | app.scrapers.winning_form_scraper | runner_table_used columns={'number': 0, 'name': 1, 'length_behind': 2, 'speed_index': 3, 'predicted_time': 4, 'merit': 5, 'weight': 6, 'draw': 7, 'jockey': 9, 'trainer': 10} extracted=13 stated=13
2026-08-05 11:43:26,458 | INFO | app.scrapers.winning_form_scraper | race_parsed url=https://legacy.winningform.co.za/KZN/2D260807_4.htm venue=Hollywoodbets Greyville date=2026-08-07 race=4 stated=13 parsed=13
2026-08-05 11:43:26,458 | INFO | app.scrapers.winning_form_scraper | horse_names=['Tunguska', 'High Queue', 'Zena Rose', 'The Mikado', 'Shiny Bob', 'No Pressure', 'Heavenly Mafia', 'Fast And Free', 'Day Two', 'Christmas Cactus', 'National Dream', 'Status', 'Reign On Impact']
2026-08-05 11:43:26,711 | INFO | httpx | HTTP Request: GET https://legacy.winningform.co.za/KZN/2D260807_5.htm "HTTP/1.1 200 OK"
2026-08-05 11:43:26,969 | INFO | app.scrapers.winning_form_scraper | runner_table_used columns={'number': 0, 'name': 1, 'length_behind': 2, 'speed_index': 3, 'predicted_time': 4, 'merit': 5, 'weight': 6, 'draw': 7, 'jockey': 9, 'trainer': 10} extracted=9 stated=9
2026-08-05 11:43:26,969 | INFO | app.scrapers.winning_form_scraper | race_parsed url=https://legacy.winningform.co.za/KZN/2D260807_5.htm venue=Hollywoodbets Greyville date=2026-08-07 race=5 stated=9 parsed=9
2026-08-05 11:43:26,969 | INFO | app.scrapers.winning_form_scraper | horse_names=['Position Of Power', 'Thisiswhatitmeans', 'Teflon Man', 'Future Variety', 'Soho Star', 'Imposing', 'King Of The Gauls', 'Good Traveller', 'Narina Trogon']
2026-08-05 11:43:27,165 | INFO | httpx | HTTP Request: GET https://legacy.winningform.co.za/KZN/2D260807_6.htm "HTTP/1.1 200 OK"
2026-08-05 11:43:27,298 | INFO | app.scrapers.winning_form_scraper | runner_table_used columns={'number': 0, 'name': 1, 'length_behind': 2, 'speed_index': 3, 'predicted_time': 4, 'merit': 5, 'weight': 6, 'draw': 7, 'jockey': 9, 'trainer': 10} extracted=11 stated=11
2026-08-05 11:43:27,298 | INFO | app.scrapers.winning_form_scraper | race_parsed url=https://legacy.winningform.co.za/KZN/2D260807_6.htm venue=Hollywoodbets Greyville date=2026-08-07 race=6 stated=11 parsed=11
2026-08-05 11:43:27,299 | INFO | app.scrapers.winning_form_scraper | horse_names=['Warrior Royale', 'Swiatek', "That's My Baby", 'Happy Fortune', 'Miss Twinkle', 'Sonic Jet', 'Gorgeous Girl', 'Warning Sound', 'Red Taffety', 'Drumnadrochit', 'Forward Motion']
2026-08-05 11:43:27,505 | INFO | httpx | HTTP Request: GET https://legacy.winningform.co.za/KZN/2D260807_7.htm "HTTP/1.1 200 OK"
2026-08-05 11:43:27,645 | INFO | app.scrapers.winning_form_scraper | runner_table_used columns={'number': 0, 'name': 1, 'length_behind': 2, 'speed_index': 3, 'predicted_time': 4, 'merit': 5, 'weight': 6, 'draw': 7, 'jockey': 9, 'trainer': 10} extracted=10 stated=10
2026-08-05 11:43:27,645 | INFO | app.scrapers.winning_form_scraper | race_parsed url=https://legacy.winningform.co.za/KZN/2D260807_7.htm venue=Hollywoodbets Greyville date=2026-08-07 race=7 stated=10 parsed=10
2026-08-05 11:43:27,645 | INFO | app.scrapers.winning_form_scraper | horse_names=['Maphaka', 'Future Flo', 'Miss World', 'Ubukhwebezana', 'Street Outlaw', 'City Of Love', 'What A Fortune', 'African Skyline', 'Cowdray Park', 'Johnny Appleseed']
2026-08-05 11:43:27,854 | INFO | httpx | HTTP Request: GET https://legacy.winningform.co.za/KZN/2D260807_8.htm "HTTP/1.1 200 OK"
2026-08-05 11:43:27,980 | INFO | app.scrapers.winning_form_scraper | runner_table_used columns={'number': 0, 'name': 1, 'length_behind': 2, 'speed_index': 3, 'predicted_time': 4, 'merit': 5, 'weight': 6, 'draw': 7, 'jockey': 9, 'trainer': 10} extracted=11 stated=11
2026-08-05 11:43:27,981 | INFO | app.scrapers.winning_form_scraper | race_parsed url=https://legacy.winningform.co.za/KZN/2D260807_8.htm venue=Hollywoodbets Greyville date=2026-08-07 race=8 stated=11 parsed=11
2026-08-05 11:43:27,981 | INFO | app.scrapers.winning_form_scraper | horse_names=['Next Of Kin', 'Mvelelo', "Tam's Knight", 'Mar Del Plata', 'Tobacconist', 'Blue Steel', 'Phutulicious', 'War Emperor', 'My Boy Lollipop', 'Steamy Windows', 'Zagreb']
2026-08-05 11:43:28,187 | INFO | httpx | HTTP Request: GET https://legacy.winningform.co.za/ECP/2F260807_1.htm "HTTP/1.1 200 OK"
2026-08-05 11:43:28,265 | INFO | app.scrapers.winning_form_scraper | runner_table_used columns={'number': 0, 'name': 1, 'length_behind': 2, 'speed_index': 3, 'predicted_time': 4, 'merit': 5, 'weight': 6, 'draw': 7, 'jockey': 9, 'trainer': 10} extracted=10 stated=10
2026-08-05 11:43:28,266 | INFO | app.scrapers.winning_form_scraper | race_parsed url=https://legacy.winningform.co.za/ECP/2F260807_1.htm venue=Fairview date=2026-08-07 race=1 stated=10 parsed=10
2026-08-05 11:43:28,266 | INFO | app.scrapers.winning_form_scraper | horse_names=['Good Shine', 'Green Point', 'Crimson Clover', 'Takemetothemoon', 'Norse Warrior', 'Stone Of Scone', 'J Lordi', 'Blue Dame', 'Storm Burst', 'Golden Fifties']
2026-08-05 11:43:28,456 | INFO | httpx | HTTP Request: GET https://legacy.winningform.co.za/ECP/2F260807_2.htm "HTTP/1.1 200 OK"
2026-08-05 11:43:28,570 | INFO | app.scrapers.winning_form_scraper | runner_table_used columns={'number': 0, 'name': 1, 'length_behind': 2, 'speed_index': 3, 'predicted_time': 4, 'merit': 5, 'weight': 6, 'draw': 7, 'jockey': 9, 'trainer': 10} extracted=10 stated=10
2026-08-05 11:43:28,571 | INFO | app.scrapers.winning_form_scraper | race_parsed url=https://legacy.winningform.co.za/ECP/2F260807_2.htm venue=Fairview date=2026-08-07 race=2 stated=10 parsed=10
2026-08-05 11:43:28,571 | INFO | app.scrapers.winning_form_scraper | horse_names=['Touch The Sword', 'Caughtubysurprise', 'Fonte', 'Kim Kay', 'Jewel Mule', 'Redlight Lane', 'Harpa', 'World Of Diamonds', 'Without Hesitation', 'Gallic Greeting']
2026-08-05 11:43:28,745 | INFO | httpx | HTTP Request: GET https://legacy.winningform.co.za/ECP/2F260807_3.htm "HTTP/1.1 200 OK"
2026-08-05 11:43:28,819 | INFO | app.scrapers.winning_form_scraper | runner_table_used columns={'number': 0, 'name': 1, 'length_behind': 2, 'speed_index': 3, 'predicted_time': 4, 'merit': 5, 'weight': 6, 'draw': 7, 'jockey': 9, 'trainer': 10} extracted=9 stated=9
2026-08-05 11:43:28,820 | INFO | app.scrapers.winning_form_scraper | race_parsed url=https://legacy.winningform.co.za/ECP/2F260807_3.htm venue=Fairview date=2026-08-07 race=3 stated=9 parsed=9
2026-08-05 11:43:28,820 | INFO | app.scrapers.winning_form_scraper | horse_names=['Frequent Traveller', 'Secret Eruption', 'Witching Hour', 'Lady Limoncello', 'Lady Of Fate', 'Blue Crystal', 'Island Jewel', 'Burning Desire', 'Total Eruption']
2026-08-05 11:43:29,026 | INFO | httpx | HTTP Request: GET https://legacy.winningform.co.za/ECP/2F260807_4.htm "HTTP/1.1 200 OK"
2026-08-05 11:43:29,165 | INFO | app.scrapers.winning_form_scraper | runner_table_used columns={'number': 0, 'name': 1, 'length_behind': 2, 'speed_index': 3, 'predicted_time': 4, 'merit': 5, 'weight': 6, 'draw': 7, 'jockey': 9, 'trainer': 10} extracted=9 stated=9
2026-08-05 11:43:29,165 | INFO | app.scrapers.winning_form_scraper | race_parsed url=https://legacy.winningform.co.za/ECP/2F260807_4.htm venue=Fairview date=2026-08-07 race=4 stated=9 parsed=9
2026-08-05 11:43:29,166 | INFO | app.scrapers.winning_form_scraper | horse_names=['Home Reef', 'Makhachev', 'Anatolian Silver', 'Global Ally', 'Richardthefearless', 'Wild Fig', 'Hollandia Bakkerij', 'Flight Display', 'Johnny Drama']
2026-08-05 11:43:29,363 | INFO | httpx | HTTP Request: GET https://legacy.winningform.co.za/ECP/2F260807_5.htm "HTTP/1.1 200 OK"
2026-08-05 11:43:29,474 | INFO | app.scrapers.winning_form_scraper | runner_table_used columns={'number': 0, 'name': 1, 'length_behind': 2, 'speed_index': 3, 'predicted_time': 4, 'merit': 5, 'weight': 6, 'draw': 7, 'jockey': 9, 'trainer': 10} extracted=10 stated=10
2026-08-05 11:43:29,475 | INFO | app.scrapers.winning_form_scraper | race_parsed url=https://legacy.winningform.co.za/ECP/2F260807_5.htm venue=Fairview date=2026-08-07 race=5 stated=10 parsed=10
2026-08-05 11:43:29,475 | INFO | app.scrapers.winning_form_scraper | horse_names=['King Viserys', 'Cheerful Charlie B', 'Green Planet', 'Pedro', 'Lucky Chance', 'Givethatmanabells', 'Umami', 'Star Of Elena', 'Celtic Rush', 'Nautical Landing']
2026-08-05 11:43:29,659 | INFO | httpx | HTTP Request: GET https://legacy.winningform.co.za/ECP/2F260807_6.htm "HTTP/1.1 200 OK"
2026-08-05 11:43:29,765 | INFO | app.scrapers.winning_form_scraper | runner_table_used columns={'number': 0, 'name': 1, 'length_behind': 2, 'speed_index': 3, 'predicted_time': 4, 'merit': 5, 'weight': 6, 'draw': 7, 'jockey': 9, 'trainer': 10} extracted=11 stated=11
2026-08-05 11:43:29,766 | INFO | app.scrapers.winning_form_scraper | race_parsed url=https://legacy.winningform.co.za/ECP/2F260807_6.htm venue=Fairview date=2026-08-07 race=6 stated=11 parsed=11
2026-08-05 11:43:29,766 | INFO | app.scrapers.winning_form_scraper | horse_names=['Basingstoke', 'Icy Lancaster', 'Japanese Garden', 'Midnight Music', 'Kilmonivaig', 'Queen Of Jazz', 'Power Of Tiger', 'Daffodil Delight', 'Timeline', 'Gutsy Baby', 'Princess Of Ajiaal']
2026-08-05 11:43:29,999 | INFO | httpx | HTTP Request: GET https://legacy.winningform.co.za/ECP/2F260807_7.htm "HTTP/1.1 200 OK"
2026-08-05 11:43:30,107 | INFO | app.scrapers.winning_form_scraper | runner_table_used columns={'number': 0, 'name': 1, 'length_behind': 2, 'speed_index': 3, 'predicted_time': 4, 'merit': 5, 'weight': 6, 'draw': 7, 'jockey': 9, 'trainer': 10} extracted=10 stated=10
2026-08-05 11:43:30,108 | INFO | app.scrapers.winning_form_scraper | race_parsed url=https://legacy.winningform.co.za/ECP/2F260807_7.htm venue=Fairview date=2026-08-07 race=7 stated=10 parsed=10
2026-08-05 11:43:30,108 | INFO | app.scrapers.winning_form_scraper | horse_names=['Coastal Path', 'Stars In Heaven', 'Forest Spy', 'Masked Vigilante', 'Champonelle', 'Stokesy', 'Aquarius', 'Overture', 'Surge Of Power', 'Astronomical Boy']
2026-08-05 11:43:30,329 | INFO | httpx | HTTP Request: GET https://legacy.winningform.co.za/ECP/2F260807_8.htm "HTTP/1.1 200 OK"
2026-08-05 11:43:30,466 | INFO | app.scrapers.winning_form_scraper | runner_table_used columns={'number': 0, 'name': 1, 'length_behind': 2, 'speed_index': 3, 'predicted_time': 4, 'merit': 5, 'weight': 6, 'draw': 7, 'jockey': 9, 'trainer': 10} extracted=11 stated=11
2026-08-05 11:43:30,466 | INFO | app.scrapers.winning_form_scraper | race_parsed url=https://legacy.winningform.co.za/ECP/2F260807_8.htm venue=Fairview date=2026-08-07 race=8 stated=11 parsed=11
2026-08-05 11:43:30,466 | INFO | app.scrapers.winning_form_scraper | horse_names=['Captain Clever', 'Free World', 'Cape Capri', 'Chief Runner', 'Piton De Neige', 'Wordsworth', 'In The Bag', 'Bumps Last Grind', 'King Rahul', 'Waltzing Doll', 'Truly Magical']
2026-08-05 11:43:30,676 | INFO | httpx | HTTP Request: GET https://legacy.winningform.co.za/GAU/2T260808_1.htm "HTTP/1.1 200 OK"
2026-08-05 11:43:30,767 | INFO | app.scrapers.winning_form_scraper | runner_table_used columns={'number': 0, 'name': 1, 'length_behind': 2, 'speed_index': 3, 'predicted_time': 4, 'merit': 5, 'weight': 6, 'draw': 7, 'jockey': 9, 'trainer': 10} extracted=10 stated=10
2026-08-05 11:43:30,768 | INFO | app.scrapers.winning_form_scraper | race_parsed url=https://legacy.winningform.co.za/GAU/2T260808_1.htm venue=Turffontein date=2026-08-08 race=1 stated=10 parsed=10
2026-08-05 11:43:30,768 | INFO | app.scrapers.winning_form_scraper | horse_names=['Midnight Special', 'Platinum Shay', 'Elegant Edge', 'Surreal Song', "Meghan's Diamond", "Master's Lady", 'Charleston Dawn', 'Lazer Light', 'Moonface', 'Jessica Rabbit']
2026-08-05 11:43:30,946 | INFO | httpx | HTTP Request: GET https://legacy.winningform.co.za/GAU/2T260808_2.htm "HTTP/1.1 200 OK"
2026-08-05 11:43:31,025 | INFO | app.scrapers.winning_form_scraper | runner_table_used columns={'number': 0, 'name': 1, 'length_behind': 2, 'speed_index': 3, 'predicted_time': 4, 'merit': 5, 'weight': 6, 'draw': 7, 'jockey': 9, 'trainer': 10} extracted=7 stated=7
2026-08-05 11:43:31,026 | INFO | app.scrapers.winning_form_scraper | race_parsed url=https://legacy.winningform.co.za/GAU/2T260808_2.htm venue=Turffontein date=2026-08-08 race=2 stated=7 parsed=7
2026-08-05 11:43:31,026 | INFO | app.scrapers.winning_form_scraper | horse_names=['Shining Sun', 'Royale Jacket', 'Be The One', 'Seventh Fleet', 'Moethemoneyman', 'From The Get Go', 'Mirum']
2026-08-05 11:43:31,231 | INFO | httpx | HTTP Request: GET https://legacy.winningform.co.za/GAU/2T260808_3.htm "HTTP/1.1 200 OK"
2026-08-05 11:43:31,330 | INFO | app.scrapers.winning_form_scraper | runner_table_used columns={'number': 0, 'name': 1, 'length_behind': 2, 'speed_index': 3, 'predicted_time': 4, 'merit': 5, 'weight': 6, 'draw': 7, 'jockey': 9, 'trainer': 10} extracted=7 stated=7
2026-08-05 11:43:31,330 | INFO | app.scrapers.winning_form_scraper | race_parsed url=https://legacy.winningform.co.za/GAU/2T260808_3.htm venue=Turffontein date=2026-08-08 race=3 stated=7 parsed=7
2026-08-05 11:43:31,330 | INFO | app.scrapers.winning_form_scraper | horse_names=["Destiny's Dream", 'Empress Of Peace', 'Be All You Can Be', "Nicci's Law", 'Hot Choice', 'Nicolson Landing', 'Future Red']
2026-08-05 11:43:31,521 | INFO | httpx | HTTP Request: GET https://legacy.winningform.co.za/GAU/2T260808_4.htm "HTTP/1.1 200 OK"
2026-08-05 11:43:31,752 | INFO | app.scrapers.winning_form_scraper | runner_table_used columns={'number': 0, 'name': 1, 'length_behind': 2, 'speed_index': 3, 'predicted_time': 4, 'merit': 5, 'weight': 6, 'draw': 7, 'jockey': 9, 'trainer': 10} extracted=7 stated=7
2026-08-05 11:43:31,753 | INFO | app.scrapers.winning_form_scraper | race_parsed url=https://legacy.winningform.co.za/GAU/2T260808_4.htm venue=Turffontein date=2026-08-08 race=4 stated=7 parsed=7
2026-08-05 11:43:31,753 | INFO | app.scrapers.winning_form_scraper | horse_names=["Fire 'n Flames", 'Palace Prince', 'Hotarubi', "King's Express", 'The Equator', 'Royal Invitation', 'Hawkbill']
2026-08-05 11:43:31,995 | INFO | httpx | HTTP Request: GET https://legacy.winningform.co.za/GAU/2T260808_5.htm "HTTP/1.1 200 OK"
2026-08-05 11:43:32,109 | INFO | app.scrapers.winning_form_scraper | runner_table_used columns={'number': 0, 'name': 1, 'length_behind': 2, 'speed_index': 3, 'predicted_time': 4, 'merit': 5, 'weight': 6, 'draw': 7, 'jockey': 9, 'trainer': 10} extracted=11 stated=11
2026-08-05 11:43:32,109 | INFO | app.scrapers.winning_form_scraper | race_parsed url=https://legacy.winningform.co.za/GAU/2T260808_5.htm venue=Turffontein date=2026-08-08 race=5 stated=11 parsed=11
2026-08-05 11:43:32,109 | INFO | app.scrapers.winning_form_scraper | horse_names=['Max The Magician', 'Vibe Sa', 'Espinoza', 'Antonio Gaudi', 'Blizzard Snow', 'African Prince', "Dante's Bond", 'Richard The First', 'Titan Of The Turf', 'Famous Lady', 'Kudikaran']
2026-08-05 11:43:32,315 | INFO | httpx | HTTP Request: GET https://legacy.winningform.co.za/GAU/2T260808_6.htm "HTTP/1.1 200 OK"
2026-08-05 11:43:32,396 | INFO | app.scrapers.winning_form_scraper | runner_table_used columns={'number': 0, 'name': 1, 'length_behind': 2, 'speed_index': 3, 'predicted_time': 4, 'merit': 5, 'weight': 6, 'draw': 7, 'jockey': 9, 'trainer': 10} extracted=8 stated=8
2026-08-05 11:43:32,396 | INFO | app.scrapers.winning_form_scraper | race_parsed url=https://legacy.winningform.co.za/GAU/2T260808_6.htm venue=Turffontein date=2026-08-08 race=6 stated=8 parsed=8
2026-08-05 11:43:32,396 | INFO | app.scrapers.winning_form_scraper | horse_names=['Eight Hats', 'Kortvandraad', 'Pretty Analia', 'Concordia', 'Secret Life', 'Mattiazo', "Master's Rose", 'Way To Burn']
2026-08-05 11:43:32,588 | INFO | httpx | HTTP Request: GET https://legacy.winningform.co.za/GAU/2T260808_7.htm "HTTP/1.1 200 OK"
2026-08-05 11:43:32,694 | INFO | app.scrapers.winning_form_scraper | runner_table_used columns={'number': 0, 'name': 1, 'length_behind': 2, 'speed_index': 3, 'predicted_time': 4, 'merit': 5, 'weight': 6, 'draw': 7, 'jockey': 9, 'trainer': 10} extracted=9 stated=9
2026-08-05 11:43:32,694 | INFO | app.scrapers.winning_form_scraper | race_parsed url=https://legacy.winningform.co.za/GAU/2T260808_7.htm venue=Turffontein date=2026-08-08 race=7 stated=9 parsed=9
2026-08-05 11:43:32,695 | INFO | app.scrapers.winning_form_scraper | horse_names=['Gran Canaria', 'Olympian Gold', 'The Africa House', 'Ariovistus', 'Master Christmas', 'Trombolines', 'Oklahoma Smokeshow', 'Birthright', 'Texas Missile']
2026-08-05 11:43:32,924 | INFO | httpx | HTTP Request: GET https://legacy.winningform.co.za/GAU/2T260808_8.htm "HTTP/1.1 200 OK"
2026-08-05 11:43:33,044 | INFO | app.scrapers.winning_form_scraper | runner_table_used columns={'number': 0, 'name': 1, 'length_behind': 2, 'speed_index': 3, 'predicted_time': 4, 'merit': 5, 'weight': 6, 'draw': 7, 'jockey': 9, 'trainer': 10} extracted=10 stated=10
2026-08-05 11:43:33,044 | INFO | app.scrapers.winning_form_scraper | race_parsed url=https://legacy.winningform.co.za/GAU/2T260808_8.htm venue=Turffontein date=2026-08-08 race=8 stated=10 parsed=10
2026-08-05 11:43:33,044 | INFO | app.scrapers.winning_form_scraper | horse_names=['American Beauty', 'Boom Boom', 'Sikeloi', 'Into Dancing', 'Pearl In Her Crown', 'Merryweather', 'Fire In Her Soul', 'Glamorous Lady', 'Hoc Est Vita', 'Lava Lamp']
2026-08-05 11:43:33,274 | INFO | httpx | HTTP Request: GET https://legacy.winningform.co.za/GAU/2T260808_9.htm "HTTP/1.1 200 OK"
2026-08-05 11:43:33,393 | INFO | app.scrapers.winning_form_scraper | runner_table_used columns={'number': 0, 'name': 1, 'length_behind': 2, 'speed_index': 3, 'predicted_time': 4, 'merit': 5, 'weight': 6, 'draw': 7, 'jockey': 9, 'trainer': 10} extracted=8 stated=8
2026-08-05 11:43:33,394 | INFO | app.scrapers.winning_form_scraper | race_parsed url=https://legacy.winningform.co.za/GAU/2T260808_9.htm venue=Turffontein date=2026-08-08 race=9 stated=8 parsed=8
2026-08-05 11:43:33,394 | INFO | app.scrapers.winning_form_scraper | horse_names=['Zip Code', 'Bay Empire', "Can't Catch Me", 'Six Of All', 'Michael Faraday', 'Dondoyaki', 'Spy Story', 'Sail The Sky']
2026-08-05 11:43:33,590 | INFO | httpx | HTTP Request: GET https://legacy.winningform.co.za/KZN/2S260809_1.htm "HTTP/1.1 200 OK"
2026-08-05 11:43:33,683 | INFO | app.scrapers.winning_form_scraper | runner_table_used columns={'number': 0, 'name': 1, 'length_behind': 2, 'speed_index': 3, 'predicted_time': 4, 'merit': 5, 'weight': 6, 'draw': 7, 'jockey': 9, 'trainer': 10} extracted=9 stated=9
2026-08-05 11:43:33,683 | INFO | app.scrapers.winning_form_scraper | race_parsed url=https://legacy.winningform.co.za/KZN/2S260809_1.htm venue=Hollywoodbets Scottsville Outer date=2026-08-09 race=1 stated=9 parsed=9
2026-08-05 11:43:33,684 | INFO | app.scrapers.winning_form_scraper | horse_names=['Tipperary', "Scott's Bar", 'Theodore Rooseveld', 'Praetorian Guard', 'Joy N Hope', 'Bicameral', 'Elusive Diamond', 'Maggiano', 'Grand Tour']
2026-08-05 11:43:33,883 | INFO | httpx | HTTP Request: GET https://legacy.winningform.co.za/KZN/2S260809_2.htm "HTTP/1.1 200 OK"
2026-08-05 11:43:33,980 | INFO | app.scrapers.winning_form_scraper | runner_table_used columns={'number': 0, 'name': 1, 'length_behind': 2, 'speed_index': 3, 'predicted_time': 4, 'merit': 5, 'weight': 6, 'draw': 7, 'jockey': 9, 'trainer': 10} extracted=9 stated=9
2026-08-05 11:43:33,981 | INFO | app.scrapers.winning_form_scraper | race_parsed url=https://legacy.winningform.co.za/KZN/2S260809_2.htm venue=Hollywoodbets Scottsville Outer date=2026-08-09 race=2 stated=9 parsed=9
2026-08-05 11:43:33,981 | INFO | app.scrapers.winning_form_scraper | horse_names=["Rocco's Peace", 'Xiphos', 'Snow Warrior', 'Majestic Limpopo', 'Sebastiaan', 'Diaval', 'Gimme The Sun', 'Hello Handsome', 'Bello Gallico']
2026-08-05 11:43:34,195 | INFO | httpx | HTTP Request: GET https://legacy.winningform.co.za/KZN/2S260809_3.htm "HTTP/1.1 200 OK"
2026-08-05 11:43:34,301 | INFO | app.scrapers.winning_form_scraper | runner_table_used columns={'number': 0, 'name': 1, 'length_behind': 2, 'speed_index': 3, 'predicted_time': 4, 'merit': 5, 'weight': 6, 'draw': 7, 'jockey': 9, 'trainer': 10} extracted=7 stated=7
2026-08-05 11:43:34,301 | INFO | app.scrapers.winning_form_scraper | race_parsed url=https://legacy.winningform.co.za/KZN/2S260809_3.htm venue=Hollywoodbets Scottsville Inner date=2026-08-09 race=3 stated=7 parsed=7
2026-08-05 11:43:34,302 | INFO | app.scrapers.winning_form_scraper | horse_names=['Vaans Spirit', 'Hop Hop Spinnekop', 'Gold Gold Baby', 'Heavenly Mafia', "Taylor's Version", 'Praise De La Rey', 'Princess Trippi']
2026-08-05 11:43:34,493 | INFO | httpx | HTTP Request: GET https://legacy.winningform.co.za/KZN/2S260809_4.htm "HTTP/1.1 200 OK"
2026-08-05 11:43:34,593 | INFO | app.scrapers.winning_form_scraper | runner_table_used columns={'number': 0, 'name': 1, 'length_behind': 2, 'speed_index': 3, 'predicted_time': 4, 'merit': 5, 'weight': 6, 'draw': 7, 'jockey': 9, 'trainer': 10} extracted=8 stated=8
2026-08-05 11:43:34,593 | INFO | app.scrapers.winning_form_scraper | race_parsed url=https://legacy.winningform.co.za/KZN/2S260809_4.htm venue=Hollywoodbets Scottsville Inner date=2026-08-09 race=4 stated=8 parsed=8
2026-08-05 11:43:34,594 | INFO | app.scrapers.winning_form_scraper | horse_names=['Deonarie', 'Runthruthejungle', 'Judiciary', 'Dreadnought', 'Old Harry Rocks', 'Chakalaka', 'All About Me', 'Preux Chavalier']
2026-08-05 11:43:34,809 | INFO | httpx | HTTP Request: GET https://legacy.winningform.co.za/KZN/2S260809_5.htm "HTTP/1.1 200 OK"
2026-08-05 11:43:34,876 | INFO | app.scrapers.winning_form_scraper | runner_table_used columns={'number': 0, 'name': 1, 'length_behind': 2, 'speed_index': 3, 'predicted_time': 4, 'merit': 5, 'weight': 6, 'draw': 7, 'jockey': 9, 'trainer': 10} extracted=8 stated=8
2026-08-05 11:43:34,876 | INFO | app.scrapers.winning_form_scraper | race_parsed url=https://legacy.winningform.co.za/KZN/2S260809_5.htm venue=Hollywoodbets Scottsville Inner date=2026-08-09 race=5 stated=8 parsed=8
2026-08-05 11:43:34,876 | INFO | app.scrapers.winning_form_scraper | horse_names=['Parisian Walkway', 'Powerandtheglory', 'Captain West', 'Cardinal Chief', 'Bruh', 'Bangladesh', 'Heal And Soul', 'Mr Fixit']
2026-08-05 11:43:35,107 | INFO | httpx | HTTP Request: GET https://legacy.winningform.co.za/KZN/2S260809_6.htm "HTTP/1.1 200 OK"
2026-08-05 11:43:35,230 | INFO | app.scrapers.winning_form_scraper | runner_table_used columns={'number': 0, 'name': 1, 'length_behind': 2, 'speed_index': 3, 'predicted_time': 4, 'merit': 5, 'weight': 6, 'draw': 7, 'jockey': 9, 'trainer': 10} extracted=11 stated=11
2026-08-05 11:43:35,230 | INFO | app.scrapers.winning_form_scraper | race_parsed url=https://legacy.winningform.co.za/KZN/2S260809_6.htm venue=Hollywoodbets Scottsville Inner date=2026-08-09 race=6 stated=11 parsed=11
2026-08-05 11:43:35,230 | INFO | app.scrapers.winning_form_scraper | horse_names=['Run To Rio', 'Jazz Festival', 'Mister Nibbles', 'Radu', 'Power Star', 'Galaxy Explorer', "Kimball O'hara", 'Twilight Warrior', 'I Am Classy', 'Irish Anthem', 'Twocantango']
2026-08-05 11:43:35,454 | INFO | httpx | HTTP Request: GET https://legacy.winningform.co.za/KZN/2S260809_7.htm "HTTP/1.1 200 OK"
2026-08-05 11:43:35,563 | INFO | app.scrapers.winning_form_scraper | runner_table_used columns={'number': 0, 'name': 1, 'length_behind': 2, 'speed_index': 3, 'predicted_time': 4, 'merit': 5, 'weight': 6, 'draw': 7, 'jockey': 9, 'trainer': 10} extracted=7 stated=7
2026-08-05 11:43:35,563 | INFO | app.scrapers.winning_form_scraper | race_parsed url=https://legacy.winningform.co.za/KZN/2S260809_7.htm venue=Hollywoodbets Scottsville Inner date=2026-08-09 race=7 stated=7 parsed=7
2026-08-05 11:43:35,564 | INFO | app.scrapers.winning_form_scraper | horse_names=['Scarlet Macaw', 'La Landonne', 'Miss Ladyaterix', 'Perilla', 'Limitless Sky', 'Lilac In Winter', 'Hierkommiebokkie']
2026-08-05 11:43:35,751 | INFO | httpx | HTTP Request: GET https://legacy.winningform.co.za/KZN/2S260809_8.htm "HTTP/1.1 200 OK"
2026-08-05 11:43:36,168 | INFO | app.scrapers.winning_form_scraper | runner_table_used columns={'number': 0, 'name': 1, 'length_behind': 2, 'speed_index': 3, 'predicted_time': 4, 'merit': 5, 'weight': 6, 'draw': 7, 'jockey': 9, 'trainer': 10} extracted=12 stated=12
2026-08-05 11:43:36,168 | INFO | app.scrapers.winning_form_scraper | race_parsed url=https://legacy.winningform.co.za/KZN/2S260809_8.htm venue=Hollywoodbets Scottsville Outer date=2026-08-09 race=8 stated=12 parsed=12
2026-08-05 11:43:36,169 | INFO | app.scrapers.winning_form_scraper | horse_names=['Clair De Lune', 'Ruby Rising', 'Scarlet Starlet', 'Call Me Jane', 'Fascination', 'Arverni Princess', 'Captain Ventura', 'Vision To Achieve', 'Emerald Forge', 'Royal Crest', 'Durban Diamond', 'Grue Of Ice']
2026-08-05 11:43:36,260 | INFO | app.services.monitoring_service | monitoring_cycle_completed
2026-08-05 11:43:36,261 | INFO | app.main | application_started
2026-08-05 11:45:11,983 | INFO | apscheduler.scheduler | Scheduler has been shut down
2026-08-05 11:45:11,991 | INFO | app.main | application_stopped
