2026-08-06 08:29:13,899 | INFO | apscheduler.scheduler | Adding job tentatively -- it will be properly scheduled when the scheduler starts
2026-08-06 08:29:13,900 | INFO | apscheduler.scheduler | Added job "MonitoringService.run_cycle" to job store "default"
2026-08-06 08:29:13,901 | INFO | apscheduler.scheduler | Scheduler started
2026-08-06 08:29:13,901 | INFO | app.services.monitoring_service | monitoring_cycle_started
2026-08-06 08:29:14,213 | INFO | httpx | HTTP Request: GET https://legacy.winningform.co.za "HTTP/1.1 200 OK"
2026-08-06 08:29:14,227 | INFO | app.scrapers.winning_form_scraper | fetch_index_frames=['https://legacy.winningform.co.za/guide.htm', 'https://legacy.winningform.co.za/cover.htm']
2026-08-06 08:29:14,348 | INFO | httpx | HTTP Request: GET https://legacy.winningform.co.za "HTTP/1.1 200 OK"
2026-08-06 08:29:14,457 | INFO | httpx | HTTP Request: GET https://legacy.winningform.co.za/guide.htm "HTTP/1.1 200 OK"
2026-08-06 08:29:14,569 | INFO | httpx | HTTP Request: GET https://legacy.winningform.co.za/cover.htm "HTTP/1.1 200 OK"
2026-08-06 08:29:14,674 | INFO | httpx | HTTP Request: GET https://legacy.winningform.co.za "HTTP/1.1 200 OK"
2026-08-06 08:29:14,789 | INFO | httpx | HTTP Request: GET https://legacy.winningform.co.za/guide.htm "HTTP/1.1 200 OK"
2026-08-06 08:29:14,902 | INFO | httpx | HTTP Request: GET https://legacy.winningform.co.za/cover.htm "HTTP/1.1 200 OK"
2026-08-06 08:29:14,930 | INFO | app.scrapers.winning_form_scraper | race_links_total=41
2026-08-06 08:29:14,932 | INFO | app.scrapers.winning_form_scraper | meetings_seen=['ecp-f260807', 'gau-t260808', 'gau-v260806', 'kzn-d260807', 'kzn-s260809']
2026-08-06 08:29:15,063 | INFO | httpx | HTTP Request: GET https://legacy.winningform.co.za/GAU/2V260806_1.htm "HTTP/1.1 200 OK"
2026-08-06 08:29:15,115 | INFO | app.scrapers.winning_form_scraper | runner_table_used columns={'number': 0, 'name': 1, 'length_behind': 2, 'speed_index': 3, 'predicted_time': 4, 'merit': 5, 'weight': 6, 'draw': 7, 'jockey': 9, 'trainer': 10, 'previous_run': 12, 'time': 17} extracted=6 stated=6
2026-08-06 08:29:15,116 | INFO | app.scrapers.winning_form_scraper | race_parsed url=https://legacy.winningform.co.za/GAU/2V260806_1.htm venue=Vaal date=2026-08-06 race=1 stated=6 parsed=6
2026-08-06 08:29:15,116 | INFO | app.scrapers.winning_form_scraper | horse_names=['Battleground', 'Corrupt', 'Green Machine', 'Taxhaven', 'Samuel Sharpe', 'Bellerophon']
2026-08-06 08:29:15,265 | INFO | httpx | HTTP Request: GET https://legacy.winningform.co.za/GAU/2V260806_2.htm "HTTP/1.1 200 OK"
2026-08-06 08:29:15,323 | INFO | app.scrapers.winning_form_scraper | runner_table_used columns={'number': 0, 'name': 1, 'length_behind': 2, 'speed_index': 3, 'predicted_time': 4, 'merit': 5, 'weight': 6, 'draw': 7, 'jockey': 9, 'trainer': 10, 'previous_run': 12, 'time': 17} extracted=7 stated=7
2026-08-06 08:29:15,323 | INFO | app.scrapers.winning_form_scraper | race_parsed url=https://legacy.winningform.co.za/GAU/2V260806_2.htm venue=Vaal date=2026-08-06 race=2 stated=7 parsed=7
2026-08-06 08:29:15,323 | INFO | app.scrapers.winning_form_scraper | horse_names=['Jet Cat', 'Bell Of Angelus', 'Sergeant Soqrat', 'Oriental Bouquet', 'Champagne Problems', 'Phala Millions', 'Caladrius']
2026-08-06 08:29:15,475 | INFO | httpx | HTTP Request: GET https://legacy.winningform.co.za/GAU/2V260806_3.htm "HTTP/1.1 200 OK"
2026-08-06 08:29:15,513 | INFO | app.scrapers.winning_form_scraper | runner_table_used columns={'number': 0, 'name': 1, 'length_behind': 2, 'speed_index': 3, 'predicted_time': 4, 'merit': 5, 'weight': 6, 'draw': 7, 'jockey': 9, 'trainer': 10, 'previous_run': 12, 'time': 17} extracted=7 stated=7
2026-08-06 08:29:15,514 | INFO | app.scrapers.winning_form_scraper | race_parsed url=https://legacy.winningform.co.za/GAU/2V260806_3.htm venue=Vaal date=2026-08-06 race=3 stated=7 parsed=7
2026-08-06 08:29:15,514 | INFO | app.scrapers.winning_form_scraper | horse_names=['Wings Of Kildra', 'Ada Lovelace', 'Executrix', 'Magic Carpet Ride', 'Royal Horizon', 'Iconic Winter', 'Love Not War']
2026-08-06 08:29:15,697 | INFO | httpx | HTTP Request: GET https://legacy.winningform.co.za/GAU/2V260806_4.htm "HTTP/1.1 200 OK"
2026-08-06 08:29:15,783 | INFO | app.scrapers.winning_form_scraper | runner_table_used columns={'number': 0, 'name': 1, 'length_behind': 2, 'speed_index': 3, 'predicted_time': 4, 'merit': 5, 'weight': 6, 'draw': 7, 'jockey': 9, 'trainer': 10, 'previous_run': 12, 'time': 17} extracted=7 stated=7
2026-08-06 08:29:15,783 | INFO | app.scrapers.winning_form_scraper | race_parsed url=https://legacy.winningform.co.za/GAU/2V260806_4.htm venue=Vaal date=2026-08-06 race=4 stated=7 parsed=7
2026-08-06 08:29:15,783 | INFO | app.scrapers.winning_form_scraper | horse_names=['Winter Rainfall', 'Valieva', "She's All Mine", 'Jazz Pianist', 'Tempranillo', 'Versace Onthetrack', 'Slender Silhouette']
2026-08-06 08:29:15,932 | INFO | httpx | HTTP Request: GET https://legacy.winningform.co.za/GAU/2V260806_5.htm "HTTP/1.1 200 OK"
2026-08-06 08:29:15,977 | INFO | app.scrapers.winning_form_scraper | runner_table_used columns={'number': 0, 'name': 1, 'length_behind': 2, 'speed_index': 3, 'predicted_time': 4, 'merit': 5, 'weight': 6, 'draw': 7, 'jockey': 9, 'trainer': 10, 'previous_run': 12, 'time': 17} extracted=11 stated=11
2026-08-06 08:29:15,978 | INFO | app.scrapers.winning_form_scraper | race_parsed url=https://legacy.winningform.co.za/GAU/2V260806_5.htm venue=Vaal date=2026-08-06 race=5 stated=11 parsed=11
2026-08-06 08:29:15,978 | INFO | app.scrapers.winning_form_scraper | horse_names=['Wish You Were Here', 'Lannyboy', 'Smoking Gun', 'A Roman Twist', "God's Country", 'Cool Gambler', "Ain't No Sunshine", 'Willow Charm', 'Levitator', 'Forever Canford', 'Spirit Of The Sea']
2026-08-06 08:29:16,137 | INFO | httpx | HTTP Request: GET https://legacy.winningform.co.za/GAU/2V260806_6.htm "HTTP/1.1 200 OK"
2026-08-06 08:29:16,195 | INFO | app.scrapers.winning_form_scraper | runner_table_used columns={'number': 0, 'name': 1, 'length_behind': 2, 'speed_index': 3, 'predicted_time': 4, 'merit': 5, 'weight': 6, 'draw': 7, 'jockey': 9, 'trainer': 10, 'previous_run': 12, 'time': 17} extracted=8 stated=8
2026-08-06 08:29:16,195 | INFO | app.scrapers.winning_form_scraper | race_parsed url=https://legacy.winningform.co.za/GAU/2V260806_6.htm venue=Vaal date=2026-08-06 race=6 stated=8 parsed=8
2026-08-06 08:29:16,196 | INFO | app.scrapers.winning_form_scraper | horse_names=['Korcula', 'Epidaurus', 'Twelfth Of Never', 'Comic Artist', 'Lanteri', 'Gus On The Bus', 'Evening News', 'Forever Red']
2026-08-06 08:29:16,365 | INFO | httpx | HTTP Request: GET https://legacy.winningform.co.za/GAU/2V260806_7.htm "HTTP/1.1 200 OK"
2026-08-06 08:29:16,447 | INFO | app.scrapers.winning_form_scraper | runner_table_used columns={'number': 0, 'name': 1, 'length_behind': 2, 'speed_index': 3, 'predicted_time': 4, 'merit': 5, 'weight': 6, 'draw': 7, 'jockey': 9, 'trainer': 10, 'previous_run': 12, 'time': 17} extracted=13 stated=13
2026-08-06 08:29:16,447 | INFO | app.scrapers.winning_form_scraper | race_parsed url=https://legacy.winningform.co.za/GAU/2V260806_7.htm venue=Vaal date=2026-08-06 race=7 stated=13 parsed=13
2026-08-06 08:29:16,447 | INFO | app.scrapers.winning_form_scraper | horse_names=['Nuclear Force', 'Thoonsil', 'Party Punch', 'Hopscotch', 'Rosy Lemon', 'Cartagena', 'Arlington Action', 'Itsnowornever', 'Chabal', 'Repetition', 'Euphrates', 'Heroic Act', 'Gold De Grace']
2026-08-06 08:29:16,602 | INFO | httpx | HTTP Request: GET https://legacy.winningform.co.za/GAU/2V260806_8.htm "HTTP/1.1 200 OK"
2026-08-06 08:29:16,650 | INFO | app.scrapers.winning_form_scraper | runner_table_used columns={'number': 0, 'name': 1, 'length_behind': 2, 'speed_index': 3, 'predicted_time': 4, 'merit': 5, 'weight': 6, 'draw': 7, 'jockey': 9, 'trainer': 10, 'previous_run': 12, 'time': 17} extracted=10 stated=10
2026-08-06 08:29:16,650 | INFO | app.scrapers.winning_form_scraper | race_parsed url=https://legacy.winningform.co.za/GAU/2V260806_8.htm venue=Vaal date=2026-08-06 race=8 stated=10 parsed=10
2026-08-06 08:29:16,650 | INFO | app.scrapers.winning_form_scraper | horse_names=['Freestyle Dance', 'Wartrax Blaze', 'Elisa Mbali', 'One State', 'Campo Formio', 'Sword Of Light', 'Mega Awesome', 'Truro Legacy', 'Cuzzie', 'Noble Chiefdom']
2026-08-06 08:29:16,811 | INFO | httpx | HTTP Request: GET https://legacy.winningform.co.za/KZN/2D260807_1.htm "HTTP/1.1 200 OK"
2026-08-06 08:29:16,861 | INFO | app.scrapers.winning_form_scraper | runner_table_used columns={'number': 0, 'name': 1, 'length_behind': 2, 'speed_index': 3, 'predicted_time': 4, 'merit': 5, 'weight': 6, 'draw': 7, 'jockey': 9, 'trainer': 10, 'previous_run': 12, 'time': 17} extracted=14 stated=14
2026-08-06 08:29:16,861 | INFO | app.scrapers.winning_form_scraper | race_parsed url=https://legacy.winningform.co.za/KZN/2D260807_1.htm venue=Hollywoodbets Greyville date=2026-08-07 race=1 stated=14 parsed=14
2026-08-06 08:29:16,862 | INFO | app.scrapers.winning_form_scraper | horse_names=['Owner Of Creation', 'Skipper Zip', 'Yeah Baby', 'Simonis', "Hadrian's Wall", 'Golden Diadem', 'Prince Of Rabada', 'Goldsmith', 'Peace Sign', 'Thurloe Place', 'Cuba Libre', 'Flight Twenty One', 'Catch That Kid', 'Big Dipper']
2026-08-06 08:29:17,088 | INFO | httpx | HTTP Request: GET https://legacy.winningform.co.za/KZN/2D260807_2.htm "HTTP/1.1 200 OK"
2026-08-06 08:29:17,129 | INFO | app.scrapers.winning_form_scraper | runner_table_used columns={'number': 0, 'name': 1, 'length_behind': 2, 'speed_index': 3, 'predicted_time': 4, 'merit': 5, 'weight': 6, 'draw': 7, 'jockey': 9, 'trainer': 10, 'previous_run': 12, 'time': 17} extracted=8 stated=8
2026-08-06 08:29:17,129 | INFO | app.scrapers.winning_form_scraper | race_parsed url=https://legacy.winningform.co.za/KZN/2D260807_2.htm venue=Hollywoodbets Greyville date=2026-08-07 race=2 stated=8 parsed=8
2026-08-06 08:29:17,129 | INFO | app.scrapers.winning_form_scraper | horse_names=['Hazel Green', 'Tears Of The Sun', 'Queen Of Denmark', 'America First', 'Eastern Glow', "Loreley's Rock", 'Lagertha The Queen', 'Periwinkle']
2026-08-06 08:29:17,324 | INFO | httpx | HTTP Request: GET https://legacy.winningform.co.za/KZN/2D260807_3.htm "HTTP/1.1 200 OK"
2026-08-06 08:29:17,359 | INFO | app.scrapers.winning_form_scraper | runner_table_used columns={'number': 0, 'name': 1, 'length_behind': 2, 'speed_index': 3, 'predicted_time': 4, 'merit': 5, 'weight': 6, 'draw': 7, 'jockey': 9, 'trainer': 10, 'previous_run': 12, 'time': 17} extracted=7 stated=7
2026-08-06 08:29:17,359 | INFO | app.scrapers.winning_form_scraper | race_parsed url=https://legacy.winningform.co.za/KZN/2D260807_3.htm venue=Hollywoodbets Greyville date=2026-08-07 race=3 stated=7 parsed=7
2026-08-06 08:29:17,359 | INFO | app.scrapers.winning_form_scraper | horse_names=['Crimson Typhoon', 'Fire Force', 'Augrabies', 'Captive Prince', 'Lacryma Christi', 'Noctambulist', 'Chaos Queen']
2026-08-06 08:29:17,521 | INFO | httpx | HTTP Request: GET https://legacy.winningform.co.za/KZN/2D260807_4.htm "HTTP/1.1 200 OK"
2026-08-06 08:29:17,591 | INFO | app.scrapers.winning_form_scraper | runner_table_used columns={'number': 0, 'name': 1, 'length_behind': 2, 'speed_index': 3, 'predicted_time': 4, 'merit': 5, 'weight': 6, 'draw': 7, 'jockey': 9, 'trainer': 10, 'previous_run': 12, 'time': 17} extracted=13 stated=13
2026-08-06 08:29:17,592 | INFO | app.scrapers.winning_form_scraper | race_parsed url=https://legacy.winningform.co.za/KZN/2D260807_4.htm venue=Hollywoodbets Greyville date=2026-08-07 race=4 stated=13 parsed=13
2026-08-06 08:29:17,592 | INFO | app.scrapers.winning_form_scraper | horse_names=['Tunguska', 'High Queue', 'Zena Rose', 'The Mikado', 'Shiny Bob', 'No Pressure', 'Heavenly Mafia', 'Fast And Free', 'Day Two', 'Christmas Cactus', 'National Dream', 'Status', 'Reign On Impact']
2026-08-06 08:29:17,744 | INFO | httpx | HTTP Request: GET https://legacy.winningform.co.za/KZN/2D260807_5.htm "HTTP/1.1 200 OK"
2026-08-06 08:29:17,801 | INFO | app.scrapers.winning_form_scraper | runner_table_used columns={'number': 0, 'name': 1, 'length_behind': 2, 'speed_index': 3, 'predicted_time': 4, 'merit': 5, 'weight': 6, 'draw': 7, 'jockey': 9, 'trainer': 10, 'previous_run': 12, 'time': 17} extracted=9 stated=9
2026-08-06 08:29:17,801 | INFO | app.scrapers.winning_form_scraper | race_parsed url=https://legacy.winningform.co.za/KZN/2D260807_5.htm venue=Hollywoodbets Greyville date=2026-08-07 race=5 stated=9 parsed=9
2026-08-06 08:29:17,801 | INFO | app.scrapers.winning_form_scraper | horse_names=['Position Of Power', 'Thisiswhatitmeans', 'Teflon Man', 'Future Variety', 'Soho Star', 'Imposing', 'King Of The Gauls', 'Good Traveller', 'Narina Trogon']
2026-08-06 08:29:17,960 | INFO | httpx | HTTP Request: GET https://legacy.winningform.co.za/KZN/2D260807_6.htm "HTTP/1.1 200 OK"
2026-08-06 08:29:18,050 | INFO | app.scrapers.winning_form_scraper | runner_table_used columns={'number': 0, 'name': 1, 'length_behind': 2, 'speed_index': 3, 'predicted_time': 4, 'merit': 5, 'weight': 6, 'draw': 7, 'jockey': 9, 'trainer': 10, 'previous_run': 12, 'time': 17} extracted=11 stated=11
2026-08-06 08:29:18,050 | INFO | app.scrapers.winning_form_scraper | race_parsed url=https://legacy.winningform.co.za/KZN/2D260807_6.htm venue=Hollywoodbets Greyville date=2026-08-07 race=6 stated=11 parsed=11
2026-08-06 08:29:18,051 | INFO | app.scrapers.winning_form_scraper | horse_names=['Warrior Royale', 'Swiatek', "That's My Baby", 'Happy Fortune', 'Miss Twinkle', 'Sonic Jet', 'Gorgeous Girl', 'Warning Sound', 'Red Taffety', 'Drumnadrochit', 'Forward Motion']
2026-08-06 08:29:18,218 | INFO | httpx | HTTP Request: GET https://legacy.winningform.co.za/KZN/2D260807_7.htm "HTTP/1.1 200 OK"
2026-08-06 08:29:18,277 | INFO | app.scrapers.winning_form_scraper | runner_table_used columns={'number': 0, 'name': 1, 'length_behind': 2, 'speed_index': 3, 'predicted_time': 4, 'merit': 5, 'weight': 6, 'draw': 7, 'jockey': 9, 'trainer': 10, 'previous_run': 12, 'time': 17} extracted=10 stated=10
2026-08-06 08:29:18,278 | INFO | app.scrapers.winning_form_scraper | race_parsed url=https://legacy.winningform.co.za/KZN/2D260807_7.htm venue=Hollywoodbets Greyville date=2026-08-07 race=7 stated=10 parsed=10
2026-08-06 08:29:18,278 | INFO | app.scrapers.winning_form_scraper | horse_names=['Maphaka', 'Future Flo', 'Miss World', 'Ubukhwebezana', 'Street Outlaw', 'City Of Love', 'What A Fortune', 'African Skyline', 'Cowdray Park', 'Johnny Appleseed']
2026-08-06 08:29:18,440 | INFO | httpx | HTTP Request: GET https://legacy.winningform.co.za/KZN/2D260807_8.htm "HTTP/1.1 200 OK"
2026-08-06 08:29:18,507 | INFO | app.scrapers.winning_form_scraper | runner_table_used columns={'number': 0, 'name': 1, 'length_behind': 2, 'speed_index': 3, 'predicted_time': 4, 'merit': 5, 'weight': 6, 'draw': 7, 'jockey': 9, 'trainer': 10, 'previous_run': 12, 'time': 17} extracted=11 stated=11
2026-08-06 08:29:18,507 | INFO | app.scrapers.winning_form_scraper | race_parsed url=https://legacy.winningform.co.za/KZN/2D260807_8.htm venue=Hollywoodbets Greyville date=2026-08-07 race=8 stated=11 parsed=11
2026-08-06 08:29:18,507 | INFO | app.scrapers.winning_form_scraper | horse_names=['Next Of Kin', 'Mvelelo', "Tam's Knight", 'Mar Del Plata', 'Tobacconist', 'Blue Steel', 'Phutulicious', 'War Emperor', 'My Boy Lollipop', 'Steamy Windows', 'Zagreb']
2026-08-06 08:29:18,688 | INFO | httpx | HTTP Request: GET https://legacy.winningform.co.za/ECP/2F260807_1.htm "HTTP/1.1 200 OK"
2026-08-06 08:29:18,745 | INFO | app.scrapers.winning_form_scraper | runner_table_used columns={'number': 0, 'name': 1, 'length_behind': 2, 'speed_index': 3, 'predicted_time': 4, 'merit': 5, 'weight': 6, 'draw': 7, 'jockey': 9, 'trainer': 10, 'previous_run': 12, 'time': 17} extracted=10 stated=10
2026-08-06 08:29:18,745 | INFO | app.scrapers.winning_form_scraper | race_parsed url=https://legacy.winningform.co.za/ECP/2F260807_1.htm venue=Fairview date=2026-08-07 race=1 stated=10 parsed=10
2026-08-06 08:29:18,745 | INFO | app.scrapers.winning_form_scraper | horse_names=['Good Shine', 'Green Point', 'Crimson Clover', 'Takemetothemoon', 'Norse Warrior', 'Stone Of Scone', 'J Lordi', 'Blue Dame', 'Storm Burst', 'Golden Fifties']
2026-08-06 08:29:18,883 | INFO | httpx | HTTP Request: GET https://legacy.winningform.co.za/ECP/2F260807_2.htm "HTTP/1.1 200 OK"
2026-08-06 08:29:18,937 | INFO | app.scrapers.winning_form_scraper | runner_table_used columns={'number': 0, 'name': 1, 'length_behind': 2, 'speed_index': 3, 'predicted_time': 4, 'merit': 5, 'weight': 6, 'draw': 7, 'jockey': 9, 'trainer': 10, 'previous_run': 12, 'time': 17} extracted=10 stated=10
2026-08-06 08:29:18,938 | INFO | app.scrapers.winning_form_scraper | race_parsed url=https://legacy.winningform.co.za/ECP/2F260807_2.htm venue=Fairview date=2026-08-07 race=2 stated=10 parsed=10
2026-08-06 08:29:18,938 | INFO | app.scrapers.winning_form_scraper | horse_names=['Touch The Sword', 'Caughtubysurprise', 'Fonte', 'Kim Kay', 'Jewel Mule', 'Redlight Lane', 'Harpa', 'World Of Diamonds', 'Without Hesitation', 'Gallic Greeting']
2026-08-06 08:29:19,094 | INFO | httpx | HTTP Request: GET https://legacy.winningform.co.za/ECP/2F260807_3.htm "HTTP/1.1 200 OK"
2026-08-06 08:29:19,209 | INFO | app.scrapers.winning_form_scraper | runner_table_used columns={'number': 0, 'name': 1, 'length_behind': 2, 'speed_index': 3, 'predicted_time': 4, 'merit': 5, 'weight': 6, 'draw': 7, 'jockey': 9, 'trainer': 10, 'previous_run': 12, 'time': 17} extracted=9 stated=9
2026-08-06 08:29:19,209 | INFO | app.scrapers.winning_form_scraper | race_parsed url=https://legacy.winningform.co.za/ECP/2F260807_3.htm venue=Fairview date=2026-08-07 race=3 stated=9 parsed=9
2026-08-06 08:29:19,209 | INFO | app.scrapers.winning_form_scraper | horse_names=['Frequent Traveller', 'Secret Eruption', 'Witching Hour', 'Lady Limoncello', 'Lady Of Fate', 'Blue Crystal', 'Island Jewel', 'Burning Desire', 'Total Eruption']
2026-08-06 08:29:19,352 | INFO | httpx | HTTP Request: GET https://legacy.winningform.co.za/ECP/2F260807_4.htm "HTTP/1.1 200 OK"
2026-08-06 08:29:19,412 | INFO | app.scrapers.winning_form_scraper | runner_table_used columns={'number': 0, 'name': 1, 'length_behind': 2, 'speed_index': 3, 'predicted_time': 4, 'merit': 5, 'weight': 6, 'draw': 7, 'jockey': 9, 'trainer': 10, 'previous_run': 12, 'time': 17} extracted=9 stated=9
2026-08-06 08:29:19,412 | INFO | app.scrapers.winning_form_scraper | race_parsed url=https://legacy.winningform.co.za/ECP/2F260807_4.htm venue=Fairview date=2026-08-07 race=4 stated=9 parsed=9
2026-08-06 08:29:19,413 | INFO | app.scrapers.winning_form_scraper | horse_names=['Home Reef', 'Makhachev', 'Anatolian Silver', 'Global Ally', 'Richardthefearless', 'Wild Fig', 'Hollandia Bakkerij', 'Flight Display', 'Johnny Drama']
2026-08-06 08:29:19,553 | INFO | httpx | HTTP Request: GET https://legacy.winningform.co.za/ECP/2F260807_5.htm "HTTP/1.1 200 OK"
2026-08-06 08:29:19,618 | INFO | app.scrapers.winning_form_scraper | runner_table_used columns={'number': 0, 'name': 1, 'length_behind': 2, 'speed_index': 3, 'predicted_time': 4, 'merit': 5, 'weight': 6, 'draw': 7, 'jockey': 9, 'trainer': 10, 'previous_run': 12, 'time': 17} extracted=10 stated=10
2026-08-06 08:29:19,618 | INFO | app.scrapers.winning_form_scraper | race_parsed url=https://legacy.winningform.co.za/ECP/2F260807_5.htm venue=Fairview date=2026-08-07 race=5 stated=10 parsed=10
2026-08-06 08:29:19,618 | INFO | app.scrapers.winning_form_scraper | horse_names=['King Viserys', 'Cheerful Charlie B', 'Green Planet', 'Pedro', 'Lucky Chance', 'Givethatmanabells', 'Umami', 'Star Of Elena', 'Celtic Rush', 'Nautical Landing']
2026-08-06 08:29:19,753 | INFO | httpx | HTTP Request: GET https://legacy.winningform.co.za/ECP/2F260807_6.htm "HTTP/1.1 200 OK"
2026-08-06 08:29:19,833 | INFO | app.scrapers.winning_form_scraper | runner_table_used columns={'number': 0, 'name': 1, 'length_behind': 2, 'speed_index': 3, 'predicted_time': 4, 'merit': 5, 'weight': 6, 'draw': 7, 'jockey': 9, 'trainer': 10, 'previous_run': 12, 'time': 17} extracted=11 stated=11
2026-08-06 08:29:19,833 | INFO | app.scrapers.winning_form_scraper | race_parsed url=https://legacy.winningform.co.za/ECP/2F260807_6.htm venue=Fairview date=2026-08-07 race=6 stated=11 parsed=11
2026-08-06 08:29:19,833 | INFO | app.scrapers.winning_form_scraper | horse_names=['Basingstoke', 'Icy Lancaster', 'Japanese Garden', 'Midnight Music', 'Kilmonivaig', 'Queen Of Jazz', 'Power Of Tiger', 'Daffodil Delight', 'Timeline', 'Gutsy Baby', 'Princess Of Ajiaal']
2026-08-06 08:29:19,983 | INFO | httpx | HTTP Request: GET https://legacy.winningform.co.za/ECP/2F260807_7.htm "HTTP/1.1 200 OK"
2026-08-06 08:29:20,075 | INFO | app.scrapers.winning_form_scraper | runner_table_used columns={'number': 0, 'name': 1, 'length_behind': 2, 'speed_index': 3, 'predicted_time': 4, 'merit': 5, 'weight': 6, 'draw': 7, 'jockey': 9, 'trainer': 10, 'previous_run': 12, 'time': 17} extracted=10 stated=10
2026-08-06 08:29:20,076 | INFO | app.scrapers.winning_form_scraper | race_parsed url=https://legacy.winningform.co.za/ECP/2F260807_7.htm venue=Fairview date=2026-08-07 race=7 stated=10 parsed=10
2026-08-06 08:29:20,076 | INFO | app.scrapers.winning_form_scraper | horse_names=['Coastal Path', 'Stars In Heaven', 'Forest Spy', 'Masked Vigilante', 'Champonelle', 'Stokesy', 'Aquarius', 'Overture', 'Surge Of Power', 'Astronomical Boy']
2026-08-06 08:29:20,229 | INFO | httpx | HTTP Request: GET https://legacy.winningform.co.za/ECP/2F260807_8.htm "HTTP/1.1 200 OK"
2026-08-06 08:29:20,291 | INFO | app.scrapers.winning_form_scraper | runner_table_used columns={'number': 0, 'name': 1, 'length_behind': 2, 'speed_index': 3, 'predicted_time': 4, 'merit': 5, 'weight': 6, 'draw': 7, 'jockey': 9, 'trainer': 10, 'previous_run': 12, 'time': 17} extracted=11 stated=11
2026-08-06 08:29:20,291 | INFO | app.scrapers.winning_form_scraper | race_parsed url=https://legacy.winningform.co.za/ECP/2F260807_8.htm venue=Fairview date=2026-08-07 race=8 stated=11 parsed=11
2026-08-06 08:29:20,291 | INFO | app.scrapers.winning_form_scraper | horse_names=['Captain Clever', 'Free World', 'Cape Capri', 'Chief Runner', 'Piton De Neige', 'Wordsworth', 'In The Bag', 'Bumps Last Grind', 'King Rahul', 'Waltzing Doll', 'Truly Magical']
2026-08-06 08:29:20,439 | INFO | httpx | HTTP Request: GET https://legacy.winningform.co.za/GAU/2T260808_1.htm "HTTP/1.1 200 OK"
2026-08-06 08:29:20,489 | INFO | app.scrapers.winning_form_scraper | runner_table_used columns={'number': 0, 'name': 1, 'length_behind': 2, 'speed_index': 3, 'predicted_time': 4, 'merit': 5, 'weight': 6, 'draw': 7, 'jockey': 9, 'trainer': 10, 'previous_run': 12, 'time': 17} extracted=10 stated=10
2026-08-06 08:29:20,490 | INFO | app.scrapers.winning_form_scraper | race_parsed url=https://legacy.winningform.co.za/GAU/2T260808_1.htm venue=Turffontein date=2026-08-08 race=1 stated=10 parsed=10
2026-08-06 08:29:20,490 | INFO | app.scrapers.winning_form_scraper | horse_names=['Midnight Special', 'Platinum Shay', 'Elegant Edge', 'Surreal Song', "Meghan's Diamond", "Master's Lady", 'Charleston Dawn', 'Lazer Light', 'Moonface', 'Jessica Rabbit']
2026-08-06 08:29:20,628 | INFO | httpx | HTTP Request: GET https://legacy.winningform.co.za/GAU/2T260808_2.htm "HTTP/1.1 200 OK"
2026-08-06 08:29:20,666 | INFO | app.scrapers.winning_form_scraper | runner_table_used columns={'number': 0, 'name': 1, 'length_behind': 2, 'speed_index': 3, 'predicted_time': 4, 'merit': 5, 'weight': 6, 'draw': 7, 'jockey': 9, 'trainer': 10, 'previous_run': 12, 'time': 17} extracted=7 stated=7
2026-08-06 08:29:20,666 | INFO | app.scrapers.winning_form_scraper | race_parsed url=https://legacy.winningform.co.za/GAU/2T260808_2.htm venue=Turffontein date=2026-08-08 race=2 stated=7 parsed=7
2026-08-06 08:29:20,667 | INFO | app.scrapers.winning_form_scraper | horse_names=['Shining Sun', 'Royale Jacket', 'Be The One', 'Seventh Fleet', 'Moethemoneyman', 'From The Get Go', 'Mirum']
2026-08-06 08:29:20,843 | INFO | httpx | HTTP Request: GET https://legacy.winningform.co.za/GAU/2T260808_3.htm "HTTP/1.1 200 OK"
2026-08-06 08:29:20,880 | INFO | app.scrapers.winning_form_scraper | runner_table_used columns={'number': 0, 'name': 1, 'length_behind': 2, 'speed_index': 3, 'predicted_time': 4, 'merit': 5, 'weight': 6, 'draw': 7, 'jockey': 9, 'trainer': 10, 'previous_run': 12, 'time': 17} extracted=7 stated=7
2026-08-06 08:29:20,880 | INFO | app.scrapers.winning_form_scraper | race_parsed url=https://legacy.winningform.co.za/GAU/2T260808_3.htm venue=Turffontein date=2026-08-08 race=3 stated=7 parsed=7
2026-08-06 08:29:20,880 | INFO | app.scrapers.winning_form_scraper | horse_names=["Destiny's Dream", 'Empress Of Peace', 'Be All You Can Be', "Nicci's Law", 'Hot Choice', 'Nicolson Landing', 'Future Red']
2026-08-06 08:29:21,033 | INFO | httpx | HTTP Request: GET https://legacy.winningform.co.za/GAU/2T260808_4.htm "HTTP/1.1 200 OK"
2026-08-06 08:29:21,090 | INFO | app.scrapers.winning_form_scraper | runner_table_used columns={'number': 0, 'name': 1, 'length_behind': 2, 'speed_index': 3, 'predicted_time': 4, 'merit': 5, 'weight': 6, 'draw': 7, 'jockey': 9, 'trainer': 10, 'previous_run': 12, 'time': 17} extracted=7 stated=7
2026-08-06 08:29:21,090 | INFO | app.scrapers.winning_form_scraper | race_parsed url=https://legacy.winningform.co.za/GAU/2T260808_4.htm venue=Turffontein date=2026-08-08 race=4 stated=7 parsed=7
2026-08-06 08:29:21,091 | INFO | app.scrapers.winning_form_scraper | horse_names=["Fire 'n Flames", 'Palace Prince', 'Hotarubi', "King's Express", 'The Equator', 'Royal Invitation', 'Hawkbill']
2026-08-06 08:29:21,238 | INFO | httpx | HTTP Request: GET https://legacy.winningform.co.za/GAU/2T260808_5.htm "HTTP/1.1 200 OK"
2026-08-06 08:29:21,298 | INFO | app.scrapers.winning_form_scraper | runner_table_used columns={'number': 0, 'name': 1, 'length_behind': 2, 'speed_index': 3, 'predicted_time': 4, 'merit': 5, 'weight': 6, 'draw': 7, 'jockey': 9, 'trainer': 10, 'previous_run': 12, 'time': 17} extracted=11 stated=11
2026-08-06 08:29:21,298 | INFO | app.scrapers.winning_form_scraper | race_parsed url=https://legacy.winningform.co.za/GAU/2T260808_5.htm venue=Turffontein date=2026-08-08 race=5 stated=11 parsed=11
2026-08-06 08:29:21,299 | INFO | app.scrapers.winning_form_scraper | horse_names=['Max The Magician', 'Vibe Sa', 'Espinoza', 'Antonio Gaudi', 'Blizzard Snow', 'African Prince', "Dante's Bond", 'Richard The First', 'Titan Of The Turf', 'Famous Lady', 'Kudikaran']
2026-08-06 08:29:21,456 | INFO | httpx | HTTP Request: GET https://legacy.winningform.co.za/GAU/2T260808_6.htm "HTTP/1.1 200 OK"
2026-08-06 08:29:21,524 | INFO | app.scrapers.winning_form_scraper | runner_table_used columns={'number': 0, 'name': 1, 'length_behind': 2, 'speed_index': 3, 'predicted_time': 4, 'merit': 5, 'weight': 6, 'draw': 7, 'jockey': 9, 'trainer': 10, 'previous_run': 12, 'time': 17} extracted=8 stated=8
2026-08-06 08:29:21,524 | INFO | app.scrapers.winning_form_scraper | race_parsed url=https://legacy.winningform.co.za/GAU/2T260808_6.htm venue=Turffontein date=2026-08-08 race=6 stated=8 parsed=8
2026-08-06 08:29:21,524 | INFO | app.scrapers.winning_form_scraper | horse_names=['Eight Hats', 'Kortvandraad', 'Pretty Analia', 'Concordia', 'Secret Life', 'Mattiazo', "Master's Rose", 'Way To Burn']
2026-08-06 08:29:21,687 | INFO | httpx | HTTP Request: GET https://legacy.winningform.co.za/GAU/2T260808_7.htm "HTTP/1.1 200 OK"
2026-08-06 08:29:21,744 | INFO | app.scrapers.winning_form_scraper | runner_table_used columns={'number': 0, 'name': 1, 'length_behind': 2, 'speed_index': 3, 'predicted_time': 4, 'merit': 5, 'weight': 6, 'draw': 7, 'jockey': 9, 'trainer': 10, 'previous_run': 12, 'time': 17} extracted=9 stated=9
2026-08-06 08:29:21,745 | INFO | app.scrapers.winning_form_scraper | race_parsed url=https://legacy.winningform.co.za/GAU/2T260808_7.htm venue=Turffontein date=2026-08-08 race=7 stated=9 parsed=9
2026-08-06 08:29:21,745 | INFO | app.scrapers.winning_form_scraper | horse_names=['Gran Canaria', 'Olympian Gold', 'The Africa House', 'Ariovistus', 'Master Christmas', 'Trombolines', 'Oklahoma Smokeshow', 'Birthright', 'Texas Missile']
2026-08-06 08:29:21,907 | INFO | httpx | HTTP Request: GET https://legacy.winningform.co.za/GAU/2T260808_8.htm "HTTP/1.1 200 OK"
2026-08-06 08:29:21,967 | INFO | app.scrapers.winning_form_scraper | runner_table_used columns={'number': 0, 'name': 1, 'length_behind': 2, 'speed_index': 3, 'predicted_time': 4, 'merit': 5, 'weight': 6, 'draw': 7, 'jockey': 9, 'trainer': 10, 'previous_run': 12, 'time': 17} extracted=10 stated=10
2026-08-06 08:29:21,967 | INFO | app.scrapers.winning_form_scraper | race_parsed url=https://legacy.winningform.co.za/GAU/2T260808_8.htm venue=Turffontein date=2026-08-08 race=8 stated=10 parsed=10
2026-08-06 08:29:21,968 | INFO | app.scrapers.winning_form_scraper | horse_names=['American Beauty', 'Boom Boom', 'Sikeloi', 'Into Dancing', 'Pearl In Her Crown', 'Merryweather', 'Fire In Her Soul', 'Glamorous Lady', 'Hoc Est Vita', 'Lava Lamp']
2026-08-06 08:29:22,151 | INFO | httpx | HTTP Request: GET https://legacy.winningform.co.za/GAU/2T260808_9.htm "HTTP/1.1 200 OK"
2026-08-06 08:29:22,210 | INFO | app.scrapers.winning_form_scraper | runner_table_used columns={'number': 0, 'name': 1, 'length_behind': 2, 'speed_index': 3, 'predicted_time': 4, 'merit': 5, 'weight': 6, 'draw': 7, 'jockey': 9, 'trainer': 10, 'previous_run': 12, 'time': 17} extracted=8 stated=8
2026-08-06 08:29:22,210 | INFO | app.scrapers.winning_form_scraper | race_parsed url=https://legacy.winningform.co.za/GAU/2T260808_9.htm venue=Turffontein date=2026-08-08 race=9 stated=8 parsed=8
2026-08-06 08:29:22,211 | INFO | app.scrapers.winning_form_scraper | horse_names=['Zip Code', 'Bay Empire', "Can't Catch Me", 'Six Of All', 'Michael Faraday', 'Dondoyaki', 'Spy Story', 'Sail The Sky']
2026-08-06 08:29:22,356 | INFO | httpx | HTTP Request: GET https://legacy.winningform.co.za/KZN/2S260809_1.htm "HTTP/1.1 200 OK"
2026-08-06 08:29:22,408 | INFO | app.scrapers.winning_form_scraper | runner_table_used columns={'number': 0, 'name': 1, 'length_behind': 2, 'speed_index': 3, 'predicted_time': 4, 'merit': 5, 'weight': 6, 'draw': 7, 'jockey': 9, 'trainer': 10, 'previous_run': 12, 'time': 17} extracted=9 stated=9
2026-08-06 08:29:22,409 | INFO | app.scrapers.winning_form_scraper | race_parsed url=https://legacy.winningform.co.za/KZN/2S260809_1.htm venue=Hollywoodbets Scottsville Outer date=2026-08-09 race=1 stated=9 parsed=9
2026-08-06 08:29:22,409 | INFO | app.scrapers.winning_form_scraper | horse_names=['Tipperary', "Scott's Bar", 'Theodore Rooseveld', 'Praetorian Guard', 'Joy N Hope', 'Bicameral', 'Elusive Diamond', 'Maggiano', 'Grand Tour']
2026-08-06 08:29:22,753 | INFO | httpx | HTTP Request: GET https://legacy.winningform.co.za/KZN/2S260809_2.htm "HTTP/1.1 200 OK"
2026-08-06 08:29:22,789 | INFO | app.scrapers.winning_form_scraper | runner_table_used columns={'number': 0, 'name': 1, 'length_behind': 2, 'speed_index': 3, 'predicted_time': 4, 'merit': 5, 'weight': 6, 'draw': 7, 'jockey': 9, 'trainer': 10, 'previous_run': 12, 'time': 17} extracted=9 stated=9
2026-08-06 08:29:22,790 | INFO | app.scrapers.winning_form_scraper | race_parsed url=https://legacy.winningform.co.za/KZN/2S260809_2.htm venue=Hollywoodbets Scottsville Outer date=2026-08-09 race=2 stated=9 parsed=9
2026-08-06 08:29:22,790 | INFO | app.scrapers.winning_form_scraper | horse_names=["Rocco's Peace", 'Xiphos', 'Snow Warrior', 'Majestic Limpopo', 'Sebastiaan', 'Diaval', 'Gimme The Sun', 'Hello Handsome', 'Bello Gallico']
2026-08-06 08:29:22,924 | INFO | httpx | HTTP Request: GET https://legacy.winningform.co.za/KZN/2S260809_3.htm "HTTP/1.1 200 OK"
2026-08-06 08:29:23,031 | INFO | app.scrapers.winning_form_scraper | runner_table_used columns={'number': 0, 'name': 1, 'length_behind': 2, 'speed_index': 3, 'predicted_time': 4, 'merit': 5, 'weight': 6, 'draw': 7, 'jockey': 9, 'trainer': 10, 'previous_run': 12, 'time': 17} extracted=7 stated=7
2026-08-06 08:29:23,031 | INFO | app.scrapers.winning_form_scraper | race_parsed url=https://legacy.winningform.co.za/KZN/2S260809_3.htm venue=Hollywoodbets Scottsville Inner date=2026-08-09 race=3 stated=7 parsed=7
2026-08-06 08:29:23,031 | INFO | app.scrapers.winning_form_scraper | horse_names=['Vaans Spirit', 'Hop Hop Spinnekop', 'Gold Gold Baby', 'Heavenly Mafia', "Taylor's Version", 'Praise De La Rey', 'Princess Trippi']
2026-08-06 08:29:23,167 | INFO | httpx | HTTP Request: GET https://legacy.winningform.co.za/KZN/2S260809_4.htm "HTTP/1.1 200 OK"
2026-08-06 08:29:23,204 | INFO | app.scrapers.winning_form_scraper | runner_table_used columns={'number': 0, 'name': 1, 'length_behind': 2, 'speed_index': 3, 'predicted_time': 4, 'merit': 5, 'weight': 6, 'draw': 7, 'jockey': 9, 'trainer': 10, 'previous_run': 12, 'time': 17} extracted=8 stated=8
2026-08-06 08:29:23,204 | INFO | app.scrapers.winning_form_scraper | race_parsed url=https://legacy.winningform.co.za/KZN/2S260809_4.htm venue=Hollywoodbets Scottsville Inner date=2026-08-09 race=4 stated=8 parsed=8
2026-08-06 08:29:23,205 | INFO | app.scrapers.winning_form_scraper | horse_names=['Deonarie', 'Runthruthejungle', 'Judiciary', 'Dreadnought', 'Old Harry Rocks', 'Chakalaka', 'All About Me', 'Preux Chavalier']
2026-08-06 08:29:23,386 | INFO | httpx | HTTP Request: GET https://legacy.winningform.co.za/KZN/2S260809_5.htm "HTTP/1.1 200 OK"
2026-08-06 08:29:23,439 | INFO | app.scrapers.winning_form_scraper | runner_table_used columns={'number': 0, 'name': 1, 'length_behind': 2, 'speed_index': 3, 'predicted_time': 4, 'merit': 5, 'weight': 6, 'draw': 7, 'jockey': 9, 'trainer': 10, 'previous_run': 12, 'time': 17} extracted=8 stated=8
2026-08-06 08:29:23,440 | INFO | app.scrapers.winning_form_scraper | race_parsed url=https://legacy.winningform.co.za/KZN/2S260809_5.htm venue=Hollywoodbets Scottsville Inner date=2026-08-09 race=5 stated=8 parsed=8
2026-08-06 08:29:23,440 | INFO | app.scrapers.winning_form_scraper | horse_names=['Parisian Walkway', 'Powerandtheglory', 'Captain West', 'Cardinal Chief', 'Bruh', 'Bangladesh', 'Heal And Soul', 'Mr Fixit']
2026-08-06 08:29:23,619 | INFO | httpx | HTTP Request: GET https://legacy.winningform.co.za/KZN/2S260809_6.htm "HTTP/1.1 200 OK"
2026-08-06 08:29:23,709 | INFO | app.scrapers.winning_form_scraper | runner_table_used columns={'number': 0, 'name': 1, 'length_behind': 2, 'speed_index': 3, 'predicted_time': 4, 'merit': 5, 'weight': 6, 'draw': 7, 'jockey': 9, 'trainer': 10, 'previous_run': 12, 'time': 17} extracted=11 stated=11
2026-08-06 08:29:23,710 | INFO | app.scrapers.winning_form_scraper | race_parsed url=https://legacy.winningform.co.za/KZN/2S260809_6.htm venue=Hollywoodbets Scottsville Inner date=2026-08-09 race=6 stated=11 parsed=11
2026-08-06 08:29:23,710 | INFO | app.scrapers.winning_form_scraper | horse_names=['Run To Rio', 'Jazz Festival', 'Mister Nibbles', 'Radu', 'Power Star', 'Galaxy Explorer', "Kimball O'hara", 'Twilight Warrior', 'I Am Classy', 'Irish Anthem', 'Twocantango']
2026-08-06 08:29:23,905 | INFO | httpx | HTTP Request: GET https://legacy.winningform.co.za/KZN/2S260809_7.htm "HTTP/1.1 200 OK"
2026-08-06 08:29:23,947 | INFO | app.scrapers.winning_form_scraper | runner_table_used columns={'number': 0, 'name': 1, 'length_behind': 2, 'speed_index': 3, 'predicted_time': 4, 'merit': 5, 'weight': 6, 'draw': 7, 'jockey': 9, 'trainer': 10, 'previous_run': 12, 'time': 17} extracted=7 stated=7
2026-08-06 08:29:23,947 | INFO | app.scrapers.winning_form_scraper | race_parsed url=https://legacy.winningform.co.za/KZN/2S260809_7.htm venue=Hollywoodbets Scottsville Inner date=2026-08-09 race=7 stated=7 parsed=7
2026-08-06 08:29:23,947 | INFO | app.scrapers.winning_form_scraper | horse_names=['Scarlet Macaw', 'La Landonne', 'Miss Ladyaterix', 'Perilla', 'Limitless Sky', 'Lilac In Winter', 'Hierkommiebokkie']
2026-08-06 08:29:24,142 | INFO | httpx | HTTP Request: GET https://legacy.winningform.co.za/KZN/2S260809_8.htm "HTTP/1.1 200 OK"
2026-08-06 08:29:24,214 | INFO | app.scrapers.winning_form_scraper | runner_table_used columns={'number': 0, 'name': 1, 'length_behind': 2, 'speed_index': 3, 'predicted_time': 4, 'merit': 5, 'weight': 6, 'draw': 7, 'jockey': 9, 'trainer': 10, 'previous_run': 12, 'time': 17} extracted=12 stated=12
2026-08-06 08:29:24,214 | INFO | app.scrapers.winning_form_scraper | race_parsed url=https://legacy.winningform.co.za/KZN/2S260809_8.htm venue=Hollywoodbets Scottsville Outer date=2026-08-09 race=8 stated=12 parsed=12
2026-08-06 08:29:24,215 | INFO | app.scrapers.winning_form_scraper | horse_names=['Clair De Lune', 'Ruby Rising', 'Scarlet Starlet', 'Call Me Jane', 'Fascination', 'Arverni Princess', 'Captain Ventura', 'Vision To Achieve', 'Emerald Forge', 'Royal Crest', 'Durban Diamond', 'Grue Of Ice']
2026-08-06 08:29:25,113 | INFO | app.services.monitoring_service | monitoring_cycle_completed
2026-08-06 08:29:25,114 | INFO | app.main | application_started
2026-08-06 09:29:13,292 | INFO | apscheduler.scheduler | Adding job tentatively -- it will be properly scheduled when the scheduler starts
2026-08-06 09:29:13,294 | INFO | apscheduler.scheduler | Added job "MonitoringService.run_cycle" to job store "default"
2026-08-06 09:29:13,294 | INFO | apscheduler.scheduler | Scheduler started
2026-08-06 09:29:13,294 | INFO | app.services.monitoring_service | monitoring_cycle_started
2026-08-06 09:29:13,766 | INFO | httpx | HTTP Request: GET https://legacy.winningform.co.za "HTTP/1.1 200 OK"
2026-08-06 09:29:13,783 | INFO | app.scrapers.winning_form_scraper | fetch_index_frames=['https://legacy.winningform.co.za/guide.htm', 'https://legacy.winningform.co.za/cover.htm']
2026-08-06 09:29:13,902 | INFO | httpx | HTTP Request: GET https://legacy.winningform.co.za "HTTP/1.1 200 OK"
2026-08-06 09:29:14,013 | INFO | httpx | HTTP Request: GET https://legacy.winningform.co.za/guide.htm "HTTP/1.1 200 OK"
2026-08-06 09:29:14,192 | INFO | httpx | HTTP Request: GET https://legacy.winningform.co.za/cover.htm "HTTP/1.1 200 OK"
2026-08-06 09:29:14,336 | INFO | httpx | HTTP Request: GET https://legacy.winningform.co.za "HTTP/1.1 200 OK"
2026-08-06 09:29:14,471 | INFO | httpx | HTTP Request: GET https://legacy.winningform.co.za/guide.htm "HTTP/1.1 200 OK"
2026-08-06 09:29:14,623 | INFO | httpx | HTTP Request: GET https://legacy.winningform.co.za/cover.htm "HTTP/1.1 200 OK"
2026-08-06 09:29:14,643 | INFO | app.scrapers.winning_form_scraper | race_links_total=41
2026-08-06 09:29:14,644 | INFO | app.scrapers.winning_form_scraper | meetings_seen=['ecp-f260807', 'gau-t260808', 'gau-v260806', 'kzn-d260807', 'kzn-s260809']
2026-08-06 09:29:14,818 | INFO | httpx | HTTP Request: GET https://legacy.winningform.co.za/GAU/2V260806_1.htm "HTTP/1.1 200 OK"
2026-08-06 09:29:14,900 | INFO | app.scrapers.winning_form_scraper | runner_table_used columns={'number': 0, 'name': 1, 'length_behind': 2, 'speed_index': 3, 'predicted_time': 4, 'merit': 5, 'weight': 6, 'draw': 7, 'jockey': 9, 'trainer': 10, 'previous_run': 12, 'time': 17} extracted=6 stated=6
2026-08-06 09:29:14,901 | INFO | app.scrapers.winning_form_scraper | race_parsed url=https://legacy.winningform.co.za/GAU/2V260806_1.htm venue=Vaal date=2026-08-06 race=1 stated=6 parsed=5
2026-08-06 09:29:14,901 | INFO | app.scrapers.winning_form_scraper | horse_names=['Battleground', 'Corrupt', 'Green Machine', 'Taxhaven', 'Bellerophon', 'Samuel Sharpe']
2026-08-06 09:29:15,103 | INFO | httpx | HTTP Request: GET https://legacy.winningform.co.za/GAU/2V260806_2.htm "HTTP/1.1 200 OK"
2026-08-06 09:29:15,168 | INFO | app.scrapers.winning_form_scraper | runner_table_used columns={'number': 0, 'name': 1, 'length_behind': 2, 'speed_index': 3, 'predicted_time': 4, 'merit': 5, 'weight': 6, 'draw': 7, 'jockey': 9, 'trainer': 10, 'previous_run': 12, 'time': 17} extracted=7 stated=7
2026-08-06 09:29:15,169 | INFO | app.scrapers.winning_form_scraper | race_parsed url=https://legacy.winningform.co.za/GAU/2V260806_2.htm venue=Vaal date=2026-08-06 race=2 stated=7 parsed=6
2026-08-06 09:29:15,169 | INFO | app.scrapers.winning_form_scraper | horse_names=['Jet Cat', 'Sergeant Soqrat', 'Bell Of Angelus', 'Oriental Bouquet', 'Phala Millions', 'Caladrius', 'Champagne Problems']
2026-08-06 09:29:15,327 | INFO | httpx | HTTP Request: GET https://legacy.winningform.co.za/GAU/2V260806_3.htm "HTTP/1.1 200 OK"
2026-08-06 09:29:15,420 | INFO | app.scrapers.winning_form_scraper | runner_table_used columns={'number': 0, 'name': 1, 'length_behind': 2, 'speed_index': 3, 'predicted_time': 4, 'merit': 5, 'weight': 6, 'draw': 7, 'jockey': 9, 'trainer': 10, 'previous_run': 12, 'time': 17} extracted=7 stated=7
2026-08-06 09:29:15,421 | INFO | app.scrapers.winning_form_scraper | race_parsed url=https://legacy.winningform.co.za/GAU/2V260806_3.htm venue=Vaal date=2026-08-06 race=3 stated=7 parsed=7
2026-08-06 09:29:15,421 | INFO | app.scrapers.winning_form_scraper | horse_names=['Wings Of Kildra', 'Ada Lovelace', 'Executrix', 'Magic Carpet Ride', 'Royal Horizon', 'Iconic Winter', 'Love Not War']
2026-08-06 09:29:15,605 | INFO | httpx | HTTP Request: GET https://legacy.winningform.co.za/GAU/2V260806_4.htm "HTTP/1.1 200 OK"
2026-08-06 09:29:15,704 | INFO | app.scrapers.winning_form_scraper | runner_table_used columns={'number': 0, 'name': 1, 'length_behind': 2, 'speed_index': 3, 'predicted_time': 4, 'merit': 5, 'weight': 6, 'draw': 7, 'jockey': 9, 'trainer': 10, 'previous_run': 12, 'time': 17} extracted=7 stated=7
2026-08-06 09:29:15,704 | INFO | app.scrapers.winning_form_scraper | race_parsed url=https://legacy.winningform.co.za/GAU/2V260806_4.htm venue=Vaal date=2026-08-06 race=4 stated=7 parsed=7
2026-08-06 09:29:15,705 | INFO | app.scrapers.winning_form_scraper | horse_names=['Winter Rainfall', 'Valieva', "She's All Mine", 'Jazz Pianist', 'Tempranillo', 'Versace Onthetrack', 'Slender Silhouette']
2026-08-06 09:29:15,983 | INFO | httpx | HTTP Request: GET https://legacy.winningform.co.za/GAU/2V260806_5.htm "HTTP/1.1 200 OK"
2026-08-06 09:29:16,040 | INFO | app.scrapers.winning_form_scraper | runner_table_used columns={'number': 0, 'name': 1, 'length_behind': 2, 'speed_index': 3, 'predicted_time': 4, 'merit': 5, 'weight': 6, 'draw': 7, 'jockey': 9, 'trainer': 10, 'previous_run': 12, 'time': 17} extracted=11 stated=11
2026-08-06 09:29:16,040 | INFO | app.scrapers.winning_form_scraper | race_parsed url=https://legacy.winningform.co.za/GAU/2V260806_5.htm venue=Vaal date=2026-08-06 race=5 stated=11 parsed=9
2026-08-06 09:29:16,040 | INFO | app.scrapers.winning_form_scraper | horse_names=['Wish You Were Here', 'Smoking Gun', 'A Roman Twist', "God's Country", 'Cool Gambler', "Ain't No Sunshine", 'Willow Charm', 'Levitator', 'Forever Canford', 'Lannyboy', 'Spirit Of The Sea']
2026-08-06 09:29:16,329 | INFO | httpx | HTTP Request: GET https://legacy.winningform.co.za/GAU/2V260806_6.htm "HTTP/1.1 200 OK"
2026-08-06 09:29:16,395 | INFO | app.scrapers.winning_form_scraper | runner_table_used columns={'number': 0, 'name': 1, 'length_behind': 2, 'speed_index': 3, 'predicted_time': 4, 'merit': 5, 'weight': 6, 'draw': 7, 'jockey': 9, 'trainer': 10, 'previous_run': 12, 'time': 17} extracted=8 stated=8
2026-08-06 09:29:16,396 | INFO | app.scrapers.winning_form_scraper | race_parsed url=https://legacy.winningform.co.za/GAU/2V260806_6.htm venue=Vaal date=2026-08-06 race=6 stated=8 parsed=7
2026-08-06 09:29:16,396 | INFO | app.scrapers.winning_form_scraper | horse_names=['Korcula', 'Epidaurus', 'Twelfth Of Never', 'Gus On The Bus', 'Comic Artist', 'Lanteri', 'Evening News', 'Forever Red']
2026-08-06 09:29:16,587 | INFO | httpx | HTTP Request: GET https://legacy.winningform.co.za/GAU/2V260806_7.htm "HTTP/1.1 200 OK"
2026-08-06 09:29:16,681 | INFO | app.scrapers.winning_form_scraper | runner_table_used columns={'number': 0, 'name': 1, 'length_behind': 2, 'speed_index': 3, 'predicted_time': 4, 'merit': 5, 'weight': 6, 'draw': 7, 'jockey': 9, 'trainer': 10, 'previous_run': 12, 'time': 17} extracted=13 stated=13
2026-08-06 09:29:16,681 | INFO | app.scrapers.winning_form_scraper | race_parsed url=https://legacy.winningform.co.za/GAU/2V260806_7.htm venue=Vaal date=2026-08-06 race=7 stated=13 parsed=13
2026-08-06 09:29:16,681 | INFO | app.scrapers.winning_form_scraper | horse_names=['Itsnowornever', 'Nuclear Force', 'Thoonsil', 'Party Punch', 'Hopscotch', 'Rosy Lemon', 'Cartagena', 'Arlington Action', 'Chabal', 'Repetition', 'Euphrates', 'Gold De Grace', 'Heroic Act']
2026-08-06 09:29:16,876 | INFO | httpx | HTTP Request: GET https://legacy.winningform.co.za/GAU/2V260806_8.htm "HTTP/1.1 200 OK"
2026-08-06 09:29:16,930 | INFO | app.scrapers.winning_form_scraper | runner_table_used columns={'number': 0, 'name': 1, 'length_behind': 2, 'speed_index': 3, 'predicted_time': 4, 'merit': 5, 'weight': 6, 'draw': 7, 'jockey': 9, 'trainer': 10, 'previous_run': 12, 'time': 17} extracted=10 stated=10
2026-08-06 09:29:16,930 | INFO | app.scrapers.winning_form_scraper | race_parsed url=https://legacy.winningform.co.za/GAU/2V260806_8.htm venue=Vaal date=2026-08-06 race=8 stated=10 parsed=8
2026-08-06 09:29:16,930 | INFO | app.scrapers.winning_form_scraper | horse_names=['Freestyle Dance', 'Wartrax Blaze', 'Elisa Mbali', 'One State', 'Campo Formio', 'Sword Of Light', 'Mega Awesome', 'Truro Legacy', 'Cuzzie', 'Noble Chiefdom']
2026-08-06 09:29:17,175 | INFO | httpx | HTTP Request: GET https://legacy.winningform.co.za/KZN/2D260807_1.htm "HTTP/1.1 200 OK"
2026-08-06 09:29:17,241 | INFO | app.scrapers.winning_form_scraper | runner_table_used columns={'number': 0, 'name': 1, 'length_behind': 2, 'speed_index': 3, 'predicted_time': 4, 'merit': 5, 'weight': 6, 'draw': 7, 'jockey': 9, 'trainer': 10, 'previous_run': 12, 'time': 17} extracted=14 stated=14
2026-08-06 09:29:17,241 | INFO | app.scrapers.winning_form_scraper | race_parsed url=https://legacy.winningform.co.za/KZN/2D260807_1.htm venue=Hollywoodbets Greyville date=2026-08-07 race=1 stated=14 parsed=14
2026-08-06 09:29:17,241 | INFO | app.scrapers.winning_form_scraper | horse_names=['Owner Of Creation', 'Skipper Zip', 'Yeah Baby', 'Simonis', "Hadrian's Wall", 'Golden Diadem', 'Prince Of Rabada', 'Goldsmith', 'Peace Sign', 'Thurloe Place', 'Cuba Libre', 'Flight Twenty One', 'Catch That Kid', 'Big Dipper']
2026-08-06 09:29:17,430 | INFO | httpx | HTTP Request: GET https://legacy.winningform.co.za/KZN/2D260807_2.htm "HTTP/1.1 200 OK"
2026-08-06 09:29:17,497 | INFO | app.scrapers.winning_form_scraper | runner_table_used columns={'number': 0, 'name': 1, 'length_behind': 2, 'speed_index': 3, 'predicted_time': 4, 'merit': 5, 'weight': 6, 'draw': 7, 'jockey': 9, 'trainer': 10, 'previous_run': 12, 'time': 17} extracted=8 stated=8
2026-08-06 09:29:17,498 | INFO | app.scrapers.winning_form_scraper | race_parsed url=https://legacy.winningform.co.za/KZN/2D260807_2.htm venue=Hollywoodbets Greyville date=2026-08-07 race=2 stated=8 parsed=8
2026-08-06 09:29:17,498 | INFO | app.scrapers.winning_form_scraper | horse_names=['Hazel Green', 'Tears Of The Sun', 'Queen Of Denmark', 'America First', 'Eastern Glow', "Loreley's Rock", 'Lagertha The Queen', 'Periwinkle']
2026-08-06 09:29:17,656 | INFO | httpx | HTTP Request: GET https://legacy.winningform.co.za/KZN/2D260807_3.htm "HTTP/1.1 200 OK"
2026-08-06 09:29:17,710 | INFO | app.scrapers.winning_form_scraper | runner_table_used columns={'number': 0, 'name': 1, 'length_behind': 2, 'speed_index': 3, 'predicted_time': 4, 'merit': 5, 'weight': 6, 'draw': 7, 'jockey': 9, 'trainer': 10, 'previous_run': 12, 'time': 17} extracted=7 stated=7
2026-08-06 09:29:17,710 | INFO | app.scrapers.winning_form_scraper | race_parsed url=https://legacy.winningform.co.za/KZN/2D260807_3.htm venue=Hollywoodbets Greyville date=2026-08-07 race=3 stated=7 parsed=7
2026-08-06 09:29:17,710 | INFO | app.scrapers.winning_form_scraper | horse_names=['Crimson Typhoon', 'Fire Force', 'Augrabies', 'Captive Prince', 'Lacryma Christi', 'Noctambulist', 'Chaos Queen']
2026-08-06 09:29:17,901 | INFO | httpx | HTTP Request: GET https://legacy.winningform.co.za/KZN/2D260807_4.htm "HTTP/1.1 200 OK"
2026-08-06 09:29:18,009 | INFO | app.scrapers.winning_form_scraper | runner_table_used columns={'number': 0, 'name': 1, 'length_behind': 2, 'speed_index': 3, 'predicted_time': 4, 'merit': 5, 'weight': 6, 'draw': 7, 'jockey': 9, 'trainer': 10, 'previous_run': 12, 'time': 17} extracted=13 stated=13
2026-08-06 09:29:18,009 | INFO | app.scrapers.winning_form_scraper | race_parsed url=https://legacy.winningform.co.za/KZN/2D260807_4.htm venue=Hollywoodbets Greyville date=2026-08-07 race=4 stated=13 parsed=13
2026-08-06 09:29:18,009 | INFO | app.scrapers.winning_form_scraper | horse_names=['Tunguska', 'High Queue', 'Zena Rose', 'The Mikado', 'Shiny Bob', 'No Pressure', 'Heavenly Mafia', 'Fast And Free', 'Day Two', 'Christmas Cactus', 'National Dream', 'Status', 'Reign On Impact']
2026-08-06 09:29:18,205 | INFO | httpx | HTTP Request: GET https://legacy.winningform.co.za/KZN/2D260807_5.htm "HTTP/1.1 200 OK"
2026-08-06 09:29:18,280 | INFO | app.scrapers.winning_form_scraper | runner_table_used columns={'number': 0, 'name': 1, 'length_behind': 2, 'speed_index': 3, 'predicted_time': 4, 'merit': 5, 'weight': 6, 'draw': 7, 'jockey': 9, 'trainer': 10, 'previous_run': 12, 'time': 17} extracted=9 stated=9
2026-08-06 09:29:18,280 | INFO | app.scrapers.winning_form_scraper | race_parsed url=https://legacy.winningform.co.za/KZN/2D260807_5.htm venue=Hollywoodbets Greyville date=2026-08-07 race=5 stated=9 parsed=9
2026-08-06 09:29:18,281 | INFO | app.scrapers.winning_form_scraper | horse_names=['Position Of Power', 'Thisiswhatitmeans', 'Teflon Man', 'Future Variety', 'Soho Star', 'Imposing', 'King Of The Gauls', 'Good Traveller', 'Narina Trogon']
2026-08-06 09:29:18,488 | INFO | httpx | HTTP Request: GET https://legacy.winningform.co.za/KZN/2D260807_6.htm "HTTP/1.1 200 OK"
2026-08-06 09:29:18,572 | INFO | app.scrapers.winning_form_scraper | runner_table_used columns={'number': 0, 'name': 1, 'length_behind': 2, 'speed_index': 3, 'predicted_time': 4, 'merit': 5, 'weight': 6, 'draw': 7, 'jockey': 9, 'trainer': 10, 'previous_run': 12, 'time': 17} extracted=11 stated=11
2026-08-06 09:29:18,573 | INFO | app.scrapers.winning_form_scraper | race_parsed url=https://legacy.winningform.co.za/KZN/2D260807_6.htm venue=Hollywoodbets Greyville date=2026-08-07 race=6 stated=11 parsed=11
2026-08-06 09:29:18,573 | INFO | app.scrapers.winning_form_scraper | horse_names=['Warrior Royale', 'Swiatek', "That's My Baby", 'Happy Fortune', 'Miss Twinkle', 'Sonic Jet', 'Gorgeous Girl', 'Warning Sound', 'Red Taffety', 'Drumnadrochit', 'Forward Motion']
2026-08-06 09:29:18,766 | INFO | httpx | HTTP Request: GET https://legacy.winningform.co.za/KZN/2D260807_7.htm "HTTP/1.1 200 OK"
2026-08-06 09:29:18,845 | INFO | app.scrapers.winning_form_scraper | runner_table_used columns={'number': 0, 'name': 1, 'length_behind': 2, 'speed_index': 3, 'predicted_time': 4, 'merit': 5, 'weight': 6, 'draw': 7, 'jockey': 9, 'trainer': 10, 'previous_run': 12, 'time': 17} extracted=10 stated=10
2026-08-06 09:29:18,845 | INFO | app.scrapers.winning_form_scraper | race_parsed url=https://legacy.winningform.co.za/KZN/2D260807_7.htm venue=Hollywoodbets Greyville date=2026-08-07 race=7 stated=10 parsed=10
2026-08-06 09:29:18,845 | INFO | app.scrapers.winning_form_scraper | horse_names=['Maphaka', 'Future Flo', 'Miss World', 'Ubukhwebezana', 'Street Outlaw', 'City Of Love', 'What A Fortune', 'African Skyline', 'Cowdray Park', 'Johnny Appleseed']
2026-08-06 09:29:19,039 | INFO | httpx | HTTP Request: GET https://legacy.winningform.co.za/KZN/2D260807_8.htm "HTTP/1.1 200 OK"
2026-08-06 09:29:19,140 | INFO | app.scrapers.winning_form_scraper | runner_table_used columns={'number': 0, 'name': 1, 'length_behind': 2, 'speed_index': 3, 'predicted_time': 4, 'merit': 5, 'weight': 6, 'draw': 7, 'jockey': 9, 'trainer': 10, 'previous_run': 12, 'time': 17} extracted=11 stated=11
2026-08-06 09:29:19,140 | INFO | app.scrapers.winning_form_scraper | race_parsed url=https://legacy.winningform.co.za/KZN/2D260807_8.htm venue=Hollywoodbets Greyville date=2026-08-07 race=8 stated=11 parsed=11
2026-08-06 09:29:19,140 | INFO | app.scrapers.winning_form_scraper | horse_names=['Next Of Kin', 'Mvelelo', "Tam's Knight", 'Mar Del Plata', 'Tobacconist', 'Blue Steel', 'Phutulicious', 'War Emperor', 'My Boy Lollipop', 'Steamy Windows', 'Zagreb']
2026-08-06 09:29:19,327 | INFO | httpx | HTTP Request: GET https://legacy.winningform.co.za/ECP/2F260807_1.htm "HTTP/1.1 200 OK"
2026-08-06 09:29:19,399 | INFO | app.scrapers.winning_form_scraper | runner_table_used columns={'number': 0, 'name': 1, 'length_behind': 2, 'speed_index': 3, 'predicted_time': 4, 'merit': 5, 'weight': 6, 'draw': 7, 'jockey': 9, 'trainer': 10, 'previous_run': 12, 'time': 17} extracted=10 stated=10
2026-08-06 09:29:19,399 | INFO | app.scrapers.winning_form_scraper | race_parsed url=https://legacy.winningform.co.za/ECP/2F260807_1.htm venue=Fairview date=2026-08-07 race=1 stated=10 parsed=10
2026-08-06 09:29:19,400 | INFO | app.scrapers.winning_form_scraper | horse_names=['Good Shine', 'Green Point', 'Crimson Clover', 'Takemetothemoon', 'Norse Warrior', 'Stone Of Scone', 'J Lordi', 'Blue Dame', 'Storm Burst', 'Golden Fifties']
2026-08-06 09:29:19,606 | INFO | httpx | HTTP Request: GET https://legacy.winningform.co.za/ECP/2F260807_2.htm "HTTP/1.1 200 OK"
2026-08-06 09:29:19,690 | INFO | app.scrapers.winning_form_scraper | runner_table_used columns={'number': 0, 'name': 1, 'length_behind': 2, 'speed_index': 3, 'predicted_time': 4, 'merit': 5, 'weight': 6, 'draw': 7, 'jockey': 9, 'trainer': 10, 'previous_run': 12, 'time': 17} extracted=10 stated=10
2026-08-06 09:29:19,690 | INFO | app.scrapers.winning_form_scraper | race_parsed url=https://legacy.winningform.co.za/ECP/2F260807_2.htm venue=Fairview date=2026-08-07 race=2 stated=10 parsed=10
2026-08-06 09:29:19,690 | INFO | app.scrapers.winning_form_scraper | horse_names=['Touch The Sword', 'Caughtubysurprise', 'Fonte', 'Kim Kay', 'Jewel Mule', 'Redlight Lane', 'Harpa', 'World Of Diamonds', 'Without Hesitation', 'Gallic Greeting']
2026-08-06 09:29:19,895 | INFO | httpx | HTTP Request: GET https://legacy.winningform.co.za/ECP/2F260807_3.htm "HTTP/1.1 200 OK"
2026-08-06 09:29:20,071 | INFO | app.scrapers.winning_form_scraper | runner_table_used columns={'number': 0, 'name': 1, 'length_behind': 2, 'speed_index': 3, 'predicted_time': 4, 'merit': 5, 'weight': 6, 'draw': 7, 'jockey': 9, 'trainer': 10, 'previous_run': 12, 'time': 17} extracted=9 stated=9
2026-08-06 09:29:20,071 | INFO | app.scrapers.winning_form_scraper | race_parsed url=https://legacy.winningform.co.za/ECP/2F260807_3.htm venue=Fairview date=2026-08-07 race=3 stated=9 parsed=9
2026-08-06 09:29:20,071 | INFO | app.scrapers.winning_form_scraper | horse_names=['Frequent Traveller', 'Secret Eruption', 'Witching Hour', 'Lady Limoncello', 'Lady Of Fate', 'Blue Crystal', 'Island Jewel', 'Burning Desire', 'Total Eruption']
2026-08-06 09:29:20,266 | INFO | httpx | HTTP Request: GET https://legacy.winningform.co.za/ECP/2F260807_4.htm "HTTP/1.1 200 OK"
2026-08-06 09:29:20,376 | INFO | app.scrapers.winning_form_scraper | runner_table_used columns={'number': 0, 'name': 1, 'length_behind': 2, 'speed_index': 3, 'predicted_time': 4, 'merit': 5, 'weight': 6, 'draw': 7, 'jockey': 9, 'trainer': 10, 'previous_run': 12, 'time': 17} extracted=9 stated=9
2026-08-06 09:29:20,376 | INFO | app.scrapers.winning_form_scraper | race_parsed url=https://legacy.winningform.co.za/ECP/2F260807_4.htm venue=Fairview date=2026-08-07 race=4 stated=9 parsed=9
2026-08-06 09:29:20,377 | INFO | app.scrapers.winning_form_scraper | horse_names=['Home Reef', 'Makhachev', 'Anatolian Silver', 'Global Ally', 'Richardthefearless', 'Wild Fig', 'Hollandia Bakkerij', 'Flight Display', 'Johnny Drama']
2026-08-06 09:29:20,579 | INFO | httpx | HTTP Request: GET https://legacy.winningform.co.za/ECP/2F260807_5.htm "HTTP/1.1 200 OK"
2026-08-06 09:29:20,684 | INFO | app.scrapers.winning_form_scraper | runner_table_used columns={'number': 0, 'name': 1, 'length_behind': 2, 'speed_index': 3, 'predicted_time': 4, 'merit': 5, 'weight': 6, 'draw': 7, 'jockey': 9, 'trainer': 10, 'previous_run': 12, 'time': 17} extracted=10 stated=10
2026-08-06 09:29:20,685 | INFO | app.scrapers.winning_form_scraper | race_parsed url=https://legacy.winningform.co.za/ECP/2F260807_5.htm venue=Fairview date=2026-08-07 race=5 stated=10 parsed=10
2026-08-06 09:29:20,685 | INFO | app.scrapers.winning_form_scraper | horse_names=['King Viserys', 'Cheerful Charlie B', 'Green Planet', 'Pedro', 'Lucky Chance', 'Givethatmanabells', 'Umami', 'Star Of Elena', 'Celtic Rush', 'Nautical Landing']
2026-08-06 09:29:20,859 | INFO | httpx | HTTP Request: GET https://legacy.winningform.co.za/ECP/2F260807_6.htm "HTTP/1.1 200 OK"
2026-08-06 09:29:20,956 | INFO | app.scrapers.winning_form_scraper | runner_table_used columns={'number': 0, 'name': 1, 'length_behind': 2, 'speed_index': 3, 'predicted_time': 4, 'merit': 5, 'weight': 6, 'draw': 7, 'jockey': 9, 'trainer': 10, 'previous_run': 12, 'time': 17} extracted=11 stated=11
2026-08-06 09:29:20,956 | INFO | app.scrapers.winning_form_scraper | race_parsed url=https://legacy.winningform.co.za/ECP/2F260807_6.htm venue=Fairview date=2026-08-07 race=6 stated=11 parsed=11
2026-08-06 09:29:20,957 | INFO | app.scrapers.winning_form_scraper | horse_names=['Basingstoke', 'Icy Lancaster', 'Japanese Garden', 'Midnight Music', 'Kilmonivaig', 'Queen Of Jazz', 'Power Of Tiger', 'Daffodil Delight', 'Timeline', 'Gutsy Baby', 'Princess Of Ajiaal']
2026-08-06 09:29:21,214 | INFO | httpx | HTTP Request: GET https://legacy.winningform.co.za/ECP/2F260807_7.htm "HTTP/1.1 200 OK"
2026-08-06 09:29:21,299 | INFO | app.scrapers.winning_form_scraper | runner_table_used columns={'number': 0, 'name': 1, 'length_behind': 2, 'speed_index': 3, 'predicted_time': 4, 'merit': 5, 'weight': 6, 'draw': 7, 'jockey': 9, 'trainer': 10, 'previous_run': 12, 'time': 17} extracted=10 stated=10
2026-08-06 09:29:21,300 | INFO | app.scrapers.winning_form_scraper | race_parsed url=https://legacy.winningform.co.za/ECP/2F260807_7.htm venue=Fairview date=2026-08-07 race=7 stated=10 parsed=10
2026-08-06 09:29:21,300 | INFO | app.scrapers.winning_form_scraper | horse_names=['Coastal Path', 'Stars In Heaven', 'Forest Spy', 'Masked Vigilante', 'Champonelle', 'Stokesy', 'Aquarius', 'Overture', 'Surge Of Power', 'Astronomical Boy']
2026-08-06 09:29:21,493 | INFO | httpx | HTTP Request: GET https://legacy.winningform.co.za/ECP/2F260807_8.htm "HTTP/1.1 200 OK"
2026-08-06 09:29:21,862 | INFO | app.scrapers.winning_form_scraper | runner_table_used columns={'number': 0, 'name': 1, 'length_behind': 2, 'speed_index': 3, 'predicted_time': 4, 'merit': 5, 'weight': 6, 'draw': 7, 'jockey': 9, 'trainer': 10, 'previous_run': 12, 'time': 17} extracted=11 stated=11
2026-08-06 09:29:21,863 | INFO | app.scrapers.winning_form_scraper | race_parsed url=https://legacy.winningform.co.za/ECP/2F260807_8.htm venue=Fairview date=2026-08-07 race=8 stated=11 parsed=11
2026-08-06 09:29:21,863 | INFO | app.scrapers.winning_form_scraper | horse_names=['Captain Clever', 'Free World', 'Cape Capri', 'Chief Runner', 'Piton De Neige', 'Wordsworth', 'In The Bag', 'Bumps Last Grind', 'King Rahul', 'Waltzing Doll', 'Truly Magical']
2026-08-06 09:29:22,081 | INFO | httpx | HTTP Request: GET https://legacy.winningform.co.za/GAU/2T260808_1.htm "HTTP/1.1 200 OK"
2026-08-06 09:29:22,146 | INFO | app.scrapers.winning_form_scraper | runner_table_used columns={'number': 0, 'name': 1, 'length_behind': 2, 'speed_index': 3, 'predicted_time': 4, 'merit': 5, 'weight': 6, 'draw': 7, 'jockey': 9, 'trainer': 10, 'previous_run': 12, 'time': 17} extracted=10 stated=10
2026-08-06 09:29:22,147 | INFO | app.scrapers.winning_form_scraper | race_parsed url=https://legacy.winningform.co.za/GAU/2T260808_1.htm venue=Turffontein date=2026-08-08 race=1 stated=10 parsed=10
2026-08-06 09:29:22,147 | INFO | app.scrapers.winning_form_scraper | horse_names=['Midnight Special', 'Platinum Shay', 'Elegant Edge', 'Surreal Song', "Meghan's Diamond", "Master's Lady", 'Charleston Dawn', 'Lazer Light', 'Moonface', 'Jessica Rabbit']
2026-08-06 09:29:22,320 | INFO | httpx | HTTP Request: GET https://legacy.winningform.co.za/GAU/2T260808_2.htm "HTTP/1.1 200 OK"
2026-08-06 09:29:22,394 | INFO | app.scrapers.winning_form_scraper | runner_table_used columns={'number': 0, 'name': 1, 'length_behind': 2, 'speed_index': 3, 'predicted_time': 4, 'merit': 5, 'weight': 6, 'draw': 7, 'jockey': 9, 'trainer': 10, 'previous_run': 12, 'time': 17} extracted=7 stated=7
2026-08-06 09:29:22,394 | INFO | app.scrapers.winning_form_scraper | race_parsed url=https://legacy.winningform.co.za/GAU/2T260808_2.htm venue=Turffontein date=2026-08-08 race=2 stated=7 parsed=7
2026-08-06 09:29:22,394 | INFO | app.scrapers.winning_form_scraper | horse_names=['Shining Sun', 'Royale Jacket', 'Be The One', 'Seventh Fleet', 'Moethemoneyman', 'From The Get Go', 'Mirum']
2026-08-06 09:29:22,553 | INFO | httpx | HTTP Request: GET https://legacy.winningform.co.za/GAU/2T260808_3.htm "HTTP/1.1 200 OK"
2026-08-06 09:29:22,616 | INFO | app.scrapers.winning_form_scraper | runner_table_used columns={'number': 0, 'name': 1, 'length_behind': 2, 'speed_index': 3, 'predicted_time': 4, 'merit': 5, 'weight': 6, 'draw': 7, 'jockey': 9, 'trainer': 10, 'previous_run': 12, 'time': 17} extracted=7 stated=7
2026-08-06 09:29:22,617 | INFO | app.scrapers.winning_form_scraper | race_parsed url=https://legacy.winningform.co.za/GAU/2T260808_3.htm venue=Turffontein date=2026-08-08 race=3 stated=7 parsed=7
2026-08-06 09:29:22,617 | INFO | app.scrapers.winning_form_scraper | horse_names=["Destiny's Dream", 'Empress Of Peace', 'Be All You Can Be', "Nicci's Law", 'Hot Choice', 'Nicolson Landing', 'Future Red']
2026-08-06 09:29:22,796 | INFO | httpx | HTTP Request: GET https://legacy.winningform.co.za/GAU/2T260808_4.htm "HTTP/1.1 200 OK"
2026-08-06 09:29:22,863 | INFO | app.scrapers.winning_form_scraper | runner_table_used columns={'number': 0, 'name': 1, 'length_behind': 2, 'speed_index': 3, 'predicted_time': 4, 'merit': 5, 'weight': 6, 'draw': 7, 'jockey': 9, 'trainer': 10, 'previous_run': 12, 'time': 17} extracted=7 stated=7
2026-08-06 09:29:22,864 | INFO | app.scrapers.winning_form_scraper | race_parsed url=https://legacy.winningform.co.za/GAU/2T260808_4.htm venue=Turffontein date=2026-08-08 race=4 stated=7 parsed=7
2026-08-06 09:29:22,864 | INFO | app.scrapers.winning_form_scraper | horse_names=["Fire 'n Flames", 'Palace Prince', 'Hotarubi', "King's Express", 'The Equator', 'Royal Invitation', 'Hawkbill']
2026-08-06 09:29:23,076 | INFO | httpx | HTTP Request: GET https://legacy.winningform.co.za/GAU/2T260808_5.htm "HTTP/1.1 200 OK"
2026-08-06 09:29:23,166 | INFO | app.scrapers.winning_form_scraper | runner_table_used columns={'number': 0, 'name': 1, 'length_behind': 2, 'speed_index': 3, 'predicted_time': 4, 'merit': 5, 'weight': 6, 'draw': 7, 'jockey': 9, 'trainer': 10, 'previous_run': 12, 'time': 17} extracted=11 stated=11
2026-08-06 09:29:23,166 | INFO | app.scrapers.winning_form_scraper | race_parsed url=https://legacy.winningform.co.za/GAU/2T260808_5.htm venue=Turffontein date=2026-08-08 race=5 stated=11 parsed=11
2026-08-06 09:29:23,166 | INFO | app.scrapers.winning_form_scraper | horse_names=['Max The Magician', 'Vibe Sa', 'Espinoza', 'Antonio Gaudi', 'Blizzard Snow', 'African Prince', "Dante's Bond", 'Richard The First', 'Titan Of The Turf', 'Famous Lady', 'Kudikaran']
2026-08-06 09:29:23,363 | INFO | httpx | HTTP Request: GET https://legacy.winningform.co.za/GAU/2T260808_6.htm "HTTP/1.1 200 OK"
2026-08-06 09:29:23,433 | INFO | app.scrapers.winning_form_scraper | runner_table_used columns={'number': 0, 'name': 1, 'length_behind': 2, 'speed_index': 3, 'predicted_time': 4, 'merit': 5, 'weight': 6, 'draw': 7, 'jockey': 9, 'trainer': 10, 'previous_run': 12, 'time': 17} extracted=8 stated=8
2026-08-06 09:29:23,434 | INFO | app.scrapers.winning_form_scraper | race_parsed url=https://legacy.winningform.co.za/GAU/2T260808_6.htm venue=Turffontein date=2026-08-08 race=6 stated=8 parsed=8
2026-08-06 09:29:23,434 | INFO | app.scrapers.winning_form_scraper | horse_names=['Eight Hats', 'Kortvandraad', 'Pretty Analia', 'Concordia', 'Secret Life', 'Mattiazo', "Master's Rose", 'Way To Burn']
2026-08-06 09:29:23,595 | INFO | httpx | HTTP Request: GET https://legacy.winningform.co.za/GAU/2T260808_7.htm "HTTP/1.1 200 OK"
2026-08-06 09:29:23,668 | INFO | app.scrapers.winning_form_scraper | runner_table_used columns={'number': 0, 'name': 1, 'length_behind': 2, 'speed_index': 3, 'predicted_time': 4, 'merit': 5, 'weight': 6, 'draw': 7, 'jockey': 9, 'trainer': 10, 'previous_run': 12, 'time': 17} extracted=9 stated=9
2026-08-06 09:29:23,668 | INFO | app.scrapers.winning_form_scraper | race_parsed url=https://legacy.winningform.co.za/GAU/2T260808_7.htm venue=Turffontein date=2026-08-08 race=7 stated=9 parsed=9
2026-08-06 09:29:23,668 | INFO | app.scrapers.winning_form_scraper | horse_names=['Gran Canaria', 'Olympian Gold', 'The Africa House', 'Ariovistus', 'Master Christmas', 'Trombolines', 'Oklahoma Smokeshow', 'Birthright', 'Texas Missile']
2026-08-06 09:29:23,852 | INFO | httpx | HTTP Request: GET https://legacy.winningform.co.za/GAU/2T260808_8.htm "HTTP/1.1 200 OK"
2026-08-06 09:29:23,927 | INFO | app.scrapers.winning_form_scraper | runner_table_used columns={'number': 0, 'name': 1, 'length_behind': 2, 'speed_index': 3, 'predicted_time': 4, 'merit': 5, 'weight': 6, 'draw': 7, 'jockey': 9, 'trainer': 10, 'previous_run': 12, 'time': 17} extracted=10 stated=10
2026-08-06 09:29:23,927 | INFO | app.scrapers.winning_form_scraper | race_parsed url=https://legacy.winningform.co.za/GAU/2T260808_8.htm venue=Turffontein date=2026-08-08 race=8 stated=10 parsed=10
2026-08-06 09:29:23,927 | INFO | app.scrapers.winning_form_scraper | horse_names=['American Beauty', 'Boom Boom', 'Sikeloi', 'Into Dancing', 'Pearl In Her Crown', 'Merryweather', 'Fire In Her Soul', 'Glamorous Lady', 'Hoc Est Vita', 'Lava Lamp']
2026-08-06 09:29:24,164 | INFO | httpx | HTTP Request: GET https://legacy.winningform.co.za/GAU/2T260808_9.htm "HTTP/1.1 200 OK"
2026-08-06 09:29:24,230 | INFO | app.scrapers.winning_form_scraper | runner_table_used columns={'number': 0, 'name': 1, 'length_behind': 2, 'speed_index': 3, 'predicted_time': 4, 'merit': 5, 'weight': 6, 'draw': 7, 'jockey': 9, 'trainer': 10, 'previous_run': 12, 'time': 17} extracted=8 stated=8
2026-08-06 09:29:24,230 | INFO | app.scrapers.winning_form_scraper | race_parsed url=https://legacy.winningform.co.za/GAU/2T260808_9.htm venue=Turffontein date=2026-08-08 race=9 stated=8 parsed=8
2026-08-06 09:29:24,231 | INFO | app.scrapers.winning_form_scraper | horse_names=['Zip Code', 'Bay Empire', "Can't Catch Me", 'Six Of All', 'Michael Faraday', 'Dondoyaki', 'Spy Story', 'Sail The Sky']
2026-08-06 09:29:24,399 | INFO | httpx | HTTP Request: GET https://legacy.winningform.co.za/KZN/2S260809_1.htm "HTTP/1.1 200 OK"
2026-08-06 09:29:24,436 | INFO | app.scrapers.winning_form_scraper | runner_table_used columns={'number': 0, 'name': 1, 'length_behind': 2, 'speed_index': 3, 'predicted_time': 4, 'merit': 5, 'weight': 6, 'draw': 7, 'jockey': 9, 'trainer': 10, 'previous_run': 12, 'time': 17} extracted=9 stated=9
2026-08-06 09:29:24,437 | INFO | app.scrapers.winning_form_scraper | race_parsed url=https://legacy.winningform.co.za/KZN/2S260809_1.htm venue=Hollywoodbets Scottsville Outer date=2026-08-09 race=1 stated=9 parsed=9
2026-08-06 09:29:24,437 | INFO | app.scrapers.winning_form_scraper | horse_names=['Tipperary', "Scott's Bar", 'Theodore Rooseveld', 'Praetorian Guard', 'Joy N Hope', 'Bicameral', 'Elusive Diamond', 'Maggiano', 'Grand Tour']
2026-08-06 09:29:24,596 | INFO | httpx | HTTP Request: GET https://legacy.winningform.co.za/KZN/2S260809_2.htm "HTTP/1.1 200 OK"
2026-08-06 09:29:24,638 | INFO | app.scrapers.winning_form_scraper | runner_table_used columns={'number': 0, 'name': 1, 'length_behind': 2, 'speed_index': 3, 'predicted_time': 4, 'merit': 5, 'weight': 6, 'draw': 7, 'jockey': 9, 'trainer': 10, 'previous_run': 12, 'time': 17} extracted=9 stated=9
2026-08-06 09:29:24,639 | INFO | app.scrapers.winning_form_scraper | race_parsed url=https://legacy.winningform.co.za/KZN/2S260809_2.htm venue=Hollywoodbets Scottsville Outer date=2026-08-09 race=2 stated=9 parsed=9
2026-08-06 09:29:24,639 | INFO | app.scrapers.winning_form_scraper | horse_names=["Rocco's Peace", 'Xiphos', 'Snow Warrior', 'Majestic Limpopo', 'Sebastiaan', 'Diaval', 'Gimme The Sun', 'Hello Handsome', 'Bello Gallico']
2026-08-06 09:29:24,814 | INFO | httpx | HTTP Request: GET https://legacy.winningform.co.za/KZN/2S260809_3.htm "HTTP/1.1 200 OK"
2026-08-06 09:29:24,956 | INFO | app.scrapers.winning_form_scraper | runner_table_used columns={'number': 0, 'name': 1, 'length_behind': 2, 'speed_index': 3, 'predicted_time': 4, 'merit': 5, 'weight': 6, 'draw': 7, 'jockey': 9, 'trainer': 10, 'previous_run': 12, 'time': 17} extracted=7 stated=7
2026-08-06 09:29:24,957 | INFO | app.scrapers.winning_form_scraper | race_parsed url=https://legacy.winningform.co.za/KZN/2S260809_3.htm venue=Hollywoodbets Scottsville Inner date=2026-08-09 race=3 stated=7 parsed=7
2026-08-06 09:29:24,957 | INFO | app.scrapers.winning_form_scraper | horse_names=['Vaans Spirit', 'Hop Hop Spinnekop', 'Gold Gold Baby', 'Heavenly Mafia', "Taylor's Version", 'Praise De La Rey', 'Princess Trippi']
2026-08-06 09:29:25,140 | INFO | httpx | HTTP Request: GET https://legacy.winningform.co.za/KZN/2S260809_4.htm "HTTP/1.1 200 OK"
2026-08-06 09:29:25,176 | INFO | app.scrapers.winning_form_scraper | runner_table_used columns={'number': 0, 'name': 1, 'length_behind': 2, 'speed_index': 3, 'predicted_time': 4, 'merit': 5, 'weight': 6, 'draw': 7, 'jockey': 9, 'trainer': 10, 'previous_run': 12, 'time': 17} extracted=8 stated=8
2026-08-06 09:29:25,177 | INFO | app.scrapers.winning_form_scraper | race_parsed url=https://legacy.winningform.co.za/KZN/2S260809_4.htm venue=Hollywoodbets Scottsville Inner date=2026-08-09 race=4 stated=8 parsed=8
2026-08-06 09:29:25,177 | INFO | app.scrapers.winning_form_scraper | horse_names=['Deonarie', 'Runthruthejungle', 'Judiciary', 'Dreadnought', 'Old Harry Rocks', 'Chakalaka', 'All About Me', 'Preux Chavalier']
2026-08-06 09:29:25,349 | INFO | httpx | HTTP Request: GET https://legacy.winningform.co.za/KZN/2S260809_5.htm "HTTP/1.1 200 OK"
2026-08-06 09:29:25,405 | INFO | app.scrapers.winning_form_scraper | runner_table_used columns={'number': 0, 'name': 1, 'length_behind': 2, 'speed_index': 3, 'predicted_time': 4, 'merit': 5, 'weight': 6, 'draw': 7, 'jockey': 9, 'trainer': 10, 'previous_run': 12, 'time': 17} extracted=8 stated=8
2026-08-06 09:29:25,405 | INFO | app.scrapers.winning_form_scraper | race_parsed url=https://legacy.winningform.co.za/KZN/2S260809_5.htm venue=Hollywoodbets Scottsville Inner date=2026-08-09 race=5 stated=8 parsed=8
2026-08-06 09:29:25,405 | INFO | app.scrapers.winning_form_scraper | horse_names=['Parisian Walkway', 'Powerandtheglory', 'Captain West', 'Cardinal Chief', 'Bruh', 'Bangladesh', 'Heal And Soul', 'Mr Fixit']
2026-08-06 09:29:25,587 | INFO | httpx | HTTP Request: GET https://legacy.winningform.co.za/KZN/2S260809_6.htm "HTTP/1.1 200 OK"
2026-08-06 09:29:25,676 | INFO | app.scrapers.winning_form_scraper | runner_table_used columns={'number': 0, 'name': 1, 'length_behind': 2, 'speed_index': 3, 'predicted_time': 4, 'merit': 5, 'weight': 6, 'draw': 7, 'jockey': 9, 'trainer': 10, 'previous_run': 12, 'time': 17} extracted=11 stated=11
2026-08-06 09:29:25,676 | INFO | app.scrapers.winning_form_scraper | race_parsed url=https://legacy.winningform.co.za/KZN/2S260809_6.htm venue=Hollywoodbets Scottsville Inner date=2026-08-09 race=6 stated=11 parsed=11
2026-08-06 09:29:25,676 | INFO | app.scrapers.winning_form_scraper | horse_names=['Run To Rio', 'Jazz Festival', 'Mister Nibbles', 'Radu', 'Power Star', 'Galaxy Explorer', "Kimball O'hara", 'Twilight Warrior', 'I Am Classy', 'Irish Anthem', 'Twocantango']
2026-08-06 09:29:25,845 | INFO | httpx | HTTP Request: GET https://legacy.winningform.co.za/KZN/2S260809_7.htm "HTTP/1.1 200 OK"
2026-08-06 09:29:25,905 | INFO | app.scrapers.winning_form_scraper | runner_table_used columns={'number': 0, 'name': 1, 'length_behind': 2, 'speed_index': 3, 'predicted_time': 4, 'merit': 5, 'weight': 6, 'draw': 7, 'jockey': 9, 'trainer': 10, 'previous_run': 12, 'time': 17} extracted=7 stated=7
2026-08-06 09:29:25,905 | INFO | app.scrapers.winning_form_scraper | race_parsed url=https://legacy.winningform.co.za/KZN/2S260809_7.htm venue=Hollywoodbets Scottsville Inner date=2026-08-09 race=7 stated=7 parsed=7
2026-08-06 09:29:25,906 | INFO | app.scrapers.winning_form_scraper | horse_names=['Scarlet Macaw', 'La Landonne', 'Miss Ladyaterix', 'Perilla', 'Limitless Sky', 'Lilac In Winter', 'Hierkommiebokkie']
2026-08-06 09:29:26,122 | INFO | httpx | HTTP Request: GET https://legacy.winningform.co.za/KZN/2S260809_8.htm "HTTP/1.1 200 OK"
2026-08-06 09:29:26,197 | INFO | app.scrapers.winning_form_scraper | runner_table_used columns={'number': 0, 'name': 1, 'length_behind': 2, 'speed_index': 3, 'predicted_time': 4, 'merit': 5, 'weight': 6, 'draw': 7, 'jockey': 9, 'trainer': 10, 'previous_run': 12, 'time': 17} extracted=12 stated=12
2026-08-06 09:29:26,198 | INFO | app.scrapers.winning_form_scraper | race_parsed url=https://legacy.winningform.co.za/KZN/2S260809_8.htm venue=Hollywoodbets Scottsville Outer date=2026-08-09 race=8 stated=12 parsed=12
2026-08-06 09:29:26,198 | INFO | app.scrapers.winning_form_scraper | horse_names=['Clair De Lune', 'Ruby Rising', 'Scarlet Starlet', 'Call Me Jane', 'Fascination', 'Arverni Princess', 'Captain Ventura', 'Vision To Achieve', 'Emerald Forge', 'Royal Crest', 'Durban Diamond', 'Grue Of Ice']
2026-08-06 09:29:26,261 | INFO | app.services.monitoring_service | monitoring_cycle_completed
2026-08-06 09:29:26,261 | INFO | app.main | application_started
2026-08-06 09:43:56,104 | INFO | apscheduler.scheduler | Scheduler has been shut down
2026-08-06 09:43:56,110 | INFO | app.main | application_stopped
2026-08-06 11:08:41,156 | INFO | apscheduler.scheduler | Adding job tentatively -- it will be properly scheduled when the scheduler starts
2026-08-06 11:08:41,157 | INFO | apscheduler.scheduler | Added job "MonitoringService.run_cycle" to job store "default"
2026-08-06 11:08:41,157 | INFO | apscheduler.scheduler | Scheduler started
2026-08-06 11:08:41,157 | INFO | app.services.monitoring_service | monitoring_cycle_started
2026-08-06 11:08:41,488 | INFO | httpx | HTTP Request: GET https://legacy.winningform.co.za "HTTP/1.1 200 OK"
2026-08-06 11:08:41,500 | INFO | app.scrapers.winning_form_scraper | fetch_index_frames=['https://legacy.winningform.co.za/guide.htm', 'https://legacy.winningform.co.za/cover.htm']
2026-08-06 11:08:41,615 | INFO | httpx | HTTP Request: GET https://legacy.winningform.co.za "HTTP/1.1 200 OK"
2026-08-06 11:08:41,733 | INFO | httpx | HTTP Request: GET https://legacy.winningform.co.za/guide.htm "HTTP/1.1 200 OK"
2026-08-06 11:08:41,866 | INFO | httpx | HTTP Request: GET https://legacy.winningform.co.za/cover.htm "HTTP/1.1 200 OK"
2026-08-06 11:08:41,979 | INFO | httpx | HTTP Request: GET https://legacy.winningform.co.za "HTTP/1.1 200 OK"
2026-08-06 11:08:42,098 | INFO | httpx | HTTP Request: GET https://legacy.winningform.co.za/guide.htm "HTTP/1.1 200 OK"
2026-08-06 11:08:42,283 | INFO | httpx | HTTP Request: GET https://legacy.winningform.co.za/cover.htm "HTTP/1.1 200 OK"
2026-08-06 11:08:42,299 | INFO | app.scrapers.winning_form_scraper | race_links_total=41
2026-08-06 11:08:42,299 | INFO | app.scrapers.winning_form_scraper | meetings_seen=['ecp-f260807', 'gau-t260808', 'gau-v260806', 'kzn-d260807', 'kzn-s260809']
2026-08-06 11:08:42,472 | INFO | httpx | HTTP Request: GET https://legacy.winningform.co.za/GAU/2V260806_1.htm "HTTP/1.1 200 OK"
2026-08-06 11:08:42,524 | INFO | app.scrapers.winning_form_scraper | runner_table_used columns={'number': 0, 'name': 1, 'length_behind': 2, 'speed_index': 3, 'predicted_time': 4, 'merit': 5, 'weight': 6, 'draw': 7, 'jockey': 9, 'trainer': 10, 'previous_run': 12, 'time': 17} extracted=6 stated=6
2026-08-06 11:08:42,525 | INFO | app.scrapers.winning_form_scraper | race_parsed url=https://legacy.winningform.co.za/GAU/2V260806_1.htm venue=Vaal date=2026-08-06 race=1 stated=6 parsed=5
2026-08-06 11:08:42,525 | INFO | app.scrapers.winning_form_scraper | horse_names=['Battleground', 'Corrupt', 'Green Machine', 'Taxhaven', 'Bellerophon', 'Samuel Sharpe']
2026-08-06 11:08:42,682 | INFO | httpx | HTTP Request: GET https://legacy.winningform.co.za/GAU/2V260806_2.htm "HTTP/1.1 200 OK"
2026-08-06 11:08:42,738 | INFO | app.scrapers.winning_form_scraper | runner_table_used columns={'number': 0, 'name': 1, 'length_behind': 2, 'speed_index': 3, 'predicted_time': 4, 'merit': 5, 'weight': 6, 'draw': 7, 'jockey': 9, 'trainer': 10, 'previous_run': 12, 'time': 17} extracted=7 stated=7
2026-08-06 11:08:42,738 | INFO | app.scrapers.winning_form_scraper | race_parsed url=https://legacy.winningform.co.za/GAU/2V260806_2.htm venue=Vaal date=2026-08-06 race=2 stated=7 parsed=6
2026-08-06 11:08:42,738 | INFO | app.scrapers.winning_form_scraper | horse_names=['Jet Cat', 'Sergeant Soqrat', 'Bell Of Angelus', 'Oriental Bouquet', 'Phala Millions', 'Caladrius', 'Champagne Problems']
2026-08-06 11:08:42,886 | INFO | httpx | HTTP Request: GET https://legacy.winningform.co.za/GAU/2V260806_3.htm "HTTP/1.1 200 OK"
2026-08-06 11:08:42,929 | INFO | app.scrapers.winning_form_scraper | runner_table_used columns={'number': 0, 'name': 1, 'length_behind': 2, 'speed_index': 3, 'predicted_time': 4, 'merit': 5, 'weight': 6, 'draw': 7, 'jockey': 9, 'trainer': 10, 'previous_run': 12, 'time': 17} extracted=7 stated=7
2026-08-06 11:08:42,930 | INFO | app.scrapers.winning_form_scraper | race_parsed url=https://legacy.winningform.co.za/GAU/2V260806_3.htm venue=Vaal date=2026-08-06 race=3 stated=7 parsed=7
2026-08-06 11:08:42,930 | INFO | app.scrapers.winning_form_scraper | horse_names=['Wings Of Kildra', 'Ada Lovelace', 'Executrix', 'Magic Carpet Ride', 'Royal Horizon', 'Iconic Winter', 'Love Not War']
2026-08-06 11:08:43,133 | INFO | httpx | HTTP Request: GET https://legacy.winningform.co.za/GAU/2V260806_4.htm "HTTP/1.1 200 OK"
2026-08-06 11:08:43,223 | INFO | app.scrapers.winning_form_scraper | runner_table_used columns={'number': 0, 'name': 1, 'length_behind': 2, 'speed_index': 3, 'predicted_time': 4, 'merit': 5, 'weight': 6, 'draw': 7, 'jockey': 9, 'trainer': 10, 'previous_run': 12, 'time': 17} extracted=7 stated=7
2026-08-06 11:08:43,223 | INFO | app.scrapers.winning_form_scraper | race_parsed url=https://legacy.winningform.co.za/GAU/2V260806_4.htm venue=Vaal date=2026-08-06 race=4 stated=7 parsed=7
2026-08-06 11:08:43,223 | INFO | app.scrapers.winning_form_scraper | horse_names=['Winter Rainfall', 'Valieva', "She's All Mine", 'Jazz Pianist', 'Tempranillo', 'Versace Onthetrack', 'Slender Silhouette']
2026-08-06 11:08:43,371 | INFO | httpx | HTTP Request: GET https://legacy.winningform.co.za/GAU/2V260806_5.htm "HTTP/1.1 200 OK"
2026-08-06 11:08:43,445 | INFO | app.scrapers.winning_form_scraper | runner_table_used columns={'number': 0, 'name': 1, 'length_behind': 2, 'speed_index': 3, 'predicted_time': 4, 'merit': 5, 'weight': 6, 'draw': 7, 'jockey': 9, 'trainer': 10, 'previous_run': 12, 'time': 17} extracted=11 stated=11
2026-08-06 11:08:43,446 | INFO | app.scrapers.winning_form_scraper | race_parsed url=https://legacy.winningform.co.za/GAU/2V260806_5.htm venue=Vaal date=2026-08-06 race=5 stated=11 parsed=9
2026-08-06 11:08:43,446 | INFO | app.scrapers.winning_form_scraper | horse_names=['Wish You Were Here', 'Smoking Gun', 'A Roman Twist', "God's Country", 'Cool Gambler', "Ain't No Sunshine", 'Willow Charm', 'Levitator', 'Forever Canford', 'Lannyboy', 'Spirit Of The Sea']
2026-08-06 11:08:43,884 | INFO | httpx | HTTP Request: GET https://legacy.winningform.co.za/GAU/2V260806_6.htm "HTTP/1.1 200 OK"
2026-08-06 11:08:43,925 | INFO | app.scrapers.winning_form_scraper | runner_table_used columns={'number': 0, 'name': 1, 'length_behind': 2, 'speed_index': 3, 'predicted_time': 4, 'merit': 5, 'weight': 6, 'draw': 7, 'jockey': 9, 'trainer': 10, 'previous_run': 12, 'time': 17} extracted=8 stated=8
2026-08-06 11:08:43,925 | INFO | app.scrapers.winning_form_scraper | race_parsed url=https://legacy.winningform.co.za/GAU/2V260806_6.htm venue=Vaal date=2026-08-06 race=6 stated=8 parsed=7
2026-08-06 11:08:43,926 | INFO | app.scrapers.winning_form_scraper | horse_names=['Korcula', 'Epidaurus', 'Twelfth Of Never', 'Gus On The Bus', 'Comic Artist', 'Lanteri', 'Evening News', 'Forever Red']
2026-08-06 11:08:44,085 | INFO | httpx | HTTP Request: GET https://legacy.winningform.co.za/GAU/2V260806_7.htm "HTTP/1.1 200 OK"
2026-08-06 11:08:44,168 | INFO | app.scrapers.winning_form_scraper | runner_table_used columns={'number': 0, 'name': 1, 'length_behind': 2, 'speed_index': 3, 'predicted_time': 4, 'merit': 5, 'weight': 6, 'draw': 7, 'jockey': 9, 'trainer': 10, 'previous_run': 12, 'time': 17} extracted=13 stated=13
2026-08-06 11:08:44,169 | INFO | app.scrapers.winning_form_scraper | race_parsed url=https://legacy.winningform.co.za/GAU/2V260806_7.htm venue=Vaal date=2026-08-06 race=7 stated=13 parsed=13
2026-08-06 11:08:44,169 | INFO | app.scrapers.winning_form_scraper | horse_names=['Itsnowornever', 'Nuclear Force', 'Thoonsil', 'Party Punch', 'Hopscotch', 'Rosy Lemon', 'Cartagena', 'Arlington Action', 'Chabal', 'Repetition', 'Euphrates', 'Gold De Grace', 'Heroic Act']
2026-08-06 11:08:44,330 | INFO | httpx | HTTP Request: GET https://legacy.winningform.co.za/GAU/2V260806_8.htm "HTTP/1.1 200 OK"
2026-08-06 11:08:44,380 | INFO | app.scrapers.winning_form_scraper | runner_table_used columns={'number': 0, 'name': 1, 'length_behind': 2, 'speed_index': 3, 'predicted_time': 4, 'merit': 5, 'weight': 6, 'draw': 7, 'jockey': 9, 'trainer': 10, 'previous_run': 12, 'time': 17} extracted=10 stated=10
2026-08-06 11:08:44,380 | INFO | app.scrapers.winning_form_scraper | race_parsed url=https://legacy.winningform.co.za/GAU/2V260806_8.htm venue=Vaal date=2026-08-06 race=8 stated=10 parsed=8
2026-08-06 11:08:44,380 | INFO | app.scrapers.winning_form_scraper | horse_names=['Freestyle Dance', 'Wartrax Blaze', 'Elisa Mbali', 'One State', 'Campo Formio', 'Sword Of Light', 'Mega Awesome', 'Truro Legacy', 'Cuzzie', 'Noble Chiefdom']
2026-08-06 11:08:44,536 | INFO | httpx | HTTP Request: GET https://legacy.winningform.co.za/KZN/2D260807_1.htm "HTTP/1.1 200 OK"
2026-08-06 11:08:44,590 | INFO | app.scrapers.winning_form_scraper | runner_table_used columns={'number': 0, 'name': 1, 'length_behind': 2, 'speed_index': 3, 'predicted_time': 4, 'merit': 5, 'weight': 6, 'draw': 7, 'jockey': 9, 'trainer': 10, 'previous_run': 12, 'time': 17} extracted=14 stated=14
2026-08-06 11:08:44,590 | INFO | app.scrapers.winning_form_scraper | race_parsed url=https://legacy.winningform.co.za/KZN/2D260807_1.htm venue=Hollywoodbets Greyville date=2026-08-07 race=1 stated=14 parsed=14
2026-08-06 11:08:44,590 | INFO | app.scrapers.winning_form_scraper | horse_names=['Owner Of Creation', 'Skipper Zip', 'Yeah Baby', 'Simonis', "Hadrian's Wall", 'Golden Diadem', 'Prince Of Rabada', 'Goldsmith', 'Peace Sign', 'Thurloe Place', 'Cuba Libre', 'Flight Twenty One', 'Catch That Kid', 'Big Dipper']
2026-08-06 11:08:44,750 | INFO | httpx | HTTP Request: GET https://legacy.winningform.co.za/KZN/2D260807_2.htm "HTTP/1.1 200 OK"
2026-08-06 11:08:44,808 | INFO | app.scrapers.winning_form_scraper | runner_table_used columns={'number': 0, 'name': 1, 'length_behind': 2, 'speed_index': 3, 'predicted_time': 4, 'merit': 5, 'weight': 6, 'draw': 7, 'jockey': 9, 'trainer': 10, 'previous_run': 12, 'time': 17} extracted=8 stated=8
2026-08-06 11:08:44,808 | INFO | app.scrapers.winning_form_scraper | race_parsed url=https://legacy.winningform.co.za/KZN/2D260807_2.htm venue=Hollywoodbets Greyville date=2026-08-07 race=2 stated=8 parsed=8
2026-08-06 11:08:44,808 | INFO | app.scrapers.winning_form_scraper | horse_names=['Hazel Green', 'Tears Of The Sun', 'Queen Of Denmark', 'America First', 'Eastern Glow', "Loreley's Rock", 'Lagertha The Queen', 'Periwinkle']
2026-08-06 11:08:45,185 | INFO | httpx | HTTP Request: GET https://legacy.winningform.co.za/KZN/2D260807_3.htm "HTTP/1.1 200 OK"
2026-08-06 11:08:45,224 | INFO | app.scrapers.winning_form_scraper | runner_table_used columns={'number': 0, 'name': 1, 'length_behind': 2, 'speed_index': 3, 'predicted_time': 4, 'merit': 5, 'weight': 6, 'draw': 7, 'jockey': 9, 'trainer': 10, 'previous_run': 12, 'time': 17} extracted=7 stated=7
2026-08-06 11:08:45,224 | INFO | app.scrapers.winning_form_scraper | race_parsed url=https://legacy.winningform.co.za/KZN/2D260807_3.htm venue=Hollywoodbets Greyville date=2026-08-07 race=3 stated=7 parsed=7
2026-08-06 11:08:45,224 | INFO | app.scrapers.winning_form_scraper | horse_names=['Crimson Typhoon', 'Fire Force', 'Augrabies', 'Captive Prince', 'Lacryma Christi', 'Noctambulist', 'Chaos Queen']
2026-08-06 11:08:45,406 | INFO | httpx | HTTP Request: GET https://legacy.winningform.co.za/KZN/2D260807_4.htm "HTTP/1.1 200 OK"
2026-08-06 11:08:45,470 | INFO | app.scrapers.winning_form_scraper | runner_table_used columns={'number': 0, 'name': 1, 'length_behind': 2, 'speed_index': 3, 'predicted_time': 4, 'merit': 5, 'weight': 6, 'draw': 7, 'jockey': 9, 'trainer': 10, 'previous_run': 12, 'time': 17} extracted=13 stated=13
2026-08-06 11:08:45,470 | INFO | app.scrapers.winning_form_scraper | race_parsed url=https://legacy.winningform.co.za/KZN/2D260807_4.htm venue=Hollywoodbets Greyville date=2026-08-07 race=4 stated=13 parsed=13
2026-08-06 11:08:45,471 | INFO | app.scrapers.winning_form_scraper | horse_names=['Tunguska', 'High Queue', 'Zena Rose', 'The Mikado', 'Shiny Bob', 'No Pressure', 'Heavenly Mafia', 'Fast And Free', 'Day Two', 'Christmas Cactus', 'National Dream', 'Status', 'Reign On Impact']
2026-08-06 11:08:45,650 | INFO | httpx | HTTP Request: GET https://legacy.winningform.co.za/KZN/2D260807_5.htm "HTTP/1.1 200 OK"
2026-08-06 11:08:45,716 | INFO | app.scrapers.winning_form_scraper | runner_table_used columns={'number': 0, 'name': 1, 'length_behind': 2, 'speed_index': 3, 'predicted_time': 4, 'merit': 5, 'weight': 6, 'draw': 7, 'jockey': 9, 'trainer': 10, 'previous_run': 12, 'time': 17} extracted=9 stated=9
2026-08-06 11:08:45,716 | INFO | app.scrapers.winning_form_scraper | race_parsed url=https://legacy.winningform.co.za/KZN/2D260807_5.htm venue=Hollywoodbets Greyville date=2026-08-07 race=5 stated=9 parsed=9
2026-08-06 11:08:45,716 | INFO | app.scrapers.winning_form_scraper | horse_names=['Position Of Power', 'Thisiswhatitmeans', 'Teflon Man', 'Future Variety', 'Soho Star', 'Imposing', 'King Of The Gauls', 'Good Traveller', 'Narina Trogon']
2026-08-06 11:08:45,914 | INFO | httpx | HTTP Request: GET https://legacy.winningform.co.za/KZN/2D260807_6.htm "HTTP/1.1 200 OK"
2026-08-06 11:08:45,985 | INFO | app.scrapers.winning_form_scraper | runner_table_used columns={'number': 0, 'name': 1, 'length_behind': 2, 'speed_index': 3, 'predicted_time': 4, 'merit': 5, 'weight': 6, 'draw': 7, 'jockey': 9, 'trainer': 10, 'previous_run': 12, 'time': 17} extracted=11 stated=11
2026-08-06 11:08:45,986 | INFO | app.scrapers.winning_form_scraper | race_parsed url=https://legacy.winningform.co.za/KZN/2D260807_6.htm venue=Hollywoodbets Greyville date=2026-08-07 race=6 stated=11 parsed=11
2026-08-06 11:08:45,986 | INFO | app.scrapers.winning_form_scraper | horse_names=['Warrior Royale', 'Swiatek', "That's My Baby", 'Happy Fortune', 'Miss Twinkle', 'Sonic Jet', 'Gorgeous Girl', 'Warning Sound', 'Red Taffety', 'Drumnadrochit', 'Forward Motion']
2026-08-06 11:08:46,161 | INFO | httpx | HTTP Request: GET https://legacy.winningform.co.za/KZN/2D260807_7.htm "HTTP/1.1 200 OK"
2026-08-06 11:08:46,298 | INFO | app.scrapers.winning_form_scraper | runner_table_used columns={'number': 0, 'name': 1, 'length_behind': 2, 'speed_index': 3, 'predicted_time': 4, 'merit': 5, 'weight': 6, 'draw': 7, 'jockey': 9, 'trainer': 10, 'previous_run': 12, 'time': 17} extracted=10 stated=10
2026-08-06 11:08:46,299 | INFO | app.scrapers.winning_form_scraper | race_parsed url=https://legacy.winningform.co.za/KZN/2D260807_7.htm venue=Hollywoodbets Greyville date=2026-08-07 race=7 stated=10 parsed=10
2026-08-06 11:08:46,299 | INFO | app.scrapers.winning_form_scraper | horse_names=['Maphaka', 'Future Flo', 'Miss World', 'Ubukhwebezana', 'Street Outlaw', 'City Of Love', 'What A Fortune', 'African Skyline', 'Cowdray Park', 'Johnny Appleseed']
2026-08-06 11:08:46,449 | INFO | httpx | HTTP Request: GET https://legacy.winningform.co.za/KZN/2D260807_8.htm "HTTP/1.1 200 OK"
2026-08-06 11:08:46,520 | INFO | app.scrapers.winning_form_scraper | runner_table_used columns={'number': 0, 'name': 1, 'length_behind': 2, 'speed_index': 3, 'predicted_time': 4, 'merit': 5, 'weight': 6, 'draw': 7, 'jockey': 9, 'trainer': 10, 'previous_run': 12, 'time': 17} extracted=11 stated=11
2026-08-06 11:08:46,521 | INFO | app.scrapers.winning_form_scraper | race_parsed url=https://legacy.winningform.co.za/KZN/2D260807_8.htm venue=Hollywoodbets Greyville date=2026-08-07 race=8 stated=11 parsed=11
2026-08-06 11:08:46,521 | INFO | app.scrapers.winning_form_scraper | horse_names=['Next Of Kin', 'Mvelelo', "Tam's Knight", 'Mar Del Plata', 'Tobacconist', 'Blue Steel', 'Phutulicious', 'War Emperor', 'My Boy Lollipop', 'Steamy Windows', 'Zagreb']
2026-08-06 11:08:46,686 | INFO | httpx | HTTP Request: GET https://legacy.winningform.co.za/ECP/2F260807_1.htm "HTTP/1.1 200 OK"
2026-08-06 11:08:46,739 | INFO | app.scrapers.winning_form_scraper | runner_table_used columns={'number': 0, 'name': 1, 'length_behind': 2, 'speed_index': 3, 'predicted_time': 4, 'merit': 5, 'weight': 6, 'draw': 7, 'jockey': 9, 'trainer': 10, 'previous_run': 12, 'time': 17} extracted=10 stated=10
2026-08-06 11:08:46,739 | INFO | app.scrapers.winning_form_scraper | race_parsed url=https://legacy.winningform.co.za/ECP/2F260807_1.htm venue=Fairview date=2026-08-07 race=1 stated=10 parsed=10
2026-08-06 11:08:46,739 | INFO | app.scrapers.winning_form_scraper | horse_names=['Good Shine', 'Green Point', 'Crimson Clover', 'Takemetothemoon', 'Norse Warrior', 'Stone Of Scone', 'J Lordi', 'Blue Dame', 'Storm Burst', 'Golden Fifties']
2026-08-06 11:08:46,921 | INFO | httpx | HTTP Request: GET https://legacy.winningform.co.za/ECP/2F260807_2.htm "HTTP/1.1 200 OK"
2026-08-06 11:08:46,966 | INFO | app.scrapers.winning_form_scraper | runner_table_used columns={'number': 0, 'name': 1, 'length_behind': 2, 'speed_index': 3, 'predicted_time': 4, 'merit': 5, 'weight': 6, 'draw': 7, 'jockey': 9, 'trainer': 10, 'previous_run': 12, 'time': 17} extracted=10 stated=10
2026-08-06 11:08:46,966 | INFO | app.scrapers.winning_form_scraper | race_parsed url=https://legacy.winningform.co.za/ECP/2F260807_2.htm venue=Fairview date=2026-08-07 race=2 stated=10 parsed=10
2026-08-06 11:08:46,966 | INFO | app.scrapers.winning_form_scraper | horse_names=['Touch The Sword', 'Caughtubysurprise', 'Fonte', 'Kim Kay', 'Jewel Mule', 'Redlight Lane', 'Harpa', 'World Of Diamonds', 'Without Hesitation', 'Gallic Greeting']
2026-08-06 11:08:47,136 | INFO | httpx | HTTP Request: GET https://legacy.winningform.co.za/ECP/2F260807_3.htm "HTTP/1.1 200 OK"
2026-08-06 11:08:47,264 | INFO | app.scrapers.winning_form_scraper | runner_table_used columns={'number': 0, 'name': 1, 'length_behind': 2, 'speed_index': 3, 'predicted_time': 4, 'merit': 5, 'weight': 6, 'draw': 7, 'jockey': 9, 'trainer': 10, 'previous_run': 12, 'time': 17} extracted=9 stated=9
2026-08-06 11:08:47,265 | INFO | app.scrapers.winning_form_scraper | race_parsed url=https://legacy.winningform.co.za/ECP/2F260807_3.htm venue=Fairview date=2026-08-07 race=3 stated=9 parsed=9
2026-08-06 11:08:47,265 | INFO | app.scrapers.winning_form_scraper | horse_names=['Frequent Traveller', 'Secret Eruption', 'Witching Hour', 'Lady Limoncello', 'Lady Of Fate', 'Blue Crystal', 'Island Jewel', 'Burning Desire', 'Total Eruption']
2026-08-06 11:08:47,512 | INFO | httpx | HTTP Request: GET https://legacy.winningform.co.za/ECP/2F260807_4.htm "HTTP/1.1 200 OK"
2026-08-06 11:08:47,568 | INFO | app.scrapers.winning_form_scraper | runner_table_used columns={'number': 0, 'name': 1, 'length_behind': 2, 'speed_index': 3, 'predicted_time': 4, 'merit': 5, 'weight': 6, 'draw': 7, 'jockey': 9, 'trainer': 10, 'previous_run': 12, 'time': 17} extracted=9 stated=9
2026-08-06 11:08:47,569 | INFO | app.scrapers.winning_form_scraper | race_parsed url=https://legacy.winningform.co.za/ECP/2F260807_4.htm venue=Fairview date=2026-08-07 race=4 stated=9 parsed=9
2026-08-06 11:08:47,569 | INFO | app.scrapers.winning_form_scraper | horse_names=['Home Reef', 'Makhachev', 'Anatolian Silver', 'Global Ally', 'Richardthefearless', 'Wild Fig', 'Hollandia Bakkerij', 'Flight Display', 'Johnny Drama']
2026-08-06 11:08:47,745 | INFO | httpx | HTTP Request: GET https://legacy.winningform.co.za/ECP/2F260807_5.htm "HTTP/1.1 200 OK"
2026-08-06 11:08:47,808 | INFO | app.scrapers.winning_form_scraper | runner_table_used columns={'number': 0, 'name': 1, 'length_behind': 2, 'speed_index': 3, 'predicted_time': 4, 'merit': 5, 'weight': 6, 'draw': 7, 'jockey': 9, 'trainer': 10, 'previous_run': 12, 'time': 17} extracted=10 stated=10
2026-08-06 11:08:47,808 | INFO | app.scrapers.winning_form_scraper | race_parsed url=https://legacy.winningform.co.za/ECP/2F260807_5.htm venue=Fairview date=2026-08-07 race=5 stated=10 parsed=10
2026-08-06 11:08:47,808 | INFO | app.scrapers.winning_form_scraper | horse_names=['King Viserys', 'Cheerful Charlie B', 'Green Planet', 'Pedro', 'Lucky Chance', 'Givethatmanabells', 'Umami', 'Star Of Elena', 'Celtic Rush', 'Nautical Landing']
2026-08-06 11:08:47,989 | INFO | httpx | HTTP Request: GET https://legacy.winningform.co.za/ECP/2F260807_6.htm "HTTP/1.1 200 OK"
2026-08-06 11:08:48,078 | INFO | app.scrapers.winning_form_scraper | runner_table_used columns={'number': 0, 'name': 1, 'length_behind': 2, 'speed_index': 3, 'predicted_time': 4, 'merit': 5, 'weight': 6, 'draw': 7, 'jockey': 9, 'trainer': 10, 'previous_run': 12, 'time': 17} extracted=11 stated=11
2026-08-06 11:08:48,079 | INFO | app.scrapers.winning_form_scraper | race_parsed url=https://legacy.winningform.co.za/ECP/2F260807_6.htm venue=Fairview date=2026-08-07 race=6 stated=11 parsed=11
2026-08-06 11:08:48,079 | INFO | app.scrapers.winning_form_scraper | horse_names=['Basingstoke', 'Icy Lancaster', 'Japanese Garden', 'Midnight Music', 'Kilmonivaig', 'Queen Of Jazz', 'Power Of Tiger', 'Daffodil Delight', 'Timeline', 'Gutsy Baby', 'Princess Of Ajiaal']
2026-08-06 11:08:48,256 | INFO | httpx | HTTP Request: GET https://legacy.winningform.co.za/ECP/2F260807_7.htm "HTTP/1.1 200 OK"
2026-08-06 11:08:48,312 | INFO | app.scrapers.winning_form_scraper | runner_table_used columns={'number': 0, 'name': 1, 'length_behind': 2, 'speed_index': 3, 'predicted_time': 4, 'merit': 5, 'weight': 6, 'draw': 7, 'jockey': 9, 'trainer': 10, 'previous_run': 12, 'time': 17} extracted=10 stated=10
2026-08-06 11:08:48,313 | INFO | app.scrapers.winning_form_scraper | race_parsed url=https://legacy.winningform.co.za/ECP/2F260807_7.htm venue=Fairview date=2026-08-07 race=7 stated=10 parsed=10
2026-08-06 11:08:48,313 | INFO | app.scrapers.winning_form_scraper | horse_names=['Coastal Path', 'Stars In Heaven', 'Forest Spy', 'Masked Vigilante', 'Champonelle', 'Stokesy', 'Aquarius', 'Overture', 'Surge Of Power', 'Astronomical Boy']
2026-08-06 11:08:48,510 | INFO | httpx | HTTP Request: GET https://legacy.winningform.co.za/ECP/2F260807_8.htm "HTTP/1.1 200 OK"
2026-08-06 11:08:48,579 | INFO | app.scrapers.winning_form_scraper | runner_table_used columns={'number': 0, 'name': 1, 'length_behind': 2, 'speed_index': 3, 'predicted_time': 4, 'merit': 5, 'weight': 6, 'draw': 7, 'jockey': 9, 'trainer': 10, 'previous_run': 12, 'time': 17} extracted=11 stated=11
2026-08-06 11:08:48,580 | INFO | app.scrapers.winning_form_scraper | race_parsed url=https://legacy.winningform.co.za/ECP/2F260807_8.htm venue=Fairview date=2026-08-07 race=8 stated=11 parsed=11
2026-08-06 11:08:48,580 | INFO | app.scrapers.winning_form_scraper | horse_names=['Captain Clever', 'Free World', 'Cape Capri', 'Chief Runner', 'Piton De Neige', 'Wordsworth', 'In The Bag', 'Bumps Last Grind', 'King Rahul', 'Waltzing Doll', 'Truly Magical']
2026-08-06 11:08:48,759 | INFO | httpx | HTTP Request: GET https://legacy.winningform.co.za/GAU/2T260808_1.htm "HTTP/1.1 200 OK"
2026-08-06 11:08:48,803 | INFO | app.scrapers.winning_form_scraper | runner_table_used columns={'number': 0, 'name': 1, 'length_behind': 2, 'speed_index': 3, 'predicted_time': 4, 'merit': 5, 'weight': 6, 'draw': 7, 'jockey': 9, 'trainer': 10, 'previous_run': 12, 'time': 17} extracted=10 stated=10
2026-08-06 11:08:48,804 | INFO | app.scrapers.winning_form_scraper | race_parsed url=https://legacy.winningform.co.za/GAU/2T260808_1.htm venue=Turffontein date=2026-08-08 race=1 stated=10 parsed=10
2026-08-06 11:08:48,804 | INFO | app.scrapers.winning_form_scraper | horse_names=['Midnight Special', 'Platinum Shay', 'Elegant Edge', 'Surreal Song', "Meghan's Diamond", "Master's Lady", 'Charleston Dawn', 'Lazer Light', 'Moonface', 'Jessica Rabbit']
2026-08-06 11:08:48,957 | INFO | httpx | HTTP Request: GET https://legacy.winningform.co.za/GAU/2T260808_2.htm "HTTP/1.1 200 OK"
2026-08-06 11:08:48,996 | INFO | app.scrapers.winning_form_scraper | runner_table_used columns={'number': 0, 'name': 1, 'length_behind': 2, 'speed_index': 3, 'predicted_time': 4, 'merit': 5, 'weight': 6, 'draw': 7, 'jockey': 9, 'trainer': 10, 'previous_run': 12, 'time': 17} extracted=7 stated=7
2026-08-06 11:08:48,996 | INFO | app.scrapers.winning_form_scraper | race_parsed url=https://legacy.winningform.co.za/GAU/2T260808_2.htm venue=Turffontein date=2026-08-08 race=2 stated=7 parsed=7
2026-08-06 11:08:48,996 | INFO | app.scrapers.winning_form_scraper | horse_names=['Shining Sun', 'Royale Jacket', 'Be The One', 'Seventh Fleet', 'Moethemoneyman', 'From The Get Go', 'Mirum']
2026-08-06 11:08:49,156 | INFO | httpx | HTTP Request: GET https://legacy.winningform.co.za/GAU/2T260808_3.htm "HTTP/1.1 200 OK"
2026-08-06 11:08:49,197 | INFO | app.scrapers.winning_form_scraper | runner_table_used columns={'number': 0, 'name': 1, 'length_behind': 2, 'speed_index': 3, 'predicted_time': 4, 'merit': 5, 'weight': 6, 'draw': 7, 'jockey': 9, 'trainer': 10, 'previous_run': 12, 'time': 17} extracted=7 stated=7
2026-08-06 11:08:49,197 | INFO | app.scrapers.winning_form_scraper | race_parsed url=https://legacy.winningform.co.za/GAU/2T260808_3.htm venue=Turffontein date=2026-08-08 race=3 stated=7 parsed=7
2026-08-06 11:08:49,198 | INFO | app.scrapers.winning_form_scraper | horse_names=["Destiny's Dream", 'Empress Of Peace', 'Be All You Can Be', "Nicci's Law", 'Hot Choice', 'Nicolson Landing', 'Future Red']
2026-08-06 11:08:49,361 | INFO | httpx | HTTP Request: GET https://legacy.winningform.co.za/GAU/2T260808_4.htm "HTTP/1.1 200 OK"
2026-08-06 11:08:49,404 | INFO | app.scrapers.winning_form_scraper | runner_table_used columns={'number': 0, 'name': 1, 'length_behind': 2, 'speed_index': 3, 'predicted_time': 4, 'merit': 5, 'weight': 6, 'draw': 7, 'jockey': 9, 'trainer': 10, 'previous_run': 12, 'time': 17} extracted=7 stated=7
2026-08-06 11:08:49,405 | INFO | app.scrapers.winning_form_scraper | race_parsed url=https://legacy.winningform.co.za/GAU/2T260808_4.htm venue=Turffontein date=2026-08-08 race=4 stated=7 parsed=7
2026-08-06 11:08:49,405 | INFO | app.scrapers.winning_form_scraper | horse_names=["Fire 'n Flames", 'Palace Prince', 'Hotarubi', "King's Express", 'The Equator', 'Royal Invitation', 'Hawkbill']
2026-08-06 11:08:49,615 | INFO | httpx | HTTP Request: GET https://legacy.winningform.co.za/GAU/2T260808_5.htm "HTTP/1.1 200 OK"
2026-08-06 11:08:49,695 | INFO | app.scrapers.winning_form_scraper | runner_table_used columns={'number': 0, 'name': 1, 'length_behind': 2, 'speed_index': 3, 'predicted_time': 4, 'merit': 5, 'weight': 6, 'draw': 7, 'jockey': 9, 'trainer': 10, 'previous_run': 12, 'time': 17} extracted=11 stated=11
2026-08-06 11:08:49,695 | INFO | app.scrapers.winning_form_scraper | race_parsed url=https://legacy.winningform.co.za/GAU/2T260808_5.htm venue=Turffontein date=2026-08-08 race=5 stated=11 parsed=11
2026-08-06 11:08:49,696 | INFO | app.scrapers.winning_form_scraper | horse_names=['Max The Magician', 'Vibe Sa', 'Espinoza', 'Antonio Gaudi', 'Blizzard Snow', 'African Prince', "Dante's Bond", 'Richard The First', 'Titan Of The Turf', 'Famous Lady', 'Kudikaran']
2026-08-06 11:08:49,871 | INFO | httpx | HTTP Request: GET https://legacy.winningform.co.za/GAU/2T260808_6.htm "HTTP/1.1 200 OK"
2026-08-06 11:08:49,937 | INFO | app.scrapers.winning_form_scraper | runner_table_used columns={'number': 0, 'name': 1, 'length_behind': 2, 'speed_index': 3, 'predicted_time': 4, 'merit': 5, 'weight': 6, 'draw': 7, 'jockey': 9, 'trainer': 10, 'previous_run': 12, 'time': 17} extracted=8 stated=8
2026-08-06 11:08:49,937 | INFO | app.scrapers.winning_form_scraper | race_parsed url=https://legacy.winningform.co.za/GAU/2T260808_6.htm venue=Turffontein date=2026-08-08 race=6 stated=8 parsed=8
2026-08-06 11:08:49,937 | INFO | app.scrapers.winning_form_scraper | horse_names=['Eight Hats', 'Kortvandraad', 'Pretty Analia', 'Concordia', 'Secret Life', 'Mattiazo', "Master's Rose", 'Way To Burn']
2026-08-06 11:08:50,113 | INFO | httpx | HTTP Request: GET https://legacy.winningform.co.za/GAU/2T260808_7.htm "HTTP/1.1 200 OK"
2026-08-06 11:08:50,173 | INFO | app.scrapers.winning_form_scraper | runner_table_used columns={'number': 0, 'name': 1, 'length_behind': 2, 'speed_index': 3, 'predicted_time': 4, 'merit': 5, 'weight': 6, 'draw': 7, 'jockey': 9, 'trainer': 10, 'previous_run': 12, 'time': 17} extracted=9 stated=9
2026-08-06 11:08:50,173 | INFO | app.scrapers.winning_form_scraper | race_parsed url=https://legacy.winningform.co.za/GAU/2T260808_7.htm venue=Turffontein date=2026-08-08 race=7 stated=9 parsed=9
2026-08-06 11:08:50,174 | INFO | app.scrapers.winning_form_scraper | horse_names=['Gran Canaria', 'Olympian Gold', 'The Africa House', 'Ariovistus', 'Master Christmas', 'Trombolines', 'Oklahoma Smokeshow', 'Birthright', 'Texas Missile']
2026-08-06 11:08:50,345 | INFO | httpx | HTTP Request: GET https://legacy.winningform.co.za/GAU/2T260808_8.htm "HTTP/1.1 200 OK"
2026-08-06 11:08:50,405 | INFO | app.scrapers.winning_form_scraper | runner_table_used columns={'number': 0, 'name': 1, 'length_behind': 2, 'speed_index': 3, 'predicted_time': 4, 'merit': 5, 'weight': 6, 'draw': 7, 'jockey': 9, 'trainer': 10, 'previous_run': 12, 'time': 17} extracted=10 stated=10
2026-08-06 11:08:50,406 | INFO | app.scrapers.winning_form_scraper | race_parsed url=https://legacy.winningform.co.za/GAU/2T260808_8.htm venue=Turffontein date=2026-08-08 race=8 stated=10 parsed=10
2026-08-06 11:08:50,406 | INFO | app.scrapers.winning_form_scraper | horse_names=['American Beauty', 'Boom Boom', 'Sikeloi', 'Into Dancing', 'Pearl In Her Crown', 'Merryweather', 'Fire In Her Soul', 'Glamorous Lady', 'Hoc Est Vita', 'Lava Lamp']
2026-08-06 11:08:50,570 | INFO | httpx | HTTP Request: GET https://legacy.winningform.co.za/GAU/2T260808_9.htm "HTTP/1.1 200 OK"
2026-08-06 11:08:50,618 | INFO | app.scrapers.winning_form_scraper | runner_table_used columns={'number': 0, 'name': 1, 'length_behind': 2, 'speed_index': 3, 'predicted_time': 4, 'merit': 5, 'weight': 6, 'draw': 7, 'jockey': 9, 'trainer': 10, 'previous_run': 12, 'time': 17} extracted=8 stated=8
2026-08-06 11:08:50,618 | INFO | app.scrapers.winning_form_scraper | race_parsed url=https://legacy.winningform.co.za/GAU/2T260808_9.htm venue=Turffontein date=2026-08-08 race=9 stated=8 parsed=8
2026-08-06 11:08:50,619 | INFO | app.scrapers.winning_form_scraper | horse_names=['Zip Code', 'Bay Empire', "Can't Catch Me", 'Six Of All', 'Michael Faraday', 'Dondoyaki', 'Spy Story', 'Sail The Sky']
2026-08-06 11:08:50,793 | INFO | httpx | HTTP Request: GET https://legacy.winningform.co.za/KZN/2S260809_1.htm "HTTP/1.1 200 OK"
2026-08-06 11:08:50,823 | INFO | app.scrapers.winning_form_scraper | runner_table_used columns={'number': 0, 'name': 1, 'length_behind': 2, 'speed_index': 3, 'predicted_time': 4, 'merit': 5, 'weight': 6, 'draw': 7, 'jockey': 9, 'trainer': 10, 'previous_run': 12, 'time': 17} extracted=9 stated=9
2026-08-06 11:08:50,823 | INFO | app.scrapers.winning_form_scraper | race_parsed url=https://legacy.winningform.co.za/KZN/2S260809_1.htm venue=Hollywoodbets Scottsville Outer date=2026-08-09 race=1 stated=9 parsed=9
2026-08-06 11:08:50,824 | INFO | app.scrapers.winning_form_scraper | horse_names=['Tipperary', "Scott's Bar", 'Theodore Rooseveld', 'Praetorian Guard', 'Joy N Hope', 'Bicameral', 'Elusive Diamond', 'Maggiano', 'Grand Tour']
2026-08-06 11:08:50,973 | INFO | httpx | HTTP Request: GET https://legacy.winningform.co.za/KZN/2S260809_2.htm "HTTP/1.1 200 OK"
2026-08-06 11:08:51,036 | INFO | app.scrapers.winning_form_scraper | runner_table_used columns={'number': 0, 'name': 1, 'length_behind': 2, 'speed_index': 3, 'predicted_time': 4, 'merit': 5, 'weight': 6, 'draw': 7, 'jockey': 9, 'trainer': 10, 'previous_run': 12, 'time': 17} extracted=9 stated=9
2026-08-06 11:08:51,036 | INFO | app.scrapers.winning_form_scraper | race_parsed url=https://legacy.winningform.co.za/KZN/2S260809_2.htm venue=Hollywoodbets Scottsville Outer date=2026-08-09 race=2 stated=9 parsed=9
2026-08-06 11:08:51,037 | INFO | app.scrapers.winning_form_scraper | horse_names=["Rocco's Peace", 'Xiphos', 'Snow Warrior', 'Majestic Limpopo', 'Sebastiaan', 'Diaval', 'Gimme The Sun', 'Hello Handsome', 'Bello Gallico']
2026-08-06 11:08:51,251 | INFO | httpx | HTTP Request: GET https://legacy.winningform.co.za/KZN/2S260809_3.htm "HTTP/1.1 200 OK"
2026-08-06 11:08:51,358 | INFO | app.scrapers.winning_form_scraper | runner_table_used columns={'number': 0, 'name': 1, 'length_behind': 2, 'speed_index': 3, 'predicted_time': 4, 'merit': 5, 'weight': 6, 'draw': 7, 'jockey': 9, 'trainer': 10, 'previous_run': 12, 'time': 17} extracted=7 stated=7
2026-08-06 11:08:51,358 | INFO | app.scrapers.winning_form_scraper | race_parsed url=https://legacy.winningform.co.za/KZN/2S260809_3.htm venue=Hollywoodbets Scottsville Inner date=2026-08-09 race=3 stated=7 parsed=7
2026-08-06 11:08:51,358 | INFO | app.scrapers.winning_form_scraper | horse_names=['Vaans Spirit', 'Hop Hop Spinnekop', 'Gold Gold Baby', 'Heavenly Mafia', "Taylor's Version", 'Praise De La Rey', 'Princess Trippi']
2026-08-06 11:08:51,716 | INFO | httpx | HTTP Request: GET https://legacy.winningform.co.za/KZN/2S260809_4.htm "HTTP/1.1 200 OK"
2026-08-06 11:08:51,755 | INFO | app.scrapers.winning_form_scraper | runner_table_used columns={'number': 0, 'name': 1, 'length_behind': 2, 'speed_index': 3, 'predicted_time': 4, 'merit': 5, 'weight': 6, 'draw': 7, 'jockey': 9, 'trainer': 10, 'previous_run': 12, 'time': 17} extracted=8 stated=8
2026-08-06 11:08:51,756 | INFO | app.scrapers.winning_form_scraper | race_parsed url=https://legacy.winningform.co.za/KZN/2S260809_4.htm venue=Hollywoodbets Scottsville Inner date=2026-08-09 race=4 stated=8 parsed=8
2026-08-06 11:08:51,756 | INFO | app.scrapers.winning_form_scraper | horse_names=['Deonarie', 'Runthruthejungle', 'Judiciary', 'Dreadnought', 'Old Harry Rocks', 'Chakalaka', 'All About Me', 'Preux Chavalier']
2026-08-06 11:08:51,981 | INFO | httpx | HTTP Request: GET https://legacy.winningform.co.za/KZN/2S260809_5.htm "HTTP/1.1 200 OK"
2026-08-06 11:08:52,037 | INFO | app.scrapers.winning_form_scraper | runner_table_used columns={'number': 0, 'name': 1, 'length_behind': 2, 'speed_index': 3, 'predicted_time': 4, 'merit': 5, 'weight': 6, 'draw': 7, 'jockey': 9, 'trainer': 10, 'previous_run': 12, 'time': 17} extracted=8 stated=8
2026-08-06 11:08:52,038 | INFO | app.scrapers.winning_form_scraper | race_parsed url=https://legacy.winningform.co.za/KZN/2S260809_5.htm venue=Hollywoodbets Scottsville Inner date=2026-08-09 race=5 stated=8 parsed=8
2026-08-06 11:08:52,038 | INFO | app.scrapers.winning_form_scraper | horse_names=['Parisian Walkway', 'Powerandtheglory', 'Captain West', 'Cardinal Chief', 'Bruh', 'Bangladesh', 'Heal And Soul', 'Mr Fixit']
2026-08-06 11:08:52,226 | INFO | httpx | HTTP Request: GET https://legacy.winningform.co.za/KZN/2S260809_6.htm "HTTP/1.1 200 OK"
2026-08-06 11:08:52,303 | INFO | app.scrapers.winning_form_scraper | runner_table_used columns={'number': 0, 'name': 1, 'length_behind': 2, 'speed_index': 3, 'predicted_time': 4, 'merit': 5, 'weight': 6, 'draw': 7, 'jockey': 9, 'trainer': 10, 'previous_run': 12, 'time': 17} extracted=11 stated=11
2026-08-06 11:08:52,303 | INFO | app.scrapers.winning_form_scraper | race_parsed url=https://legacy.winningform.co.za/KZN/2S260809_6.htm venue=Hollywoodbets Scottsville Inner date=2026-08-09 race=6 stated=11 parsed=11
2026-08-06 11:08:52,304 | INFO | app.scrapers.winning_form_scraper | horse_names=['Run To Rio', 'Jazz Festival', 'Mister Nibbles', 'Radu', 'Power Star', 'Galaxy Explorer', "Kimball O'hara", 'Twilight Warrior', 'I Am Classy', 'Irish Anthem', 'Twocantango']
2026-08-06 11:08:52,523 | INFO | httpx | HTTP Request: GET https://legacy.winningform.co.za/KZN/2S260809_7.htm "HTTP/1.1 200 OK"
2026-08-06 11:08:52,563 | INFO | app.scrapers.winning_form_scraper | runner_table_used columns={'number': 0, 'name': 1, 'length_behind': 2, 'speed_index': 3, 'predicted_time': 4, 'merit': 5, 'weight': 6, 'draw': 7, 'jockey': 9, 'trainer': 10, 'previous_run': 12, 'time': 17} extracted=7 stated=7
2026-08-06 11:08:52,564 | INFO | app.scrapers.winning_form_scraper | race_parsed url=https://legacy.winningform.co.za/KZN/2S260809_7.htm venue=Hollywoodbets Scottsville Inner date=2026-08-09 race=7 stated=7 parsed=7
2026-08-06 11:08:52,564 | INFO | app.scrapers.winning_form_scraper | horse_names=['Scarlet Macaw', 'La Landonne', 'Miss Ladyaterix', 'Perilla', 'Limitless Sky', 'Lilac In Winter', 'Hierkommiebokkie']
2026-08-06 11:08:52,719 | INFO | httpx | HTTP Request: GET https://legacy.winningform.co.za/KZN/2S260809_8.htm "HTTP/1.1 200 OK"
2026-08-06 11:08:52,785 | INFO | app.scrapers.winning_form_scraper | runner_table_used columns={'number': 0, 'name': 1, 'length_behind': 2, 'speed_index': 3, 'predicted_time': 4, 'merit': 5, 'weight': 6, 'draw': 7, 'jockey': 9, 'trainer': 10, 'previous_run': 12, 'time': 17} extracted=12 stated=12
2026-08-06 11:08:52,786 | INFO | app.scrapers.winning_form_scraper | race_parsed url=https://legacy.winningform.co.za/KZN/2S260809_8.htm venue=Hollywoodbets Scottsville Outer date=2026-08-09 race=8 stated=12 parsed=12
2026-08-06 11:08:52,786 | INFO | app.scrapers.winning_form_scraper | horse_names=['Clair De Lune', 'Ruby Rising', 'Scarlet Starlet', 'Call Me Jane', 'Fascination', 'Arverni Princess', 'Captain Ventura', 'Vision To Achieve', 'Emerald Forge', 'Royal Crest', 'Durban Diamond', 'Grue Of Ice']
2026-08-06 11:08:52,821 | INFO | app.services.monitoring_service | monitoring_cycle_completed
2026-08-06 11:08:52,822 | INFO | app.main | application_started
2026-08-06 11:37:44,569 | INFO | apscheduler.scheduler | Scheduler has been shut down
2026-08-06 11:37:44,571 | INFO | app.main | application_stopped
2026-08-06 11:37:46,591 | INFO | apscheduler.scheduler | Adding job tentatively -- it will be properly scheduled when the scheduler starts
2026-08-06 11:37:46,593 | INFO | apscheduler.scheduler | Added job "MonitoringService.run_cycle" to job store "default"
2026-08-06 11:37:46,593 | INFO | apscheduler.scheduler | Scheduler started
2026-08-06 11:37:46,593 | INFO | app.services.monitoring_service | monitoring_cycle_started
2026-08-06 11:37:46,921 | INFO | httpx | HTTP Request: GET https://legacy.winningform.co.za "HTTP/1.1 200 OK"
2026-08-06 11:37:46,925 | INFO | app.scrapers.winning_form_scraper | fetch_index_frames=['https://legacy.winningform.co.za/guide.htm', 'https://legacy.winningform.co.za/cover.htm']
2026-08-06 11:37:47,116 | INFO | httpx | HTTP Request: GET https://legacy.winningform.co.za "HTTP/1.1 200 OK"
2026-08-06 11:37:47,291 | INFO | httpx | HTTP Request: GET https://legacy.winningform.co.za/guide.htm "HTTP/1.1 200 OK"
2026-08-06 11:37:47,493 | INFO | httpx | HTTP Request: GET https://legacy.winningform.co.za/cover.htm "HTTP/1.1 200 OK"
2026-08-06 11:37:47,670 | INFO | httpx | HTTP Request: GET https://legacy.winningform.co.za "HTTP/1.1 200 OK"
2026-08-06 11:37:47,816 | INFO | httpx | HTTP Request: GET https://legacy.winningform.co.za/guide.htm "HTTP/1.1 200 OK"
2026-08-06 11:37:47,956 | INFO | httpx | HTTP Request: GET https://legacy.winningform.co.za/cover.htm "HTTP/1.1 200 OK"
2026-08-06 11:37:47,968 | INFO | app.scrapers.winning_form_scraper | race_links_total=41
2026-08-06 11:37:47,970 | INFO | app.scrapers.winning_form_scraper | meetings_seen=['ecp-f260807', 'gau-t260808', 'gau-v260806', 'kzn-d260807', 'kzn-s260809']
2026-08-06 11:37:48,174 | INFO | httpx | HTTP Request: GET https://legacy.winningform.co.za/GAU/2V260806_1.htm "HTTP/1.1 200 OK"
2026-08-06 11:37:48,228 | INFO | app.scrapers.winning_form_scraper | runner_table_used columns={'number': 0, 'name': 1, 'length_behind': 2, 'speed_index': 3, 'predicted_time': 4, 'merit': 5, 'weight': 6, 'draw': 7, 'jockey': 9, 'trainer': 10, 'previous_run': 12, 'time': 17} extracted=6 stated=6
2026-08-06 11:37:48,228 | INFO | app.scrapers.winning_form_scraper | race_parsed url=https://legacy.winningform.co.za/GAU/2V260806_1.htm venue=Vaal date=2026-08-06 race=1 stated=6 parsed=5
2026-08-06 11:37:48,229 | INFO | app.scrapers.winning_form_scraper | horse_names=['Battleground', 'Corrupt', 'Green Machine', 'Taxhaven', 'Bellerophon', 'Samuel Sharpe']
2026-08-06 11:37:48,501 | INFO | httpx | HTTP Request: GET https://legacy.winningform.co.za/GAU/2V260806_2.htm "HTTP/1.1 200 OK"
2026-08-06 11:37:48,562 | INFO | app.scrapers.winning_form_scraper | runner_table_used columns={'number': 0, 'name': 1, 'length_behind': 2, 'speed_index': 3, 'predicted_time': 4, 'merit': 5, 'weight': 6, 'draw': 7, 'jockey': 9, 'trainer': 10, 'previous_run': 12, 'time': 17} extracted=7 stated=7
2026-08-06 11:37:48,562 | INFO | app.scrapers.winning_form_scraper | race_parsed url=https://legacy.winningform.co.za/GAU/2V260806_2.htm venue=Vaal date=2026-08-06 race=2 stated=7 parsed=6
2026-08-06 11:37:48,563 | INFO | app.scrapers.winning_form_scraper | horse_names=['Jet Cat', 'Sergeant Soqrat', 'Bell Of Angelus', 'Oriental Bouquet', 'Phala Millions', 'Caladrius', 'Champagne Problems']
2026-08-06 11:37:48,872 | INFO | httpx | HTTP Request: GET https://legacy.winningform.co.za/GAU/2V260806_3.htm "HTTP/1.1 200 OK"
2026-08-06 11:37:48,927 | INFO | app.scrapers.winning_form_scraper | runner_table_used columns={'number': 0, 'name': 1, 'length_behind': 2, 'speed_index': 3, 'predicted_time': 4, 'merit': 5, 'weight': 6, 'draw': 7, 'jockey': 9, 'trainer': 10, 'previous_run': 12, 'time': 17} extracted=7 stated=7
2026-08-06 11:37:48,928 | INFO | app.scrapers.winning_form_scraper | race_parsed url=https://legacy.winningform.co.za/GAU/2V260806_3.htm venue=Vaal date=2026-08-06 race=3 stated=7 parsed=7
2026-08-06 11:37:48,928 | INFO | app.scrapers.winning_form_scraper | horse_names=['Wings Of Kildra', 'Ada Lovelace', 'Executrix', 'Magic Carpet Ride', 'Royal Horizon', 'Iconic Winter', 'Love Not War']
2026-08-06 11:37:49,159 | INFO | httpx | HTTP Request: GET https://legacy.winningform.co.za/GAU/2V260806_4.htm "HTTP/1.1 200 OK"
2026-08-06 11:37:49,390 | INFO | app.scrapers.winning_form_scraper | runner_table_used columns={'number': 0, 'name': 1, 'length_behind': 2, 'speed_index': 3, 'predicted_time': 4, 'merit': 5, 'weight': 6, 'draw': 7, 'jockey': 9, 'trainer': 10, 'previous_run': 12, 'time': 17} extracted=7 stated=7
2026-08-06 11:37:49,391 | INFO | app.scrapers.winning_form_scraper | race_parsed url=https://legacy.winningform.co.za/GAU/2V260806_4.htm venue=Vaal date=2026-08-06 race=4 stated=7 parsed=7
2026-08-06 11:37:49,391 | INFO | app.scrapers.winning_form_scraper | horse_names=['Winter Rainfall', 'Valieva', "She's All Mine", 'Jazz Pianist', 'Tempranillo', 'Versace Onthetrack', 'Slender Silhouette']
2026-08-06 11:37:49,610 | INFO | httpx | HTTP Request: GET https://legacy.winningform.co.za/GAU/2V260806_5.htm "HTTP/1.1 200 OK"
2026-08-06 11:37:49,742 | INFO | app.scrapers.winning_form_scraper | runner_table_used columns={'number': 0, 'name': 1, 'length_behind': 2, 'speed_index': 3, 'predicted_time': 4, 'merit': 5, 'weight': 6, 'draw': 7, 'jockey': 9, 'trainer': 10, 'previous_run': 12, 'time': 17} extracted=11 stated=11
2026-08-06 11:37:49,742 | INFO | app.scrapers.winning_form_scraper | race_parsed url=https://legacy.winningform.co.za/GAU/2V260806_5.htm venue=Vaal date=2026-08-06 race=5 stated=11 parsed=9
2026-08-06 11:37:49,742 | INFO | app.scrapers.winning_form_scraper | horse_names=['Wish You Were Here', 'Smoking Gun', 'A Roman Twist', "God's Country", 'Cool Gambler', "Ain't No Sunshine", 'Willow Charm', 'Levitator', 'Forever Canford', 'Lannyboy', 'Spirit Of The Sea']
2026-08-06 11:37:49,989 | INFO | httpx | HTTP Request: GET https://legacy.winningform.co.za/GAU/2V260806_6.htm "HTTP/1.1 200 OK"
2026-08-06 11:37:50,039 | INFO | app.scrapers.winning_form_scraper | runner_table_used columns={'number': 0, 'name': 1, 'length_behind': 2, 'speed_index': 3, 'predicted_time': 4, 'merit': 5, 'weight': 6, 'draw': 7, 'jockey': 9, 'trainer': 10, 'previous_run': 12, 'time': 17} extracted=8 stated=8
2026-08-06 11:37:50,039 | INFO | app.scrapers.winning_form_scraper | race_parsed url=https://legacy.winningform.co.za/GAU/2V260806_6.htm venue=Vaal date=2026-08-06 race=6 stated=8 parsed=7
2026-08-06 11:37:50,040 | INFO | app.scrapers.winning_form_scraper | horse_names=['Korcula', 'Epidaurus', 'Twelfth Of Never', 'Gus On The Bus', 'Comic Artist', 'Lanteri', 'Evening News', 'Forever Red']
2026-08-06 11:37:50,239 | INFO | httpx | HTTP Request: GET https://legacy.winningform.co.za/GAU/2V260806_7.htm "HTTP/1.1 200 OK"
2026-08-06 11:37:50,387 | INFO | app.scrapers.winning_form_scraper | runner_table_used columns={'number': 0, 'name': 1, 'length_behind': 2, 'speed_index': 3, 'predicted_time': 4, 'merit': 5, 'weight': 6, 'draw': 7, 'jockey': 9, 'trainer': 10, 'previous_run': 12, 'time': 17} extracted=13 stated=13
2026-08-06 11:37:50,387 | INFO | app.scrapers.winning_form_scraper | race_parsed url=https://legacy.winningform.co.za/GAU/2V260806_7.htm venue=Vaal date=2026-08-06 race=7 stated=13 parsed=13
2026-08-06 11:37:50,388 | INFO | app.scrapers.winning_form_scraper | horse_names=['Itsnowornever', 'Nuclear Force', 'Thoonsil', 'Party Punch', 'Hopscotch', 'Rosy Lemon', 'Cartagena', 'Arlington Action', 'Chabal', 'Repetition', 'Euphrates', 'Gold De Grace', 'Heroic Act']
2026-08-06 11:37:50,562 | INFO | httpx | HTTP Request: GET https://legacy.winningform.co.za/GAU/2V260806_8.htm "HTTP/1.1 200 OK"
2026-08-06 11:37:50,622 | INFO | app.scrapers.winning_form_scraper | runner_table_used columns={'number': 0, 'name': 1, 'length_behind': 2, 'speed_index': 3, 'predicted_time': 4, 'merit': 5, 'weight': 6, 'draw': 7, 'jockey': 9, 'trainer': 10, 'previous_run': 12, 'time': 17} extracted=10 stated=10
2026-08-06 11:37:50,623 | INFO | app.scrapers.winning_form_scraper | race_parsed url=https://legacy.winningform.co.za/GAU/2V260806_8.htm venue=Vaal date=2026-08-06 race=8 stated=10 parsed=8
2026-08-06 11:37:50,623 | INFO | app.scrapers.winning_form_scraper | horse_names=['Freestyle Dance', 'Wartrax Blaze', 'Elisa Mbali', 'One State', 'Campo Formio', 'Sword Of Light', 'Mega Awesome', 'Truro Legacy', 'Cuzzie', 'Noble Chiefdom']
2026-08-06 11:37:50,850 | INFO | httpx | HTTP Request: GET https://legacy.winningform.co.za/KZN/2D260807_1.htm "HTTP/1.1 200 OK"
2026-08-06 11:37:50,905 | INFO | app.scrapers.winning_form_scraper | runner_table_used columns={'number': 0, 'name': 1, 'length_behind': 2, 'speed_index': 3, 'predicted_time': 4, 'merit': 5, 'weight': 6, 'draw': 7, 'jockey': 9, 'trainer': 10, 'previous_run': 12, 'time': 17} extracted=14 stated=14
2026-08-06 11:37:50,905 | INFO | app.scrapers.winning_form_scraper | race_parsed url=https://legacy.winningform.co.za/KZN/2D260807_1.htm venue=Hollywoodbets Greyville date=2026-08-07 race=1 stated=14 parsed=14
2026-08-06 11:37:50,906 | INFO | app.scrapers.winning_form_scraper | horse_names=['Owner Of Creation', 'Skipper Zip', 'Yeah Baby', 'Simonis', "Hadrian's Wall", 'Golden Diadem', 'Prince Of Rabada', 'Goldsmith', 'Peace Sign', 'Thurloe Place', 'Cuba Libre', 'Flight Twenty One', 'Catch That Kid', 'Big Dipper']
2026-08-06 11:37:51,114 | INFO | httpx | HTTP Request: GET https://legacy.winningform.co.za/KZN/2D260807_2.htm "HTTP/1.1 200 OK"
2026-08-06 11:37:51,151 | INFO | app.scrapers.winning_form_scraper | runner_table_used columns={'number': 0, 'name': 1, 'length_behind': 2, 'speed_index': 3, 'predicted_time': 4, 'merit': 5, 'weight': 6, 'draw': 7, 'jockey': 9, 'trainer': 10, 'previous_run': 12, 'time': 17} extracted=8 stated=8
2026-08-06 11:37:51,151 | INFO | app.scrapers.winning_form_scraper | race_parsed url=https://legacy.winningform.co.za/KZN/2D260807_2.htm venue=Hollywoodbets Greyville date=2026-08-07 race=2 stated=8 parsed=8
2026-08-06 11:37:51,151 | INFO | app.scrapers.winning_form_scraper | horse_names=['Hazel Green', 'Tears Of The Sun', 'Queen Of Denmark', 'America First', 'Eastern Glow', "Loreley's Rock", 'Lagertha The Queen', 'Periwinkle']
2026-08-06 11:37:51,340 | INFO | httpx | HTTP Request: GET https://legacy.winningform.co.za/KZN/2D260807_3.htm "HTTP/1.1 200 OK"
2026-08-06 11:37:51,399 | INFO | app.scrapers.winning_form_scraper | runner_table_used columns={'number': 0, 'name': 1, 'length_behind': 2, 'speed_index': 3, 'predicted_time': 4, 'merit': 5, 'weight': 6, 'draw': 7, 'jockey': 9, 'trainer': 10, 'previous_run': 12, 'time': 17} extracted=7 stated=7
2026-08-06 11:37:51,399 | INFO | app.scrapers.winning_form_scraper | race_parsed url=https://legacy.winningform.co.za/KZN/2D260807_3.htm venue=Hollywoodbets Greyville date=2026-08-07 race=3 stated=7 parsed=7
2026-08-06 11:37:51,399 | INFO | app.scrapers.winning_form_scraper | horse_names=['Crimson Typhoon', 'Fire Force', 'Augrabies', 'Captive Prince', 'Lacryma Christi', 'Noctambulist', 'Chaos Queen']
2026-08-06 11:37:51,622 | INFO | httpx | HTTP Request: GET https://legacy.winningform.co.za/KZN/2D260807_4.htm "HTTP/1.1 200 OK"
2026-08-06 11:37:51,710 | INFO | app.scrapers.winning_form_scraper | runner_table_used columns={'number': 0, 'name': 1, 'length_behind': 2, 'speed_index': 3, 'predicted_time': 4, 'merit': 5, 'weight': 6, 'draw': 7, 'jockey': 9, 'trainer': 10, 'previous_run': 12, 'time': 17} extracted=13 stated=13
2026-08-06 11:37:51,710 | INFO | app.scrapers.winning_form_scraper | race_parsed url=https://legacy.winningform.co.za/KZN/2D260807_4.htm venue=Hollywoodbets Greyville date=2026-08-07 race=4 stated=13 parsed=13
2026-08-06 11:37:51,711 | INFO | app.scrapers.winning_form_scraper | horse_names=['Tunguska', 'High Queue', 'Zena Rose', 'The Mikado', 'Shiny Bob', 'No Pressure', 'Heavenly Mafia', 'Fast And Free', 'Day Two', 'Christmas Cactus', 'National Dream', 'Status', 'Reign On Impact']
2026-08-06 11:37:51,899 | INFO | httpx | HTTP Request: GET https://legacy.winningform.co.za/KZN/2D260807_5.htm "HTTP/1.1 200 OK"
2026-08-06 11:37:52,027 | INFO | app.scrapers.winning_form_scraper | runner_table_used columns={'number': 0, 'name': 1, 'length_behind': 2, 'speed_index': 3, 'predicted_time': 4, 'merit': 5, 'weight': 6, 'draw': 7, 'jockey': 9, 'trainer': 10, 'previous_run': 12, 'time': 17} extracted=9 stated=9
2026-08-06 11:37:52,028 | INFO | app.scrapers.winning_form_scraper | race_parsed url=https://legacy.winningform.co.za/KZN/2D260807_5.htm venue=Hollywoodbets Greyville date=2026-08-07 race=5 stated=9 parsed=9
2026-08-06 11:37:52,028 | INFO | app.scrapers.winning_form_scraper | horse_names=['Position Of Power', 'Thisiswhatitmeans', 'Teflon Man', 'Future Variety', 'Soho Star', 'Imposing', 'King Of The Gauls', 'Good Traveller', 'Narina Trogon']
2026-08-06 11:37:52,233 | INFO | httpx | HTTP Request: GET https://legacy.winningform.co.za/KZN/2D260807_6.htm "HTTP/1.1 200 OK"
2026-08-06 11:37:52,362 | INFO | app.scrapers.winning_form_scraper | runner_table_used columns={'number': 0, 'name': 1, 'length_behind': 2, 'speed_index': 3, 'predicted_time': 4, 'merit': 5, 'weight': 6, 'draw': 7, 'jockey': 9, 'trainer': 10, 'previous_run': 12, 'time': 17} extracted=11 stated=11
2026-08-06 11:37:52,363 | INFO | app.scrapers.winning_form_scraper | race_parsed url=https://legacy.winningform.co.za/KZN/2D260807_6.htm venue=Hollywoodbets Greyville date=2026-08-07 race=6 stated=11 parsed=11
2026-08-06 11:37:52,363 | INFO | app.scrapers.winning_form_scraper | horse_names=['Warrior Royale', 'Swiatek', "That's My Baby", 'Happy Fortune', 'Miss Twinkle', 'Sonic Jet', 'Gorgeous Girl', 'Warning Sound', 'Red Taffety', 'Drumnadrochit', 'Forward Motion']
2026-08-06 11:37:52,557 | INFO | httpx | HTTP Request: GET https://legacy.winningform.co.za/KZN/2D260807_7.htm "HTTP/1.1 200 OK"
2026-08-06 11:37:52,726 | INFO | app.scrapers.winning_form_scraper | runner_table_used columns={'number': 0, 'name': 1, 'length_behind': 2, 'speed_index': 3, 'predicted_time': 4, 'merit': 5, 'weight': 6, 'draw': 7, 'jockey': 9, 'trainer': 10, 'previous_run': 12, 'time': 17} extracted=10 stated=10
2026-08-06 11:37:52,726 | INFO | app.scrapers.winning_form_scraper | race_parsed url=https://legacy.winningform.co.za/KZN/2D260807_7.htm venue=Hollywoodbets Greyville date=2026-08-07 race=7 stated=10 parsed=10
2026-08-06 11:37:52,727 | INFO | app.scrapers.winning_form_scraper | horse_names=['Maphaka', 'Future Flo', 'Miss World', 'Ubukhwebezana', 'Street Outlaw', 'City Of Love', 'What A Fortune', 'African Skyline', 'Cowdray Park', 'Johnny Appleseed']
2026-08-06 11:37:52,950 | INFO | httpx | HTTP Request: GET https://legacy.winningform.co.za/KZN/2D260807_8.htm "HTTP/1.1 200 OK"
2026-08-06 11:37:53,073 | INFO | app.scrapers.winning_form_scraper | runner_table_used columns={'number': 0, 'name': 1, 'length_behind': 2, 'speed_index': 3, 'predicted_time': 4, 'merit': 5, 'weight': 6, 'draw': 7, 'jockey': 9, 'trainer': 10, 'previous_run': 12, 'time': 17} extracted=11 stated=11
2026-08-06 11:37:53,073 | INFO | app.scrapers.winning_form_scraper | race_parsed url=https://legacy.winningform.co.za/KZN/2D260807_8.htm venue=Hollywoodbets Greyville date=2026-08-07 race=8 stated=11 parsed=11
2026-08-06 11:37:53,073 | INFO | app.scrapers.winning_form_scraper | horse_names=['Next Of Kin', 'Mvelelo', "Tam's Knight", 'Mar Del Plata', 'Tobacconist', 'Blue Steel', 'Phutulicious', 'War Emperor', 'My Boy Lollipop', 'Steamy Windows', 'Zagreb']
2026-08-06 11:37:53,255 | INFO | httpx | HTTP Request: GET https://legacy.winningform.co.za/ECP/2F260807_1.htm "HTTP/1.1 200 OK"
2026-08-06 11:37:53,352 | INFO | app.scrapers.winning_form_scraper | runner_table_used columns={'number': 0, 'name': 1, 'length_behind': 2, 'speed_index': 3, 'predicted_time': 4, 'merit': 5, 'weight': 6, 'draw': 7, 'jockey': 9, 'trainer': 10, 'previous_run': 12, 'time': 17} extracted=10 stated=10
2026-08-06 11:37:53,352 | INFO | app.scrapers.winning_form_scraper | race_parsed url=https://legacy.winningform.co.za/ECP/2F260807_1.htm venue=Fairview date=2026-08-07 race=1 stated=10 parsed=10
2026-08-06 11:37:53,352 | INFO | app.scrapers.winning_form_scraper | horse_names=['Good Shine', 'Green Point', 'Crimson Clover', 'Takemetothemoon', 'Norse Warrior', 'Stone Of Scone', 'J Lordi', 'Blue Dame', 'Storm Burst', 'Golden Fifties']
2026-08-06 11:37:53,528 | INFO | httpx | HTTP Request: GET https://legacy.winningform.co.za/ECP/2F260807_2.htm "HTTP/1.1 200 OK"
2026-08-06 11:37:53,604 | INFO | app.scrapers.winning_form_scraper | runner_table_used columns={'number': 0, 'name': 1, 'length_behind': 2, 'speed_index': 3, 'predicted_time': 4, 'merit': 5, 'weight': 6, 'draw': 7, 'jockey': 9, 'trainer': 10, 'previous_run': 12, 'time': 17} extracted=10 stated=10
2026-08-06 11:37:53,605 | INFO | app.scrapers.winning_form_scraper | race_parsed url=https://legacy.winningform.co.za/ECP/2F260807_2.htm venue=Fairview date=2026-08-07 race=2 stated=10 parsed=10
2026-08-06 11:37:53,605 | INFO | app.scrapers.winning_form_scraper | horse_names=['Touch The Sword', 'Caughtubysurprise', 'Fonte', 'Kim Kay', 'Jewel Mule', 'Redlight Lane', 'Harpa', 'World Of Diamonds', 'Without Hesitation', 'Gallic Greeting']
2026-08-06 11:37:53,813 | INFO | httpx | HTTP Request: GET https://legacy.winningform.co.za/ECP/2F260807_3.htm "HTTP/1.1 200 OK"
2026-08-06 11:37:53,987 | INFO | app.scrapers.winning_form_scraper | runner_table_used columns={'number': 0, 'name': 1, 'length_behind': 2, 'speed_index': 3, 'predicted_time': 4, 'merit': 5, 'weight': 6, 'draw': 7, 'jockey': 9, 'trainer': 10, 'previous_run': 12, 'time': 17} extracted=9 stated=9
2026-08-06 11:37:53,988 | INFO | app.scrapers.winning_form_scraper | race_parsed url=https://legacy.winningform.co.za/ECP/2F260807_3.htm venue=Fairview date=2026-08-07 race=3 stated=9 parsed=9
2026-08-06 11:37:53,988 | INFO | app.scrapers.winning_form_scraper | horse_names=['Frequent Traveller', 'Secret Eruption', 'Witching Hour', 'Lady Limoncello', 'Lady Of Fate', 'Blue Crystal', 'Island Jewel', 'Burning Desire', 'Total Eruption']
2026-08-06 11:37:54,183 | INFO | httpx | HTTP Request: GET https://legacy.winningform.co.za/ECP/2F260807_4.htm "HTTP/1.1 200 OK"
2026-08-06 11:37:54,273 | INFO | app.scrapers.winning_form_scraper | runner_table_used columns={'number': 0, 'name': 1, 'length_behind': 2, 'speed_index': 3, 'predicted_time': 4, 'merit': 5, 'weight': 6, 'draw': 7, 'jockey': 9, 'trainer': 10, 'previous_run': 12, 'time': 17} extracted=9 stated=9
2026-08-06 11:37:54,274 | INFO | app.scrapers.winning_form_scraper | race_parsed url=https://legacy.winningform.co.za/ECP/2F260807_4.htm venue=Fairview date=2026-08-07 race=4 stated=9 parsed=9
2026-08-06 11:37:54,274 | INFO | app.scrapers.winning_form_scraper | horse_names=['Home Reef', 'Makhachev', 'Anatolian Silver', 'Global Ally', 'Richardthefearless', 'Wild Fig', 'Hollandia Bakkerij', 'Flight Display', 'Johnny Drama']
2026-08-06 11:37:54,471 | INFO | httpx | HTTP Request: GET https://legacy.winningform.co.za/ECP/2F260807_5.htm "HTTP/1.1 200 OK"
2026-08-06 11:37:54,578 | INFO | app.scrapers.winning_form_scraper | runner_table_used columns={'number': 0, 'name': 1, 'length_behind': 2, 'speed_index': 3, 'predicted_time': 4, 'merit': 5, 'weight': 6, 'draw': 7, 'jockey': 9, 'trainer': 10, 'previous_run': 12, 'time': 17} extracted=10 stated=10
2026-08-06 11:37:54,578 | INFO | app.scrapers.winning_form_scraper | race_parsed url=https://legacy.winningform.co.za/ECP/2F260807_5.htm venue=Fairview date=2026-08-07 race=5 stated=10 parsed=10
2026-08-06 11:37:54,579 | INFO | app.scrapers.winning_form_scraper | horse_names=['King Viserys', 'Cheerful Charlie B', 'Green Planet', 'Pedro', 'Lucky Chance', 'Givethatmanabells', 'Umami', 'Star Of Elena', 'Celtic Rush', 'Nautical Landing']
2026-08-06 11:37:54,764 | INFO | httpx | HTTP Request: GET https://legacy.winningform.co.za/ECP/2F260807_6.htm "HTTP/1.1 200 OK"
2026-08-06 11:37:54,866 | INFO | app.scrapers.winning_form_scraper | runner_table_used columns={'number': 0, 'name': 1, 'length_behind': 2, 'speed_index': 3, 'predicted_time': 4, 'merit': 5, 'weight': 6, 'draw': 7, 'jockey': 9, 'trainer': 10, 'previous_run': 12, 'time': 17} extracted=11 stated=11
2026-08-06 11:37:54,866 | INFO | app.scrapers.winning_form_scraper | race_parsed url=https://legacy.winningform.co.za/ECP/2F260807_6.htm venue=Fairview date=2026-08-07 race=6 stated=11 parsed=11
2026-08-06 11:37:54,866 | INFO | app.scrapers.winning_form_scraper | horse_names=['Basingstoke', 'Icy Lancaster', 'Japanese Garden', 'Midnight Music', 'Kilmonivaig', 'Queen Of Jazz', 'Power Of Tiger', 'Daffodil Delight', 'Timeline', 'Gutsy Baby', 'Princess Of Ajiaal']
2026-08-06 11:37:55,037 | INFO | httpx | HTTP Request: GET https://legacy.winningform.co.za/ECP/2F260807_7.htm "HTTP/1.1 200 OK"
2026-08-06 11:37:55,135 | INFO | app.scrapers.winning_form_scraper | runner_table_used columns={'number': 0, 'name': 1, 'length_behind': 2, 'speed_index': 3, 'predicted_time': 4, 'merit': 5, 'weight': 6, 'draw': 7, 'jockey': 9, 'trainer': 10, 'previous_run': 12, 'time': 17} extracted=10 stated=10
2026-08-06 11:37:55,136 | INFO | app.scrapers.winning_form_scraper | race_parsed url=https://legacy.winningform.co.za/ECP/2F260807_7.htm venue=Fairview date=2026-08-07 race=7 stated=10 parsed=10
2026-08-06 11:37:55,136 | INFO | app.scrapers.winning_form_scraper | horse_names=['Coastal Path', 'Stars In Heaven', 'Forest Spy', 'Masked Vigilante', 'Champonelle', 'Stokesy', 'Aquarius', 'Overture', 'Surge Of Power', 'Astronomical Boy']
2026-08-06 11:37:55,335 | INFO | httpx | HTTP Request: GET https://legacy.winningform.co.za/ECP/2F260807_8.htm "HTTP/1.1 200 OK"
2026-08-06 11:37:55,456 | INFO | app.scrapers.winning_form_scraper | runner_table_used columns={'number': 0, 'name': 1, 'length_behind': 2, 'speed_index': 3, 'predicted_time': 4, 'merit': 5, 'weight': 6, 'draw': 7, 'jockey': 9, 'trainer': 10, 'previous_run': 12, 'time': 17} extracted=11 stated=11
2026-08-06 11:37:55,456 | INFO | app.scrapers.winning_form_scraper | race_parsed url=https://legacy.winningform.co.za/ECP/2F260807_8.htm venue=Fairview date=2026-08-07 race=8 stated=11 parsed=11
2026-08-06 11:37:55,457 | INFO | app.scrapers.winning_form_scraper | horse_names=['Captain Clever', 'Free World', 'Cape Capri', 'Chief Runner', 'Piton De Neige', 'Wordsworth', 'In The Bag', 'Bumps Last Grind', 'King Rahul', 'Waltzing Doll', 'Truly Magical']
2026-08-06 11:37:55,645 | INFO | httpx | HTTP Request: GET https://legacy.winningform.co.za/GAU/2T260808_1.htm "HTTP/1.1 200 OK"
2026-08-06 11:37:55,700 | INFO | app.scrapers.winning_form_scraper | runner_table_used columns={'number': 0, 'name': 1, 'length_behind': 2, 'speed_index': 3, 'predicted_time': 4, 'merit': 5, 'weight': 6, 'draw': 7, 'jockey': 9, 'trainer': 10, 'previous_run': 12, 'time': 17} extracted=10 stated=10
2026-08-06 11:37:55,700 | INFO | app.scrapers.winning_form_scraper | race_parsed url=https://legacy.winningform.co.za/GAU/2T260808_1.htm venue=Turffontein date=2026-08-08 race=1 stated=10 parsed=10
2026-08-06 11:37:55,700 | INFO | app.scrapers.winning_form_scraper | horse_names=['Midnight Special', 'Platinum Shay', 'Elegant Edge', 'Surreal Song', "Meghan's Diamond", "Master's Lady", 'Charleston Dawn', 'Lazer Light', 'Moonface', 'Jessica Rabbit']
2026-08-06 11:37:55,889 | INFO | httpx | HTTP Request: GET https://legacy.winningform.co.za/GAU/2T260808_2.htm "HTTP/1.1 200 OK"
2026-08-06 11:37:55,922 | INFO | app.scrapers.winning_form_scraper | runner_table_used columns={'number': 0, 'name': 1, 'length_behind': 2, 'speed_index': 3, 'predicted_time': 4, 'merit': 5, 'weight': 6, 'draw': 7, 'jockey': 9, 'trainer': 10, 'previous_run': 12, 'time': 17} extracted=7 stated=7
2026-08-06 11:37:55,922 | INFO | app.scrapers.winning_form_scraper | race_parsed url=https://legacy.winningform.co.za/GAU/2T260808_2.htm venue=Turffontein date=2026-08-08 race=2 stated=7 parsed=7
2026-08-06 11:37:55,923 | INFO | app.scrapers.winning_form_scraper | horse_names=['Shining Sun', 'Royale Jacket', 'Be The One', 'Seventh Fleet', 'Moethemoneyman', 'From The Get Go', 'Mirum']
2026-08-06 11:37:56,085 | INFO | httpx | HTTP Request: GET https://legacy.winningform.co.za/GAU/2T260808_3.htm "HTTP/1.1 200 OK"
2026-08-06 11:37:56,125 | INFO | app.scrapers.winning_form_scraper | runner_table_used columns={'number': 0, 'name': 1, 'length_behind': 2, 'speed_index': 3, 'predicted_time': 4, 'merit': 5, 'weight': 6, 'draw': 7, 'jockey': 9, 'trainer': 10, 'previous_run': 12, 'time': 17} extracted=7 stated=7
2026-08-06 11:37:56,126 | INFO | app.scrapers.winning_form_scraper | race_parsed url=https://legacy.winningform.co.za/GAU/2T260808_3.htm venue=Turffontein date=2026-08-08 race=3 stated=7 parsed=7
2026-08-06 11:37:56,126 | INFO | app.scrapers.winning_form_scraper | horse_names=["Destiny's Dream", 'Empress Of Peace', 'Be All You Can Be', "Nicci's Law", 'Hot Choice', 'Nicolson Landing', 'Future Red']
2026-08-06 11:37:56,291 | INFO | httpx | HTTP Request: GET https://legacy.winningform.co.za/GAU/2T260808_4.htm "HTTP/1.1 200 OK"
2026-08-06 11:37:56,353 | INFO | app.scrapers.winning_form_scraper | runner_table_used columns={'number': 0, 'name': 1, 'length_behind': 2, 'speed_index': 3, 'predicted_time': 4, 'merit': 5, 'weight': 6, 'draw': 7, 'jockey': 9, 'trainer': 10, 'previous_run': 12, 'time': 17} extracted=7 stated=7
2026-08-06 11:37:56,353 | INFO | app.scrapers.winning_form_scraper | race_parsed url=https://legacy.winningform.co.za/GAU/2T260808_4.htm venue=Turffontein date=2026-08-08 race=4 stated=7 parsed=7
2026-08-06 11:37:56,353 | INFO | app.scrapers.winning_form_scraper | horse_names=["Fire 'n Flames", 'Palace Prince', 'Hotarubi', "King's Express", 'The Equator', 'Royal Invitation', 'Hawkbill']
2026-08-06 11:37:56,505 | INFO | httpx | HTTP Request: GET https://legacy.winningform.co.za/GAU/2T260808_5.htm "HTTP/1.1 200 OK"
2026-08-06 11:37:56,630 | INFO | app.scrapers.winning_form_scraper | runner_table_used columns={'number': 0, 'name': 1, 'length_behind': 2, 'speed_index': 3, 'predicted_time': 4, 'merit': 5, 'weight': 6, 'draw': 7, 'jockey': 9, 'trainer': 10, 'previous_run': 12, 'time': 17} extracted=11 stated=11
2026-08-06 11:37:56,630 | INFO | app.scrapers.winning_form_scraper | race_parsed url=https://legacy.winningform.co.za/GAU/2T260808_5.htm venue=Turffontein date=2026-08-08 race=5 stated=11 parsed=11
2026-08-06 11:37:56,631 | INFO | app.scrapers.winning_form_scraper | horse_names=['Max The Magician', 'Vibe Sa', 'Espinoza', 'Antonio Gaudi', 'Blizzard Snow', 'African Prince', "Dante's Bond", 'Richard The First', 'Titan Of The Turf', 'Famous Lady', 'Kudikaran']
2026-08-06 11:37:56,861 | INFO | httpx | HTTP Request: GET https://legacy.winningform.co.za/GAU/2T260808_6.htm "HTTP/1.1 200 OK"
2026-08-06 11:37:56,955 | INFO | app.scrapers.winning_form_scraper | runner_table_used columns={'number': 0, 'name': 1, 'length_behind': 2, 'speed_index': 3, 'predicted_time': 4, 'merit': 5, 'weight': 6, 'draw': 7, 'jockey': 9, 'trainer': 10, 'previous_run': 12, 'time': 17} extracted=8 stated=8
2026-08-06 11:37:56,955 | INFO | app.scrapers.winning_form_scraper | race_parsed url=https://legacy.winningform.co.za/GAU/2T260808_6.htm venue=Turffontein date=2026-08-08 race=6 stated=8 parsed=8
2026-08-06 11:37:56,956 | INFO | app.scrapers.winning_form_scraper | horse_names=['Eight Hats', 'Kortvandraad', 'Pretty Analia', 'Concordia', 'Secret Life', 'Mattiazo', "Master's Rose", 'Way To Burn']
2026-08-06 11:37:57,104 | INFO | httpx | HTTP Request: GET https://legacy.winningform.co.za/GAU/2T260808_7.htm "HTTP/1.1 200 OK"
2026-08-06 11:37:57,177 | INFO | app.scrapers.winning_form_scraper | runner_table_used columns={'number': 0, 'name': 1, 'length_behind': 2, 'speed_index': 3, 'predicted_time': 4, 'merit': 5, 'weight': 6, 'draw': 7, 'jockey': 9, 'trainer': 10, 'previous_run': 12, 'time': 17} extracted=9 stated=9
2026-08-06 11:37:57,178 | INFO | app.scrapers.winning_form_scraper | race_parsed url=https://legacy.winningform.co.za/GAU/2T260808_7.htm venue=Turffontein date=2026-08-08 race=7 stated=9 parsed=9
2026-08-06 11:37:57,178 | INFO | app.scrapers.winning_form_scraper | horse_names=['Gran Canaria', 'Olympian Gold', 'The Africa House', 'Ariovistus', 'Master Christmas', 'Trombolines', 'Oklahoma Smokeshow', 'Birthright', 'Texas Missile']
2026-08-06 11:37:57,367 | INFO | httpx | HTTP Request: GET https://legacy.winningform.co.za/GAU/2T260808_8.htm "HTTP/1.1 200 OK"
2026-08-06 11:37:57,439 | INFO | app.scrapers.winning_form_scraper | runner_table_used columns={'number': 0, 'name': 1, 'length_behind': 2, 'speed_index': 3, 'predicted_time': 4, 'merit': 5, 'weight': 6, 'draw': 7, 'jockey': 9, 'trainer': 10, 'previous_run': 12, 'time': 17} extracted=10 stated=10
2026-08-06 11:37:57,439 | INFO | app.scrapers.winning_form_scraper | race_parsed url=https://legacy.winningform.co.za/GAU/2T260808_8.htm venue=Turffontein date=2026-08-08 race=8 stated=10 parsed=10
2026-08-06 11:37:57,439 | INFO | app.scrapers.winning_form_scraper | horse_names=['American Beauty', 'Boom Boom', 'Sikeloi', 'Into Dancing', 'Pearl In Her Crown', 'Merryweather', 'Fire In Her Soul', 'Glamorous Lady', 'Hoc Est Vita', 'Lava Lamp']
2026-08-06 11:37:57,613 | INFO | httpx | HTTP Request: GET https://legacy.winningform.co.za/GAU/2T260808_9.htm "HTTP/1.1 200 OK"
2026-08-06 11:37:57,707 | INFO | app.scrapers.winning_form_scraper | runner_table_used columns={'number': 0, 'name': 1, 'length_behind': 2, 'speed_index': 3, 'predicted_time': 4, 'merit': 5, 'weight': 6, 'draw': 7, 'jockey': 9, 'trainer': 10, 'previous_run': 12, 'time': 17} extracted=8 stated=8
2026-08-06 11:37:57,708 | INFO | app.scrapers.winning_form_scraper | race_parsed url=https://legacy.winningform.co.za/GAU/2T260808_9.htm venue=Turffontein date=2026-08-08 race=9 stated=8 parsed=8
2026-08-06 11:37:57,708 | INFO | app.scrapers.winning_form_scraper | horse_names=['Zip Code', 'Bay Empire', "Can't Catch Me", 'Six Of All', 'Michael Faraday', 'Dondoyaki', 'Spy Story', 'Sail The Sky']
2026-08-06 11:37:57,861 | INFO | httpx | HTTP Request: GET https://legacy.winningform.co.za/KZN/2S260809_1.htm "HTTP/1.1 200 OK"
2026-08-06 11:37:57,909 | INFO | app.scrapers.winning_form_scraper | runner_table_used columns={'number': 0, 'name': 1, 'length_behind': 2, 'speed_index': 3, 'predicted_time': 4, 'merit': 5, 'weight': 6, 'draw': 7, 'jockey': 9, 'trainer': 10, 'previous_run': 12, 'time': 17} extracted=9 stated=9
2026-08-06 11:37:57,909 | INFO | app.scrapers.winning_form_scraper | race_parsed url=https://legacy.winningform.co.za/KZN/2S260809_1.htm venue=Hollywoodbets Scottsville Outer date=2026-08-09 race=1 stated=9 parsed=9
2026-08-06 11:37:57,910 | INFO | app.scrapers.winning_form_scraper | horse_names=['Tipperary', "Scott's Bar", 'Theodore Rooseveld', 'Praetorian Guard', 'Joy N Hope', 'Bicameral', 'Elusive Diamond', 'Maggiano', 'Grand Tour']
2026-08-06 11:37:58,076 | INFO | httpx | HTTP Request: GET https://legacy.winningform.co.za/KZN/2S260809_2.htm "HTTP/1.1 200 OK"
2026-08-06 11:37:58,125 | INFO | app.scrapers.winning_form_scraper | runner_table_used columns={'number': 0, 'name': 1, 'length_behind': 2, 'speed_index': 3, 'predicted_time': 4, 'merit': 5, 'weight': 6, 'draw': 7, 'jockey': 9, 'trainer': 10, 'previous_run': 12, 'time': 17} extracted=9 stated=9
2026-08-06 11:37:58,126 | INFO | app.scrapers.winning_form_scraper | race_parsed url=https://legacy.winningform.co.za/KZN/2S260809_2.htm venue=Hollywoodbets Scottsville Outer date=2026-08-09 race=2 stated=9 parsed=9
2026-08-06 11:37:58,126 | INFO | app.scrapers.winning_form_scraper | horse_names=["Rocco's Peace", 'Xiphos', 'Snow Warrior', 'Majestic Limpopo', 'Sebastiaan', 'Diaval', 'Gimme The Sun', 'Hello Handsome', 'Bello Gallico']
2026-08-06 11:37:58,322 | INFO | httpx | HTTP Request: GET https://legacy.winningform.co.za/KZN/2S260809_3.htm "HTTP/1.1 200 OK"
2026-08-06 11:37:58,483 | INFO | app.scrapers.winning_form_scraper | runner_table_used columns={'number': 0, 'name': 1, 'length_behind': 2, 'speed_index': 3, 'predicted_time': 4, 'merit': 5, 'weight': 6, 'draw': 7, 'jockey': 9, 'trainer': 10, 'previous_run': 12, 'time': 17} extracted=7 stated=7
2026-08-06 11:37:58,484 | INFO | app.scrapers.winning_form_scraper | race_parsed url=https://legacy.winningform.co.za/KZN/2S260809_3.htm venue=Hollywoodbets Scottsville Inner date=2026-08-09 race=3 stated=7 parsed=7
2026-08-06 11:37:58,484 | INFO | app.scrapers.winning_form_scraper | horse_names=['Vaans Spirit', 'Hop Hop Spinnekop', 'Gold Gold Baby', 'Heavenly Mafia', "Taylor's Version", 'Praise De La Rey', 'Princess Trippi']
2026-08-06 11:37:58,655 | INFO | httpx | HTTP Request: GET https://legacy.winningform.co.za/KZN/2S260809_4.htm "HTTP/1.1 200 OK"
2026-08-06 11:37:58,695 | INFO | app.scrapers.winning_form_scraper | runner_table_used columns={'number': 0, 'name': 1, 'length_behind': 2, 'speed_index': 3, 'predicted_time': 4, 'merit': 5, 'weight': 6, 'draw': 7, 'jockey': 9, 'trainer': 10, 'previous_run': 12, 'time': 17} extracted=8 stated=8
2026-08-06 11:37:58,695 | INFO | app.scrapers.winning_form_scraper | race_parsed url=https://legacy.winningform.co.za/KZN/2S260809_4.htm venue=Hollywoodbets Scottsville Inner date=2026-08-09 race=4 stated=8 parsed=8
2026-08-06 11:37:58,696 | INFO | app.scrapers.winning_form_scraper | horse_names=['Deonarie', 'Runthruthejungle', 'Judiciary', 'Dreadnought', 'Old Harry Rocks', 'Chakalaka', 'All About Me', 'Preux Chavalier']
2026-08-06 11:37:58,917 | INFO | httpx | HTTP Request: GET https://legacy.winningform.co.za/KZN/2S260809_5.htm "HTTP/1.1 200 OK"
2026-08-06 11:37:59,001 | INFO | app.scrapers.winning_form_scraper | runner_table_used columns={'number': 0, 'name': 1, 'length_behind': 2, 'speed_index': 3, 'predicted_time': 4, 'merit': 5, 'weight': 6, 'draw': 7, 'jockey': 9, 'trainer': 10, 'previous_run': 12, 'time': 17} extracted=8 stated=8
2026-08-06 11:37:59,002 | INFO | app.scrapers.winning_form_scraper | race_parsed url=https://legacy.winningform.co.za/KZN/2S260809_5.htm venue=Hollywoodbets Scottsville Inner date=2026-08-09 race=5 stated=8 parsed=8
2026-08-06 11:37:59,002 | INFO | app.scrapers.winning_form_scraper | horse_names=['Parisian Walkway', 'Powerandtheglory', 'Captain West', 'Cardinal Chief', 'Bruh', 'Bangladesh', 'Heal And Soul', 'Mr Fixit']
2026-08-06 11:37:59,177 | INFO | httpx | HTTP Request: GET https://legacy.winningform.co.za/KZN/2S260809_6.htm "HTTP/1.1 200 OK"
2026-08-06 11:37:59,313 | INFO | app.scrapers.winning_form_scraper | runner_table_used columns={'number': 0, 'name': 1, 'length_behind': 2, 'speed_index': 3, 'predicted_time': 4, 'merit': 5, 'weight': 6, 'draw': 7, 'jockey': 9, 'trainer': 10, 'previous_run': 12, 'time': 17} extracted=11 stated=11
2026-08-06 11:37:59,314 | INFO | app.scrapers.winning_form_scraper | race_parsed url=https://legacy.winningform.co.za/KZN/2S260809_6.htm venue=Hollywoodbets Scottsville Inner date=2026-08-09 race=6 stated=11 parsed=11
2026-08-06 11:37:59,314 | INFO | app.scrapers.winning_form_scraper | horse_names=['Run To Rio', 'Jazz Festival', 'Mister Nibbles', 'Radu', 'Power Star', 'Galaxy Explorer', "Kimball O'hara", 'Twilight Warrior', 'I Am Classy', 'Irish Anthem', 'Twocantango']
2026-08-06 11:37:59,512 | INFO | httpx | HTTP Request: GET https://legacy.winningform.co.za/KZN/2S260809_7.htm "HTTP/1.1 200 OK"
2026-08-06 11:37:59,596 | INFO | app.scrapers.winning_form_scraper | runner_table_used columns={'number': 0, 'name': 1, 'length_behind': 2, 'speed_index': 3, 'predicted_time': 4, 'merit': 5, 'weight': 6, 'draw': 7, 'jockey': 9, 'trainer': 10, 'previous_run': 12, 'time': 17} extracted=7 stated=7
2026-08-06 11:37:59,597 | INFO | app.scrapers.winning_form_scraper | race_parsed url=https://legacy.winningform.co.za/KZN/2S260809_7.htm venue=Hollywoodbets Scottsville Inner date=2026-08-09 race=7 stated=7 parsed=7
2026-08-06 11:37:59,597 | INFO | app.scrapers.winning_form_scraper | horse_names=['Scarlet Macaw', 'La Landonne', 'Miss Ladyaterix', 'Perilla', 'Limitless Sky', 'Lilac In Winter', 'Hierkommiebokkie']
2026-08-06 11:37:59,800 | INFO | httpx | HTTP Request: GET https://legacy.winningform.co.za/KZN/2S260809_8.htm "HTTP/1.1 200 OK"
2026-08-06 11:37:59,925 | INFO | app.scrapers.winning_form_scraper | runner_table_used columns={'number': 0, 'name': 1, 'length_behind': 2, 'speed_index': 3, 'predicted_time': 4, 'merit': 5, 'weight': 6, 'draw': 7, 'jockey': 9, 'trainer': 10, 'previous_run': 12, 'time': 17} extracted=12 stated=12
2026-08-06 11:37:59,925 | INFO | app.scrapers.winning_form_scraper | race_parsed url=https://legacy.winningform.co.za/KZN/2S260809_8.htm venue=Hollywoodbets Scottsville Outer date=2026-08-09 race=8 stated=12 parsed=12
2026-08-06 11:37:59,926 | INFO | app.scrapers.winning_form_scraper | horse_names=['Clair De Lune', 'Ruby Rising', 'Scarlet Starlet', 'Call Me Jane', 'Fascination', 'Arverni Princess', 'Captain Ventura', 'Vision To Achieve', 'Emerald Forge', 'Royal Crest', 'Durban Diamond', 'Grue Of Ice']
2026-08-06 11:37:59,989 | INFO | app.services.monitoring_service | monitoring_cycle_completed
2026-08-06 11:37:59,990 | INFO | app.main | application_started
2026-08-06 11:38:00,094 | INFO | apscheduler.scheduler | Scheduler has been shut down
2026-08-06 11:38:00,095 | INFO | app.main | application_stopped
2026-08-06 11:38:02,197 | INFO | apscheduler.scheduler | Adding job tentatively -- it will be properly scheduled when the scheduler starts
2026-08-06 11:38:02,199 | INFO | apscheduler.scheduler | Added job "MonitoringService.run_cycle" to job store "default"
2026-08-06 11:38:02,200 | INFO | apscheduler.scheduler | Scheduler started
2026-08-06 11:38:02,200 | INFO | app.services.monitoring_service | monitoring_cycle_started
2026-08-06 11:38:02,528 | INFO | httpx | HTTP Request: GET https://legacy.winningform.co.za "HTTP/1.1 200 OK"
2026-08-06 11:38:02,534 | INFO | app.scrapers.winning_form_scraper | fetch_index_frames=['https://legacy.winningform.co.za/guide.htm', 'https://legacy.winningform.co.za/cover.htm']
2026-08-06 11:38:02,649 | INFO | httpx | HTTP Request: GET https://legacy.winningform.co.za "HTTP/1.1 200 OK"
2026-08-06 11:38:02,822 | INFO | httpx | HTTP Request: GET https://legacy.winningform.co.za/guide.htm "HTTP/1.1 200 OK"
2026-08-06 11:38:02,935 | INFO | httpx | HTTP Request: GET https://legacy.winningform.co.za/cover.htm "HTTP/1.1 200 OK"
2026-08-06 11:38:03,045 | INFO | httpx | HTTP Request: GET https://legacy.winningform.co.za "HTTP/1.1 200 OK"
2026-08-06 11:38:03,188 | INFO | httpx | HTTP Request: GET https://legacy.winningform.co.za/guide.htm "HTTP/1.1 200 OK"
2026-08-06 11:38:03,293 | INFO | httpx | HTTP Request: GET https://legacy.winningform.co.za/cover.htm "HTTP/1.1 200 OK"
2026-08-06 11:38:03,301 | INFO | app.scrapers.winning_form_scraper | race_links_total=41
2026-08-06 11:38:03,302 | INFO | app.scrapers.winning_form_scraper | meetings_seen=['ecp-f260807', 'gau-t260808', 'gau-v260806', 'kzn-d260807', 'kzn-s260809']
2026-08-06 11:38:03,437 | INFO | httpx | HTTP Request: GET https://legacy.winningform.co.za/GAU/2V260806_1.htm "HTTP/1.1 200 OK"
2026-08-06 11:38:03,504 | INFO | app.scrapers.winning_form_scraper | runner_table_used columns={'number': 0, 'name': 1, 'length_behind': 2, 'speed_index': 3, 'predicted_time': 4, 'merit': 5, 'weight': 6, 'draw': 7, 'jockey': 9, 'trainer': 10, 'previous_run': 12, 'time': 17} extracted=6 stated=6
2026-08-06 11:38:03,504 | INFO | app.scrapers.winning_form_scraper | race_parsed url=https://legacy.winningform.co.za/GAU/2V260806_1.htm venue=Vaal date=2026-08-06 race=1 stated=6 parsed=5
2026-08-06 11:38:03,504 | INFO | app.scrapers.winning_form_scraper | horse_names=['Battleground', 'Corrupt', 'Green Machine', 'Taxhaven', 'Bellerophon', 'Samuel Sharpe']
2026-08-06 11:38:03,712 | INFO | httpx | HTTP Request: GET https://legacy.winningform.co.za/GAU/2V260806_2.htm "HTTP/1.1 200 OK"
2026-08-06 11:38:03,765 | INFO | app.scrapers.winning_form_scraper | runner_table_used columns={'number': 0, 'name': 1, 'length_behind': 2, 'speed_index': 3, 'predicted_time': 4, 'merit': 5, 'weight': 6, 'draw': 7, 'jockey': 9, 'trainer': 10, 'previous_run': 12, 'time': 17} extracted=7 stated=7
2026-08-06 11:38:03,765 | INFO | app.scrapers.winning_form_scraper | race_parsed url=https://legacy.winningform.co.za/GAU/2V260806_2.htm venue=Vaal date=2026-08-06 race=2 stated=7 parsed=6
2026-08-06 11:38:03,766 | INFO | app.scrapers.winning_form_scraper | horse_names=['Jet Cat', 'Sergeant Soqrat', 'Bell Of Angelus', 'Oriental Bouquet', 'Phala Millions', 'Caladrius', 'Champagne Problems']
2026-08-06 11:38:03,941 | INFO | httpx | HTTP Request: GET https://legacy.winningform.co.za/GAU/2V260806_3.htm "HTTP/1.1 200 OK"
2026-08-06 11:38:03,993 | INFO | app.scrapers.winning_form_scraper | runner_table_used columns={'number': 0, 'name': 1, 'length_behind': 2, 'speed_index': 3, 'predicted_time': 4, 'merit': 5, 'weight': 6, 'draw': 7, 'jockey': 9, 'trainer': 10, 'previous_run': 12, 'time': 17} extracted=7 stated=7
2026-08-06 11:38:03,994 | INFO | app.scrapers.winning_form_scraper | race_parsed url=https://legacy.winningform.co.za/GAU/2V260806_3.htm venue=Vaal date=2026-08-06 race=3 stated=7 parsed=7
2026-08-06 11:38:03,994 | INFO | app.scrapers.winning_form_scraper | horse_names=['Wings Of Kildra', 'Ada Lovelace', 'Executrix', 'Magic Carpet Ride', 'Royal Horizon', 'Iconic Winter', 'Love Not War']
2026-08-06 11:38:04,198 | INFO | httpx | HTTP Request: GET https://legacy.winningform.co.za/GAU/2V260806_4.htm "HTTP/1.1 200 OK"
2026-08-06 11:38:04,287 | INFO | app.scrapers.winning_form_scraper | runner_table_used columns={'number': 0, 'name': 1, 'length_behind': 2, 'speed_index': 3, 'predicted_time': 4, 'merit': 5, 'weight': 6, 'draw': 7, 'jockey': 9, 'trainer': 10, 'previous_run': 12, 'time': 17} extracted=7 stated=7
2026-08-06 11:38:04,288 | INFO | app.scrapers.winning_form_scraper | race_parsed url=https://legacy.winningform.co.za/GAU/2V260806_4.htm venue=Vaal date=2026-08-06 race=4 stated=7 parsed=7
2026-08-06 11:38:04,288 | INFO | app.scrapers.winning_form_scraper | horse_names=['Winter Rainfall', 'Valieva', "She's All Mine", 'Jazz Pianist', 'Tempranillo', 'Versace Onthetrack', 'Slender Silhouette']
2026-08-06 11:38:04,523 | INFO | httpx | HTTP Request: GET https://legacy.winningform.co.za/GAU/2V260806_5.htm "HTTP/1.1 200 OK"
2026-08-06 11:38:04,631 | INFO | app.scrapers.winning_form_scraper | runner_table_used columns={'number': 0, 'name': 1, 'length_behind': 2, 'speed_index': 3, 'predicted_time': 4, 'merit': 5, 'weight': 6, 'draw': 7, 'jockey': 9, 'trainer': 10, 'previous_run': 12, 'time': 17} extracted=11 stated=11
2026-08-06 11:38:04,631 | INFO | app.scrapers.winning_form_scraper | race_parsed url=https://legacy.winningform.co.za/GAU/2V260806_5.htm venue=Vaal date=2026-08-06 race=5 stated=11 parsed=9
2026-08-06 11:38:04,632 | INFO | app.scrapers.winning_form_scraper | horse_names=['Wish You Were Here', 'Smoking Gun', 'A Roman Twist', "God's Country", 'Cool Gambler', "Ain't No Sunshine", 'Willow Charm', 'Levitator', 'Forever Canford', 'Lannyboy', 'Spirit Of The Sea']
2026-08-06 11:38:04,854 | INFO | httpx | HTTP Request: GET https://legacy.winningform.co.za/GAU/2V260806_6.htm "HTTP/1.1 200 OK"
2026-08-06 11:38:04,944 | INFO | app.scrapers.winning_form_scraper | runner_table_used columns={'number': 0, 'name': 1, 'length_behind': 2, 'speed_index': 3, 'predicted_time': 4, 'merit': 5, 'weight': 6, 'draw': 7, 'jockey': 9, 'trainer': 10, 'previous_run': 12, 'time': 17} extracted=8 stated=8
2026-08-06 11:38:04,945 | INFO | app.scrapers.winning_form_scraper | race_parsed url=https://legacy.winningform.co.za/GAU/2V260806_6.htm venue=Vaal date=2026-08-06 race=6 stated=8 parsed=7
2026-08-06 11:38:04,945 | INFO | app.scrapers.winning_form_scraper | horse_names=['Korcula', 'Epidaurus', 'Twelfth Of Never', 'Gus On The Bus', 'Comic Artist', 'Lanteri', 'Evening News', 'Forever Red']
2026-08-06 11:38:05,199 | INFO | httpx | HTTP Request: GET https://legacy.winningform.co.za/GAU/2V260806_7.htm "HTTP/1.1 200 OK"
2026-08-06 11:38:05,350 | INFO | app.scrapers.winning_form_scraper | runner_table_used columns={'number': 0, 'name': 1, 'length_behind': 2, 'speed_index': 3, 'predicted_time': 4, 'merit': 5, 'weight': 6, 'draw': 7, 'jockey': 9, 'trainer': 10, 'previous_run': 12, 'time': 17} extracted=13 stated=13
2026-08-06 11:38:05,350 | INFO | app.scrapers.winning_form_scraper | race_parsed url=https://legacy.winningform.co.za/GAU/2V260806_7.htm venue=Vaal date=2026-08-06 race=7 stated=13 parsed=13
2026-08-06 11:38:05,351 | INFO | app.scrapers.winning_form_scraper | horse_names=['Itsnowornever', 'Nuclear Force', 'Thoonsil', 'Party Punch', 'Hopscotch', 'Rosy Lemon', 'Cartagena', 'Arlington Action', 'Chabal', 'Repetition', 'Euphrates', 'Gold De Grace', 'Heroic Act']
2026-08-06 11:38:05,587 | INFO | httpx | HTTP Request: GET https://legacy.winningform.co.za/GAU/2V260806_8.htm "HTTP/1.1 200 OK"
2026-08-06 11:38:05,696 | INFO | app.scrapers.winning_form_scraper | runner_table_used columns={'number': 0, 'name': 1, 'length_behind': 2, 'speed_index': 3, 'predicted_time': 4, 'merit': 5, 'weight': 6, 'draw': 7, 'jockey': 9, 'trainer': 10, 'previous_run': 12, 'time': 17} extracted=10 stated=10
2026-08-06 11:38:05,697 | INFO | app.scrapers.winning_form_scraper | race_parsed url=https://legacy.winningform.co.za/GAU/2V260806_8.htm venue=Vaal date=2026-08-06 race=8 stated=10 parsed=8
2026-08-06 11:38:05,697 | INFO | app.scrapers.winning_form_scraper | horse_names=['Freestyle Dance', 'Wartrax Blaze', 'Elisa Mbali', 'One State', 'Campo Formio', 'Sword Of Light', 'Mega Awesome', 'Truro Legacy', 'Cuzzie', 'Noble Chiefdom']
2026-08-06 11:38:06,042 | INFO | httpx | HTTP Request: GET https://legacy.winningform.co.za/KZN/2D260807_1.htm "HTTP/1.1 200 OK"
2026-08-06 11:38:06,102 | INFO | app.scrapers.winning_form_scraper | runner_table_used columns={'number': 0, 'name': 1, 'length_behind': 2, 'speed_index': 3, 'predicted_time': 4, 'merit': 5, 'weight': 6, 'draw': 7, 'jockey': 9, 'trainer': 10, 'previous_run': 12, 'time': 17} extracted=14 stated=14
2026-08-06 11:38:06,103 | INFO | app.scrapers.winning_form_scraper | race_parsed url=https://legacy.winningform.co.za/KZN/2D260807_1.htm venue=Hollywoodbets Greyville date=2026-08-07 race=1 stated=14 parsed=14
2026-08-06 11:38:06,103 | INFO | app.scrapers.winning_form_scraper | horse_names=['Owner Of Creation', 'Skipper Zip', 'Yeah Baby', 'Simonis', "Hadrian's Wall", 'Golden Diadem', 'Prince Of Rabada', 'Goldsmith', 'Peace Sign', 'Thurloe Place', 'Cuba Libre', 'Flight Twenty One', 'Catch That Kid', 'Big Dipper']
2026-08-06 11:38:06,343 | INFO | httpx | HTTP Request: GET https://legacy.winningform.co.za/KZN/2D260807_2.htm "HTTP/1.1 200 OK"
2026-08-06 11:38:06,393 | INFO | app.scrapers.winning_form_scraper | runner_table_used columns={'number': 0, 'name': 1, 'length_behind': 2, 'speed_index': 3, 'predicted_time': 4, 'merit': 5, 'weight': 6, 'draw': 7, 'jockey': 9, 'trainer': 10, 'previous_run': 12, 'time': 17} extracted=8 stated=8
2026-08-06 11:38:06,393 | INFO | app.scrapers.winning_form_scraper | race_parsed url=https://legacy.winningform.co.za/KZN/2D260807_2.htm venue=Hollywoodbets Greyville date=2026-08-07 race=2 stated=8 parsed=8
2026-08-06 11:38:06,393 | INFO | app.scrapers.winning_form_scraper | horse_names=['Hazel Green', 'Tears Of The Sun', 'Queen Of Denmark', 'America First', 'Eastern Glow', "Loreley's Rock", 'Lagertha The Queen', 'Periwinkle']
2026-08-06 11:38:06,632 | INFO | httpx | HTTP Request: GET https://legacy.winningform.co.za/KZN/2D260807_3.htm "HTTP/1.1 200 OK"
2026-08-06 11:38:06,683 | INFO | app.scrapers.winning_form_scraper | runner_table_used columns={'number': 0, 'name': 1, 'length_behind': 2, 'speed_index': 3, 'predicted_time': 4, 'merit': 5, 'weight': 6, 'draw': 7, 'jockey': 9, 'trainer': 10, 'previous_run': 12, 'time': 17} extracted=7 stated=7
2026-08-06 11:38:06,683 | INFO | app.scrapers.winning_form_scraper | race_parsed url=https://legacy.winningform.co.za/KZN/2D260807_3.htm venue=Hollywoodbets Greyville date=2026-08-07 race=3 stated=7 parsed=7
2026-08-06 11:38:06,683 | INFO | app.scrapers.winning_form_scraper | horse_names=['Crimson Typhoon', 'Fire Force', 'Augrabies', 'Captive Prince', 'Lacryma Christi', 'Noctambulist', 'Chaos Queen']
2026-08-06 11:38:06,956 | INFO | httpx | HTTP Request: GET https://legacy.winningform.co.za/KZN/2D260807_4.htm "HTTP/1.1 200 OK"
2026-08-06 11:38:07,069 | INFO | app.scrapers.winning_form_scraper | runner_table_used columns={'number': 0, 'name': 1, 'length_behind': 2, 'speed_index': 3, 'predicted_time': 4, 'merit': 5, 'weight': 6, 'draw': 7, 'jockey': 9, 'trainer': 10, 'previous_run': 12, 'time': 17} extracted=13 stated=13
2026-08-06 11:38:07,069 | INFO | app.scrapers.winning_form_scraper | race_parsed url=https://legacy.winningform.co.za/KZN/2D260807_4.htm venue=Hollywoodbets Greyville date=2026-08-07 race=4 stated=13 parsed=13
2026-08-06 11:38:07,070 | INFO | app.scrapers.winning_form_scraper | horse_names=['Tunguska', 'High Queue', 'Zena Rose', 'The Mikado', 'Shiny Bob', 'No Pressure', 'Heavenly Mafia', 'Fast And Free', 'Day Two', 'Christmas Cactus', 'National Dream', 'Status', 'Reign On Impact']
2026-08-06 11:38:07,347 | INFO | httpx | HTTP Request: GET https://legacy.winningform.co.za/KZN/2D260807_5.htm "HTTP/1.1 200 OK"
2026-08-06 11:38:07,480 | INFO | app.scrapers.winning_form_scraper | runner_table_used columns={'number': 0, 'name': 1, 'length_behind': 2, 'speed_index': 3, 'predicted_time': 4, 'merit': 5, 'weight': 6, 'draw': 7, 'jockey': 9, 'trainer': 10, 'previous_run': 12, 'time': 17} extracted=9 stated=9
2026-08-06 11:38:07,481 | INFO | app.scrapers.winning_form_scraper | race_parsed url=https://legacy.winningform.co.za/KZN/2D260807_5.htm venue=Hollywoodbets Greyville date=2026-08-07 race=5 stated=9 parsed=9
2026-08-06 11:38:07,481 | INFO | app.scrapers.winning_form_scraper | horse_names=['Position Of Power', 'Thisiswhatitmeans', 'Teflon Man', 'Future Variety', 'Soho Star', 'Imposing', 'King Of The Gauls', 'Good Traveller', 'Narina Trogon']
2026-08-06 11:38:07,719 | INFO | httpx | HTTP Request: GET https://legacy.winningform.co.za/KZN/2D260807_6.htm "HTTP/1.1 200 OK"
2026-08-06 11:38:07,830 | INFO | app.scrapers.winning_form_scraper | runner_table_used columns={'number': 0, 'name': 1, 'length_behind': 2, 'speed_index': 3, 'predicted_time': 4, 'merit': 5, 'weight': 6, 'draw': 7, 'jockey': 9, 'trainer': 10, 'previous_run': 12, 'time': 17} extracted=11 stated=11
2026-08-06 11:38:07,830 | INFO | app.scrapers.winning_form_scraper | race_parsed url=https://legacy.winningform.co.za/KZN/2D260807_6.htm venue=Hollywoodbets Greyville date=2026-08-07 race=6 stated=11 parsed=11
2026-08-06 11:38:07,831 | INFO | app.scrapers.winning_form_scraper | horse_names=['Warrior Royale', 'Swiatek', "That's My Baby", 'Happy Fortune', 'Miss Twinkle', 'Sonic Jet', 'Gorgeous Girl', 'Warning Sound', 'Red Taffety', 'Drumnadrochit', 'Forward Motion']
2026-08-06 11:38:08,101 | INFO | httpx | HTTP Request: GET https://legacy.winningform.co.za/KZN/2D260807_7.htm "HTTP/1.1 200 OK"
2026-08-06 11:38:08,254 | INFO | app.scrapers.winning_form_scraper | runner_table_used columns={'number': 0, 'name': 1, 'length_behind': 2, 'speed_index': 3, 'predicted_time': 4, 'merit': 5, 'weight': 6, 'draw': 7, 'jockey': 9, 'trainer': 10, 'previous_run': 12, 'time': 17} extracted=10 stated=10
2026-08-06 11:38:08,254 | INFO | app.scrapers.winning_form_scraper | race_parsed url=https://legacy.winningform.co.za/KZN/2D260807_7.htm venue=Hollywoodbets Greyville date=2026-08-07 race=7 stated=10 parsed=10
2026-08-06 11:38:08,254 | INFO | app.scrapers.winning_form_scraper | horse_names=['Maphaka', 'Future Flo', 'Miss World', 'Ubukhwebezana', 'Street Outlaw', 'City Of Love', 'What A Fortune', 'African Skyline', 'Cowdray Park', 'Johnny Appleseed']
2026-08-06 11:38:08,518 | INFO | httpx | HTTP Request: GET https://legacy.winningform.co.za/KZN/2D260807_8.htm "HTTP/1.1 200 OK"
2026-08-06 11:38:08,625 | INFO | app.scrapers.winning_form_scraper | runner_table_used columns={'number': 0, 'name': 1, 'length_behind': 2, 'speed_index': 3, 'predicted_time': 4, 'merit': 5, 'weight': 6, 'draw': 7, 'jockey': 9, 'trainer': 10, 'previous_run': 12, 'time': 17} extracted=11 stated=11
2026-08-06 11:38:08,626 | INFO | app.scrapers.winning_form_scraper | race_parsed url=https://legacy.winningform.co.za/KZN/2D260807_8.htm venue=Hollywoodbets Greyville date=2026-08-07 race=8 stated=11 parsed=11
2026-08-06 11:38:08,626 | INFO | app.scrapers.winning_form_scraper | horse_names=['Next Of Kin', 'Mvelelo', "Tam's Knight", 'Mar Del Plata', 'Tobacconist', 'Blue Steel', 'Phutulicious', 'War Emperor', 'My Boy Lollipop', 'Steamy Windows', 'Zagreb']
2026-08-06 11:38:08,867 | INFO | httpx | HTTP Request: GET https://legacy.winningform.co.za/ECP/2F260807_1.htm "HTTP/1.1 200 OK"
2026-08-06 11:38:08,934 | INFO | app.scrapers.winning_form_scraper | runner_table_used columns={'number': 0, 'name': 1, 'length_behind': 2, 'speed_index': 3, 'predicted_time': 4, 'merit': 5, 'weight': 6, 'draw': 7, 'jockey': 9, 'trainer': 10, 'previous_run': 12, 'time': 17} extracted=10 stated=10
2026-08-06 11:38:08,934 | INFO | app.scrapers.winning_form_scraper | race_parsed url=https://legacy.winningform.co.za/ECP/2F260807_1.htm venue=Fairview date=2026-08-07 race=1 stated=10 parsed=10
2026-08-06 11:38:08,934 | INFO | app.scrapers.winning_form_scraper | horse_names=['Good Shine', 'Green Point', 'Crimson Clover', 'Takemetothemoon', 'Norse Warrior', 'Stone Of Scone', 'J Lordi', 'Blue Dame', 'Storm Burst', 'Golden Fifties']
2026-08-06 11:38:09,183 | INFO | httpx | HTTP Request: GET https://legacy.winningform.co.za/ECP/2F260807_2.htm "HTTP/1.1 200 OK"
2026-08-06 11:38:09,277 | INFO | app.scrapers.winning_form_scraper | runner_table_used columns={'number': 0, 'name': 1, 'length_behind': 2, 'speed_index': 3, 'predicted_time': 4, 'merit': 5, 'weight': 6, 'draw': 7, 'jockey': 9, 'trainer': 10, 'previous_run': 12, 'time': 17} extracted=10 stated=10
2026-08-06 11:38:09,277 | INFO | app.scrapers.winning_form_scraper | race_parsed url=https://legacy.winningform.co.za/ECP/2F260807_2.htm venue=Fairview date=2026-08-07 race=2 stated=10 parsed=10
2026-08-06 11:38:09,278 | INFO | app.scrapers.winning_form_scraper | horse_names=['Touch The Sword', 'Caughtubysurprise', 'Fonte', 'Kim Kay', 'Jewel Mule', 'Redlight Lane', 'Harpa', 'World Of Diamonds', 'Without Hesitation', 'Gallic Greeting']
2026-08-06 11:38:09,492 | INFO | httpx | HTTP Request: GET https://legacy.winningform.co.za/ECP/2F260807_3.htm "HTTP/1.1 200 OK"
2026-08-06 11:38:09,706 | INFO | app.scrapers.winning_form_scraper | runner_table_used columns={'number': 0, 'name': 1, 'length_behind': 2, 'speed_index': 3, 'predicted_time': 4, 'merit': 5, 'weight': 6, 'draw': 7, 'jockey': 9, 'trainer': 10, 'previous_run': 12, 'time': 17} extracted=9 stated=9
2026-08-06 11:38:09,706 | INFO | app.scrapers.winning_form_scraper | race_parsed url=https://legacy.winningform.co.za/ECP/2F260807_3.htm venue=Fairview date=2026-08-07 race=3 stated=9 parsed=9
2026-08-06 11:38:09,707 | INFO | app.scrapers.winning_form_scraper | horse_names=['Frequent Traveller', 'Secret Eruption', 'Witching Hour', 'Lady Limoncello', 'Lady Of Fate', 'Blue Crystal', 'Island Jewel', 'Burning Desire', 'Total Eruption']
2026-08-06 11:38:09,928 | INFO | httpx | HTTP Request: GET https://legacy.winningform.co.za/ECP/2F260807_4.htm "HTTP/1.1 200 OK"
2026-08-06 11:38:10,001 | INFO | app.scrapers.winning_form_scraper | runner_table_used columns={'number': 0, 'name': 1, 'length_behind': 2, 'speed_index': 3, 'predicted_time': 4, 'merit': 5, 'weight': 6, 'draw': 7, 'jockey': 9, 'trainer': 10, 'previous_run': 12, 'time': 17} extracted=9 stated=9
2026-08-06 11:38:10,001 | INFO | app.scrapers.winning_form_scraper | race_parsed url=https://legacy.winningform.co.za/ECP/2F260807_4.htm venue=Fairview date=2026-08-07 race=4 stated=9 parsed=9
2026-08-06 11:38:10,002 | INFO | app.scrapers.winning_form_scraper | horse_names=['Home Reef', 'Makhachev', 'Anatolian Silver', 'Global Ally', 'Richardthefearless', 'Wild Fig', 'Hollandia Bakkerij', 'Flight Display', 'Johnny Drama']
2026-08-06 11:38:10,229 | INFO | httpx | HTTP Request: GET https://legacy.winningform.co.za/ECP/2F260807_5.htm "HTTP/1.1 200 OK"
2026-08-06 11:38:10,321 | INFO | app.scrapers.winning_form_scraper | runner_table_used columns={'number': 0, 'name': 1, 'length_behind': 2, 'speed_index': 3, 'predicted_time': 4, 'merit': 5, 'weight': 6, 'draw': 7, 'jockey': 9, 'trainer': 10, 'previous_run': 12, 'time': 17} extracted=10 stated=10
2026-08-06 11:38:10,322 | INFO | app.scrapers.winning_form_scraper | race_parsed url=https://legacy.winningform.co.za/ECP/2F260807_5.htm venue=Fairview date=2026-08-07 race=5 stated=10 parsed=10
2026-08-06 11:38:10,323 | INFO | app.scrapers.winning_form_scraper | horse_names=['King Viserys', 'Cheerful Charlie B', 'Green Planet', 'Pedro', 'Lucky Chance', 'Givethatmanabells', 'Umami', 'Star Of Elena', 'Celtic Rush', 'Nautical Landing']
2026-08-06 11:38:10,561 | INFO | httpx | HTTP Request: GET https://legacy.winningform.co.za/ECP/2F260807_6.htm "HTTP/1.1 200 OK"
2026-08-06 11:38:10,672 | INFO | app.scrapers.winning_form_scraper | runner_table_used columns={'number': 0, 'name': 1, 'length_behind': 2, 'speed_index': 3, 'predicted_time': 4, 'merit': 5, 'weight': 6, 'draw': 7, 'jockey': 9, 'trainer': 10, 'previous_run': 12, 'time': 17} extracted=11 stated=11
2026-08-06 11:38:10,673 | INFO | app.scrapers.winning_form_scraper | race_parsed url=https://legacy.winningform.co.za/ECP/2F260807_6.htm venue=Fairview date=2026-08-07 race=6 stated=11 parsed=11
2026-08-06 11:38:10,673 | INFO | app.scrapers.winning_form_scraper | horse_names=['Basingstoke', 'Icy Lancaster', 'Japanese Garden', 'Midnight Music', 'Kilmonivaig', 'Queen Of Jazz', 'Power Of Tiger', 'Daffodil Delight', 'Timeline', 'Gutsy Baby', 'Princess Of Ajiaal']
2026-08-06 11:38:10,916 | INFO | httpx | HTTP Request: GET https://legacy.winningform.co.za/ECP/2F260807_7.htm "HTTP/1.1 200 OK"
2026-08-06 11:38:11,154 | INFO | app.scrapers.winning_form_scraper | runner_table_used columns={'number': 0, 'name': 1, 'length_behind': 2, 'speed_index': 3, 'predicted_time': 4, 'merit': 5, 'weight': 6, 'draw': 7, 'jockey': 9, 'trainer': 10, 'previous_run': 12, 'time': 17} extracted=10 stated=10
2026-08-06 11:38:11,154 | INFO | app.scrapers.winning_form_scraper | race_parsed url=https://legacy.winningform.co.za/ECP/2F260807_7.htm venue=Fairview date=2026-08-07 race=7 stated=10 parsed=10
2026-08-06 11:38:11,155 | INFO | app.scrapers.winning_form_scraper | horse_names=['Coastal Path', 'Stars In Heaven', 'Forest Spy', 'Masked Vigilante', 'Champonelle', 'Stokesy', 'Aquarius', 'Overture', 'Surge Of Power', 'Astronomical Boy']
2026-08-06 11:38:11,439 | INFO | httpx | HTTP Request: GET https://legacy.winningform.co.za/ECP/2F260807_8.htm "HTTP/1.1 200 OK"
2026-08-06 11:38:11,764 | INFO | app.scrapers.winning_form_scraper | runner_table_used columns={'number': 0, 'name': 1, 'length_behind': 2, 'speed_index': 3, 'predicted_time': 4, 'merit': 5, 'weight': 6, 'draw': 7, 'jockey': 9, 'trainer': 10, 'previous_run': 12, 'time': 17} extracted=11 stated=11
2026-08-06 11:38:11,765 | INFO | app.scrapers.winning_form_scraper | race_parsed url=https://legacy.winningform.co.za/ECP/2F260807_8.htm venue=Fairview date=2026-08-07 race=8 stated=11 parsed=11
2026-08-06 11:38:11,765 | INFO | app.scrapers.winning_form_scraper | horse_names=['Captain Clever', 'Free World', 'Cape Capri', 'Chief Runner', 'Piton De Neige', 'Wordsworth', 'In The Bag', 'Bumps Last Grind', 'King Rahul', 'Waltzing Doll', 'Truly Magical']
2026-08-06 11:38:12,257 | INFO | httpx | HTTP Request: GET https://legacy.winningform.co.za/GAU/2T260808_1.htm "HTTP/1.1 200 OK"
2026-08-06 11:38:12,336 | INFO | app.scrapers.winning_form_scraper | runner_table_used columns={'number': 0, 'name': 1, 'length_behind': 2, 'speed_index': 3, 'predicted_time': 4, 'merit': 5, 'weight': 6, 'draw': 7, 'jockey': 9, 'trainer': 10, 'previous_run': 12, 'time': 17} extracted=10 stated=10
2026-08-06 11:38:12,336 | INFO | app.scrapers.winning_form_scraper | race_parsed url=https://legacy.winningform.co.za/GAU/2T260808_1.htm venue=Turffontein date=2026-08-08 race=1 stated=10 parsed=10
2026-08-06 11:38:12,337 | INFO | app.scrapers.winning_form_scraper | horse_names=['Midnight Special', 'Platinum Shay', 'Elegant Edge', 'Surreal Song', "Meghan's Diamond", "Master's Lady", 'Charleston Dawn', 'Lazer Light', 'Moonface', 'Jessica Rabbit']
2026-08-06 11:38:12,540 | INFO | httpx | HTTP Request: GET https://legacy.winningform.co.za/GAU/2T260808_2.htm "HTTP/1.1 200 OK"
2026-08-06 11:38:12,612 | INFO | app.scrapers.winning_form_scraper | runner_table_used columns={'number': 0, 'name': 1, 'length_behind': 2, 'speed_index': 3, 'predicted_time': 4, 'merit': 5, 'weight': 6, 'draw': 7, 'jockey': 9, 'trainer': 10, 'previous_run': 12, 'time': 17} extracted=7 stated=7
2026-08-06 11:38:12,613 | INFO | app.scrapers.winning_form_scraper | race_parsed url=https://legacy.winningform.co.za/GAU/2T260808_2.htm venue=Turffontein date=2026-08-08 race=2 stated=7 parsed=7
2026-08-06 11:38:12,613 | INFO | app.scrapers.winning_form_scraper | horse_names=['Shining Sun', 'Royale Jacket', 'Be The One', 'Seventh Fleet', 'Moethemoneyman', 'From The Get Go', 'Mirum']
2026-08-06 11:38:12,793 | INFO | httpx | HTTP Request: GET https://legacy.winningform.co.za/GAU/2T260808_3.htm "HTTP/1.1 200 OK"
2026-08-06 11:38:12,837 | INFO | app.scrapers.winning_form_scraper | runner_table_used columns={'number': 0, 'name': 1, 'length_behind': 2, 'speed_index': 3, 'predicted_time': 4, 'merit': 5, 'weight': 6, 'draw': 7, 'jockey': 9, 'trainer': 10, 'previous_run': 12, 'time': 17} extracted=7 stated=7
2026-08-06 11:38:12,838 | INFO | app.scrapers.winning_form_scraper | race_parsed url=https://legacy.winningform.co.za/GAU/2T260808_3.htm venue=Turffontein date=2026-08-08 race=3 stated=7 parsed=7
2026-08-06 11:38:12,838 | INFO | app.scrapers.winning_form_scraper | horse_names=["Destiny's Dream", 'Empress Of Peace', 'Be All You Can Be', "Nicci's Law", 'Hot Choice', 'Nicolson Landing', 'Future Red']
2026-08-06 11:38:13,090 | INFO | httpx | HTTP Request: GET https://legacy.winningform.co.za/GAU/2T260808_4.htm "HTTP/1.1 200 OK"
2026-08-06 11:38:13,184 | INFO | app.scrapers.winning_form_scraper | runner_table_used columns={'number': 0, 'name': 1, 'length_behind': 2, 'speed_index': 3, 'predicted_time': 4, 'merit': 5, 'weight': 6, 'draw': 7, 'jockey': 9, 'trainer': 10, 'previous_run': 12, 'time': 17} extracted=7 stated=7
2026-08-06 11:38:13,185 | INFO | app.scrapers.winning_form_scraper | race_parsed url=https://legacy.winningform.co.za/GAU/2T260808_4.htm venue=Turffontein date=2026-08-08 race=4 stated=7 parsed=7
2026-08-06 11:38:13,185 | INFO | app.scrapers.winning_form_scraper | horse_names=["Fire 'n Flames", 'Palace Prince', 'Hotarubi', "King's Express", 'The Equator', 'Royal Invitation', 'Hawkbill']
2026-08-06 11:38:13,451 | INFO | httpx | HTTP Request: GET https://legacy.winningform.co.za/GAU/2T260808_5.htm "HTTP/1.1 200 OK"
2026-08-06 11:38:13,540 | INFO | app.scrapers.winning_form_scraper | runner_table_used columns={'number': 0, 'name': 1, 'length_behind': 2, 'speed_index': 3, 'predicted_time': 4, 'merit': 5, 'weight': 6, 'draw': 7, 'jockey': 9, 'trainer': 10, 'previous_run': 12, 'time': 17} extracted=11 stated=11
2026-08-06 11:38:13,540 | INFO | app.scrapers.winning_form_scraper | race_parsed url=https://legacy.winningform.co.za/GAU/2T260808_5.htm venue=Turffontein date=2026-08-08 race=5 stated=11 parsed=11
2026-08-06 11:38:13,540 | INFO | app.scrapers.winning_form_scraper | horse_names=['Max The Magician', 'Vibe Sa', 'Espinoza', 'Antonio Gaudi', 'Blizzard Snow', 'African Prince', "Dante's Bond", 'Richard The First', 'Titan Of The Turf', 'Famous Lady', 'Kudikaran']
2026-08-06 11:38:13,735 | INFO | httpx | HTTP Request: GET https://legacy.winningform.co.za/GAU/2T260808_6.htm "HTTP/1.1 200 OK"
2026-08-06 11:38:13,785 | INFO | app.scrapers.winning_form_scraper | runner_table_used columns={'number': 0, 'name': 1, 'length_behind': 2, 'speed_index': 3, 'predicted_time': 4, 'merit': 5, 'weight': 6, 'draw': 7, 'jockey': 9, 'trainer': 10, 'previous_run': 12, 'time': 17} extracted=8 stated=8
2026-08-06 11:38:13,785 | INFO | app.scrapers.winning_form_scraper | race_parsed url=https://legacy.winningform.co.za/GAU/2T260808_6.htm venue=Turffontein date=2026-08-08 race=6 stated=8 parsed=8
2026-08-06 11:38:13,785 | INFO | app.scrapers.winning_form_scraper | horse_names=['Eight Hats', 'Kortvandraad', 'Pretty Analia', 'Concordia', 'Secret Life', 'Mattiazo', "Master's Rose", 'Way To Burn']
2026-08-06 11:38:14,021 | INFO | httpx | HTTP Request: GET https://legacy.winningform.co.za/GAU/2T260808_7.htm "HTTP/1.1 200 OK"
2026-08-06 11:38:14,094 | INFO | app.scrapers.winning_form_scraper | runner_table_used columns={'number': 0, 'name': 1, 'length_behind': 2, 'speed_index': 3, 'predicted_time': 4, 'merit': 5, 'weight': 6, 'draw': 7, 'jockey': 9, 'trainer': 10, 'previous_run': 12, 'time': 17} extracted=9 stated=9
2026-08-06 11:38:14,095 | INFO | app.scrapers.winning_form_scraper | race_parsed url=https://legacy.winningform.co.za/GAU/2T260808_7.htm venue=Turffontein date=2026-08-08 race=7 stated=9 parsed=9
2026-08-06 11:38:14,095 | INFO | app.scrapers.winning_form_scraper | horse_names=['Gran Canaria', 'Olympian Gold', 'The Africa House', 'Ariovistus', 'Master Christmas', 'Trombolines', 'Oklahoma Smokeshow', 'Birthright', 'Texas Missile']
2026-08-06 11:38:14,278 | INFO | httpx | HTTP Request: GET https://legacy.winningform.co.za/GAU/2T260808_8.htm "HTTP/1.1 200 OK"
2026-08-06 11:38:14,395 | INFO | app.scrapers.winning_form_scraper | runner_table_used columns={'number': 0, 'name': 1, 'length_behind': 2, 'speed_index': 3, 'predicted_time': 4, 'merit': 5, 'weight': 6, 'draw': 7, 'jockey': 9, 'trainer': 10, 'previous_run': 12, 'time': 17} extracted=10 stated=10
2026-08-06 11:38:14,395 | INFO | app.scrapers.winning_form_scraper | race_parsed url=https://legacy.winningform.co.za/GAU/2T260808_8.htm venue=Turffontein date=2026-08-08 race=8 stated=10 parsed=10
2026-08-06 11:38:14,396 | INFO | app.scrapers.winning_form_scraper | horse_names=['American Beauty', 'Boom Boom', 'Sikeloi', 'Into Dancing', 'Pearl In Her Crown', 'Merryweather', 'Fire In Her Soul', 'Glamorous Lady', 'Hoc Est Vita', 'Lava Lamp']
2026-08-06 11:38:14,589 | INFO | httpx | HTTP Request: GET https://legacy.winningform.co.za/GAU/2T260808_9.htm "HTTP/1.1 200 OK"
2026-08-06 11:38:14,692 | INFO | app.scrapers.winning_form_scraper | runner_table_used columns={'number': 0, 'name': 1, 'length_behind': 2, 'speed_index': 3, 'predicted_time': 4, 'merit': 5, 'weight': 6, 'draw': 7, 'jockey': 9, 'trainer': 10, 'previous_run': 12, 'time': 17} extracted=8 stated=8
2026-08-06 11:38:14,692 | INFO | app.scrapers.winning_form_scraper | race_parsed url=https://legacy.winningform.co.za/GAU/2T260808_9.htm venue=Turffontein date=2026-08-08 race=9 stated=8 parsed=8
2026-08-06 11:38:14,693 | INFO | app.scrapers.winning_form_scraper | horse_names=['Zip Code', 'Bay Empire', "Can't Catch Me", 'Six Of All', 'Michael Faraday', 'Dondoyaki', 'Spy Story', 'Sail The Sky']
2026-08-06 11:38:14,870 | INFO | httpx | HTTP Request: GET https://legacy.winningform.co.za/KZN/2S260809_1.htm "HTTP/1.1 200 OK"
2026-08-06 11:38:14,924 | INFO | app.scrapers.winning_form_scraper | runner_table_used columns={'number': 0, 'name': 1, 'length_behind': 2, 'speed_index': 3, 'predicted_time': 4, 'merit': 5, 'weight': 6, 'draw': 7, 'jockey': 9, 'trainer': 10, 'previous_run': 12, 'time': 17} extracted=9 stated=9
2026-08-06 11:38:14,924 | INFO | app.scrapers.winning_form_scraper | race_parsed url=https://legacy.winningform.co.za/KZN/2S260809_1.htm venue=Hollywoodbets Scottsville Outer date=2026-08-09 race=1 stated=9 parsed=9
2026-08-06 11:38:14,924 | INFO | app.scrapers.winning_form_scraper | horse_names=['Tipperary', "Scott's Bar", 'Theodore Rooseveld', 'Praetorian Guard', 'Joy N Hope', 'Bicameral', 'Elusive Diamond', 'Maggiano', 'Grand Tour']
2026-08-06 11:38:15,116 | INFO | httpx | HTTP Request: GET https://legacy.winningform.co.za/KZN/2S260809_2.htm "HTTP/1.1 200 OK"
2026-08-06 11:38:15,158 | INFO | app.scrapers.winning_form_scraper | runner_table_used columns={'number': 0, 'name': 1, 'length_behind': 2, 'speed_index': 3, 'predicted_time': 4, 'merit': 5, 'weight': 6, 'draw': 7, 'jockey': 9, 'trainer': 10, 'previous_run': 12, 'time': 17} extracted=9 stated=9
2026-08-06 11:38:15,159 | INFO | app.scrapers.winning_form_scraper | race_parsed url=https://legacy.winningform.co.za/KZN/2S260809_2.htm venue=Hollywoodbets Scottsville Outer date=2026-08-09 race=2 stated=9 parsed=9
2026-08-06 11:38:15,159 | INFO | app.scrapers.winning_form_scraper | horse_names=["Rocco's Peace", 'Xiphos', 'Snow Warrior', 'Majestic Limpopo', 'Sebastiaan', 'Diaval', 'Gimme The Sun', 'Hello Handsome', 'Bello Gallico']
2026-08-06 11:38:15,316 | INFO | httpx | HTTP Request: GET https://legacy.winningform.co.za/KZN/2S260809_3.htm "HTTP/1.1 200 OK"
2026-08-06 11:38:15,441 | INFO | app.scrapers.winning_form_scraper | runner_table_used columns={'number': 0, 'name': 1, 'length_behind': 2, 'speed_index': 3, 'predicted_time': 4, 'merit': 5, 'weight': 6, 'draw': 7, 'jockey': 9, 'trainer': 10, 'previous_run': 12, 'time': 17} extracted=7 stated=7
2026-08-06 11:38:15,441 | INFO | app.scrapers.winning_form_scraper | race_parsed url=https://legacy.winningform.co.za/KZN/2S260809_3.htm venue=Hollywoodbets Scottsville Inner date=2026-08-09 race=3 stated=7 parsed=7
2026-08-06 11:38:15,441 | INFO | app.scrapers.winning_form_scraper | horse_names=['Vaans Spirit', 'Hop Hop Spinnekop', 'Gold Gold Baby', 'Heavenly Mafia', "Taylor's Version", 'Praise De La Rey', 'Princess Trippi']
2026-08-06 11:38:15,614 | INFO | httpx | HTTP Request: GET https://legacy.winningform.co.za/KZN/2S260809_4.htm "HTTP/1.1 200 OK"
2026-08-06 11:38:15,646 | INFO | app.scrapers.winning_form_scraper | runner_table_used columns={'number': 0, 'name': 1, 'length_behind': 2, 'speed_index': 3, 'predicted_time': 4, 'merit': 5, 'weight': 6, 'draw': 7, 'jockey': 9, 'trainer': 10, 'previous_run': 12, 'time': 17} extracted=8 stated=8
2026-08-06 11:38:15,646 | INFO | app.scrapers.winning_form_scraper | race_parsed url=https://legacy.winningform.co.za/KZN/2S260809_4.htm venue=Hollywoodbets Scottsville Inner date=2026-08-09 race=4 stated=8 parsed=8
2026-08-06 11:38:15,646 | INFO | app.scrapers.winning_form_scraper | horse_names=['Deonarie', 'Runthruthejungle', 'Judiciary', 'Dreadnought', 'Old Harry Rocks', 'Chakalaka', 'All About Me', 'Preux Chavalier']
2026-08-06 11:38:15,836 | INFO | httpx | HTTP Request: GET https://legacy.winningform.co.za/KZN/2S260809_5.htm "HTTP/1.1 200 OK"
2026-08-06 11:38:15,883 | INFO | app.scrapers.winning_form_scraper | runner_table_used columns={'number': 0, 'name': 1, 'length_behind': 2, 'speed_index': 3, 'predicted_time': 4, 'merit': 5, 'weight': 6, 'draw': 7, 'jockey': 9, 'trainer': 10, 'previous_run': 12, 'time': 17} extracted=8 stated=8
2026-08-06 11:38:15,883 | INFO | app.scrapers.winning_form_scraper | race_parsed url=https://legacy.winningform.co.za/KZN/2S260809_5.htm venue=Hollywoodbets Scottsville Inner date=2026-08-09 race=5 stated=8 parsed=8
2026-08-06 11:38:15,884 | INFO | app.scrapers.winning_form_scraper | horse_names=['Parisian Walkway', 'Powerandtheglory', 'Captain West', 'Cardinal Chief', 'Bruh', 'Bangladesh', 'Heal And Soul', 'Mr Fixit']
2026-08-06 11:38:16,090 | INFO | httpx | HTTP Request: GET https://legacy.winningform.co.za/KZN/2S260809_6.htm "HTTP/1.1 200 OK"
2026-08-06 11:38:16,164 | INFO | app.scrapers.winning_form_scraper | runner_table_used columns={'number': 0, 'name': 1, 'length_behind': 2, 'speed_index': 3, 'predicted_time': 4, 'merit': 5, 'weight': 6, 'draw': 7, 'jockey': 9, 'trainer': 10, 'previous_run': 12, 'time': 17} extracted=11 stated=11
2026-08-06 11:38:16,164 | INFO | app.scrapers.winning_form_scraper | race_parsed url=https://legacy.winningform.co.za/KZN/2S260809_6.htm venue=Hollywoodbets Scottsville Inner date=2026-08-09 race=6 stated=11 parsed=11
2026-08-06 11:38:16,165 | INFO | app.scrapers.winning_form_scraper | horse_names=['Run To Rio', 'Jazz Festival', 'Mister Nibbles', 'Radu', 'Power Star', 'Galaxy Explorer', "Kimball O'hara", 'Twilight Warrior', 'I Am Classy', 'Irish Anthem', 'Twocantango']
2026-08-06 11:38:16,357 | INFO | httpx | HTTP Request: GET https://legacy.winningform.co.za/KZN/2S260809_7.htm "HTTP/1.1 200 OK"
2026-08-06 11:38:16,410 | INFO | app.scrapers.winning_form_scraper | runner_table_used columns={'number': 0, 'name': 1, 'length_behind': 2, 'speed_index': 3, 'predicted_time': 4, 'merit': 5, 'weight': 6, 'draw': 7, 'jockey': 9, 'trainer': 10, 'previous_run': 12, 'time': 17} extracted=7 stated=7
2026-08-06 11:38:16,411 | INFO | app.scrapers.winning_form_scraper | race_parsed url=https://legacy.winningform.co.za/KZN/2S260809_7.htm venue=Hollywoodbets Scottsville Inner date=2026-08-09 race=7 stated=7 parsed=7
2026-08-06 11:38:16,411 | INFO | app.scrapers.winning_form_scraper | horse_names=['Scarlet Macaw', 'La Landonne', 'Miss Ladyaterix', 'Perilla', 'Limitless Sky', 'Lilac In Winter', 'Hierkommiebokkie']
2026-08-06 11:38:16,603 | INFO | httpx | HTTP Request: GET https://legacy.winningform.co.za/KZN/2S260809_8.htm "HTTP/1.1 200 OK"
2026-08-06 11:38:16,714 | INFO | app.scrapers.winning_form_scraper | runner_table_used columns={'number': 0, 'name': 1, 'length_behind': 2, 'speed_index': 3, 'predicted_time': 4, 'merit': 5, 'weight': 6, 'draw': 7, 'jockey': 9, 'trainer': 10, 'previous_run': 12, 'time': 17} extracted=12 stated=12
2026-08-06 11:38:16,715 | INFO | app.scrapers.winning_form_scraper | race_parsed url=https://legacy.winningform.co.za/KZN/2S260809_8.htm venue=Hollywoodbets Scottsville Outer date=2026-08-09 race=8 stated=12 parsed=12
2026-08-06 11:38:16,715 | INFO | app.scrapers.winning_form_scraper | horse_names=['Clair De Lune', 'Ruby Rising', 'Scarlet Starlet', 'Call Me Jane', 'Fascination', 'Arverni Princess', 'Captain Ventura', 'Vision To Achieve', 'Emerald Forge', 'Royal Crest', 'Durban Diamond', 'Grue Of Ice']
2026-08-06 11:38:16,779 | INFO | app.services.monitoring_service | monitoring_cycle_completed
2026-08-06 11:38:16,780 | INFO | app.main | application_started
2026-08-06 11:38:16,886 | INFO | apscheduler.scheduler | Scheduler has been shut down
2026-08-06 11:38:16,887 | INFO | app.main | application_stopped
2026-08-06 11:38:18,622 | INFO | apscheduler.scheduler | Adding job tentatively -- it will be properly scheduled when the scheduler starts
2026-08-06 11:38:18,624 | INFO | apscheduler.scheduler | Added job "MonitoringService.run_cycle" to job store "default"
2026-08-06 11:38:18,624 | INFO | apscheduler.scheduler | Scheduler started
2026-08-06 11:38:18,624 | INFO | app.services.monitoring_service | monitoring_cycle_started
2026-08-06 11:38:18,954 | INFO | httpx | HTTP Request: GET https://legacy.winningform.co.za "HTTP/1.1 200 OK"
2026-08-06 11:38:18,966 | INFO | app.scrapers.winning_form_scraper | fetch_index_frames=['https://legacy.winningform.co.za/guide.htm', 'https://legacy.winningform.co.za/cover.htm']
2026-08-06 11:38:19,085 | INFO | httpx | HTTP Request: GET https://legacy.winningform.co.za "HTTP/1.1 200 OK"
2026-08-06 11:38:19,212 | INFO | httpx | HTTP Request: GET https://legacy.winningform.co.za/guide.htm "HTTP/1.1 200 OK"
2026-08-06 11:38:19,310 | INFO | httpx | HTTP Request: GET https://legacy.winningform.co.za/cover.htm "HTTP/1.1 200 OK"
2026-08-06 11:38:19,412 | INFO | httpx | HTTP Request: GET https://legacy.winningform.co.za "HTTP/1.1 200 OK"
2026-08-06 11:38:19,532 | INFO | httpx | HTTP Request: GET https://legacy.winningform.co.za/guide.htm "HTTP/1.1 200 OK"
2026-08-06 11:38:19,690 | INFO | httpx | HTTP Request: GET https://legacy.winningform.co.za/cover.htm "HTTP/1.1 200 OK"
2026-08-06 11:38:19,699 | INFO | app.scrapers.winning_form_scraper | race_links_total=41
2026-08-06 11:38:19,699 | INFO | app.scrapers.winning_form_scraper | meetings_seen=['ecp-f260807', 'gau-t260808', 'gau-v260806', 'kzn-d260807', 'kzn-s260809']
2026-08-06 11:38:19,836 | INFO | httpx | HTTP Request: GET https://legacy.winningform.co.za/GAU/2V260806_1.htm "HTTP/1.1 200 OK"
2026-08-06 11:38:19,941 | INFO | app.scrapers.winning_form_scraper | runner_table_used columns={'number': 0, 'name': 1, 'length_behind': 2, 'speed_index': 3, 'predicted_time': 4, 'merit': 5, 'weight': 6, 'draw': 7, 'jockey': 9, 'trainer': 10, 'previous_run': 12, 'time': 17} extracted=6 stated=6
2026-08-06 11:38:19,942 | INFO | app.scrapers.winning_form_scraper | race_parsed url=https://legacy.winningform.co.za/GAU/2V260806_1.htm venue=Vaal date=2026-08-06 race=1 stated=6 parsed=5
2026-08-06 11:38:19,942 | INFO | app.scrapers.winning_form_scraper | horse_names=['Battleground', 'Corrupt', 'Green Machine', 'Taxhaven', 'Bellerophon', 'Samuel Sharpe']
2026-08-06 11:38:20,139 | INFO | httpx | HTTP Request: GET https://legacy.winningform.co.za/GAU/2V260806_2.htm "HTTP/1.1 200 OK"
2026-08-06 11:38:20,196 | INFO | app.scrapers.winning_form_scraper | runner_table_used columns={'number': 0, 'name': 1, 'length_behind': 2, 'speed_index': 3, 'predicted_time': 4, 'merit': 5, 'weight': 6, 'draw': 7, 'jockey': 9, 'trainer': 10, 'previous_run': 12, 'time': 17} extracted=7 stated=7
2026-08-06 11:38:20,197 | INFO | app.scrapers.winning_form_scraper | race_parsed url=https://legacy.winningform.co.za/GAU/2V260806_2.htm venue=Vaal date=2026-08-06 race=2 stated=7 parsed=6
2026-08-06 11:38:20,197 | INFO | app.scrapers.winning_form_scraper | horse_names=['Jet Cat', 'Sergeant Soqrat', 'Bell Of Angelus', 'Oriental Bouquet', 'Phala Millions', 'Caladrius', 'Champagne Problems']
2026-08-06 11:38:20,580 | INFO | httpx | HTTP Request: GET https://legacy.winningform.co.za/GAU/2V260806_3.htm "HTTP/1.1 200 OK"
2026-08-06 11:38:20,663 | INFO | app.scrapers.winning_form_scraper | runner_table_used columns={'number': 0, 'name': 1, 'length_behind': 2, 'speed_index': 3, 'predicted_time': 4, 'merit': 5, 'weight': 6, 'draw': 7, 'jockey': 9, 'trainer': 10, 'previous_run': 12, 'time': 17} extracted=7 stated=7
2026-08-06 11:38:20,664 | INFO | app.scrapers.winning_form_scraper | race_parsed url=https://legacy.winningform.co.za/GAU/2V260806_3.htm venue=Vaal date=2026-08-06 race=3 stated=7 parsed=7
2026-08-06 11:38:20,664 | INFO | app.scrapers.winning_form_scraper | horse_names=['Wings Of Kildra', 'Ada Lovelace', 'Executrix', 'Magic Carpet Ride', 'Royal Horizon', 'Iconic Winter', 'Love Not War']
2026-08-06 11:38:20,854 | INFO | httpx | HTTP Request: GET https://legacy.winningform.co.za/GAU/2V260806_4.htm "HTTP/1.1 200 OK"
2026-08-06 11:38:20,990 | INFO | app.scrapers.winning_form_scraper | runner_table_used columns={'number': 0, 'name': 1, 'length_behind': 2, 'speed_index': 3, 'predicted_time': 4, 'merit': 5, 'weight': 6, 'draw': 7, 'jockey': 9, 'trainer': 10, 'previous_run': 12, 'time': 17} extracted=7 stated=7
2026-08-06 11:38:20,991 | INFO | app.scrapers.winning_form_scraper | race_parsed url=https://legacy.winningform.co.za/GAU/2V260806_4.htm venue=Vaal date=2026-08-06 race=4 stated=7 parsed=7
2026-08-06 11:38:20,991 | INFO | app.scrapers.winning_form_scraper | horse_names=['Winter Rainfall', 'Valieva', "She's All Mine", 'Jazz Pianist', 'Tempranillo', 'Versace Onthetrack', 'Slender Silhouette']
2026-08-06 11:38:21,231 | INFO | httpx | HTTP Request: GET https://legacy.winningform.co.za/GAU/2V260806_5.htm "HTTP/1.1 200 OK"
2026-08-06 11:38:21,328 | INFO | app.scrapers.winning_form_scraper | runner_table_used columns={'number': 0, 'name': 1, 'length_behind': 2, 'speed_index': 3, 'predicted_time': 4, 'merit': 5, 'weight': 6, 'draw': 7, 'jockey': 9, 'trainer': 10, 'previous_run': 12, 'time': 17} extracted=11 stated=11
2026-08-06 11:38:21,329 | INFO | app.scrapers.winning_form_scraper | race_parsed url=https://legacy.winningform.co.za/GAU/2V260806_5.htm venue=Vaal date=2026-08-06 race=5 stated=11 parsed=9
2026-08-06 11:38:21,329 | INFO | app.scrapers.winning_form_scraper | horse_names=['Wish You Were Here', 'Smoking Gun', 'A Roman Twist', "God's Country", 'Cool Gambler', "Ain't No Sunshine", 'Willow Charm', 'Levitator', 'Forever Canford', 'Lannyboy', 'Spirit Of The Sea']
2026-08-06 11:38:21,583 | INFO | httpx | HTTP Request: GET https://legacy.winningform.co.za/GAU/2V260806_6.htm "HTTP/1.1 200 OK"
2026-08-06 11:38:21,733 | INFO | app.scrapers.winning_form_scraper | runner_table_used columns={'number': 0, 'name': 1, 'length_behind': 2, 'speed_index': 3, 'predicted_time': 4, 'merit': 5, 'weight': 6, 'draw': 7, 'jockey': 9, 'trainer': 10, 'previous_run': 12, 'time': 17} extracted=8 stated=8
2026-08-06 11:38:21,733 | INFO | app.scrapers.winning_form_scraper | race_parsed url=https://legacy.winningform.co.za/GAU/2V260806_6.htm venue=Vaal date=2026-08-06 race=6 stated=8 parsed=7
2026-08-06 11:38:21,733 | INFO | app.scrapers.winning_form_scraper | horse_names=['Korcula', 'Epidaurus', 'Twelfth Of Never', 'Gus On The Bus', 'Comic Artist', 'Lanteri', 'Evening News', 'Forever Red']
2026-08-06 11:38:21,949 | INFO | httpx | HTTP Request: GET https://legacy.winningform.co.za/GAU/2V260806_7.htm "HTTP/1.1 200 OK"
2026-08-06 11:38:22,174 | INFO | app.scrapers.winning_form_scraper | runner_table_used columns={'number': 0, 'name': 1, 'length_behind': 2, 'speed_index': 3, 'predicted_time': 4, 'merit': 5, 'weight': 6, 'draw': 7, 'jockey': 9, 'trainer': 10, 'previous_run': 12, 'time': 17} extracted=13 stated=13
2026-08-06 11:38:22,174 | INFO | app.scrapers.winning_form_scraper | race_parsed url=https://legacy.winningform.co.za/GAU/2V260806_7.htm venue=Vaal date=2026-08-06 race=7 stated=13 parsed=13
2026-08-06 11:38:22,175 | INFO | app.scrapers.winning_form_scraper | horse_names=['Itsnowornever', 'Nuclear Force', 'Thoonsil', 'Party Punch', 'Hopscotch', 'Rosy Lemon', 'Cartagena', 'Arlington Action', 'Chabal', 'Repetition', 'Euphrates', 'Gold De Grace', 'Heroic Act']
2026-08-06 11:38:22,755 | INFO | httpx | HTTP Request: GET https://legacy.winningform.co.za/GAU/2V260806_8.htm "HTTP/1.1 200 OK"
2026-08-06 11:38:22,816 | INFO | app.scrapers.winning_form_scraper | runner_table_used columns={'number': 0, 'name': 1, 'length_behind': 2, 'speed_index': 3, 'predicted_time': 4, 'merit': 5, 'weight': 6, 'draw': 7, 'jockey': 9, 'trainer': 10, 'previous_run': 12, 'time': 17} extracted=10 stated=10
2026-08-06 11:38:22,816 | INFO | app.scrapers.winning_form_scraper | race_parsed url=https://legacy.winningform.co.za/GAU/2V260806_8.htm venue=Vaal date=2026-08-06 race=8 stated=10 parsed=8
2026-08-06 11:38:22,816 | INFO | app.scrapers.winning_form_scraper | horse_names=['Freestyle Dance', 'Wartrax Blaze', 'Elisa Mbali', 'One State', 'Campo Formio', 'Sword Of Light', 'Mega Awesome', 'Truro Legacy', 'Cuzzie', 'Noble Chiefdom']
2026-08-06 11:38:22,981 | INFO | httpx | HTTP Request: GET https://legacy.winningform.co.za/KZN/2D260807_1.htm "HTTP/1.1 200 OK"
2026-08-06 11:38:23,053 | INFO | app.scrapers.winning_form_scraper | runner_table_used columns={'number': 0, 'name': 1, 'length_behind': 2, 'speed_index': 3, 'predicted_time': 4, 'merit': 5, 'weight': 6, 'draw': 7, 'jockey': 9, 'trainer': 10, 'previous_run': 12, 'time': 17} extracted=14 stated=14
2026-08-06 11:38:23,054 | INFO | app.scrapers.winning_form_scraper | race_parsed url=https://legacy.winningform.co.za/KZN/2D260807_1.htm venue=Hollywoodbets Greyville date=2026-08-07 race=1 stated=14 parsed=14
2026-08-06 11:38:23,054 | INFO | app.scrapers.winning_form_scraper | horse_names=['Owner Of Creation', 'Skipper Zip', 'Yeah Baby', 'Simonis', "Hadrian's Wall", 'Golden Diadem', 'Prince Of Rabada', 'Goldsmith', 'Peace Sign', 'Thurloe Place', 'Cuba Libre', 'Flight Twenty One', 'Catch That Kid', 'Big Dipper']
2026-08-06 11:38:23,641 | INFO | httpx | HTTP Request: GET https://legacy.winningform.co.za/KZN/2D260807_2.htm "HTTP/1.1 200 OK"
2026-08-06 11:38:23,683 | INFO | app.scrapers.winning_form_scraper | runner_table_used columns={'number': 0, 'name': 1, 'length_behind': 2, 'speed_index': 3, 'predicted_time': 4, 'merit': 5, 'weight': 6, 'draw': 7, 'jockey': 9, 'trainer': 10, 'previous_run': 12, 'time': 17} extracted=8 stated=8
2026-08-06 11:38:23,684 | INFO | app.scrapers.winning_form_scraper | race_parsed url=https://legacy.winningform.co.za/KZN/2D260807_2.htm venue=Hollywoodbets Greyville date=2026-08-07 race=2 stated=8 parsed=8
2026-08-06 11:38:23,684 | INFO | app.scrapers.winning_form_scraper | horse_names=['Hazel Green', 'Tears Of The Sun', 'Queen Of Denmark', 'America First', 'Eastern Glow', "Loreley's Rock", 'Lagertha The Queen', 'Periwinkle']
2026-08-06 11:38:23,954 | INFO | httpx | HTTP Request: GET https://legacy.winningform.co.za/KZN/2D260807_3.htm "HTTP/1.1 200 OK"
2026-08-06 11:38:24,017 | INFO | app.scrapers.winning_form_scraper | runner_table_used columns={'number': 0, 'name': 1, 'length_behind': 2, 'speed_index': 3, 'predicted_time': 4, 'merit': 5, 'weight': 6, 'draw': 7, 'jockey': 9, 'trainer': 10, 'previous_run': 12, 'time': 17} extracted=7 stated=7
2026-08-06 11:38:24,018 | INFO | app.scrapers.winning_form_scraper | race_parsed url=https://legacy.winningform.co.za/KZN/2D260807_3.htm venue=Hollywoodbets Greyville date=2026-08-07 race=3 stated=7 parsed=7
2026-08-06 11:38:24,018 | INFO | app.scrapers.winning_form_scraper | horse_names=['Crimson Typhoon', 'Fire Force', 'Augrabies', 'Captive Prince', 'Lacryma Christi', 'Noctambulist', 'Chaos Queen']
2026-08-06 11:38:24,223 | INFO | httpx | HTTP Request: GET https://legacy.winningform.co.za/KZN/2D260807_4.htm "HTTP/1.1 200 OK"
2026-08-06 11:38:24,325 | INFO | app.scrapers.winning_form_scraper | runner_table_used columns={'number': 0, 'name': 1, 'length_behind': 2, 'speed_index': 3, 'predicted_time': 4, 'merit': 5, 'weight': 6, 'draw': 7, 'jockey': 9, 'trainer': 10, 'previous_run': 12, 'time': 17} extracted=13 stated=13
2026-08-06 11:38:24,326 | INFO | app.scrapers.winning_form_scraper | race_parsed url=https://legacy.winningform.co.za/KZN/2D260807_4.htm venue=Hollywoodbets Greyville date=2026-08-07 race=4 stated=13 parsed=13
2026-08-06 11:38:24,326 | INFO | app.scrapers.winning_form_scraper | horse_names=['Tunguska', 'High Queue', 'Zena Rose', 'The Mikado', 'Shiny Bob', 'No Pressure', 'Heavenly Mafia', 'Fast And Free', 'Day Two', 'Christmas Cactus', 'National Dream', 'Status', 'Reign On Impact']
2026-08-06 11:38:24,497 | INFO | httpx | HTTP Request: GET https://legacy.winningform.co.za/KZN/2D260807_5.htm "HTTP/1.1 200 OK"
2026-08-06 11:38:24,574 | INFO | app.scrapers.winning_form_scraper | runner_table_used columns={'number': 0, 'name': 1, 'length_behind': 2, 'speed_index': 3, 'predicted_time': 4, 'merit': 5, 'weight': 6, 'draw': 7, 'jockey': 9, 'trainer': 10, 'previous_run': 12, 'time': 17} extracted=9 stated=9
2026-08-06 11:38:24,574 | INFO | app.scrapers.winning_form_scraper | race_parsed url=https://legacy.winningform.co.za/KZN/2D260807_5.htm venue=Hollywoodbets Greyville date=2026-08-07 race=5 stated=9 parsed=9
2026-08-06 11:38:24,575 | INFO | app.scrapers.winning_form_scraper | horse_names=['Position Of Power', 'Thisiswhatitmeans', 'Teflon Man', 'Future Variety', 'Soho Star', 'Imposing', 'King Of The Gauls', 'Good Traveller', 'Narina Trogon']
2026-08-06 11:38:24,747 | INFO | httpx | HTTP Request: GET https://legacy.winningform.co.za/KZN/2D260807_6.htm "HTTP/1.1 200 OK"
2026-08-06 11:38:24,837 | INFO | app.scrapers.winning_form_scraper | runner_table_used columns={'number': 0, 'name': 1, 'length_behind': 2, 'speed_index': 3, 'predicted_time': 4, 'merit': 5, 'weight': 6, 'draw': 7, 'jockey': 9, 'trainer': 10, 'previous_run': 12, 'time': 17} extracted=11 stated=11
2026-08-06 11:38:24,837 | INFO | app.scrapers.winning_form_scraper | race_parsed url=https://legacy.winningform.co.za/KZN/2D260807_6.htm venue=Hollywoodbets Greyville date=2026-08-07 race=6 stated=11 parsed=11
2026-08-06 11:38:24,838 | INFO | app.scrapers.winning_form_scraper | horse_names=['Warrior Royale', 'Swiatek', "That's My Baby", 'Happy Fortune', 'Miss Twinkle', 'Sonic Jet', 'Gorgeous Girl', 'Warning Sound', 'Red Taffety', 'Drumnadrochit', 'Forward Motion']
2026-08-06 11:38:25,046 | INFO | httpx | HTTP Request: GET https://legacy.winningform.co.za/KZN/2D260807_7.htm "HTTP/1.1 200 OK"
2026-08-06 11:38:25,112 | INFO | app.scrapers.winning_form_scraper | runner_table_used columns={'number': 0, 'name': 1, 'length_behind': 2, 'speed_index': 3, 'predicted_time': 4, 'merit': 5, 'weight': 6, 'draw': 7, 'jockey': 9, 'trainer': 10, 'previous_run': 12, 'time': 17} extracted=10 stated=10
2026-08-06 11:38:25,112 | INFO | app.scrapers.winning_form_scraper | race_parsed url=https://legacy.winningform.co.za/KZN/2D260807_7.htm venue=Hollywoodbets Greyville date=2026-08-07 race=7 stated=10 parsed=10
2026-08-06 11:38:25,112 | INFO | app.scrapers.winning_form_scraper | horse_names=['Maphaka', 'Future Flo', 'Miss World', 'Ubukhwebezana', 'Street Outlaw', 'City Of Love', 'What A Fortune', 'African Skyline', 'Cowdray Park', 'Johnny Appleseed']
2026-08-06 11:38:25,334 | INFO | httpx | HTTP Request: GET https://legacy.winningform.co.za/KZN/2D260807_8.htm "HTTP/1.1 200 OK"
2026-08-06 11:38:25,447 | INFO | app.scrapers.winning_form_scraper | runner_table_used columns={'number': 0, 'name': 1, 'length_behind': 2, 'speed_index': 3, 'predicted_time': 4, 'merit': 5, 'weight': 6, 'draw': 7, 'jockey': 9, 'trainer': 10, 'previous_run': 12, 'time': 17} extracted=11 stated=11
2026-08-06 11:38:25,447 | INFO | app.scrapers.winning_form_scraper | race_parsed url=https://legacy.winningform.co.za/KZN/2D260807_8.htm venue=Hollywoodbets Greyville date=2026-08-07 race=8 stated=11 parsed=11
2026-08-06 11:38:25,448 | INFO | app.scrapers.winning_form_scraper | horse_names=['Next Of Kin', 'Mvelelo', "Tam's Knight", 'Mar Del Plata', 'Tobacconist', 'Blue Steel', 'Phutulicious', 'War Emperor', 'My Boy Lollipop', 'Steamy Windows', 'Zagreb']
2026-08-06 11:38:25,636 | INFO | httpx | HTTP Request: GET https://legacy.winningform.co.za/ECP/2F260807_1.htm "HTTP/1.1 200 OK"
2026-08-06 11:38:25,700 | INFO | app.scrapers.winning_form_scraper | runner_table_used columns={'number': 0, 'name': 1, 'length_behind': 2, 'speed_index': 3, 'predicted_time': 4, 'merit': 5, 'weight': 6, 'draw': 7, 'jockey': 9, 'trainer': 10, 'previous_run': 12, 'time': 17} extracted=10 stated=10
2026-08-06 11:38:25,700 | INFO | app.scrapers.winning_form_scraper | race_parsed url=https://legacy.winningform.co.za/ECP/2F260807_1.htm venue=Fairview date=2026-08-07 race=1 stated=10 parsed=10
2026-08-06 11:38:25,701 | INFO | app.scrapers.winning_form_scraper | horse_names=['Good Shine', 'Green Point', 'Crimson Clover', 'Takemetothemoon', 'Norse Warrior', 'Stone Of Scone', 'J Lordi', 'Blue Dame', 'Storm Burst', 'Golden Fifties']
2026-08-06 11:38:25,888 | INFO | httpx | HTTP Request: GET https://legacy.winningform.co.za/ECP/2F260807_2.htm "HTTP/1.1 200 OK"
2026-08-06 11:38:25,993 | INFO | app.scrapers.winning_form_scraper | runner_table_used columns={'number': 0, 'name': 1, 'length_behind': 2, 'speed_index': 3, 'predicted_time': 4, 'merit': 5, 'weight': 6, 'draw': 7, 'jockey': 9, 'trainer': 10, 'previous_run': 12, 'time': 17} extracted=10 stated=10
2026-08-06 11:38:25,994 | INFO | app.scrapers.winning_form_scraper | race_parsed url=https://legacy.winningform.co.za/ECP/2F260807_2.htm venue=Fairview date=2026-08-07 race=2 stated=10 parsed=10
2026-08-06 11:38:25,995 | INFO | app.scrapers.winning_form_scraper | horse_names=['Touch The Sword', 'Caughtubysurprise', 'Fonte', 'Kim Kay', 'Jewel Mule', 'Redlight Lane', 'Harpa', 'World Of Diamonds', 'Without Hesitation', 'Gallic Greeting']
2026-08-06 11:38:26,179 | INFO | httpx | HTTP Request: GET https://legacy.winningform.co.za/ECP/2F260807_3.htm "HTTP/1.1 200 OK"
2026-08-06 11:38:26,403 | INFO | app.scrapers.winning_form_scraper | runner_table_used columns={'number': 0, 'name': 1, 'length_behind': 2, 'speed_index': 3, 'predicted_time': 4, 'merit': 5, 'weight': 6, 'draw': 7, 'jockey': 9, 'trainer': 10, 'previous_run': 12, 'time': 17} extracted=9 stated=9
2026-08-06 11:38:26,403 | INFO | app.scrapers.winning_form_scraper | race_parsed url=https://legacy.winningform.co.za/ECP/2F260807_3.htm venue=Fairview date=2026-08-07 race=3 stated=9 parsed=9
2026-08-06 11:38:26,404 | INFO | app.scrapers.winning_form_scraper | horse_names=['Frequent Traveller', 'Secret Eruption', 'Witching Hour', 'Lady Limoncello', 'Lady Of Fate', 'Blue Crystal', 'Island Jewel', 'Burning Desire', 'Total Eruption']
2026-08-06 11:38:26,580 | INFO | httpx | HTTP Request: GET https://legacy.winningform.co.za/ECP/2F260807_4.htm "HTTP/1.1 200 OK"
2026-08-06 11:38:26,667 | INFO | app.scrapers.winning_form_scraper | runner_table_used columns={'number': 0, 'name': 1, 'length_behind': 2, 'speed_index': 3, 'predicted_time': 4, 'merit': 5, 'weight': 6, 'draw': 7, 'jockey': 9, 'trainer': 10, 'previous_run': 12, 'time': 17} extracted=9 stated=9
2026-08-06 11:38:26,667 | INFO | app.scrapers.winning_form_scraper | race_parsed url=https://legacy.winningform.co.za/ECP/2F260807_4.htm venue=Fairview date=2026-08-07 race=4 stated=9 parsed=9
2026-08-06 11:38:26,668 | INFO | app.scrapers.winning_form_scraper | horse_names=['Home Reef', 'Makhachev', 'Anatolian Silver', 'Global Ally', 'Richardthefearless', 'Wild Fig', 'Hollandia Bakkerij', 'Flight Display', 'Johnny Drama']
2026-08-06 11:38:26,830 | INFO | httpx | HTTP Request: GET https://legacy.winningform.co.za/ECP/2F260807_5.htm "HTTP/1.1 200 OK"
2026-08-06 11:38:26,910 | INFO | app.scrapers.winning_form_scraper | runner_table_used columns={'number': 0, 'name': 1, 'length_behind': 2, 'speed_index': 3, 'predicted_time': 4, 'merit': 5, 'weight': 6, 'draw': 7, 'jockey': 9, 'trainer': 10, 'previous_run': 12, 'time': 17} extracted=10 stated=10
2026-08-06 11:38:26,910 | INFO | app.scrapers.winning_form_scraper | race_parsed url=https://legacy.winningform.co.za/ECP/2F260807_5.htm venue=Fairview date=2026-08-07 race=5 stated=10 parsed=10
2026-08-06 11:38:26,910 | INFO | app.scrapers.winning_form_scraper | horse_names=['King Viserys', 'Cheerful Charlie B', 'Green Planet', 'Pedro', 'Lucky Chance', 'Givethatmanabells', 'Umami', 'Star Of Elena', 'Celtic Rush', 'Nautical Landing']
2026-08-06 11:38:27,107 | INFO | httpx | HTTP Request: GET https://legacy.winningform.co.za/ECP/2F260807_6.htm "HTTP/1.1 200 OK"
2026-08-06 11:38:27,207 | INFO | app.scrapers.winning_form_scraper | runner_table_used columns={'number': 0, 'name': 1, 'length_behind': 2, 'speed_index': 3, 'predicted_time': 4, 'merit': 5, 'weight': 6, 'draw': 7, 'jockey': 9, 'trainer': 10, 'previous_run': 12, 'time': 17} extracted=11 stated=11
2026-08-06 11:38:27,207 | INFO | app.scrapers.winning_form_scraper | race_parsed url=https://legacy.winningform.co.za/ECP/2F260807_6.htm venue=Fairview date=2026-08-07 race=6 stated=11 parsed=11
2026-08-06 11:38:27,207 | INFO | app.scrapers.winning_form_scraper | horse_names=['Basingstoke', 'Icy Lancaster', 'Japanese Garden', 'Midnight Music', 'Kilmonivaig', 'Queen Of Jazz', 'Power Of Tiger', 'Daffodil Delight', 'Timeline', 'Gutsy Baby', 'Princess Of Ajiaal']
2026-08-06 11:38:27,408 | INFO | httpx | HTTP Request: GET https://legacy.winningform.co.za/ECP/2F260807_7.htm "HTTP/1.1 200 OK"
2026-08-06 11:38:27,535 | INFO | app.scrapers.winning_form_scraper | runner_table_used columns={'number': 0, 'name': 1, 'length_behind': 2, 'speed_index': 3, 'predicted_time': 4, 'merit': 5, 'weight': 6, 'draw': 7, 'jockey': 9, 'trainer': 10, 'previous_run': 12, 'time': 17} extracted=10 stated=10
2026-08-06 11:38:27,535 | INFO | app.scrapers.winning_form_scraper | race_parsed url=https://legacy.winningform.co.za/ECP/2F260807_7.htm venue=Fairview date=2026-08-07 race=7 stated=10 parsed=10
2026-08-06 11:38:27,536 | INFO | app.scrapers.winning_form_scraper | horse_names=['Coastal Path', 'Stars In Heaven', 'Forest Spy', 'Masked Vigilante', 'Champonelle', 'Stokesy', 'Aquarius', 'Overture', 'Surge Of Power', 'Astronomical Boy']
2026-08-06 11:38:27,708 | INFO | httpx | HTTP Request: GET https://legacy.winningform.co.za/ECP/2F260807_8.htm "HTTP/1.1 200 OK"
2026-08-06 11:38:27,921 | INFO | app.scrapers.winning_form_scraper | runner_table_used columns={'number': 0, 'name': 1, 'length_behind': 2, 'speed_index': 3, 'predicted_time': 4, 'merit': 5, 'weight': 6, 'draw': 7, 'jockey': 9, 'trainer': 10, 'previous_run': 12, 'time': 17} extracted=11 stated=11
2026-08-06 11:38:27,922 | INFO | app.scrapers.winning_form_scraper | race_parsed url=https://legacy.winningform.co.za/ECP/2F260807_8.htm venue=Fairview date=2026-08-07 race=8 stated=11 parsed=11
2026-08-06 11:38:27,922 | INFO | app.scrapers.winning_form_scraper | horse_names=['Captain Clever', 'Free World', 'Cape Capri', 'Chief Runner', 'Piton De Neige', 'Wordsworth', 'In The Bag', 'Bumps Last Grind', 'King Rahul', 'Waltzing Doll', 'Truly Magical']
2026-08-06 11:38:28,137 | INFO | httpx | HTTP Request: GET https://legacy.winningform.co.za/GAU/2T260808_1.htm "HTTP/1.1 200 OK"
2026-08-06 11:38:28,183 | INFO | app.scrapers.winning_form_scraper | runner_table_used columns={'number': 0, 'name': 1, 'length_behind': 2, 'speed_index': 3, 'predicted_time': 4, 'merit': 5, 'weight': 6, 'draw': 7, 'jockey': 9, 'trainer': 10, 'previous_run': 12, 'time': 17} extracted=10 stated=10
2026-08-06 11:38:28,184 | INFO | app.scrapers.winning_form_scraper | race_parsed url=https://legacy.winningform.co.za/GAU/2T260808_1.htm venue=Turffontein date=2026-08-08 race=1 stated=10 parsed=10
2026-08-06 11:38:28,184 | INFO | app.scrapers.winning_form_scraper | horse_names=['Midnight Special', 'Platinum Shay', 'Elegant Edge', 'Surreal Song', "Meghan's Diamond", "Master's Lady", 'Charleston Dawn', 'Lazer Light', 'Moonface', 'Jessica Rabbit']
2026-08-06 11:38:28,362 | INFO | httpx | HTTP Request: GET https://legacy.winningform.co.za/GAU/2T260808_2.htm "HTTP/1.1 200 OK"
2026-08-06 11:38:28,418 | INFO | app.scrapers.winning_form_scraper | runner_table_used columns={'number': 0, 'name': 1, 'length_behind': 2, 'speed_index': 3, 'predicted_time': 4, 'merit': 5, 'weight': 6, 'draw': 7, 'jockey': 9, 'trainer': 10, 'previous_run': 12, 'time': 17} extracted=7 stated=7
2026-08-06 11:38:28,419 | INFO | app.scrapers.winning_form_scraper | race_parsed url=https://legacy.winningform.co.za/GAU/2T260808_2.htm venue=Turffontein date=2026-08-08 race=2 stated=7 parsed=7
2026-08-06 11:38:28,420 | INFO | app.scrapers.winning_form_scraper | horse_names=['Shining Sun', 'Royale Jacket', 'Be The One', 'Seventh Fleet', 'Moethemoneyman', 'From The Get Go', 'Mirum']
2026-08-06 11:38:28,619 | INFO | httpx | HTTP Request: GET https://legacy.winningform.co.za/GAU/2T260808_3.htm "HTTP/1.1 200 OK"
2026-08-06 11:38:28,678 | INFO | app.scrapers.winning_form_scraper | runner_table_used columns={'number': 0, 'name': 1, 'length_behind': 2, 'speed_index': 3, 'predicted_time': 4, 'merit': 5, 'weight': 6, 'draw': 7, 'jockey': 9, 'trainer': 10, 'previous_run': 12, 'time': 17} extracted=7 stated=7
2026-08-06 11:38:28,679 | INFO | app.scrapers.winning_form_scraper | race_parsed url=https://legacy.winningform.co.za/GAU/2T260808_3.htm venue=Turffontein date=2026-08-08 race=3 stated=7 parsed=7
2026-08-06 11:38:28,679 | INFO | app.scrapers.winning_form_scraper | horse_names=["Destiny's Dream", 'Empress Of Peace', 'Be All You Can Be', "Nicci's Law", 'Hot Choice', 'Nicolson Landing', 'Future Red']
2026-08-06 11:38:28,880 | INFO | httpx | HTTP Request: GET https://legacy.winningform.co.za/GAU/2T260808_4.htm "HTTP/1.1 200 OK"
2026-08-06 11:38:28,939 | INFO | app.scrapers.winning_form_scraper | runner_table_used columns={'number': 0, 'name': 1, 'length_behind': 2, 'speed_index': 3, 'predicted_time': 4, 'merit': 5, 'weight': 6, 'draw': 7, 'jockey': 9, 'trainer': 10, 'previous_run': 12, 'time': 17} extracted=7 stated=7
2026-08-06 11:38:28,940 | INFO | app.scrapers.winning_form_scraper | race_parsed url=https://legacy.winningform.co.za/GAU/2T260808_4.htm venue=Turffontein date=2026-08-08 race=4 stated=7 parsed=7
2026-08-06 11:38:28,940 | INFO | app.scrapers.winning_form_scraper | horse_names=["Fire 'n Flames", 'Palace Prince', 'Hotarubi', "King's Express", 'The Equator', 'Royal Invitation', 'Hawkbill']
2026-08-06 11:38:29,120 | INFO | httpx | HTTP Request: GET https://legacy.winningform.co.za/GAU/2T260808_5.htm "HTTP/1.1 200 OK"
2026-08-06 11:38:29,217 | INFO | app.scrapers.winning_form_scraper | runner_table_used columns={'number': 0, 'name': 1, 'length_behind': 2, 'speed_index': 3, 'predicted_time': 4, 'merit': 5, 'weight': 6, 'draw': 7, 'jockey': 9, 'trainer': 10, 'previous_run': 12, 'time': 17} extracted=11 stated=11
2026-08-06 11:38:29,218 | INFO | app.scrapers.winning_form_scraper | race_parsed url=https://legacy.winningform.co.za/GAU/2T260808_5.htm venue=Turffontein date=2026-08-08 race=5 stated=11 parsed=11
2026-08-06 11:38:29,218 | INFO | app.scrapers.winning_form_scraper | horse_names=['Max The Magician', 'Vibe Sa', 'Espinoza', 'Antonio Gaudi', 'Blizzard Snow', 'African Prince', "Dante's Bond", 'Richard The First', 'Titan Of The Turf', 'Famous Lady', 'Kudikaran']
2026-08-06 11:38:29,413 | INFO | httpx | HTTP Request: GET https://legacy.winningform.co.za/GAU/2T260808_6.htm "HTTP/1.1 200 OK"
2026-08-06 11:38:29,512 | INFO | app.scrapers.winning_form_scraper | runner_table_used columns={'number': 0, 'name': 1, 'length_behind': 2, 'speed_index': 3, 'predicted_time': 4, 'merit': 5, 'weight': 6, 'draw': 7, 'jockey': 9, 'trainer': 10, 'previous_run': 12, 'time': 17} extracted=8 stated=8
2026-08-06 11:38:29,513 | INFO | app.scrapers.winning_form_scraper | race_parsed url=https://legacy.winningform.co.za/GAU/2T260808_6.htm venue=Turffontein date=2026-08-08 race=6 stated=8 parsed=8
2026-08-06 11:38:29,513 | INFO | app.scrapers.winning_form_scraper | horse_names=['Eight Hats', 'Kortvandraad', 'Pretty Analia', 'Concordia', 'Secret Life', 'Mattiazo', "Master's Rose", 'Way To Burn']
2026-08-06 11:38:29,671 | INFO | httpx | HTTP Request: GET https://legacy.winningform.co.za/GAU/2T260808_7.htm "HTTP/1.1 200 OK"
2026-08-06 11:38:29,746 | INFO | app.scrapers.winning_form_scraper | runner_table_used columns={'number': 0, 'name': 1, 'length_behind': 2, 'speed_index': 3, 'predicted_time': 4, 'merit': 5, 'weight': 6, 'draw': 7, 'jockey': 9, 'trainer': 10, 'previous_run': 12, 'time': 17} extracted=9 stated=9
2026-08-06 11:38:29,747 | INFO | app.scrapers.winning_form_scraper | race_parsed url=https://legacy.winningform.co.za/GAU/2T260808_7.htm venue=Turffontein date=2026-08-08 race=7 stated=9 parsed=9
2026-08-06 11:38:29,747 | INFO | app.scrapers.winning_form_scraper | horse_names=['Gran Canaria', 'Olympian Gold', 'The Africa House', 'Ariovistus', 'Master Christmas', 'Trombolines', 'Oklahoma Smokeshow', 'Birthright', 'Texas Missile']
2026-08-06 11:38:29,919 | INFO | httpx | HTTP Request: GET https://legacy.winningform.co.za/GAU/2T260808_8.htm "HTTP/1.1 200 OK"
2026-08-06 11:38:30,005 | INFO | app.scrapers.winning_form_scraper | runner_table_used columns={'number': 0, 'name': 1, 'length_behind': 2, 'speed_index': 3, 'predicted_time': 4, 'merit': 5, 'weight': 6, 'draw': 7, 'jockey': 9, 'trainer': 10, 'previous_run': 12, 'time': 17} extracted=10 stated=10
2026-08-06 11:38:30,006 | INFO | app.scrapers.winning_form_scraper | race_parsed url=https://legacy.winningform.co.za/GAU/2T260808_8.htm venue=Turffontein date=2026-08-08 race=8 stated=10 parsed=10
2026-08-06 11:38:30,006 | INFO | app.scrapers.winning_form_scraper | horse_names=['American Beauty', 'Boom Boom', 'Sikeloi', 'Into Dancing', 'Pearl In Her Crown', 'Merryweather', 'Fire In Her Soul', 'Glamorous Lady', 'Hoc Est Vita', 'Lava Lamp']
2026-08-06 11:38:30,184 | INFO | httpx | HTTP Request: GET https://legacy.winningform.co.za/GAU/2T260808_9.htm "HTTP/1.1 200 OK"
2026-08-06 11:38:30,240 | INFO | app.scrapers.winning_form_scraper | runner_table_used columns={'number': 0, 'name': 1, 'length_behind': 2, 'speed_index': 3, 'predicted_time': 4, 'merit': 5, 'weight': 6, 'draw': 7, 'jockey': 9, 'trainer': 10, 'previous_run': 12, 'time': 17} extracted=8 stated=8
2026-08-06 11:38:30,240 | INFO | app.scrapers.winning_form_scraper | race_parsed url=https://legacy.winningform.co.za/GAU/2T260808_9.htm venue=Turffontein date=2026-08-08 race=9 stated=8 parsed=8
2026-08-06 11:38:30,240 | INFO | app.scrapers.winning_form_scraper | horse_names=['Zip Code', 'Bay Empire', "Can't Catch Me", 'Six Of All', 'Michael Faraday', 'Dondoyaki', 'Spy Story', 'Sail The Sky']
2026-08-06 11:38:30,395 | INFO | httpx | HTTP Request: GET https://legacy.winningform.co.za/KZN/2S260809_1.htm "HTTP/1.1 200 OK"
2026-08-06 11:38:30,431 | INFO | app.scrapers.winning_form_scraper | runner_table_used columns={'number': 0, 'name': 1, 'length_behind': 2, 'speed_index': 3, 'predicted_time': 4, 'merit': 5, 'weight': 6, 'draw': 7, 'jockey': 9, 'trainer': 10, 'previous_run': 12, 'time': 17} extracted=9 stated=9
2026-08-06 11:38:30,432 | INFO | app.scrapers.winning_form_scraper | race_parsed url=https://legacy.winningform.co.za/KZN/2S260809_1.htm venue=Hollywoodbets Scottsville Outer date=2026-08-09 race=1 stated=9 parsed=9
2026-08-06 11:38:30,432 | INFO | app.scrapers.winning_form_scraper | horse_names=['Tipperary', "Scott's Bar", 'Theodore Rooseveld', 'Praetorian Guard', 'Joy N Hope', 'Bicameral', 'Elusive Diamond', 'Maggiano', 'Grand Tour']
2026-08-06 11:38:30,586 | INFO | httpx | HTTP Request: GET https://legacy.winningform.co.za/KZN/2S260809_2.htm "HTTP/1.1 200 OK"
2026-08-06 11:38:30,639 | INFO | app.scrapers.winning_form_scraper | runner_table_used columns={'number': 0, 'name': 1, 'length_behind': 2, 'speed_index': 3, 'predicted_time': 4, 'merit': 5, 'weight': 6, 'draw': 7, 'jockey': 9, 'trainer': 10, 'previous_run': 12, 'time': 17} extracted=9 stated=9
2026-08-06 11:38:30,639 | INFO | app.scrapers.winning_form_scraper | race_parsed url=https://legacy.winningform.co.za/KZN/2S260809_2.htm venue=Hollywoodbets Scottsville Outer date=2026-08-09 race=2 stated=9 parsed=9
2026-08-06 11:38:30,640 | INFO | app.scrapers.winning_form_scraper | horse_names=["Rocco's Peace", 'Xiphos', 'Snow Warrior', 'Majestic Limpopo', 'Sebastiaan', 'Diaval', 'Gimme The Sun', 'Hello Handsome', 'Bello Gallico']
2026-08-06 11:38:30,834 | INFO | httpx | HTTP Request: GET https://legacy.winningform.co.za/KZN/2S260809_3.htm "HTTP/1.1 200 OK"
2026-08-06 11:38:31,010 | INFO | app.scrapers.winning_form_scraper | runner_table_used columns={'number': 0, 'name': 1, 'length_behind': 2, 'speed_index': 3, 'predicted_time': 4, 'merit': 5, 'weight': 6, 'draw': 7, 'jockey': 9, 'trainer': 10, 'previous_run': 12, 'time': 17} extracted=7 stated=7
2026-08-06 11:38:31,011 | INFO | app.scrapers.winning_form_scraper | race_parsed url=https://legacy.winningform.co.za/KZN/2S260809_3.htm venue=Hollywoodbets Scottsville Inner date=2026-08-09 race=3 stated=7 parsed=7
2026-08-06 11:38:31,011 | INFO | app.scrapers.winning_form_scraper | horse_names=['Vaans Spirit', 'Hop Hop Spinnekop', 'Gold Gold Baby', 'Heavenly Mafia', "Taylor's Version", 'Praise De La Rey', 'Princess Trippi']
2026-08-06 11:38:31,192 | INFO | httpx | HTTP Request: GET https://legacy.winningform.co.za/KZN/2S260809_4.htm "HTTP/1.1 200 OK"
2026-08-06 11:38:31,233 | INFO | app.scrapers.winning_form_scraper | runner_table_used columns={'number': 0, 'name': 1, 'length_behind': 2, 'speed_index': 3, 'predicted_time': 4, 'merit': 5, 'weight': 6, 'draw': 7, 'jockey': 9, 'trainer': 10, 'previous_run': 12, 'time': 17} extracted=8 stated=8
2026-08-06 11:38:31,234 | INFO | app.scrapers.winning_form_scraper | race_parsed url=https://legacy.winningform.co.za/KZN/2S260809_4.htm venue=Hollywoodbets Scottsville Inner date=2026-08-09 race=4 stated=8 parsed=8
2026-08-06 11:38:31,234 | INFO | app.scrapers.winning_form_scraper | horse_names=['Deonarie', 'Runthruthejungle', 'Judiciary', 'Dreadnought', 'Old Harry Rocks', 'Chakalaka', 'All About Me', 'Preux Chavalier']
2026-08-06 11:38:31,379 | INFO | httpx | HTTP Request: GET https://legacy.winningform.co.za/KZN/2S260809_5.htm "HTTP/1.1 200 OK"
2026-08-06 11:38:31,448 | INFO | app.scrapers.winning_form_scraper | runner_table_used columns={'number': 0, 'name': 1, 'length_behind': 2, 'speed_index': 3, 'predicted_time': 4, 'merit': 5, 'weight': 6, 'draw': 7, 'jockey': 9, 'trainer': 10, 'previous_run': 12, 'time': 17} extracted=8 stated=8
2026-08-06 11:38:31,449 | INFO | app.scrapers.winning_form_scraper | race_parsed url=https://legacy.winningform.co.za/KZN/2S260809_5.htm venue=Hollywoodbets Scottsville Inner date=2026-08-09 race=5 stated=8 parsed=8
2026-08-06 11:38:31,449 | INFO | app.scrapers.winning_form_scraper | horse_names=['Parisian Walkway', 'Powerandtheglory', 'Captain West', 'Cardinal Chief', 'Bruh', 'Bangladesh', 'Heal And Soul', 'Mr Fixit']
2026-08-06 11:38:31,617 | INFO | httpx | HTTP Request: GET https://legacy.winningform.co.za/KZN/2S260809_6.htm "HTTP/1.1 200 OK"
2026-08-06 11:38:31,696 | INFO | app.scrapers.winning_form_scraper | runner_table_used columns={'number': 0, 'name': 1, 'length_behind': 2, 'speed_index': 3, 'predicted_time': 4, 'merit': 5, 'weight': 6, 'draw': 7, 'jockey': 9, 'trainer': 10, 'previous_run': 12, 'time': 17} extracted=11 stated=11
2026-08-06 11:38:31,697 | INFO | app.scrapers.winning_form_scraper | race_parsed url=https://legacy.winningform.co.za/KZN/2S260809_6.htm venue=Hollywoodbets Scottsville Inner date=2026-08-09 race=6 stated=11 parsed=11
2026-08-06 11:38:31,697 | INFO | app.scrapers.winning_form_scraper | horse_names=['Run To Rio', 'Jazz Festival', 'Mister Nibbles', 'Radu', 'Power Star', 'Galaxy Explorer', "Kimball O'hara", 'Twilight Warrior', 'I Am Classy', 'Irish Anthem', 'Twocantango']
2026-08-06 11:38:31,855 | INFO | httpx | HTTP Request: GET https://legacy.winningform.co.za/KZN/2S260809_7.htm "HTTP/1.1 200 OK"
2026-08-06 11:38:31,919 | INFO | app.scrapers.winning_form_scraper | runner_table_used columns={'number': 0, 'name': 1, 'length_behind': 2, 'speed_index': 3, 'predicted_time': 4, 'merit': 5, 'weight': 6, 'draw': 7, 'jockey': 9, 'trainer': 10, 'previous_run': 12, 'time': 17} extracted=7 stated=7
2026-08-06 11:38:31,920 | INFO | app.scrapers.winning_form_scraper | race_parsed url=https://legacy.winningform.co.za/KZN/2S260809_7.htm venue=Hollywoodbets Scottsville Inner date=2026-08-09 race=7 stated=7 parsed=7
2026-08-06 11:38:31,920 | INFO | app.scrapers.winning_form_scraper | horse_names=['Scarlet Macaw', 'La Landonne', 'Miss Ladyaterix', 'Perilla', 'Limitless Sky', 'Lilac In Winter', 'Hierkommiebokkie']
2026-08-06 11:38:32,080 | INFO | httpx | HTTP Request: GET https://legacy.winningform.co.za/KZN/2S260809_8.htm "HTTP/1.1 200 OK"
2026-08-06 11:38:32,161 | INFO | app.scrapers.winning_form_scraper | runner_table_used columns={'number': 0, 'name': 1, 'length_behind': 2, 'speed_index': 3, 'predicted_time': 4, 'merit': 5, 'weight': 6, 'draw': 7, 'jockey': 9, 'trainer': 10, 'previous_run': 12, 'time': 17} extracted=12 stated=12
2026-08-06 11:38:32,162 | INFO | app.scrapers.winning_form_scraper | race_parsed url=https://legacy.winningform.co.za/KZN/2S260809_8.htm venue=Hollywoodbets Scottsville Outer date=2026-08-09 race=8 stated=12 parsed=12
2026-08-06 11:38:32,162 | INFO | app.scrapers.winning_form_scraper | horse_names=['Clair De Lune', 'Ruby Rising', 'Scarlet Starlet', 'Call Me Jane', 'Fascination', 'Arverni Princess', 'Captain Ventura', 'Vision To Achieve', 'Emerald Forge', 'Royal Crest', 'Durban Diamond', 'Grue Of Ice']
2026-08-06 11:38:32,210 | INFO | app.services.monitoring_service | monitoring_cycle_completed
2026-08-06 11:38:32,210 | INFO | app.main | application_started
2026-08-06 11:39:20,854 | INFO | apscheduler.scheduler | Scheduler has been shut down
2026-08-06 11:39:20,855 | INFO | app.main | application_stopped
2026-08-06 11:39:22,853 | INFO | apscheduler.scheduler | Adding job tentatively -- it will be properly scheduled when the scheduler starts
2026-08-06 11:39:22,854 | INFO | apscheduler.scheduler | Added job "MonitoringService.run_cycle" to job store "default"
2026-08-06 11:39:22,855 | INFO | apscheduler.scheduler | Scheduler started
2026-08-06 11:39:22,855 | INFO | app.services.monitoring_service | monitoring_cycle_started
2026-08-06 11:39:23,189 | INFO | httpx | HTTP Request: GET https://legacy.winningform.co.za "HTTP/1.1 200 OK"
2026-08-06 11:39:23,193 | INFO | app.scrapers.winning_form_scraper | fetch_index_frames=['https://legacy.winningform.co.za/guide.htm', 'https://legacy.winningform.co.za/cover.htm']
2026-08-06 11:39:23,295 | INFO | httpx | HTTP Request: GET https://legacy.winningform.co.za "HTTP/1.1 200 OK"
2026-08-06 11:39:23,428 | INFO | httpx | HTTP Request: GET https://legacy.winningform.co.za/guide.htm "HTTP/1.1 200 OK"
2026-08-06 11:39:23,542 | INFO | httpx | HTTP Request: GET https://legacy.winningform.co.za/cover.htm "HTTP/1.1 200 OK"
2026-08-06 11:39:23,656 | INFO | httpx | HTTP Request: GET https://legacy.winningform.co.za "HTTP/1.1 200 OK"
2026-08-06 11:39:23,772 | INFO | httpx | HTTP Request: GET https://legacy.winningform.co.za/guide.htm "HTTP/1.1 200 OK"
2026-08-06 11:39:23,903 | INFO | httpx | HTTP Request: GET https://legacy.winningform.co.za/cover.htm "HTTP/1.1 200 OK"
2026-08-06 11:39:23,911 | INFO | app.scrapers.winning_form_scraper | race_links_total=41
2026-08-06 11:39:23,912 | INFO | app.scrapers.winning_form_scraper | meetings_seen=['ecp-f260807', 'gau-t260808', 'gau-v260806', 'kzn-d260807', 'kzn-s260809']
2026-08-06 11:39:24,094 | INFO | httpx | HTTP Request: GET https://legacy.winningform.co.za/GAU/2V260806_1.htm "HTTP/1.1 200 OK"
2026-08-06 11:39:24,147 | INFO | app.scrapers.winning_form_scraper | runner_table_used columns={'number': 0, 'name': 1, 'length_behind': 2, 'speed_index': 3, 'predicted_time': 4, 'merit': 5, 'weight': 6, 'draw': 7, 'jockey': 9, 'trainer': 10, 'previous_run': 12, 'time': 17} extracted=6 stated=6
2026-08-06 11:39:24,148 | INFO | app.scrapers.winning_form_scraper | race_parsed url=https://legacy.winningform.co.za/GAU/2V260806_1.htm venue=Vaal date=2026-08-06 race=1 stated=6 parsed=5
2026-08-06 11:39:24,148 | INFO | app.scrapers.winning_form_scraper | horse_names=['Battleground', 'Corrupt', 'Green Machine', 'Taxhaven', 'Bellerophon', 'Samuel Sharpe']
2026-08-06 11:39:24,337 | INFO | httpx | HTTP Request: GET https://legacy.winningform.co.za/GAU/2V260806_2.htm "HTTP/1.1 200 OK"
2026-08-06 11:39:24,395 | INFO | app.scrapers.winning_form_scraper | runner_table_used columns={'number': 0, 'name': 1, 'length_behind': 2, 'speed_index': 3, 'predicted_time': 4, 'merit': 5, 'weight': 6, 'draw': 7, 'jockey': 9, 'trainer': 10, 'previous_run': 12, 'time': 17} extracted=7 stated=7
2026-08-06 11:39:24,395 | INFO | app.scrapers.winning_form_scraper | race_parsed url=https://legacy.winningform.co.za/GAU/2V260806_2.htm venue=Vaal date=2026-08-06 race=2 stated=7 parsed=6
2026-08-06 11:39:24,396 | INFO | app.scrapers.winning_form_scraper | horse_names=['Jet Cat', 'Sergeant Soqrat', 'Bell Of Angelus', 'Oriental Bouquet', 'Phala Millions', 'Caladrius', 'Champagne Problems']
2026-08-06 11:39:24,573 | INFO | httpx | HTTP Request: GET https://legacy.winningform.co.za/GAU/2V260806_3.htm "HTTP/1.1 200 OK"
2026-08-06 11:39:24,621 | INFO | app.scrapers.winning_form_scraper | runner_table_used columns={'number': 0, 'name': 1, 'length_behind': 2, 'speed_index': 3, 'predicted_time': 4, 'merit': 5, 'weight': 6, 'draw': 7, 'jockey': 9, 'trainer': 10, 'previous_run': 12, 'time': 17} extracted=7 stated=7
2026-08-06 11:39:24,621 | INFO | app.scrapers.winning_form_scraper | race_parsed url=https://legacy.winningform.co.za/GAU/2V260806_3.htm venue=Vaal date=2026-08-06 race=3 stated=7 parsed=7
2026-08-06 11:39:24,621 | INFO | app.scrapers.winning_form_scraper | horse_names=['Wings Of Kildra', 'Ada Lovelace', 'Executrix', 'Magic Carpet Ride', 'Royal Horizon', 'Iconic Winter', 'Love Not War']
2026-08-06 11:39:24,786 | INFO | httpx | HTTP Request: GET https://legacy.winningform.co.za/GAU/2V260806_4.htm "HTTP/1.1 200 OK"
2026-08-06 11:39:24,894 | INFO | app.scrapers.winning_form_scraper | runner_table_used columns={'number': 0, 'name': 1, 'length_behind': 2, 'speed_index': 3, 'predicted_time': 4, 'merit': 5, 'weight': 6, 'draw': 7, 'jockey': 9, 'trainer': 10, 'previous_run': 12, 'time': 17} extracted=7 stated=7
2026-08-06 11:39:24,894 | INFO | app.scrapers.winning_form_scraper | race_parsed url=https://legacy.winningform.co.za/GAU/2V260806_4.htm venue=Vaal date=2026-08-06 race=4 stated=7 parsed=7
2026-08-06 11:39:24,894 | INFO | app.scrapers.winning_form_scraper | horse_names=['Winter Rainfall', 'Valieva', "She's All Mine", 'Jazz Pianist', 'Tempranillo', 'Versace Onthetrack', 'Slender Silhouette']
2026-08-06 11:39:25,099 | INFO | httpx | HTTP Request: GET https://legacy.winningform.co.za/GAU/2V260806_5.htm "HTTP/1.1 200 OK"
2026-08-06 11:39:25,167 | INFO | app.scrapers.winning_form_scraper | runner_table_used columns={'number': 0, 'name': 1, 'length_behind': 2, 'speed_index': 3, 'predicted_time': 4, 'merit': 5, 'weight': 6, 'draw': 7, 'jockey': 9, 'trainer': 10, 'previous_run': 12, 'time': 17} extracted=11 stated=11
2026-08-06 11:39:25,167 | INFO | app.scrapers.winning_form_scraper | race_parsed url=https://legacy.winningform.co.za/GAU/2V260806_5.htm venue=Vaal date=2026-08-06 race=5 stated=11 parsed=9
2026-08-06 11:39:25,168 | INFO | app.scrapers.winning_form_scraper | horse_names=['Wish You Were Here', 'Smoking Gun', 'A Roman Twist', "God's Country", 'Cool Gambler', "Ain't No Sunshine", 'Willow Charm', 'Levitator', 'Forever Canford', 'Lannyboy', 'Spirit Of The Sea']
2026-08-06 11:39:25,365 | INFO | httpx | HTTP Request: GET https://legacy.winningform.co.za/GAU/2V260806_6.htm "HTTP/1.1 200 OK"
2026-08-06 11:39:25,451 | INFO | app.scrapers.winning_form_scraper | runner_table_used columns={'number': 0, 'name': 1, 'length_behind': 2, 'speed_index': 3, 'predicted_time': 4, 'merit': 5, 'weight': 6, 'draw': 7, 'jockey': 9, 'trainer': 10, 'previous_run': 12, 'time': 17} extracted=8 stated=8
2026-08-06 11:39:25,452 | INFO | app.scrapers.winning_form_scraper | race_parsed url=https://legacy.winningform.co.za/GAU/2V260806_6.htm venue=Vaal date=2026-08-06 race=6 stated=8 parsed=7
2026-08-06 11:39:25,452 | INFO | app.scrapers.winning_form_scraper | horse_names=['Korcula', 'Epidaurus', 'Twelfth Of Never', 'Gus On The Bus', 'Comic Artist', 'Lanteri', 'Evening News', 'Forever Red']
2026-08-06 11:39:25,660 | INFO | httpx | HTTP Request: GET https://legacy.winningform.co.za/GAU/2V260806_7.htm "HTTP/1.1 200 OK"
2026-08-06 11:39:25,796 | INFO | app.scrapers.winning_form_scraper | runner_table_used columns={'number': 0, 'name': 1, 'length_behind': 2, 'speed_index': 3, 'predicted_time': 4, 'merit': 5, 'weight': 6, 'draw': 7, 'jockey': 9, 'trainer': 10, 'previous_run': 12, 'time': 17} extracted=13 stated=13
2026-08-06 11:39:25,797 | INFO | app.scrapers.winning_form_scraper | race_parsed url=https://legacy.winningform.co.za/GAU/2V260806_7.htm venue=Vaal date=2026-08-06 race=7 stated=13 parsed=13
2026-08-06 11:39:25,797 | INFO | app.scrapers.winning_form_scraper | horse_names=['Itsnowornever', 'Nuclear Force', 'Thoonsil', 'Party Punch', 'Hopscotch', 'Rosy Lemon', 'Cartagena', 'Arlington Action', 'Chabal', 'Repetition', 'Euphrates', 'Gold De Grace', 'Heroic Act']
2026-08-06 11:39:26,070 | INFO | httpx | HTTP Request: GET https://legacy.winningform.co.za/GAU/2V260806_8.htm "HTTP/1.1 200 OK"
2026-08-06 11:39:26,116 | INFO | app.scrapers.winning_form_scraper | runner_table_used columns={'number': 0, 'name': 1, 'length_behind': 2, 'speed_index': 3, 'predicted_time': 4, 'merit': 5, 'weight': 6, 'draw': 7, 'jockey': 9, 'trainer': 10, 'previous_run': 12, 'time': 17} extracted=10 stated=10
2026-08-06 11:39:26,116 | INFO | app.scrapers.winning_form_scraper | race_parsed url=https://legacy.winningform.co.za/GAU/2V260806_8.htm venue=Vaal date=2026-08-06 race=8 stated=10 parsed=8
2026-08-06 11:39:26,116 | INFO | app.scrapers.winning_form_scraper | horse_names=['Freestyle Dance', 'Wartrax Blaze', 'Elisa Mbali', 'One State', 'Campo Formio', 'Sword Of Light', 'Mega Awesome', 'Truro Legacy', 'Cuzzie', 'Noble Chiefdom']
2026-08-06 11:39:26,302 | INFO | httpx | HTTP Request: GET https://legacy.winningform.co.za/KZN/2D260807_1.htm "HTTP/1.1 200 OK"
2026-08-06 11:39:26,353 | INFO | app.scrapers.winning_form_scraper | runner_table_used columns={'number': 0, 'name': 1, 'length_behind': 2, 'speed_index': 3, 'predicted_time': 4, 'merit': 5, 'weight': 6, 'draw': 7, 'jockey': 9, 'trainer': 10, 'previous_run': 12, 'time': 17} extracted=14 stated=14
2026-08-06 11:39:26,353 | INFO | app.scrapers.winning_form_scraper | race_parsed url=https://legacy.winningform.co.za/KZN/2D260807_1.htm venue=Hollywoodbets Greyville date=2026-08-07 race=1 stated=14 parsed=14
2026-08-06 11:39:26,353 | INFO | app.scrapers.winning_form_scraper | horse_names=['Owner Of Creation', 'Skipper Zip', 'Yeah Baby', 'Simonis', "Hadrian's Wall", 'Golden Diadem', 'Prince Of Rabada', 'Goldsmith', 'Peace Sign', 'Thurloe Place', 'Cuba Libre', 'Flight Twenty One', 'Catch That Kid', 'Big Dipper']
2026-08-06 11:39:26,540 | INFO | httpx | HTTP Request: GET https://legacy.winningform.co.za/KZN/2D260807_2.htm "HTTP/1.1 200 OK"
2026-08-06 11:39:26,576 | INFO | app.scrapers.winning_form_scraper | runner_table_used columns={'number': 0, 'name': 1, 'length_behind': 2, 'speed_index': 3, 'predicted_time': 4, 'merit': 5, 'weight': 6, 'draw': 7, 'jockey': 9, 'trainer': 10, 'previous_run': 12, 'time': 17} extracted=8 stated=8
2026-08-06 11:39:26,576 | INFO | app.scrapers.winning_form_scraper | race_parsed url=https://legacy.winningform.co.za/KZN/2D260807_2.htm venue=Hollywoodbets Greyville date=2026-08-07 race=2 stated=8 parsed=8
2026-08-06 11:39:26,577 | INFO | app.scrapers.winning_form_scraper | horse_names=['Hazel Green', 'Tears Of The Sun', 'Queen Of Denmark', 'America First', 'Eastern Glow', "Loreley's Rock", 'Lagertha The Queen', 'Periwinkle']
2026-08-06 11:39:26,769 | INFO | httpx | HTTP Request: GET https://legacy.winningform.co.za/KZN/2D260807_3.htm "HTTP/1.1 200 OK"
2026-08-06 11:39:26,811 | INFO | app.scrapers.winning_form_scraper | runner_table_used columns={'number': 0, 'name': 1, 'length_behind': 2, 'speed_index': 3, 'predicted_time': 4, 'merit': 5, 'weight': 6, 'draw': 7, 'jockey': 9, 'trainer': 10, 'previous_run': 12, 'time': 17} extracted=7 stated=7
2026-08-06 11:39:26,811 | INFO | app.scrapers.winning_form_scraper | race_parsed url=https://legacy.winningform.co.za/KZN/2D260807_3.htm venue=Hollywoodbets Greyville date=2026-08-07 race=3 stated=7 parsed=7
2026-08-06 11:39:26,812 | INFO | app.scrapers.winning_form_scraper | horse_names=['Crimson Typhoon', 'Fire Force', 'Augrabies', 'Captive Prince', 'Lacryma Christi', 'Noctambulist', 'Chaos Queen']
2026-08-06 11:39:27,044 | INFO | httpx | HTTP Request: GET https://legacy.winningform.co.za/KZN/2D260807_4.htm "HTTP/1.1 200 OK"
2026-08-06 11:39:27,132 | INFO | app.scrapers.winning_form_scraper | runner_table_used columns={'number': 0, 'name': 1, 'length_behind': 2, 'speed_index': 3, 'predicted_time': 4, 'merit': 5, 'weight': 6, 'draw': 7, 'jockey': 9, 'trainer': 10, 'previous_run': 12, 'time': 17} extracted=13 stated=13
2026-08-06 11:39:27,132 | INFO | app.scrapers.winning_form_scraper | race_parsed url=https://legacy.winningform.co.za/KZN/2D260807_4.htm venue=Hollywoodbets Greyville date=2026-08-07 race=4 stated=13 parsed=13
2026-08-06 11:39:27,132 | INFO | app.scrapers.winning_form_scraper | horse_names=['Tunguska', 'High Queue', 'Zena Rose', 'The Mikado', 'Shiny Bob', 'No Pressure', 'Heavenly Mafia', 'Fast And Free', 'Day Two', 'Christmas Cactus', 'National Dream', 'Status', 'Reign On Impact']
2026-08-06 11:39:27,332 | INFO | httpx | HTTP Request: GET https://legacy.winningform.co.za/KZN/2D260807_5.htm "HTTP/1.1 200 OK"
2026-08-06 11:39:27,414 | INFO | app.scrapers.winning_form_scraper | runner_table_used columns={'number': 0, 'name': 1, 'length_behind': 2, 'speed_index': 3, 'predicted_time': 4, 'merit': 5, 'weight': 6, 'draw': 7, 'jockey': 9, 'trainer': 10, 'previous_run': 12, 'time': 17} extracted=9 stated=9
2026-08-06 11:39:27,414 | INFO | app.scrapers.winning_form_scraper | race_parsed url=https://legacy.winningform.co.za/KZN/2D260807_5.htm venue=Hollywoodbets Greyville date=2026-08-07 race=5 stated=9 parsed=9
2026-08-06 11:39:27,414 | INFO | app.scrapers.winning_form_scraper | horse_names=['Position Of Power', 'Thisiswhatitmeans', 'Teflon Man', 'Future Variety', 'Soho Star', 'Imposing', 'King Of The Gauls', 'Good Traveller', 'Narina Trogon']
2026-08-06 11:39:27,656 | INFO | httpx | HTTP Request: GET https://legacy.winningform.co.za/KZN/2D260807_6.htm "HTTP/1.1 200 OK"
2026-08-06 11:39:27,725 | INFO | app.scrapers.winning_form_scraper | runner_table_used columns={'number': 0, 'name': 1, 'length_behind': 2, 'speed_index': 3, 'predicted_time': 4, 'merit': 5, 'weight': 6, 'draw': 7, 'jockey': 9, 'trainer': 10, 'previous_run': 12, 'time': 17} extracted=11 stated=11
2026-08-06 11:39:27,726 | INFO | app.scrapers.winning_form_scraper | race_parsed url=https://legacy.winningform.co.za/KZN/2D260807_6.htm venue=Hollywoodbets Greyville date=2026-08-07 race=6 stated=11 parsed=11
2026-08-06 11:39:27,726 | INFO | app.scrapers.winning_form_scraper | horse_names=['Warrior Royale', 'Swiatek', "That's My Baby", 'Happy Fortune', 'Miss Twinkle', 'Sonic Jet', 'Gorgeous Girl', 'Warning Sound', 'Red Taffety', 'Drumnadrochit', 'Forward Motion']
2026-08-06 11:39:27,937 | INFO | httpx | HTTP Request: GET https://legacy.winningform.co.za/KZN/2D260807_7.htm "HTTP/1.1 200 OK"
2026-08-06 11:39:28,069 | INFO | app.scrapers.winning_form_scraper | runner_table_used columns={'number': 0, 'name': 1, 'length_behind': 2, 'speed_index': 3, 'predicted_time': 4, 'merit': 5, 'weight': 6, 'draw': 7, 'jockey': 9, 'trainer': 10, 'previous_run': 12, 'time': 17} extracted=10 stated=10
2026-08-06 11:39:28,069 | INFO | app.scrapers.winning_form_scraper | race_parsed url=https://legacy.winningform.co.za/KZN/2D260807_7.htm venue=Hollywoodbets Greyville date=2026-08-07 race=7 stated=10 parsed=10
2026-08-06 11:39:28,069 | INFO | app.scrapers.winning_form_scraper | horse_names=['Maphaka', 'Future Flo', 'Miss World', 'Ubukhwebezana', 'Street Outlaw', 'City Of Love', 'What A Fortune', 'African Skyline', 'Cowdray Park', 'Johnny Appleseed']
2026-08-06 11:39:28,286 | INFO | httpx | HTTP Request: GET https://legacy.winningform.co.za/KZN/2D260807_8.htm "HTTP/1.1 200 OK"
2026-08-06 11:39:28,368 | INFO | app.scrapers.winning_form_scraper | runner_table_used columns={'number': 0, 'name': 1, 'length_behind': 2, 'speed_index': 3, 'predicted_time': 4, 'merit': 5, 'weight': 6, 'draw': 7, 'jockey': 9, 'trainer': 10, 'previous_run': 12, 'time': 17} extracted=11 stated=11
2026-08-06 11:39:28,368 | INFO | app.scrapers.winning_form_scraper | race_parsed url=https://legacy.winningform.co.za/KZN/2D260807_8.htm venue=Hollywoodbets Greyville date=2026-08-07 race=8 stated=11 parsed=11
2026-08-06 11:39:28,369 | INFO | app.scrapers.winning_form_scraper | horse_names=['Next Of Kin', 'Mvelelo', "Tam's Knight", 'Mar Del Plata', 'Tobacconist', 'Blue Steel', 'Phutulicious', 'War Emperor', 'My Boy Lollipop', 'Steamy Windows', 'Zagreb']
2026-08-06 11:39:28,545 | INFO | httpx | HTTP Request: GET https://legacy.winningform.co.za/ECP/2F260807_1.htm "HTTP/1.1 200 OK"
2026-08-06 11:39:28,642 | INFO | app.scrapers.winning_form_scraper | runner_table_used columns={'number': 0, 'name': 1, 'length_behind': 2, 'speed_index': 3, 'predicted_time': 4, 'merit': 5, 'weight': 6, 'draw': 7, 'jockey': 9, 'trainer': 10, 'previous_run': 12, 'time': 17} extracted=10 stated=10
2026-08-06 11:39:28,643 | INFO | app.scrapers.winning_form_scraper | race_parsed url=https://legacy.winningform.co.za/ECP/2F260807_1.htm venue=Fairview date=2026-08-07 race=1 stated=10 parsed=10
2026-08-06 11:39:28,643 | INFO | app.scrapers.winning_form_scraper | horse_names=['Good Shine', 'Green Point', 'Crimson Clover', 'Takemetothemoon', 'Norse Warrior', 'Stone Of Scone', 'J Lordi', 'Blue Dame', 'Storm Burst', 'Golden Fifties']
2026-08-06 11:39:28,857 | INFO | httpx | HTTP Request: GET https://legacy.winningform.co.za/ECP/2F260807_2.htm "HTTP/1.1 200 OK"
2026-08-06 11:39:29,012 | INFO | app.scrapers.winning_form_scraper | runner_table_used columns={'number': 0, 'name': 1, 'length_behind': 2, 'speed_index': 3, 'predicted_time': 4, 'merit': 5, 'weight': 6, 'draw': 7, 'jockey': 9, 'trainer': 10, 'previous_run': 12, 'time': 17} extracted=10 stated=10
2026-08-06 11:39:29,013 | INFO | app.scrapers.winning_form_scraper | race_parsed url=https://legacy.winningform.co.za/ECP/2F260807_2.htm venue=Fairview date=2026-08-07 race=2 stated=10 parsed=10
2026-08-06 11:39:29,013 | INFO | app.scrapers.winning_form_scraper | horse_names=['Touch The Sword', 'Caughtubysurprise', 'Fonte', 'Kim Kay', 'Jewel Mule', 'Redlight Lane', 'Harpa', 'World Of Diamonds', 'Without Hesitation', 'Gallic Greeting']
2026-08-06 11:39:29,201 | INFO | httpx | HTTP Request: GET https://legacy.winningform.co.za/ECP/2F260807_3.htm "HTTP/1.1 200 OK"
2026-08-06 11:39:29,470 | INFO | app.scrapers.winning_form_scraper | runner_table_used columns={'number': 0, 'name': 1, 'length_behind': 2, 'speed_index': 3, 'predicted_time': 4, 'merit': 5, 'weight': 6, 'draw': 7, 'jockey': 9, 'trainer': 10, 'previous_run': 12, 'time': 17} extracted=9 stated=9
2026-08-06 11:39:29,471 | INFO | app.scrapers.winning_form_scraper | race_parsed url=https://legacy.winningform.co.za/ECP/2F260807_3.htm venue=Fairview date=2026-08-07 race=3 stated=9 parsed=9
2026-08-06 11:39:29,471 | INFO | app.scrapers.winning_form_scraper | horse_names=['Frequent Traveller', 'Secret Eruption', 'Witching Hour', 'Lady Limoncello', 'Lady Of Fate', 'Blue Crystal', 'Island Jewel', 'Burning Desire', 'Total Eruption']
2026-08-06 11:39:29,674 | INFO | httpx | HTTP Request: GET https://legacy.winningform.co.za/ECP/2F260807_4.htm "HTTP/1.1 200 OK"
2026-08-06 11:39:29,787 | INFO | app.scrapers.winning_form_scraper | runner_table_used columns={'number': 0, 'name': 1, 'length_behind': 2, 'speed_index': 3, 'predicted_time': 4, 'merit': 5, 'weight': 6, 'draw': 7, 'jockey': 9, 'trainer': 10, 'previous_run': 12, 'time': 17} extracted=9 stated=9
2026-08-06 11:39:29,787 | INFO | app.scrapers.winning_form_scraper | race_parsed url=https://legacy.winningform.co.za/ECP/2F260807_4.htm venue=Fairview date=2026-08-07 race=4 stated=9 parsed=9
2026-08-06 11:39:29,787 | INFO | app.scrapers.winning_form_scraper | horse_names=['Home Reef', 'Makhachev', 'Anatolian Silver', 'Global Ally', 'Richardthefearless', 'Wild Fig', 'Hollandia Bakkerij', 'Flight Display', 'Johnny Drama']
2026-08-06 11:39:30,000 | INFO | httpx | HTTP Request: GET https://legacy.winningform.co.za/ECP/2F260807_5.htm "HTTP/1.1 200 OK"
2026-08-06 11:39:30,151 | INFO | app.scrapers.winning_form_scraper | runner_table_used columns={'number': 0, 'name': 1, 'length_behind': 2, 'speed_index': 3, 'predicted_time': 4, 'merit': 5, 'weight': 6, 'draw': 7, 'jockey': 9, 'trainer': 10, 'previous_run': 12, 'time': 17} extracted=10 stated=10
2026-08-06 11:39:30,152 | INFO | app.scrapers.winning_form_scraper | race_parsed url=https://legacy.winningform.co.za/ECP/2F260807_5.htm venue=Fairview date=2026-08-07 race=5 stated=10 parsed=10
2026-08-06 11:39:30,152 | INFO | app.scrapers.winning_form_scraper | horse_names=['King Viserys', 'Cheerful Charlie B', 'Green Planet', 'Pedro', 'Lucky Chance', 'Givethatmanabells', 'Umami', 'Star Of Elena', 'Celtic Rush', 'Nautical Landing']
2026-08-06 11:39:30,658 | INFO | httpx | HTTP Request: GET https://legacy.winningform.co.za/ECP/2F260807_6.htm "HTTP/1.1 200 OK"
2026-08-06 11:39:30,722 | INFO | app.scrapers.winning_form_scraper | runner_table_used columns={'number': 0, 'name': 1, 'length_behind': 2, 'speed_index': 3, 'predicted_time': 4, 'merit': 5, 'weight': 6, 'draw': 7, 'jockey': 9, 'trainer': 10, 'previous_run': 12, 'time': 17} extracted=11 stated=11
2026-08-06 11:39:30,722 | INFO | app.scrapers.winning_form_scraper | race_parsed url=https://legacy.winningform.co.za/ECP/2F260807_6.htm venue=Fairview date=2026-08-07 race=6 stated=11 parsed=11
2026-08-06 11:39:30,722 | INFO | app.scrapers.winning_form_scraper | horse_names=['Basingstoke', 'Icy Lancaster', 'Japanese Garden', 'Midnight Music', 'Kilmonivaig', 'Queen Of Jazz', 'Power Of Tiger', 'Daffodil Delight', 'Timeline', 'Gutsy Baby', 'Princess Of Ajiaal']
2026-08-06 11:39:30,898 | INFO | httpx | HTTP Request: GET https://legacy.winningform.co.za/ECP/2F260807_7.htm "HTTP/1.1 200 OK"
2026-08-06 11:39:30,957 | INFO | app.scrapers.winning_form_scraper | runner_table_used columns={'number': 0, 'name': 1, 'length_behind': 2, 'speed_index': 3, 'predicted_time': 4, 'merit': 5, 'weight': 6, 'draw': 7, 'jockey': 9, 'trainer': 10, 'previous_run': 12, 'time': 17} extracted=10 stated=10
2026-08-06 11:39:30,957 | INFO | app.scrapers.winning_form_scraper | race_parsed url=https://legacy.winningform.co.za/ECP/2F260807_7.htm venue=Fairview date=2026-08-07 race=7 stated=10 parsed=10
2026-08-06 11:39:30,957 | INFO | app.scrapers.winning_form_scraper | horse_names=['Coastal Path', 'Stars In Heaven', 'Forest Spy', 'Masked Vigilante', 'Champonelle', 'Stokesy', 'Aquarius', 'Overture', 'Surge Of Power', 'Astronomical Boy']
2026-08-06 11:39:31,126 | INFO | httpx | HTTP Request: GET https://legacy.winningform.co.za/ECP/2F260807_8.htm "HTTP/1.1 200 OK"
2026-08-06 11:39:31,210 | INFO | app.scrapers.winning_form_scraper | runner_table_used columns={'number': 0, 'name': 1, 'length_behind': 2, 'speed_index': 3, 'predicted_time': 4, 'merit': 5, 'weight': 6, 'draw': 7, 'jockey': 9, 'trainer': 10, 'previous_run': 12, 'time': 17} extracted=11 stated=11
2026-08-06 11:39:31,211 | INFO | app.scrapers.winning_form_scraper | race_parsed url=https://legacy.winningform.co.za/ECP/2F260807_8.htm venue=Fairview date=2026-08-07 race=8 stated=11 parsed=11
2026-08-06 11:39:31,211 | INFO | app.scrapers.winning_form_scraper | horse_names=['Captain Clever', 'Free World', 'Cape Capri', 'Chief Runner', 'Piton De Neige', 'Wordsworth', 'In The Bag', 'Bumps Last Grind', 'King Rahul', 'Waltzing Doll', 'Truly Magical']
2026-08-06 11:39:31,417 | INFO | httpx | HTTP Request: GET https://legacy.winningform.co.za/GAU/2T260808_1.htm "HTTP/1.1 200 OK"
2026-08-06 11:39:31,479 | INFO | app.scrapers.winning_form_scraper | runner_table_used columns={'number': 0, 'name': 1, 'length_behind': 2, 'speed_index': 3, 'predicted_time': 4, 'merit': 5, 'weight': 6, 'draw': 7, 'jockey': 9, 'trainer': 10, 'previous_run': 12, 'time': 17} extracted=10 stated=10
2026-08-06 11:39:31,479 | INFO | app.scrapers.winning_form_scraper | race_parsed url=https://legacy.winningform.co.za/GAU/2T260808_1.htm venue=Turffontein date=2026-08-08 race=1 stated=10 parsed=10
2026-08-06 11:39:31,480 | INFO | app.scrapers.winning_form_scraper | horse_names=['Midnight Special', 'Platinum Shay', 'Elegant Edge', 'Surreal Song', "Meghan's Diamond", "Master's Lady", 'Charleston Dawn', 'Lazer Light', 'Moonface', 'Jessica Rabbit']
2026-08-06 11:39:31,696 | INFO | httpx | HTTP Request: GET https://legacy.winningform.co.za/GAU/2T260808_2.htm "HTTP/1.1 200 OK"
2026-08-06 11:39:31,737 | INFO | app.scrapers.winning_form_scraper | runner_table_used columns={'number': 0, 'name': 1, 'length_behind': 2, 'speed_index': 3, 'predicted_time': 4, 'merit': 5, 'weight': 6, 'draw': 7, 'jockey': 9, 'trainer': 10, 'previous_run': 12, 'time': 17} extracted=7 stated=7
2026-08-06 11:39:31,738 | INFO | app.scrapers.winning_form_scraper | race_parsed url=https://legacy.winningform.co.za/GAU/2T260808_2.htm venue=Turffontein date=2026-08-08 race=2 stated=7 parsed=7
2026-08-06 11:39:31,738 | INFO | app.scrapers.winning_form_scraper | horse_names=['Shining Sun', 'Royale Jacket', 'Be The One', 'Seventh Fleet', 'Moethemoneyman', 'From The Get Go', 'Mirum']
2026-08-06 11:39:31,910 | INFO | httpx | HTTP Request: GET https://legacy.winningform.co.za/GAU/2T260808_3.htm "HTTP/1.1 200 OK"
2026-08-06 11:39:31,982 | INFO | app.scrapers.winning_form_scraper | runner_table_used columns={'number': 0, 'name': 1, 'length_behind': 2, 'speed_index': 3, 'predicted_time': 4, 'merit': 5, 'weight': 6, 'draw': 7, 'jockey': 9, 'trainer': 10, 'previous_run': 12, 'time': 17} extracted=7 stated=7
2026-08-06 11:39:31,982 | INFO | app.scrapers.winning_form_scraper | race_parsed url=https://legacy.winningform.co.za/GAU/2T260808_3.htm venue=Turffontein date=2026-08-08 race=3 stated=7 parsed=7
2026-08-06 11:39:31,982 | INFO | app.scrapers.winning_form_scraper | horse_names=["Destiny's Dream", 'Empress Of Peace', 'Be All You Can Be', "Nicci's Law", 'Hot Choice', 'Nicolson Landing', 'Future Red']
2026-08-06 11:39:32,177 | INFO | httpx | HTTP Request: GET https://legacy.winningform.co.za/GAU/2T260808_4.htm "HTTP/1.1 200 OK"
2026-08-06 11:39:32,245 | INFO | app.scrapers.winning_form_scraper | runner_table_used columns={'number': 0, 'name': 1, 'length_behind': 2, 'speed_index': 3, 'predicted_time': 4, 'merit': 5, 'weight': 6, 'draw': 7, 'jockey': 9, 'trainer': 10, 'previous_run': 12, 'time': 17} extracted=7 stated=7
2026-08-06 11:39:32,245 | INFO | app.scrapers.winning_form_scraper | race_parsed url=https://legacy.winningform.co.za/GAU/2T260808_4.htm venue=Turffontein date=2026-08-08 race=4 stated=7 parsed=7
2026-08-06 11:39:32,246 | INFO | app.scrapers.winning_form_scraper | horse_names=["Fire 'n Flames", 'Palace Prince', 'Hotarubi', "King's Express", 'The Equator', 'Royal Invitation', 'Hawkbill']
2026-08-06 11:39:32,438 | INFO | httpx | HTTP Request: GET https://legacy.winningform.co.za/GAU/2T260808_5.htm "HTTP/1.1 200 OK"
2026-08-06 11:39:32,537 | INFO | app.scrapers.winning_form_scraper | runner_table_used columns={'number': 0, 'name': 1, 'length_behind': 2, 'speed_index': 3, 'predicted_time': 4, 'merit': 5, 'weight': 6, 'draw': 7, 'jockey': 9, 'trainer': 10, 'previous_run': 12, 'time': 17} extracted=11 stated=11
2026-08-06 11:39:32,538 | INFO | app.scrapers.winning_form_scraper | race_parsed url=https://legacy.winningform.co.za/GAU/2T260808_5.htm venue=Turffontein date=2026-08-08 race=5 stated=11 parsed=11
2026-08-06 11:39:32,538 | INFO | app.scrapers.winning_form_scraper | horse_names=['Max The Magician', 'Vibe Sa', 'Espinoza', 'Antonio Gaudi', 'Blizzard Snow', 'African Prince', "Dante's Bond", 'Richard The First', 'Titan Of The Turf', 'Famous Lady', 'Kudikaran']
2026-08-06 11:39:32,760 | INFO | httpx | HTTP Request: GET https://legacy.winningform.co.za/GAU/2T260808_6.htm "HTTP/1.1 200 OK"
2026-08-06 11:39:32,849 | INFO | app.scrapers.winning_form_scraper | runner_table_used columns={'number': 0, 'name': 1, 'length_behind': 2, 'speed_index': 3, 'predicted_time': 4, 'merit': 5, 'weight': 6, 'draw': 7, 'jockey': 9, 'trainer': 10, 'previous_run': 12, 'time': 17} extracted=8 stated=8
2026-08-06 11:39:32,849 | INFO | app.scrapers.winning_form_scraper | race_parsed url=https://legacy.winningform.co.za/GAU/2T260808_6.htm venue=Turffontein date=2026-08-08 race=6 stated=8 parsed=8
2026-08-06 11:39:32,849 | INFO | app.scrapers.winning_form_scraper | horse_names=['Eight Hats', 'Kortvandraad', 'Pretty Analia', 'Concordia', 'Secret Life', 'Mattiazo', "Master's Rose", 'Way To Burn']
2026-08-06 11:39:33,058 | INFO | httpx | HTTP Request: GET https://legacy.winningform.co.za/GAU/2T260808_7.htm "HTTP/1.1 200 OK"
2026-08-06 11:39:33,132 | INFO | app.scrapers.winning_form_scraper | runner_table_used columns={'number': 0, 'name': 1, 'length_behind': 2, 'speed_index': 3, 'predicted_time': 4, 'merit': 5, 'weight': 6, 'draw': 7, 'jockey': 9, 'trainer': 10, 'previous_run': 12, 'time': 17} extracted=9 stated=9
2026-08-06 11:39:33,133 | INFO | app.scrapers.winning_form_scraper | race_parsed url=https://legacy.winningform.co.za/GAU/2T260808_7.htm venue=Turffontein date=2026-08-08 race=7 stated=9 parsed=9
2026-08-06 11:39:33,133 | INFO | app.scrapers.winning_form_scraper | horse_names=['Gran Canaria', 'Olympian Gold', 'The Africa House', 'Ariovistus', 'Master Christmas', 'Trombolines', 'Oklahoma Smokeshow', 'Birthright', 'Texas Missile']
2026-08-06 11:39:33,318 | INFO | httpx | HTTP Request: GET https://legacy.winningform.co.za/GAU/2T260808_8.htm "HTTP/1.1 200 OK"
2026-08-06 11:39:33,387 | INFO | app.scrapers.winning_form_scraper | runner_table_used columns={'number': 0, 'name': 1, 'length_behind': 2, 'speed_index': 3, 'predicted_time': 4, 'merit': 5, 'weight': 6, 'draw': 7, 'jockey': 9, 'trainer': 10, 'previous_run': 12, 'time': 17} extracted=10 stated=10
2026-08-06 11:39:33,388 | INFO | app.scrapers.winning_form_scraper | race_parsed url=https://legacy.winningform.co.za/GAU/2T260808_8.htm venue=Turffontein date=2026-08-08 race=8 stated=10 parsed=10
2026-08-06 11:39:33,388 | INFO | app.scrapers.winning_form_scraper | horse_names=['American Beauty', 'Boom Boom', 'Sikeloi', 'Into Dancing', 'Pearl In Her Crown', 'Merryweather', 'Fire In Her Soul', 'Glamorous Lady', 'Hoc Est Vita', 'Lava Lamp']
2026-08-06 11:39:33,711 | INFO | httpx | HTTP Request: GET https://legacy.winningform.co.za/GAU/2T260808_9.htm "HTTP/1.1 200 OK"
2026-08-06 11:39:33,783 | INFO | app.scrapers.winning_form_scraper | runner_table_used columns={'number': 0, 'name': 1, 'length_behind': 2, 'speed_index': 3, 'predicted_time': 4, 'merit': 5, 'weight': 6, 'draw': 7, 'jockey': 9, 'trainer': 10, 'previous_run': 12, 'time': 17} extracted=8 stated=8
2026-08-06 11:39:33,783 | INFO | app.scrapers.winning_form_scraper | race_parsed url=https://legacy.winningform.co.za/GAU/2T260808_9.htm venue=Turffontein date=2026-08-08 race=9 stated=8 parsed=8
2026-08-06 11:39:33,784 | INFO | app.scrapers.winning_form_scraper | horse_names=['Zip Code', 'Bay Empire', "Can't Catch Me", 'Six Of All', 'Michael Faraday', 'Dondoyaki', 'Spy Story', 'Sail The Sky']
2026-08-06 11:39:33,992 | INFO | httpx | HTTP Request: GET https://legacy.winningform.co.za/KZN/2S260809_1.htm "HTTP/1.1 200 OK"
2026-08-06 11:39:34,031 | INFO | app.scrapers.winning_form_scraper | runner_table_used columns={'number': 0, 'name': 1, 'length_behind': 2, 'speed_index': 3, 'predicted_time': 4, 'merit': 5, 'weight': 6, 'draw': 7, 'jockey': 9, 'trainer': 10, 'previous_run': 12, 'time': 17} extracted=9 stated=9
2026-08-06 11:39:34,032 | INFO | app.scrapers.winning_form_scraper | race_parsed url=https://legacy.winningform.co.za/KZN/2S260809_1.htm venue=Hollywoodbets Scottsville Outer date=2026-08-09 race=1 stated=9 parsed=9
2026-08-06 11:39:34,032 | INFO | app.scrapers.winning_form_scraper | horse_names=['Tipperary', "Scott's Bar", 'Theodore Rooseveld', 'Praetorian Guard', 'Joy N Hope', 'Bicameral', 'Elusive Diamond', 'Maggiano', 'Grand Tour']
2026-08-06 11:39:34,206 | INFO | httpx | HTTP Request: GET https://legacy.winningform.co.za/KZN/2S260809_2.htm "HTTP/1.1 200 OK"
2026-08-06 11:39:34,268 | INFO | app.scrapers.winning_form_scraper | runner_table_used columns={'number': 0, 'name': 1, 'length_behind': 2, 'speed_index': 3, 'predicted_time': 4, 'merit': 5, 'weight': 6, 'draw': 7, 'jockey': 9, 'trainer': 10, 'previous_run': 12, 'time': 17} extracted=9 stated=9
2026-08-06 11:39:34,268 | INFO | app.scrapers.winning_form_scraper | race_parsed url=https://legacy.winningform.co.za/KZN/2S260809_2.htm venue=Hollywoodbets Scottsville Outer date=2026-08-09 race=2 stated=9 parsed=9
2026-08-06 11:39:34,268 | INFO | app.scrapers.winning_form_scraper | horse_names=["Rocco's Peace", 'Xiphos', 'Snow Warrior', 'Majestic Limpopo', 'Sebastiaan', 'Diaval', 'Gimme The Sun', 'Hello Handsome', 'Bello Gallico']
2026-08-06 11:39:34,441 | INFO | httpx | HTTP Request: GET https://legacy.winningform.co.za/KZN/2S260809_3.htm "HTTP/1.1 200 OK"
2026-08-06 11:39:34,597 | INFO | app.scrapers.winning_form_scraper | runner_table_used columns={'number': 0, 'name': 1, 'length_behind': 2, 'speed_index': 3, 'predicted_time': 4, 'merit': 5, 'weight': 6, 'draw': 7, 'jockey': 9, 'trainer': 10, 'previous_run': 12, 'time': 17} extracted=7 stated=7
2026-08-06 11:39:34,597 | INFO | app.scrapers.winning_form_scraper | race_parsed url=https://legacy.winningform.co.za/KZN/2S260809_3.htm venue=Hollywoodbets Scottsville Inner date=2026-08-09 race=3 stated=7 parsed=7
2026-08-06 11:39:34,597 | INFO | app.scrapers.winning_form_scraper | horse_names=['Vaans Spirit', 'Hop Hop Spinnekop', 'Gold Gold Baby', 'Heavenly Mafia', "Taylor's Version", 'Praise De La Rey', 'Princess Trippi']
2026-08-06 11:39:34,785 | INFO | httpx | HTTP Request: GET https://legacy.winningform.co.za/KZN/2S260809_4.htm "HTTP/1.1 200 OK"
2026-08-06 11:39:34,838 | INFO | app.scrapers.winning_form_scraper | runner_table_used columns={'number': 0, 'name': 1, 'length_behind': 2, 'speed_index': 3, 'predicted_time': 4, 'merit': 5, 'weight': 6, 'draw': 7, 'jockey': 9, 'trainer': 10, 'previous_run': 12, 'time': 17} extracted=8 stated=8
2026-08-06 11:39:34,838 | INFO | app.scrapers.winning_form_scraper | race_parsed url=https://legacy.winningform.co.za/KZN/2S260809_4.htm venue=Hollywoodbets Scottsville Inner date=2026-08-09 race=4 stated=8 parsed=8
2026-08-06 11:39:34,839 | INFO | app.scrapers.winning_form_scraper | horse_names=['Deonarie', 'Runthruthejungle', 'Judiciary', 'Dreadnought', 'Old Harry Rocks', 'Chakalaka', 'All About Me', 'Preux Chavalier']
2026-08-06 11:39:35,059 | INFO | httpx | HTTP Request: GET https://legacy.winningform.co.za/KZN/2S260809_5.htm "HTTP/1.1 200 OK"
2026-08-06 11:39:35,154 | INFO | app.scrapers.winning_form_scraper | runner_table_used columns={'number': 0, 'name': 1, 'length_behind': 2, 'speed_index': 3, 'predicted_time': 4, 'merit': 5, 'weight': 6, 'draw': 7, 'jockey': 9, 'trainer': 10, 'previous_run': 12, 'time': 17} extracted=8 stated=8
2026-08-06 11:39:35,155 | INFO | app.scrapers.winning_form_scraper | race_parsed url=https://legacy.winningform.co.za/KZN/2S260809_5.htm venue=Hollywoodbets Scottsville Inner date=2026-08-09 race=5 stated=8 parsed=8
2026-08-06 11:39:35,155 | INFO | app.scrapers.winning_form_scraper | horse_names=['Parisian Walkway', 'Powerandtheglory', 'Captain West', 'Cardinal Chief', 'Bruh', 'Bangladesh', 'Heal And Soul', 'Mr Fixit']
2026-08-06 11:39:35,414 | INFO | httpx | HTTP Request: GET https://legacy.winningform.co.za/KZN/2S260809_6.htm "HTTP/1.1 200 OK"
2026-08-06 11:39:35,527 | INFO | app.scrapers.winning_form_scraper | runner_table_used columns={'number': 0, 'name': 1, 'length_behind': 2, 'speed_index': 3, 'predicted_time': 4, 'merit': 5, 'weight': 6, 'draw': 7, 'jockey': 9, 'trainer': 10, 'previous_run': 12, 'time': 17} extracted=11 stated=11
2026-08-06 11:39:35,527 | INFO | app.scrapers.winning_form_scraper | race_parsed url=https://legacy.winningform.co.za/KZN/2S260809_6.htm venue=Hollywoodbets Scottsville Inner date=2026-08-09 race=6 stated=11 parsed=11
2026-08-06 11:39:35,527 | INFO | app.scrapers.winning_form_scraper | horse_names=['Run To Rio', 'Jazz Festival', 'Mister Nibbles', 'Radu', 'Power Star', 'Galaxy Explorer', "Kimball O'hara", 'Twilight Warrior', 'I Am Classy', 'Irish Anthem', 'Twocantango']
2026-08-06 11:39:35,819 | INFO | httpx | HTTP Request: GET https://legacy.winningform.co.za/KZN/2S260809_7.htm "HTTP/1.1 200 OK"
2026-08-06 11:39:35,881 | INFO | app.scrapers.winning_form_scraper | runner_table_used columns={'number': 0, 'name': 1, 'length_behind': 2, 'speed_index': 3, 'predicted_time': 4, 'merit': 5, 'weight': 6, 'draw': 7, 'jockey': 9, 'trainer': 10, 'previous_run': 12, 'time': 17} extracted=7 stated=7
2026-08-06 11:39:35,882 | INFO | app.scrapers.winning_form_scraper | race_parsed url=https://legacy.winningform.co.za/KZN/2S260809_7.htm venue=Hollywoodbets Scottsville Inner date=2026-08-09 race=7 stated=7 parsed=7
2026-08-06 11:39:35,882 | INFO | app.scrapers.winning_form_scraper | horse_names=['Scarlet Macaw', 'La Landonne', 'Miss Ladyaterix', 'Perilla', 'Limitless Sky', 'Lilac In Winter', 'Hierkommiebokkie']
2026-08-06 11:39:36,097 | INFO | httpx | HTTP Request: GET https://legacy.winningform.co.za/KZN/2S260809_8.htm "HTTP/1.1 200 OK"
2026-08-06 11:39:36,169 | INFO | app.scrapers.winning_form_scraper | runner_table_used columns={'number': 0, 'name': 1, 'length_behind': 2, 'speed_index': 3, 'predicted_time': 4, 'merit': 5, 'weight': 6, 'draw': 7, 'jockey': 9, 'trainer': 10, 'previous_run': 12, 'time': 17} extracted=12 stated=12
2026-08-06 11:39:36,170 | INFO | app.scrapers.winning_form_scraper | race_parsed url=https://legacy.winningform.co.za/KZN/2S260809_8.htm venue=Hollywoodbets Scottsville Outer date=2026-08-09 race=8 stated=12 parsed=12
2026-08-06 11:39:36,170 | INFO | app.scrapers.winning_form_scraper | horse_names=['Clair De Lune', 'Ruby Rising', 'Scarlet Starlet', 'Call Me Jane', 'Fascination', 'Arverni Princess', 'Captain Ventura', 'Vision To Achieve', 'Emerald Forge', 'Royal Crest', 'Durban Diamond', 'Grue Of Ice']
2026-08-06 11:39:36,248 | INFO | app.services.monitoring_service | monitoring_cycle_completed
2026-08-06 11:39:36,249 | INFO | app.main | application_started
2026-08-06 11:39:36,353 | INFO | apscheduler.scheduler | Scheduler has been shut down
2026-08-06 11:39:36,354 | INFO | app.main | application_stopped
2026-08-06 11:39:38,267 | INFO | apscheduler.scheduler | Adding job tentatively -- it will be properly scheduled when the scheduler starts
2026-08-06 11:39:38,269 | INFO | apscheduler.scheduler | Added job "MonitoringService.run_cycle" to job store "default"
2026-08-06 11:39:38,269 | INFO | apscheduler.scheduler | Scheduler started
2026-08-06 11:39:38,269 | INFO | app.services.monitoring_service | monitoring_cycle_started
2026-08-06 11:39:38,561 | INFO | httpx | HTTP Request: GET https://legacy.winningform.co.za "HTTP/1.1 200 OK"
2026-08-06 11:39:38,567 | INFO | app.scrapers.winning_form_scraper | fetch_index_frames=['https://legacy.winningform.co.za/guide.htm', 'https://legacy.winningform.co.za/cover.htm']
2026-08-06 11:39:38,677 | INFO | httpx | HTTP Request: GET https://legacy.winningform.co.za "HTTP/1.1 200 OK"
2026-08-06 11:39:38,809 | INFO | httpx | HTTP Request: GET https://legacy.winningform.co.za/guide.htm "HTTP/1.1 200 OK"
2026-08-06 11:39:38,936 | INFO | httpx | HTTP Request: GET https://legacy.winningform.co.za/cover.htm "HTTP/1.1 200 OK"
2026-08-06 11:39:39,062 | INFO | httpx | HTTP Request: GET https://legacy.winningform.co.za "HTTP/1.1 200 OK"
2026-08-06 11:39:39,179 | INFO | httpx | HTTP Request: GET https://legacy.winningform.co.za/guide.htm "HTTP/1.1 200 OK"
2026-08-06 11:39:39,298 | INFO | httpx | HTTP Request: GET https://legacy.winningform.co.za/cover.htm "HTTP/1.1 200 OK"
2026-08-06 11:39:39,310 | INFO | app.scrapers.winning_form_scraper | race_links_total=41
2026-08-06 11:39:39,311 | INFO | app.scrapers.winning_form_scraper | meetings_seen=['ecp-f260807', 'gau-t260808', 'gau-v260806', 'kzn-d260807', 'kzn-s260809']
2026-08-06 11:39:39,444 | INFO | httpx | HTTP Request: GET https://legacy.winningform.co.za/GAU/2V260806_1.htm "HTTP/1.1 200 OK"
2026-08-06 11:39:39,503 | INFO | app.scrapers.winning_form_scraper | runner_table_used columns={'number': 0, 'name': 1, 'length_behind': 2, 'speed_index': 3, 'predicted_time': 4, 'merit': 5, 'weight': 6, 'draw': 7, 'jockey': 9, 'trainer': 10, 'previous_run': 12, 'time': 17} extracted=6 stated=6
2026-08-06 11:39:39,504 | INFO | app.scrapers.winning_form_scraper | race_parsed url=https://legacy.winningform.co.za/GAU/2V260806_1.htm venue=Vaal date=2026-08-06 race=1 stated=6 parsed=5
2026-08-06 11:39:39,504 | INFO | app.scrapers.winning_form_scraper | horse_names=['Battleground', 'Corrupt', 'Green Machine', 'Taxhaven', 'Bellerophon', 'Samuel Sharpe']
2026-08-06 11:39:39,676 | INFO | httpx | HTTP Request: GET https://legacy.winningform.co.za/GAU/2V260806_2.htm "HTTP/1.1 200 OK"
2026-08-06 11:39:39,737 | INFO | app.scrapers.winning_form_scraper | runner_table_used columns={'number': 0, 'name': 1, 'length_behind': 2, 'speed_index': 3, 'predicted_time': 4, 'merit': 5, 'weight': 6, 'draw': 7, 'jockey': 9, 'trainer': 10, 'previous_run': 12, 'time': 17} extracted=7 stated=7
2026-08-06 11:39:39,738 | INFO | app.scrapers.winning_form_scraper | race_parsed url=https://legacy.winningform.co.za/GAU/2V260806_2.htm venue=Vaal date=2026-08-06 race=2 stated=7 parsed=6
2026-08-06 11:39:39,738 | INFO | app.scrapers.winning_form_scraper | horse_names=['Jet Cat', 'Sergeant Soqrat', 'Bell Of Angelus', 'Oriental Bouquet', 'Phala Millions', 'Caladrius', 'Champagne Problems']
2026-08-06 11:39:39,900 | INFO | httpx | HTTP Request: GET https://legacy.winningform.co.za/GAU/2V260806_3.htm "HTTP/1.1 200 OK"
2026-08-06 11:39:39,954 | INFO | app.scrapers.winning_form_scraper | runner_table_used columns={'number': 0, 'name': 1, 'length_behind': 2, 'speed_index': 3, 'predicted_time': 4, 'merit': 5, 'weight': 6, 'draw': 7, 'jockey': 9, 'trainer': 10, 'previous_run': 12, 'time': 17} extracted=7 stated=7
2026-08-06 11:39:39,954 | INFO | app.scrapers.winning_form_scraper | race_parsed url=https://legacy.winningform.co.za/GAU/2V260806_3.htm venue=Vaal date=2026-08-06 race=3 stated=7 parsed=7
2026-08-06 11:39:39,954 | INFO | app.scrapers.winning_form_scraper | horse_names=['Wings Of Kildra', 'Ada Lovelace', 'Executrix', 'Magic Carpet Ride', 'Royal Horizon', 'Iconic Winter', 'Love Not War']
2026-08-06 11:39:40,121 | INFO | httpx | HTTP Request: GET https://legacy.winningform.co.za/GAU/2V260806_4.htm "HTTP/1.1 200 OK"
2026-08-06 11:39:40,231 | INFO | app.scrapers.winning_form_scraper | runner_table_used columns={'number': 0, 'name': 1, 'length_behind': 2, 'speed_index': 3, 'predicted_time': 4, 'merit': 5, 'weight': 6, 'draw': 7, 'jockey': 9, 'trainer': 10, 'previous_run': 12, 'time': 17} extracted=7 stated=7
2026-08-06 11:39:40,231 | INFO | app.scrapers.winning_form_scraper | race_parsed url=https://legacy.winningform.co.za/GAU/2V260806_4.htm venue=Vaal date=2026-08-06 race=4 stated=7 parsed=7
2026-08-06 11:39:40,231 | INFO | app.scrapers.winning_form_scraper | horse_names=['Winter Rainfall', 'Valieva', "She's All Mine", 'Jazz Pianist', 'Tempranillo', 'Versace Onthetrack', 'Slender Silhouette']
2026-08-06 11:39:40,393 | INFO | httpx | HTTP Request: GET https://legacy.winningform.co.za/GAU/2V260806_5.htm "HTTP/1.1 200 OK"
2026-08-06 11:39:40,456 | INFO | app.scrapers.winning_form_scraper | runner_table_used columns={'number': 0, 'name': 1, 'length_behind': 2, 'speed_index': 3, 'predicted_time': 4, 'merit': 5, 'weight': 6, 'draw': 7, 'jockey': 9, 'trainer': 10, 'previous_run': 12, 'time': 17} extracted=11 stated=11
2026-08-06 11:39:40,457 | INFO | app.scrapers.winning_form_scraper | race_parsed url=https://legacy.winningform.co.za/GAU/2V260806_5.htm venue=Vaal date=2026-08-06 race=5 stated=11 parsed=9
2026-08-06 11:39:40,457 | INFO | app.scrapers.winning_form_scraper | horse_names=['Wish You Were Here', 'Smoking Gun', 'A Roman Twist', "God's Country", 'Cool Gambler', "Ain't No Sunshine", 'Willow Charm', 'Levitator', 'Forever Canford', 'Lannyboy', 'Spirit Of The Sea']
2026-08-06 11:39:40,643 | INFO | httpx | HTTP Request: GET https://legacy.winningform.co.za/GAU/2V260806_6.htm "HTTP/1.1 200 OK"
2026-08-06 11:39:40,695 | INFO | app.scrapers.winning_form_scraper | runner_table_used columns={'number': 0, 'name': 1, 'length_behind': 2, 'speed_index': 3, 'predicted_time': 4, 'merit': 5, 'weight': 6, 'draw': 7, 'jockey': 9, 'trainer': 10, 'previous_run': 12, 'time': 17} extracted=8 stated=8
2026-08-06 11:39:40,696 | INFO | app.scrapers.winning_form_scraper | race_parsed url=https://legacy.winningform.co.za/GAU/2V260806_6.htm venue=Vaal date=2026-08-06 race=6 stated=8 parsed=7
2026-08-06 11:39:40,696 | INFO | app.scrapers.winning_form_scraper | horse_names=['Korcula', 'Epidaurus', 'Twelfth Of Never', 'Gus On The Bus', 'Comic Artist', 'Lanteri', 'Evening News', 'Forever Red']
2026-08-06 11:39:40,872 | INFO | httpx | HTTP Request: GET https://legacy.winningform.co.za/GAU/2V260806_7.htm "HTTP/1.1 200 OK"
2026-08-06 11:39:40,981 | INFO | app.scrapers.winning_form_scraper | runner_table_used columns={'number': 0, 'name': 1, 'length_behind': 2, 'speed_index': 3, 'predicted_time': 4, 'merit': 5, 'weight': 6, 'draw': 7, 'jockey': 9, 'trainer': 10, 'previous_run': 12, 'time': 17} extracted=13 stated=13
2026-08-06 11:39:40,981 | INFO | app.scrapers.winning_form_scraper | race_parsed url=https://legacy.winningform.co.za/GAU/2V260806_7.htm venue=Vaal date=2026-08-06 race=7 stated=13 parsed=13
2026-08-06 11:39:40,981 | INFO | app.scrapers.winning_form_scraper | horse_names=['Itsnowornever', 'Nuclear Force', 'Thoonsil', 'Party Punch', 'Hopscotch', 'Rosy Lemon', 'Cartagena', 'Arlington Action', 'Chabal', 'Repetition', 'Euphrates', 'Gold De Grace', 'Heroic Act']
2026-08-06 11:39:41,178 | INFO | httpx | HTTP Request: GET https://legacy.winningform.co.za/GAU/2V260806_8.htm "HTTP/1.1 200 OK"
2026-08-06 11:39:41,239 | INFO | app.scrapers.winning_form_scraper | runner_table_used columns={'number': 0, 'name': 1, 'length_behind': 2, 'speed_index': 3, 'predicted_time': 4, 'merit': 5, 'weight': 6, 'draw': 7, 'jockey': 9, 'trainer': 10, 'previous_run': 12, 'time': 17} extracted=10 stated=10
2026-08-06 11:39:41,239 | INFO | app.scrapers.winning_form_scraper | race_parsed url=https://legacy.winningform.co.za/GAU/2V260806_8.htm venue=Vaal date=2026-08-06 race=8 stated=10 parsed=8
2026-08-06 11:39:41,239 | INFO | app.scrapers.winning_form_scraper | horse_names=['Freestyle Dance', 'Wartrax Blaze', 'Elisa Mbali', 'One State', 'Campo Formio', 'Sword Of Light', 'Mega Awesome', 'Truro Legacy', 'Cuzzie', 'Noble Chiefdom']
2026-08-06 11:39:41,481 | INFO | httpx | HTTP Request: GET https://legacy.winningform.co.za/KZN/2D260807_1.htm "HTTP/1.1 200 OK"
2026-08-06 11:39:41,545 | INFO | app.scrapers.winning_form_scraper | runner_table_used columns={'number': 0, 'name': 1, 'length_behind': 2, 'speed_index': 3, 'predicted_time': 4, 'merit': 5, 'weight': 6, 'draw': 7, 'jockey': 9, 'trainer': 10, 'previous_run': 12, 'time': 17} extracted=14 stated=14
2026-08-06 11:39:41,545 | INFO | app.scrapers.winning_form_scraper | race_parsed url=https://legacy.winningform.co.za/KZN/2D260807_1.htm venue=Hollywoodbets Greyville date=2026-08-07 race=1 stated=14 parsed=14
2026-08-06 11:39:41,545 | INFO | app.scrapers.winning_form_scraper | horse_names=['Owner Of Creation', 'Skipper Zip', 'Yeah Baby', 'Simonis', "Hadrian's Wall", 'Golden Diadem', 'Prince Of Rabada', 'Goldsmith', 'Peace Sign', 'Thurloe Place', 'Cuba Libre', 'Flight Twenty One', 'Catch That Kid', 'Big Dipper']
2026-08-06 11:39:41,722 | INFO | httpx | HTTP Request: GET https://legacy.winningform.co.za/KZN/2D260807_2.htm "HTTP/1.1 200 OK"
2026-08-06 11:39:41,757 | INFO | app.scrapers.winning_form_scraper | runner_table_used columns={'number': 0, 'name': 1, 'length_behind': 2, 'speed_index': 3, 'predicted_time': 4, 'merit': 5, 'weight': 6, 'draw': 7, 'jockey': 9, 'trainer': 10, 'previous_run': 12, 'time': 17} extracted=8 stated=8
2026-08-06 11:39:41,757 | INFO | app.scrapers.winning_form_scraper | race_parsed url=https://legacy.winningform.co.za/KZN/2D260807_2.htm venue=Hollywoodbets Greyville date=2026-08-07 race=2 stated=8 parsed=8
2026-08-06 11:39:41,758 | INFO | app.scrapers.winning_form_scraper | horse_names=['Hazel Green', 'Tears Of The Sun', 'Queen Of Denmark', 'America First', 'Eastern Glow', "Loreley's Rock", 'Lagertha The Queen', 'Periwinkle']
2026-08-06 11:39:41,928 | INFO | httpx | HTTP Request: GET https://legacy.winningform.co.za/KZN/2D260807_3.htm "HTTP/1.1 200 OK"
2026-08-06 11:39:42,009 | INFO | app.scrapers.winning_form_scraper | runner_table_used columns={'number': 0, 'name': 1, 'length_behind': 2, 'speed_index': 3, 'predicted_time': 4, 'merit': 5, 'weight': 6, 'draw': 7, 'jockey': 9, 'trainer': 10, 'previous_run': 12, 'time': 17} extracted=7 stated=7
2026-08-06 11:39:42,010 | INFO | app.scrapers.winning_form_scraper | race_parsed url=https://legacy.winningform.co.za/KZN/2D260807_3.htm venue=Hollywoodbets Greyville date=2026-08-07 race=3 stated=7 parsed=7
2026-08-06 11:39:42,010 | INFO | app.scrapers.winning_form_scraper | horse_names=['Crimson Typhoon', 'Fire Force', 'Augrabies', 'Captive Prince', 'Lacryma Christi', 'Noctambulist', 'Chaos Queen']
2026-08-06 11:39:42,181 | INFO | httpx | HTTP Request: GET https://legacy.winningform.co.za/KZN/2D260807_4.htm "HTTP/1.1 200 OK"
2026-08-06 11:39:42,269 | INFO | app.scrapers.winning_form_scraper | runner_table_used columns={'number': 0, 'name': 1, 'length_behind': 2, 'speed_index': 3, 'predicted_time': 4, 'merit': 5, 'weight': 6, 'draw': 7, 'jockey': 9, 'trainer': 10, 'previous_run': 12, 'time': 17} extracted=13 stated=13
2026-08-06 11:39:42,269 | INFO | app.scrapers.winning_form_scraper | race_parsed url=https://legacy.winningform.co.za/KZN/2D260807_4.htm venue=Hollywoodbets Greyville date=2026-08-07 race=4 stated=13 parsed=13
2026-08-06 11:39:42,270 | INFO | app.scrapers.winning_form_scraper | horse_names=['Tunguska', 'High Queue', 'Zena Rose', 'The Mikado', 'Shiny Bob', 'No Pressure', 'Heavenly Mafia', 'Fast And Free', 'Day Two', 'Christmas Cactus', 'National Dream', 'Status', 'Reign On Impact']
2026-08-06 11:39:42,462 | INFO | httpx | HTTP Request: GET https://legacy.winningform.co.za/KZN/2D260807_5.htm "HTTP/1.1 200 OK"
2026-08-06 11:39:42,528 | INFO | app.scrapers.winning_form_scraper | runner_table_used columns={'number': 0, 'name': 1, 'length_behind': 2, 'speed_index': 3, 'predicted_time': 4, 'merit': 5, 'weight': 6, 'draw': 7, 'jockey': 9, 'trainer': 10, 'previous_run': 12, 'time': 17} extracted=9 stated=9
2026-08-06 11:39:42,529 | INFO | app.scrapers.winning_form_scraper | race_parsed url=https://legacy.winningform.co.za/KZN/2D260807_5.htm venue=Hollywoodbets Greyville date=2026-08-07 race=5 stated=9 parsed=9
2026-08-06 11:39:42,529 | INFO | app.scrapers.winning_form_scraper | horse_names=['Position Of Power', 'Thisiswhatitmeans', 'Teflon Man', 'Future Variety', 'Soho Star', 'Imposing', 'King Of The Gauls', 'Good Traveller', 'Narina Trogon']
2026-08-06 11:39:42,706 | INFO | httpx | HTTP Request: GET https://legacy.winningform.co.za/KZN/2D260807_6.htm "HTTP/1.1 200 OK"
2026-08-06 11:39:42,786 | INFO | app.scrapers.winning_form_scraper | runner_table_used columns={'number': 0, 'name': 1, 'length_behind': 2, 'speed_index': 3, 'predicted_time': 4, 'merit': 5, 'weight': 6, 'draw': 7, 'jockey': 9, 'trainer': 10, 'previous_run': 12, 'time': 17} extracted=11 stated=11
2026-08-06 11:39:42,787 | INFO | app.scrapers.winning_form_scraper | race_parsed url=https://legacy.winningform.co.za/KZN/2D260807_6.htm venue=Hollywoodbets Greyville date=2026-08-07 race=6 stated=11 parsed=11
2026-08-06 11:39:42,787 | INFO | app.scrapers.winning_form_scraper | horse_names=['Warrior Royale', 'Swiatek', "That's My Baby", 'Happy Fortune', 'Miss Twinkle', 'Sonic Jet', 'Gorgeous Girl', 'Warning Sound', 'Red Taffety', 'Drumnadrochit', 'Forward Motion']
2026-08-06 11:39:43,050 | INFO | httpx | HTTP Request: GET https://legacy.winningform.co.za/KZN/2D260807_7.htm "HTTP/1.1 200 OK"
2026-08-06 11:39:43,134 | INFO | app.scrapers.winning_form_scraper | runner_table_used columns={'number': 0, 'name': 1, 'length_behind': 2, 'speed_index': 3, 'predicted_time': 4, 'merit': 5, 'weight': 6, 'draw': 7, 'jockey': 9, 'trainer': 10, 'previous_run': 12, 'time': 17} extracted=10 stated=10
2026-08-06 11:39:43,134 | INFO | app.scrapers.winning_form_scraper | race_parsed url=https://legacy.winningform.co.za/KZN/2D260807_7.htm venue=Hollywoodbets Greyville date=2026-08-07 race=7 stated=10 parsed=10
2026-08-06 11:39:43,134 | INFO | app.scrapers.winning_form_scraper | horse_names=['Maphaka', 'Future Flo', 'Miss World', 'Ubukhwebezana', 'Street Outlaw', 'City Of Love', 'What A Fortune', 'African Skyline', 'Cowdray Park', 'Johnny Appleseed']
2026-08-06 11:39:43,344 | INFO | httpx | HTTP Request: GET https://legacy.winningform.co.za/KZN/2D260807_8.htm "HTTP/1.1 200 OK"
2026-08-06 11:39:43,482 | INFO | app.scrapers.winning_form_scraper | runner_table_used columns={'number': 0, 'name': 1, 'length_behind': 2, 'speed_index': 3, 'predicted_time': 4, 'merit': 5, 'weight': 6, 'draw': 7, 'jockey': 9, 'trainer': 10, 'previous_run': 12, 'time': 17} extracted=11 stated=11
2026-08-06 11:39:43,483 | INFO | app.scrapers.winning_form_scraper | race_parsed url=https://legacy.winningform.co.za/KZN/2D260807_8.htm venue=Hollywoodbets Greyville date=2026-08-07 race=8 stated=11 parsed=11
2026-08-06 11:39:43,483 | INFO | app.scrapers.winning_form_scraper | horse_names=['Next Of Kin', 'Mvelelo', "Tam's Knight", 'Mar Del Plata', 'Tobacconist', 'Blue Steel', 'Phutulicious', 'War Emperor', 'My Boy Lollipop', 'Steamy Windows', 'Zagreb']
2026-08-06 11:39:43,663 | INFO | httpx | HTTP Request: GET https://legacy.winningform.co.za/ECP/2F260807_1.htm "HTTP/1.1 200 OK"
2026-08-06 11:39:43,735 | INFO | app.scrapers.winning_form_scraper | runner_table_used columns={'number': 0, 'name': 1, 'length_behind': 2, 'speed_index': 3, 'predicted_time': 4, 'merit': 5, 'weight': 6, 'draw': 7, 'jockey': 9, 'trainer': 10, 'previous_run': 12, 'time': 17} extracted=10 stated=10
2026-08-06 11:39:43,735 | INFO | app.scrapers.winning_form_scraper | race_parsed url=https://legacy.winningform.co.za/ECP/2F260807_1.htm venue=Fairview date=2026-08-07 race=1 stated=10 parsed=10
2026-08-06 11:39:43,736 | INFO | app.scrapers.winning_form_scraper | horse_names=['Good Shine', 'Green Point', 'Crimson Clover', 'Takemetothemoon', 'Norse Warrior', 'Stone Of Scone', 'J Lordi', 'Blue Dame', 'Storm Burst', 'Golden Fifties']
2026-08-06 11:39:43,909 | INFO | httpx | HTTP Request: GET https://legacy.winningform.co.za/ECP/2F260807_2.htm "HTTP/1.1 200 OK"
2026-08-06 11:39:43,972 | INFO | app.scrapers.winning_form_scraper | runner_table_used columns={'number': 0, 'name': 1, 'length_behind': 2, 'speed_index': 3, 'predicted_time': 4, 'merit': 5, 'weight': 6, 'draw': 7, 'jockey': 9, 'trainer': 10, 'previous_run': 12, 'time': 17} extracted=10 stated=10
2026-08-06 11:39:43,973 | INFO | app.scrapers.winning_form_scraper | race_parsed url=https://legacy.winningform.co.za/ECP/2F260807_2.htm venue=Fairview date=2026-08-07 race=2 stated=10 parsed=10
2026-08-06 11:39:43,973 | INFO | app.scrapers.winning_form_scraper | horse_names=['Touch The Sword', 'Caughtubysurprise', 'Fonte', 'Kim Kay', 'Jewel Mule', 'Redlight Lane', 'Harpa', 'World Of Diamonds', 'Without Hesitation', 'Gallic Greeting']
2026-08-06 11:39:44,143 | INFO | httpx | HTTP Request: GET https://legacy.winningform.co.za/ECP/2F260807_3.htm "HTTP/1.1 200 OK"
2026-08-06 11:39:44,354 | INFO | app.scrapers.winning_form_scraper | runner_table_used columns={'number': 0, 'name': 1, 'length_behind': 2, 'speed_index': 3, 'predicted_time': 4, 'merit': 5, 'weight': 6, 'draw': 7, 'jockey': 9, 'trainer': 10, 'previous_run': 12, 'time': 17} extracted=9 stated=9
2026-08-06 11:39:44,354 | INFO | app.scrapers.winning_form_scraper | race_parsed url=https://legacy.winningform.co.za/ECP/2F260807_3.htm venue=Fairview date=2026-08-07 race=3 stated=9 parsed=9
2026-08-06 11:39:44,355 | INFO | app.scrapers.winning_form_scraper | horse_names=['Frequent Traveller', 'Secret Eruption', 'Witching Hour', 'Lady Limoncello', 'Lady Of Fate', 'Blue Crystal', 'Island Jewel', 'Burning Desire', 'Total Eruption']
2026-08-06 11:39:44,524 | INFO | httpx | HTTP Request: GET https://legacy.winningform.co.za/ECP/2F260807_4.htm "HTTP/1.1 200 OK"
2026-08-06 11:39:44,582 | INFO | app.scrapers.winning_form_scraper | runner_table_used columns={'number': 0, 'name': 1, 'length_behind': 2, 'speed_index': 3, 'predicted_time': 4, 'merit': 5, 'weight': 6, 'draw': 7, 'jockey': 9, 'trainer': 10, 'previous_run': 12, 'time': 17} extracted=9 stated=9
2026-08-06 11:39:44,583 | INFO | app.scrapers.winning_form_scraper | race_parsed url=https://legacy.winningform.co.za/ECP/2F260807_4.htm venue=Fairview date=2026-08-07 race=4 stated=9 parsed=9
2026-08-06 11:39:44,583 | INFO | app.scrapers.winning_form_scraper | horse_names=['Home Reef', 'Makhachev', 'Anatolian Silver', 'Global Ally', 'Richardthefearless', 'Wild Fig', 'Hollandia Bakkerij', 'Flight Display', 'Johnny Drama']
2026-08-06 11:39:44,744 | INFO | httpx | HTTP Request: GET https://legacy.winningform.co.za/ECP/2F260807_5.htm "HTTP/1.1 200 OK"
2026-08-06 11:39:44,820 | INFO | app.scrapers.winning_form_scraper | runner_table_used columns={'number': 0, 'name': 1, 'length_behind': 2, 'speed_index': 3, 'predicted_time': 4, 'merit': 5, 'weight': 6, 'draw': 7, 'jockey': 9, 'trainer': 10, 'previous_run': 12, 'time': 17} extracted=10 stated=10
2026-08-06 11:39:44,820 | INFO | app.scrapers.winning_form_scraper | race_parsed url=https://legacy.winningform.co.za/ECP/2F260807_5.htm venue=Fairview date=2026-08-07 race=5 stated=10 parsed=10
2026-08-06 11:39:44,820 | INFO | app.scrapers.winning_form_scraper | horse_names=['King Viserys', 'Cheerful Charlie B', 'Green Planet', 'Pedro', 'Lucky Chance', 'Givethatmanabells', 'Umami', 'Star Of Elena', 'Celtic Rush', 'Nautical Landing']
2026-08-06 11:39:45,058 | INFO | httpx | HTTP Request: GET https://legacy.winningform.co.za/ECP/2F260807_6.htm "HTTP/1.1 200 OK"
2026-08-06 11:39:45,186 | INFO | app.scrapers.winning_form_scraper | runner_table_used columns={'number': 0, 'name': 1, 'length_behind': 2, 'speed_index': 3, 'predicted_time': 4, 'merit': 5, 'weight': 6, 'draw': 7, 'jockey': 9, 'trainer': 10, 'previous_run': 12, 'time': 17} extracted=11 stated=11
2026-08-06 11:39:45,187 | INFO | app.scrapers.winning_form_scraper | race_parsed url=https://legacy.winningform.co.za/ECP/2F260807_6.htm venue=Fairview date=2026-08-07 race=6 stated=11 parsed=11
2026-08-06 11:39:45,187 | INFO | app.scrapers.winning_form_scraper | horse_names=['Basingstoke', 'Icy Lancaster', 'Japanese Garden', 'Midnight Music', 'Kilmonivaig', 'Queen Of Jazz', 'Power Of Tiger', 'Daffodil Delight', 'Timeline', 'Gutsy Baby', 'Princess Of Ajiaal']
2026-08-06 11:39:45,400 | INFO | httpx | HTTP Request: GET https://legacy.winningform.co.za/ECP/2F260807_7.htm "HTTP/1.1 200 OK"
2026-08-06 11:39:45,476 | INFO | app.scrapers.winning_form_scraper | runner_table_used columns={'number': 0, 'name': 1, 'length_behind': 2, 'speed_index': 3, 'predicted_time': 4, 'merit': 5, 'weight': 6, 'draw': 7, 'jockey': 9, 'trainer': 10, 'previous_run': 12, 'time': 17} extracted=10 stated=10
2026-08-06 11:39:45,477 | INFO | app.scrapers.winning_form_scraper | race_parsed url=https://legacy.winningform.co.za/ECP/2F260807_7.htm venue=Fairview date=2026-08-07 race=7 stated=10 parsed=10
2026-08-06 11:39:45,477 | INFO | app.scrapers.winning_form_scraper | horse_names=['Coastal Path', 'Stars In Heaven', 'Forest Spy', 'Masked Vigilante', 'Champonelle', 'Stokesy', 'Aquarius', 'Overture', 'Surge Of Power', 'Astronomical Boy']
2026-08-06 11:39:45,754 | INFO | httpx | HTTP Request: GET https://legacy.winningform.co.za/ECP/2F260807_8.htm "HTTP/1.1 200 OK"
2026-08-06 11:39:45,868 | INFO | app.scrapers.winning_form_scraper | runner_table_used columns={'number': 0, 'name': 1, 'length_behind': 2, 'speed_index': 3, 'predicted_time': 4, 'merit': 5, 'weight': 6, 'draw': 7, 'jockey': 9, 'trainer': 10, 'previous_run': 12, 'time': 17} extracted=11 stated=11
2026-08-06 11:39:45,868 | INFO | app.scrapers.winning_form_scraper | race_parsed url=https://legacy.winningform.co.za/ECP/2F260807_8.htm venue=Fairview date=2026-08-07 race=8 stated=11 parsed=11
2026-08-06 11:39:45,868 | INFO | app.scrapers.winning_form_scraper | horse_names=['Captain Clever', 'Free World', 'Cape Capri', 'Chief Runner', 'Piton De Neige', 'Wordsworth', 'In The Bag', 'Bumps Last Grind', 'King Rahul', 'Waltzing Doll', 'Truly Magical']
2026-08-06 11:39:46,035 | INFO | httpx | HTTP Request: GET https://legacy.winningform.co.za/GAU/2T260808_1.htm "HTTP/1.1 200 OK"
2026-08-06 11:39:46,092 | INFO | app.scrapers.winning_form_scraper | runner_table_used columns={'number': 0, 'name': 1, 'length_behind': 2, 'speed_index': 3, 'predicted_time': 4, 'merit': 5, 'weight': 6, 'draw': 7, 'jockey': 9, 'trainer': 10, 'previous_run': 12, 'time': 17} extracted=10 stated=10
2026-08-06 11:39:46,093 | INFO | app.scrapers.winning_form_scraper | race_parsed url=https://legacy.winningform.co.za/GAU/2T260808_1.htm venue=Turffontein date=2026-08-08 race=1 stated=10 parsed=10
2026-08-06 11:39:46,093 | INFO | app.scrapers.winning_form_scraper | horse_names=['Midnight Special', 'Platinum Shay', 'Elegant Edge', 'Surreal Song', "Meghan's Diamond", "Master's Lady", 'Charleston Dawn', 'Lazer Light', 'Moonface', 'Jessica Rabbit']
2026-08-06 11:39:46,245 | INFO | httpx | HTTP Request: GET https://legacy.winningform.co.za/GAU/2T260808_2.htm "HTTP/1.1 200 OK"
2026-08-06 11:39:46,294 | INFO | app.scrapers.winning_form_scraper | runner_table_used columns={'number': 0, 'name': 1, 'length_behind': 2, 'speed_index': 3, 'predicted_time': 4, 'merit': 5, 'weight': 6, 'draw': 7, 'jockey': 9, 'trainer': 10, 'previous_run': 12, 'time': 17} extracted=7 stated=7
2026-08-06 11:39:46,295 | INFO | app.scrapers.winning_form_scraper | race_parsed url=https://legacy.winningform.co.za/GAU/2T260808_2.htm venue=Turffontein date=2026-08-08 race=2 stated=7 parsed=7
2026-08-06 11:39:46,295 | INFO | app.scrapers.winning_form_scraper | horse_names=['Shining Sun', 'Royale Jacket', 'Be The One', 'Seventh Fleet', 'Moethemoneyman', 'From The Get Go', 'Mirum']
2026-08-06 11:39:46,484 | INFO | httpx | HTTP Request: GET https://legacy.winningform.co.za/GAU/2T260808_3.htm "HTTP/1.1 200 OK"
2026-08-06 11:39:46,547 | INFO | app.scrapers.winning_form_scraper | runner_table_used columns={'number': 0, 'name': 1, 'length_behind': 2, 'speed_index': 3, 'predicted_time': 4, 'merit': 5, 'weight': 6, 'draw': 7, 'jockey': 9, 'trainer': 10, 'previous_run': 12, 'time': 17} extracted=7 stated=7
2026-08-06 11:39:46,548 | INFO | app.scrapers.winning_form_scraper | race_parsed url=https://legacy.winningform.co.za/GAU/2T260808_3.htm venue=Turffontein date=2026-08-08 race=3 stated=7 parsed=7
2026-08-06 11:39:46,548 | INFO | app.scrapers.winning_form_scraper | horse_names=["Destiny's Dream", 'Empress Of Peace', 'Be All You Can Be', "Nicci's Law", 'Hot Choice', 'Nicolson Landing', 'Future Red']
2026-08-06 11:39:46,721 | INFO | httpx | HTTP Request: GET https://legacy.winningform.co.za/GAU/2T260808_4.htm "HTTP/1.1 200 OK"
2026-08-06 11:39:46,808 | INFO | app.scrapers.winning_form_scraper | runner_table_used columns={'number': 0, 'name': 1, 'length_behind': 2, 'speed_index': 3, 'predicted_time': 4, 'merit': 5, 'weight': 6, 'draw': 7, 'jockey': 9, 'trainer': 10, 'previous_run': 12, 'time': 17} extracted=7 stated=7
2026-08-06 11:39:46,809 | INFO | app.scrapers.winning_form_scraper | race_parsed url=https://legacy.winningform.co.za/GAU/2T260808_4.htm venue=Turffontein date=2026-08-08 race=4 stated=7 parsed=7
2026-08-06 11:39:46,809 | INFO | app.scrapers.winning_form_scraper | horse_names=["Fire 'n Flames", 'Palace Prince', 'Hotarubi', "King's Express", 'The Equator', 'Royal Invitation', 'Hawkbill']
2026-08-06 11:39:47,011 | INFO | httpx | HTTP Request: GET https://legacy.winningform.co.za/GAU/2T260808_5.htm "HTTP/1.1 200 OK"
2026-08-06 11:39:47,142 | INFO | app.scrapers.winning_form_scraper | runner_table_used columns={'number': 0, 'name': 1, 'length_behind': 2, 'speed_index': 3, 'predicted_time': 4, 'merit': 5, 'weight': 6, 'draw': 7, 'jockey': 9, 'trainer': 10, 'previous_run': 12, 'time': 17} extracted=11 stated=11
2026-08-06 11:39:47,143 | INFO | app.scrapers.winning_form_scraper | race_parsed url=https://legacy.winningform.co.za/GAU/2T260808_5.htm venue=Turffontein date=2026-08-08 race=5 stated=11 parsed=11
2026-08-06 11:39:47,143 | INFO | app.scrapers.winning_form_scraper | horse_names=['Max The Magician', 'Vibe Sa', 'Espinoza', 'Antonio Gaudi', 'Blizzard Snow', 'African Prince', "Dante's Bond", 'Richard The First', 'Titan Of The Turf', 'Famous Lady', 'Kudikaran']
2026-08-06 11:39:47,470 | INFO | httpx | HTTP Request: GET https://legacy.winningform.co.za/GAU/2T260808_6.htm "HTTP/1.1 200 OK"
2026-08-06 11:39:47,532 | INFO | app.scrapers.winning_form_scraper | runner_table_used columns={'number': 0, 'name': 1, 'length_behind': 2, 'speed_index': 3, 'predicted_time': 4, 'merit': 5, 'weight': 6, 'draw': 7, 'jockey': 9, 'trainer': 10, 'previous_run': 12, 'time': 17} extracted=8 stated=8
2026-08-06 11:39:47,532 | INFO | app.scrapers.winning_form_scraper | race_parsed url=https://legacy.winningform.co.za/GAU/2T260808_6.htm venue=Turffontein date=2026-08-08 race=6 stated=8 parsed=8
2026-08-06 11:39:47,533 | INFO | app.scrapers.winning_form_scraper | horse_names=['Eight Hats', 'Kortvandraad', 'Pretty Analia', 'Concordia', 'Secret Life', 'Mattiazo', "Master's Rose", 'Way To Burn']
2026-08-06 11:39:47,715 | INFO | httpx | HTTP Request: GET https://legacy.winningform.co.za/GAU/2T260808_7.htm "HTTP/1.1 200 OK"
2026-08-06 11:39:47,788 | INFO | app.scrapers.winning_form_scraper | runner_table_used columns={'number': 0, 'name': 1, 'length_behind': 2, 'speed_index': 3, 'predicted_time': 4, 'merit': 5, 'weight': 6, 'draw': 7, 'jockey': 9, 'trainer': 10, 'previous_run': 12, 'time': 17} extracted=9 stated=9
2026-08-06 11:39:47,789 | INFO | app.scrapers.winning_form_scraper | race_parsed url=https://legacy.winningform.co.za/GAU/2T260808_7.htm venue=Turffontein date=2026-08-08 race=7 stated=9 parsed=9
2026-08-06 11:39:47,789 | INFO | app.scrapers.winning_form_scraper | horse_names=['Gran Canaria', 'Olympian Gold', 'The Africa House', 'Ariovistus', 'Master Christmas', 'Trombolines', 'Oklahoma Smokeshow', 'Birthright', 'Texas Missile']
2026-08-06 11:39:47,973 | INFO | httpx | HTTP Request: GET https://legacy.winningform.co.za/GAU/2T260808_8.htm "HTTP/1.1 200 OK"
2026-08-06 11:39:48,049 | INFO | app.scrapers.winning_form_scraper | runner_table_used columns={'number': 0, 'name': 1, 'length_behind': 2, 'speed_index': 3, 'predicted_time': 4, 'merit': 5, 'weight': 6, 'draw': 7, 'jockey': 9, 'trainer': 10, 'previous_run': 12, 'time': 17} extracted=10 stated=10
2026-08-06 11:39:48,050 | INFO | app.scrapers.winning_form_scraper | race_parsed url=https://legacy.winningform.co.za/GAU/2T260808_8.htm venue=Turffontein date=2026-08-08 race=8 stated=10 parsed=10
2026-08-06 11:39:48,050 | INFO | app.scrapers.winning_form_scraper | horse_names=['American Beauty', 'Boom Boom', 'Sikeloi', 'Into Dancing', 'Pearl In Her Crown', 'Merryweather', 'Fire In Her Soul', 'Glamorous Lady', 'Hoc Est Vita', 'Lava Lamp']
2026-08-06 11:39:48,223 | INFO | httpx | HTTP Request: GET https://legacy.winningform.co.za/GAU/2T260808_9.htm "HTTP/1.1 200 OK"
2026-08-06 11:39:48,299 | INFO | app.scrapers.winning_form_scraper | runner_table_used columns={'number': 0, 'name': 1, 'length_behind': 2, 'speed_index': 3, 'predicted_time': 4, 'merit': 5, 'weight': 6, 'draw': 7, 'jockey': 9, 'trainer': 10, 'previous_run': 12, 'time': 17} extracted=8 stated=8
2026-08-06 11:39:48,299 | INFO | app.scrapers.winning_form_scraper | race_parsed url=https://legacy.winningform.co.za/GAU/2T260808_9.htm venue=Turffontein date=2026-08-08 race=9 stated=8 parsed=8
2026-08-06 11:39:48,300 | INFO | app.scrapers.winning_form_scraper | horse_names=['Zip Code', 'Bay Empire', "Can't Catch Me", 'Six Of All', 'Michael Faraday', 'Dondoyaki', 'Spy Story', 'Sail The Sky']
2026-08-06 11:39:48,458 | INFO | httpx | HTTP Request: GET https://legacy.winningform.co.za/KZN/2S260809_1.htm "HTTP/1.1 200 OK"
2026-08-06 11:39:48,499 | INFO | app.scrapers.winning_form_scraper | runner_table_used columns={'number': 0, 'name': 1, 'length_behind': 2, 'speed_index': 3, 'predicted_time': 4, 'merit': 5, 'weight': 6, 'draw': 7, 'jockey': 9, 'trainer': 10, 'previous_run': 12, 'time': 17} extracted=9 stated=9
2026-08-06 11:39:48,500 | INFO | app.scrapers.winning_form_scraper | race_parsed url=https://legacy.winningform.co.za/KZN/2S260809_1.htm venue=Hollywoodbets Scottsville Outer date=2026-08-09 race=1 stated=9 parsed=9
2026-08-06 11:39:48,500 | INFO | app.scrapers.winning_form_scraper | horse_names=['Tipperary', "Scott's Bar", 'Theodore Rooseveld', 'Praetorian Guard', 'Joy N Hope', 'Bicameral', 'Elusive Diamond', 'Maggiano', 'Grand Tour']
2026-08-06 11:39:48,650 | INFO | httpx | HTTP Request: GET https://legacy.winningform.co.za/KZN/2S260809_2.htm "HTTP/1.1 200 OK"
2026-08-06 11:39:48,700 | INFO | app.scrapers.winning_form_scraper | runner_table_used columns={'number': 0, 'name': 1, 'length_behind': 2, 'speed_index': 3, 'predicted_time': 4, 'merit': 5, 'weight': 6, 'draw': 7, 'jockey': 9, 'trainer': 10, 'previous_run': 12, 'time': 17} extracted=9 stated=9
2026-08-06 11:39:48,701 | INFO | app.scrapers.winning_form_scraper | race_parsed url=https://legacy.winningform.co.za/KZN/2S260809_2.htm venue=Hollywoodbets Scottsville Outer date=2026-08-09 race=2 stated=9 parsed=9
2026-08-06 11:39:48,701 | INFO | app.scrapers.winning_form_scraper | horse_names=["Rocco's Peace", 'Xiphos', 'Snow Warrior', 'Majestic Limpopo', 'Sebastiaan', 'Diaval', 'Gimme The Sun', 'Hello Handsome', 'Bello Gallico']
2026-08-06 11:39:48,869 | INFO | httpx | HTTP Request: GET https://legacy.winningform.co.za/KZN/2S260809_3.htm "HTTP/1.1 200 OK"
2026-08-06 11:39:49,080 | INFO | app.scrapers.winning_form_scraper | runner_table_used columns={'number': 0, 'name': 1, 'length_behind': 2, 'speed_index': 3, 'predicted_time': 4, 'merit': 5, 'weight': 6, 'draw': 7, 'jockey': 9, 'trainer': 10, 'previous_run': 12, 'time': 17} extracted=7 stated=7
2026-08-06 11:39:49,080 | INFO | app.scrapers.winning_form_scraper | race_parsed url=https://legacy.winningform.co.za/KZN/2S260809_3.htm venue=Hollywoodbets Scottsville Inner date=2026-08-09 race=3 stated=7 parsed=7
2026-08-06 11:39:49,081 | INFO | app.scrapers.winning_form_scraper | horse_names=['Vaans Spirit', 'Hop Hop Spinnekop', 'Gold Gold Baby', 'Heavenly Mafia', "Taylor's Version", 'Praise De La Rey', 'Princess Trippi']
2026-08-06 11:39:49,237 | INFO | httpx | HTTP Request: GET https://legacy.winningform.co.za/KZN/2S260809_4.htm "HTTP/1.1 200 OK"
2026-08-06 11:39:49,281 | INFO | app.scrapers.winning_form_scraper | runner_table_used columns={'number': 0, 'name': 1, 'length_behind': 2, 'speed_index': 3, 'predicted_time': 4, 'merit': 5, 'weight': 6, 'draw': 7, 'jockey': 9, 'trainer': 10, 'previous_run': 12, 'time': 17} extracted=8 stated=8
2026-08-06 11:39:49,281 | INFO | app.scrapers.winning_form_scraper | race_parsed url=https://legacy.winningform.co.za/KZN/2S260809_4.htm venue=Hollywoodbets Scottsville Inner date=2026-08-09 race=4 stated=8 parsed=8
2026-08-06 11:39:49,281 | INFO | app.scrapers.winning_form_scraper | horse_names=['Deonarie', 'Runthruthejungle', 'Judiciary', 'Dreadnought', 'Old Harry Rocks', 'Chakalaka', 'All About Me', 'Preux Chavalier']
2026-08-06 11:39:49,461 | INFO | httpx | HTTP Request: GET https://legacy.winningform.co.za/KZN/2S260809_5.htm "HTTP/1.1 200 OK"
2026-08-06 11:39:49,531 | INFO | app.scrapers.winning_form_scraper | runner_table_used columns={'number': 0, 'name': 1, 'length_behind': 2, 'speed_index': 3, 'predicted_time': 4, 'merit': 5, 'weight': 6, 'draw': 7, 'jockey': 9, 'trainer': 10, 'previous_run': 12, 'time': 17} extracted=8 stated=8
2026-08-06 11:39:49,532 | INFO | app.scrapers.winning_form_scraper | race_parsed url=https://legacy.winningform.co.za/KZN/2S260809_5.htm venue=Hollywoodbets Scottsville Inner date=2026-08-09 race=5 stated=8 parsed=8
2026-08-06 11:39:49,532 | INFO | app.scrapers.winning_form_scraper | horse_names=['Parisian Walkway', 'Powerandtheglory', 'Captain West', 'Cardinal Chief', 'Bruh', 'Bangladesh', 'Heal And Soul', 'Mr Fixit']
2026-08-06 11:39:49,739 | INFO | httpx | HTTP Request: GET https://legacy.winningform.co.za/KZN/2S260809_6.htm "HTTP/1.1 200 OK"
2026-08-06 11:39:49,808 | INFO | app.scrapers.winning_form_scraper | runner_table_used columns={'number': 0, 'name': 1, 'length_behind': 2, 'speed_index': 3, 'predicted_time': 4, 'merit': 5, 'weight': 6, 'draw': 7, 'jockey': 9, 'trainer': 10, 'previous_run': 12, 'time': 17} extracted=11 stated=11
2026-08-06 11:39:49,808 | INFO | app.scrapers.winning_form_scraper | race_parsed url=https://legacy.winningform.co.za/KZN/2S260809_6.htm venue=Hollywoodbets Scottsville Inner date=2026-08-09 race=6 stated=11 parsed=11
2026-08-06 11:39:49,808 | INFO | app.scrapers.winning_form_scraper | horse_names=['Run To Rio', 'Jazz Festival', 'Mister Nibbles', 'Radu', 'Power Star', 'Galaxy Explorer', "Kimball O'hara", 'Twilight Warrior', 'I Am Classy', 'Irish Anthem', 'Twocantango']
2026-08-06 11:39:50,004 | INFO | httpx | HTTP Request: GET https://legacy.winningform.co.za/KZN/2S260809_7.htm "HTTP/1.1 200 OK"
2026-08-06 11:39:50,075 | INFO | app.scrapers.winning_form_scraper | runner_table_used columns={'number': 0, 'name': 1, 'length_behind': 2, 'speed_index': 3, 'predicted_time': 4, 'merit': 5, 'weight': 6, 'draw': 7, 'jockey': 9, 'trainer': 10, 'previous_run': 12, 'time': 17} extracted=7 stated=7
2026-08-06 11:39:50,075 | INFO | app.scrapers.winning_form_scraper | race_parsed url=https://legacy.winningform.co.za/KZN/2S260809_7.htm venue=Hollywoodbets Scottsville Inner date=2026-08-09 race=7 stated=7 parsed=7
2026-08-06 11:39:50,076 | INFO | app.scrapers.winning_form_scraper | horse_names=['Scarlet Macaw', 'La Landonne', 'Miss Ladyaterix', 'Perilla', 'Limitless Sky', 'Lilac In Winter', 'Hierkommiebokkie']
2026-08-06 11:39:50,259 | INFO | httpx | HTTP Request: GET https://legacy.winningform.co.za/KZN/2S260809_8.htm "HTTP/1.1 200 OK"
2026-08-06 11:39:50,346 | INFO | app.scrapers.winning_form_scraper | runner_table_used columns={'number': 0, 'name': 1, 'length_behind': 2, 'speed_index': 3, 'predicted_time': 4, 'merit': 5, 'weight': 6, 'draw': 7, 'jockey': 9, 'trainer': 10, 'previous_run': 12, 'time': 17} extracted=12 stated=12
2026-08-06 11:39:50,346 | INFO | app.scrapers.winning_form_scraper | race_parsed url=https://legacy.winningform.co.za/KZN/2S260809_8.htm venue=Hollywoodbets Scottsville Outer date=2026-08-09 race=8 stated=12 parsed=12
2026-08-06 11:39:50,346 | INFO | app.scrapers.winning_form_scraper | horse_names=['Clair De Lune', 'Ruby Rising', 'Scarlet Starlet', 'Call Me Jane', 'Fascination', 'Arverni Princess', 'Captain Ventura', 'Vision To Achieve', 'Emerald Forge', 'Royal Crest', 'Durban Diamond', 'Grue Of Ice']
2026-08-06 11:39:50,408 | INFO | app.services.monitoring_service | monitoring_cycle_completed
2026-08-06 11:39:50,408 | INFO | app.main | application_started
2026-08-06 11:39:50,513 | INFO | apscheduler.scheduler | Scheduler has been shut down
2026-08-06 11:39:50,515 | INFO | app.main | application_stopped
2026-08-06 11:39:52,516 | INFO | apscheduler.scheduler | Adding job tentatively -- it will be properly scheduled when the scheduler starts
2026-08-06 11:39:52,517 | INFO | apscheduler.scheduler | Added job "MonitoringService.run_cycle" to job store "default"
2026-08-06 11:39:52,518 | INFO | apscheduler.scheduler | Scheduler started
2026-08-06 11:39:52,518 | INFO | app.services.monitoring_service | monitoring_cycle_started
2026-08-06 11:39:52,829 | INFO | httpx | HTTP Request: GET https://legacy.winningform.co.za "HTTP/1.1 200 OK"
2026-08-06 11:39:52,833 | INFO | app.scrapers.winning_form_scraper | fetch_index_frames=['https://legacy.winningform.co.za/guide.htm', 'https://legacy.winningform.co.za/cover.htm']
2026-08-06 11:39:52,981 | INFO | httpx | HTTP Request: GET https://legacy.winningform.co.za "HTTP/1.1 200 OK"
2026-08-06 11:39:53,104 | INFO | httpx | HTTP Request: GET https://legacy.winningform.co.za/guide.htm "HTTP/1.1 200 OK"
2026-08-06 11:39:53,216 | INFO | httpx | HTTP Request: GET https://legacy.winningform.co.za/cover.htm "HTTP/1.1 200 OK"
2026-08-06 11:39:53,319 | INFO | httpx | HTTP Request: GET https://legacy.winningform.co.za "HTTP/1.1 200 OK"
2026-08-06 11:39:53,429 | INFO | httpx | HTTP Request: GET https://legacy.winningform.co.za/guide.htm "HTTP/1.1 200 OK"
2026-08-06 11:39:53,542 | INFO | httpx | HTTP Request: GET https://legacy.winningform.co.za/cover.htm "HTTP/1.1 200 OK"
2026-08-06 11:39:53,552 | INFO | app.scrapers.winning_form_scraper | race_links_total=41
2026-08-06 11:39:53,553 | INFO | app.scrapers.winning_form_scraper | meetings_seen=['ecp-f260807', 'gau-t260808', 'gau-v260806', 'kzn-d260807', 'kzn-s260809']
2026-08-06 11:39:53,691 | INFO | httpx | HTTP Request: GET https://legacy.winningform.co.za/GAU/2V260806_1.htm "HTTP/1.1 200 OK"
2026-08-06 11:39:53,766 | INFO | app.scrapers.winning_form_scraper | runner_table_used columns={'number': 0, 'name': 1, 'length_behind': 2, 'speed_index': 3, 'predicted_time': 4, 'merit': 5, 'weight': 6, 'draw': 7, 'jockey': 9, 'trainer': 10, 'previous_run': 12, 'time': 17} extracted=6 stated=6
2026-08-06 11:39:53,766 | INFO | app.scrapers.winning_form_scraper | race_parsed url=https://legacy.winningform.co.za/GAU/2V260806_1.htm venue=Vaal date=2026-08-06 race=1 stated=6 parsed=5
2026-08-06 11:39:53,767 | INFO | app.scrapers.winning_form_scraper | horse_names=['Battleground', 'Corrupt', 'Green Machine', 'Taxhaven', 'Bellerophon', 'Samuel Sharpe']
2026-08-06 11:39:53,958 | INFO | httpx | HTTP Request: GET https://legacy.winningform.co.za/GAU/2V260806_2.htm "HTTP/1.1 200 OK"
2026-08-06 11:39:54,019 | INFO | app.scrapers.winning_form_scraper | runner_table_used columns={'number': 0, 'name': 1, 'length_behind': 2, 'speed_index': 3, 'predicted_time': 4, 'merit': 5, 'weight': 6, 'draw': 7, 'jockey': 9, 'trainer': 10, 'previous_run': 12, 'time': 17} extracted=7 stated=7
2026-08-06 11:39:54,019 | INFO | app.scrapers.winning_form_scraper | race_parsed url=https://legacy.winningform.co.za/GAU/2V260806_2.htm venue=Vaal date=2026-08-06 race=2 stated=7 parsed=6
2026-08-06 11:39:54,019 | INFO | app.scrapers.winning_form_scraper | horse_names=['Jet Cat', 'Sergeant Soqrat', 'Bell Of Angelus', 'Oriental Bouquet', 'Phala Millions', 'Caladrius', 'Champagne Problems']
2026-08-06 11:39:54,175 | INFO | httpx | HTTP Request: GET https://legacy.winningform.co.za/GAU/2V260806_3.htm "HTTP/1.1 200 OK"
2026-08-06 11:39:54,227 | INFO | app.scrapers.winning_form_scraper | runner_table_used columns={'number': 0, 'name': 1, 'length_behind': 2, 'speed_index': 3, 'predicted_time': 4, 'merit': 5, 'weight': 6, 'draw': 7, 'jockey': 9, 'trainer': 10, 'previous_run': 12, 'time': 17} extracted=7 stated=7
2026-08-06 11:39:54,228 | INFO | app.scrapers.winning_form_scraper | race_parsed url=https://legacy.winningform.co.za/GAU/2V260806_3.htm venue=Vaal date=2026-08-06 race=3 stated=7 parsed=7
2026-08-06 11:39:54,228 | INFO | app.scrapers.winning_form_scraper | horse_names=['Wings Of Kildra', 'Ada Lovelace', 'Executrix', 'Magic Carpet Ride', 'Royal Horizon', 'Iconic Winter', 'Love Not War']
2026-08-06 11:39:54,398 | INFO | httpx | HTTP Request: GET https://legacy.winningform.co.za/GAU/2V260806_4.htm "HTTP/1.1 200 OK"
2026-08-06 11:39:54,518 | INFO | app.scrapers.winning_form_scraper | runner_table_used columns={'number': 0, 'name': 1, 'length_behind': 2, 'speed_index': 3, 'predicted_time': 4, 'merit': 5, 'weight': 6, 'draw': 7, 'jockey': 9, 'trainer': 10, 'previous_run': 12, 'time': 17} extracted=7 stated=7
2026-08-06 11:39:54,518 | INFO | app.scrapers.winning_form_scraper | race_parsed url=https://legacy.winningform.co.za/GAU/2V260806_4.htm venue=Vaal date=2026-08-06 race=4 stated=7 parsed=7
2026-08-06 11:39:54,518 | INFO | app.scrapers.winning_form_scraper | horse_names=['Winter Rainfall', 'Valieva', "She's All Mine", 'Jazz Pianist', 'Tempranillo', 'Versace Onthetrack', 'Slender Silhouette']
2026-08-06 11:39:54,687 | INFO | httpx | HTTP Request: GET https://legacy.winningform.co.za/GAU/2V260806_5.htm "HTTP/1.1 200 OK"
2026-08-06 11:39:54,746 | INFO | app.scrapers.winning_form_scraper | runner_table_used columns={'number': 0, 'name': 1, 'length_behind': 2, 'speed_index': 3, 'predicted_time': 4, 'merit': 5, 'weight': 6, 'draw': 7, 'jockey': 9, 'trainer': 10, 'previous_run': 12, 'time': 17} extracted=11 stated=11
2026-08-06 11:39:54,746 | INFO | app.scrapers.winning_form_scraper | race_parsed url=https://legacy.winningform.co.za/GAU/2V260806_5.htm venue=Vaal date=2026-08-06 race=5 stated=11 parsed=9
2026-08-06 11:39:54,746 | INFO | app.scrapers.winning_form_scraper | horse_names=['Wish You Were Here', 'Smoking Gun', 'A Roman Twist', "God's Country", 'Cool Gambler', "Ain't No Sunshine", 'Willow Charm', 'Levitator', 'Forever Canford', 'Lannyboy', 'Spirit Of The Sea']
2026-08-06 11:39:54,913 | INFO | httpx | HTTP Request: GET https://legacy.winningform.co.za/GAU/2V260806_6.htm "HTTP/1.1 200 OK"
2026-08-06 11:39:54,968 | INFO | app.scrapers.winning_form_scraper | runner_table_used columns={'number': 0, 'name': 1, 'length_behind': 2, 'speed_index': 3, 'predicted_time': 4, 'merit': 5, 'weight': 6, 'draw': 7, 'jockey': 9, 'trainer': 10, 'previous_run': 12, 'time': 17} extracted=8 stated=8
2026-08-06 11:39:54,968 | INFO | app.scrapers.winning_form_scraper | race_parsed url=https://legacy.winningform.co.za/GAU/2V260806_6.htm venue=Vaal date=2026-08-06 race=6 stated=8 parsed=7
2026-08-06 11:39:54,969 | INFO | app.scrapers.winning_form_scraper | horse_names=['Korcula', 'Epidaurus', 'Twelfth Of Never', 'Gus On The Bus', 'Comic Artist', 'Lanteri', 'Evening News', 'Forever Red']
2026-08-06 11:39:55,167 | INFO | httpx | HTTP Request: GET https://legacy.winningform.co.za/GAU/2V260806_7.htm "HTTP/1.1 200 OK"
2026-08-06 11:39:55,269 | INFO | app.scrapers.winning_form_scraper | runner_table_used columns={'number': 0, 'name': 1, 'length_behind': 2, 'speed_index': 3, 'predicted_time': 4, 'merit': 5, 'weight': 6, 'draw': 7, 'jockey': 9, 'trainer': 10, 'previous_run': 12, 'time': 17} extracted=13 stated=13
2026-08-06 11:39:55,269 | INFO | app.scrapers.winning_form_scraper | race_parsed url=https://legacy.winningform.co.za/GAU/2V260806_7.htm venue=Vaal date=2026-08-06 race=7 stated=13 parsed=13
2026-08-06 11:39:55,269 | INFO | app.scrapers.winning_form_scraper | horse_names=['Itsnowornever', 'Nuclear Force', 'Thoonsil', 'Party Punch', 'Hopscotch', 'Rosy Lemon', 'Cartagena', 'Arlington Action', 'Chabal', 'Repetition', 'Euphrates', 'Gold De Grace', 'Heroic Act']
2026-08-06 11:39:55,488 | INFO | httpx | HTTP Request: GET https://legacy.winningform.co.za/GAU/2V260806_8.htm "HTTP/1.1 200 OK"
2026-08-06 11:39:55,548 | INFO | app.scrapers.winning_form_scraper | runner_table_used columns={'number': 0, 'name': 1, 'length_behind': 2, 'speed_index': 3, 'predicted_time': 4, 'merit': 5, 'weight': 6, 'draw': 7, 'jockey': 9, 'trainer': 10, 'previous_run': 12, 'time': 17} extracted=10 stated=10
2026-08-06 11:39:55,549 | INFO | app.scrapers.winning_form_scraper | race_parsed url=https://legacy.winningform.co.za/GAU/2V260806_8.htm venue=Vaal date=2026-08-06 race=8 stated=10 parsed=8
2026-08-06 11:39:55,549 | INFO | app.scrapers.winning_form_scraper | horse_names=['Freestyle Dance', 'Wartrax Blaze', 'Elisa Mbali', 'One State', 'Campo Formio', 'Sword Of Light', 'Mega Awesome', 'Truro Legacy', 'Cuzzie', 'Noble Chiefdom']
2026-08-06 11:39:55,739 | INFO | httpx | HTTP Request: GET https://legacy.winningform.co.za/KZN/2D260807_1.htm "HTTP/1.1 200 OK"
2026-08-06 11:39:55,818 | INFO | app.scrapers.winning_form_scraper | runner_table_used columns={'number': 0, 'name': 1, 'length_behind': 2, 'speed_index': 3, 'predicted_time': 4, 'merit': 5, 'weight': 6, 'draw': 7, 'jockey': 9, 'trainer': 10, 'previous_run': 12, 'time': 17} extracted=14 stated=14
2026-08-06 11:39:55,819 | INFO | app.scrapers.winning_form_scraper | race_parsed url=https://legacy.winningform.co.za/KZN/2D260807_1.htm venue=Hollywoodbets Greyville date=2026-08-07 race=1 stated=14 parsed=14
2026-08-06 11:39:55,819 | INFO | app.scrapers.winning_form_scraper | horse_names=['Owner Of Creation', 'Skipper Zip', 'Yeah Baby', 'Simonis', "Hadrian's Wall", 'Golden Diadem', 'Prince Of Rabada', 'Goldsmith', 'Peace Sign', 'Thurloe Place', 'Cuba Libre', 'Flight Twenty One', 'Catch That Kid', 'Big Dipper']
2026-08-06 11:39:56,035 | INFO | httpx | HTTP Request: GET https://legacy.winningform.co.za/KZN/2D260807_2.htm "HTTP/1.1 200 OK"
2026-08-06 11:39:56,083 | INFO | app.scrapers.winning_form_scraper | runner_table_used columns={'number': 0, 'name': 1, 'length_behind': 2, 'speed_index': 3, 'predicted_time': 4, 'merit': 5, 'weight': 6, 'draw': 7, 'jockey': 9, 'trainer': 10, 'previous_run': 12, 'time': 17} extracted=8 stated=8
2026-08-06 11:39:56,084 | INFO | app.scrapers.winning_form_scraper | race_parsed url=https://legacy.winningform.co.za/KZN/2D260807_2.htm venue=Hollywoodbets Greyville date=2026-08-07 race=2 stated=8 parsed=8
2026-08-06 11:39:56,084 | INFO | app.scrapers.winning_form_scraper | horse_names=['Hazel Green', 'Tears Of The Sun', 'Queen Of Denmark', 'America First', 'Eastern Glow', "Loreley's Rock", 'Lagertha The Queen', 'Periwinkle']
2026-08-06 11:39:56,265 | INFO | httpx | HTTP Request: GET https://legacy.winningform.co.za/KZN/2D260807_3.htm "HTTP/1.1 200 OK"
2026-08-06 11:39:56,332 | INFO | app.scrapers.winning_form_scraper | runner_table_used columns={'number': 0, 'name': 1, 'length_behind': 2, 'speed_index': 3, 'predicted_time': 4, 'merit': 5, 'weight': 6, 'draw': 7, 'jockey': 9, 'trainer': 10, 'previous_run': 12, 'time': 17} extracted=7 stated=7
2026-08-06 11:39:56,332 | INFO | app.scrapers.winning_form_scraper | race_parsed url=https://legacy.winningform.co.za/KZN/2D260807_3.htm venue=Hollywoodbets Greyville date=2026-08-07 race=3 stated=7 parsed=7
2026-08-06 11:39:56,333 | INFO | app.scrapers.winning_form_scraper | horse_names=['Crimson Typhoon', 'Fire Force', 'Augrabies', 'Captive Prince', 'Lacryma Christi', 'Noctambulist', 'Chaos Queen']
2026-08-06 11:39:56,517 | INFO | httpx | HTTP Request: GET https://legacy.winningform.co.za/KZN/2D260807_4.htm "HTTP/1.1 200 OK"
2026-08-06 11:39:56,609 | INFO | app.scrapers.winning_form_scraper | runner_table_used columns={'number': 0, 'name': 1, 'length_behind': 2, 'speed_index': 3, 'predicted_time': 4, 'merit': 5, 'weight': 6, 'draw': 7, 'jockey': 9, 'trainer': 10, 'previous_run': 12, 'time': 17} extracted=13 stated=13
2026-08-06 11:39:56,609 | INFO | app.scrapers.winning_form_scraper | race_parsed url=https://legacy.winningform.co.za/KZN/2D260807_4.htm venue=Hollywoodbets Greyville date=2026-08-07 race=4 stated=13 parsed=13
2026-08-06 11:39:56,610 | INFO | app.scrapers.winning_form_scraper | horse_names=['Tunguska', 'High Queue', 'Zena Rose', 'The Mikado', 'Shiny Bob', 'No Pressure', 'Heavenly Mafia', 'Fast And Free', 'Day Two', 'Christmas Cactus', 'National Dream', 'Status', 'Reign On Impact']
2026-08-06 11:39:56,804 | INFO | httpx | HTTP Request: GET https://legacy.winningform.co.za/KZN/2D260807_5.htm "HTTP/1.1 200 OK"
2026-08-06 11:39:56,877 | INFO | app.scrapers.winning_form_scraper | runner_table_used columns={'number': 0, 'name': 1, 'length_behind': 2, 'speed_index': 3, 'predicted_time': 4, 'merit': 5, 'weight': 6, 'draw': 7, 'jockey': 9, 'trainer': 10, 'previous_run': 12, 'time': 17} extracted=9 stated=9
2026-08-06 11:39:56,877 | INFO | app.scrapers.winning_form_scraper | race_parsed url=https://legacy.winningform.co.za/KZN/2D260807_5.htm venue=Hollywoodbets Greyville date=2026-08-07 race=5 stated=9 parsed=9
2026-08-06 11:39:56,878 | INFO | app.scrapers.winning_form_scraper | horse_names=['Position Of Power', 'Thisiswhatitmeans', 'Teflon Man', 'Future Variety', 'Soho Star', 'Imposing', 'King Of The Gauls', 'Good Traveller', 'Narina Trogon']
2026-08-06 11:39:57,049 | INFO | httpx | HTTP Request: GET https://legacy.winningform.co.za/KZN/2D260807_6.htm "HTTP/1.1 200 OK"
2026-08-06 11:39:57,187 | INFO | app.scrapers.winning_form_scraper | runner_table_used columns={'number': 0, 'name': 1, 'length_behind': 2, 'speed_index': 3, 'predicted_time': 4, 'merit': 5, 'weight': 6, 'draw': 7, 'jockey': 9, 'trainer': 10, 'previous_run': 12, 'time': 17} extracted=11 stated=11
2026-08-06 11:39:57,187 | INFO | app.scrapers.winning_form_scraper | race_parsed url=https://legacy.winningform.co.za/KZN/2D260807_6.htm venue=Hollywoodbets Greyville date=2026-08-07 race=6 stated=11 parsed=11
2026-08-06 11:39:57,187 | INFO | app.scrapers.winning_form_scraper | horse_names=['Warrior Royale', 'Swiatek', "That's My Baby", 'Happy Fortune', 'Miss Twinkle', 'Sonic Jet', 'Gorgeous Girl', 'Warning Sound', 'Red Taffety', 'Drumnadrochit', 'Forward Motion']
2026-08-06 11:39:57,410 | INFO | httpx | HTTP Request: GET https://legacy.winningform.co.za/KZN/2D260807_7.htm "HTTP/1.1 200 OK"
2026-08-06 11:39:57,516 | INFO | app.scrapers.winning_form_scraper | runner_table_used columns={'number': 0, 'name': 1, 'length_behind': 2, 'speed_index': 3, 'predicted_time': 4, 'merit': 5, 'weight': 6, 'draw': 7, 'jockey': 9, 'trainer': 10, 'previous_run': 12, 'time': 17} extracted=10 stated=10
2026-08-06 11:39:57,517 | INFO | app.scrapers.winning_form_scraper | race_parsed url=https://legacy.winningform.co.za/KZN/2D260807_7.htm venue=Hollywoodbets Greyville date=2026-08-07 race=7 stated=10 parsed=10
2026-08-06 11:39:57,517 | INFO | app.scrapers.winning_form_scraper | horse_names=['Maphaka', 'Future Flo', 'Miss World', 'Ubukhwebezana', 'Street Outlaw', 'City Of Love', 'What A Fortune', 'African Skyline', 'Cowdray Park', 'Johnny Appleseed']
2026-08-06 11:39:57,698 | INFO | httpx | HTTP Request: GET https://legacy.winningform.co.za/KZN/2D260807_8.htm "HTTP/1.1 200 OK"
2026-08-06 11:39:57,815 | INFO | app.scrapers.winning_form_scraper | runner_table_used columns={'number': 0, 'name': 1, 'length_behind': 2, 'speed_index': 3, 'predicted_time': 4, 'merit': 5, 'weight': 6, 'draw': 7, 'jockey': 9, 'trainer': 10, 'previous_run': 12, 'time': 17} extracted=11 stated=11
2026-08-06 11:39:57,815 | INFO | app.scrapers.winning_form_scraper | race_parsed url=https://legacy.winningform.co.za/KZN/2D260807_8.htm venue=Hollywoodbets Greyville date=2026-08-07 race=8 stated=11 parsed=11
2026-08-06 11:39:57,816 | INFO | app.scrapers.winning_form_scraper | horse_names=['Next Of Kin', 'Mvelelo', "Tam's Knight", 'Mar Del Plata', 'Tobacconist', 'Blue Steel', 'Phutulicious', 'War Emperor', 'My Boy Lollipop', 'Steamy Windows', 'Zagreb']
2026-08-06 11:39:57,997 | INFO | httpx | HTTP Request: GET https://legacy.winningform.co.za/ECP/2F260807_1.htm "HTTP/1.1 200 OK"
2026-08-06 11:39:58,063 | INFO | app.scrapers.winning_form_scraper | runner_table_used columns={'number': 0, 'name': 1, 'length_behind': 2, 'speed_index': 3, 'predicted_time': 4, 'merit': 5, 'weight': 6, 'draw': 7, 'jockey': 9, 'trainer': 10, 'previous_run': 12, 'time': 17} extracted=10 stated=10
2026-08-06 11:39:58,063 | INFO | app.scrapers.winning_form_scraper | race_parsed url=https://legacy.winningform.co.za/ECP/2F260807_1.htm venue=Fairview date=2026-08-07 race=1 stated=10 parsed=10
2026-08-06 11:39:58,063 | INFO | app.scrapers.winning_form_scraper | horse_names=['Good Shine', 'Green Point', 'Crimson Clover', 'Takemetothemoon', 'Norse Warrior', 'Stone Of Scone', 'J Lordi', 'Blue Dame', 'Storm Burst', 'Golden Fifties']
2026-08-06 11:39:58,236 | INFO | httpx | HTTP Request: GET https://legacy.winningform.co.za/ECP/2F260807_2.htm "HTTP/1.1 200 OK"
2026-08-06 11:39:58,296 | INFO | app.scrapers.winning_form_scraper | runner_table_used columns={'number': 0, 'name': 1, 'length_behind': 2, 'speed_index': 3, 'predicted_time': 4, 'merit': 5, 'weight': 6, 'draw': 7, 'jockey': 9, 'trainer': 10, 'previous_run': 12, 'time': 17} extracted=10 stated=10
2026-08-06 11:39:58,296 | INFO | app.scrapers.winning_form_scraper | race_parsed url=https://legacy.winningform.co.za/ECP/2F260807_2.htm venue=Fairview date=2026-08-07 race=2 stated=10 parsed=10
2026-08-06 11:39:58,296 | INFO | app.scrapers.winning_form_scraper | horse_names=['Touch The Sword', 'Caughtubysurprise', 'Fonte', 'Kim Kay', 'Jewel Mule', 'Redlight Lane', 'Harpa', 'World Of Diamonds', 'Without Hesitation', 'Gallic Greeting']
2026-08-06 11:39:58,450 | INFO | httpx | HTTP Request: GET https://legacy.winningform.co.za/ECP/2F260807_3.htm "HTTP/1.1 200 OK"
2026-08-06 11:39:58,598 | INFO | app.scrapers.winning_form_scraper | runner_table_used columns={'number': 0, 'name': 1, 'length_behind': 2, 'speed_index': 3, 'predicted_time': 4, 'merit': 5, 'weight': 6, 'draw': 7, 'jockey': 9, 'trainer': 10, 'previous_run': 12, 'time': 17} extracted=9 stated=9
2026-08-06 11:39:58,599 | INFO | app.scrapers.winning_form_scraper | race_parsed url=https://legacy.winningform.co.za/ECP/2F260807_3.htm venue=Fairview date=2026-08-07 race=3 stated=9 parsed=9
2026-08-06 11:39:58,599 | INFO | app.scrapers.winning_form_scraper | horse_names=['Frequent Traveller', 'Secret Eruption', 'Witching Hour', 'Lady Limoncello', 'Lady Of Fate', 'Blue Crystal', 'Island Jewel', 'Burning Desire', 'Total Eruption']
2026-08-06 11:39:58,758 | INFO | httpx | HTTP Request: GET https://legacy.winningform.co.za/ECP/2F260807_4.htm "HTTP/1.1 200 OK"
2026-08-06 11:39:58,833 | INFO | app.scrapers.winning_form_scraper | runner_table_used columns={'number': 0, 'name': 1, 'length_behind': 2, 'speed_index': 3, 'predicted_time': 4, 'merit': 5, 'weight': 6, 'draw': 7, 'jockey': 9, 'trainer': 10, 'previous_run': 12, 'time': 17} extracted=9 stated=9
2026-08-06 11:39:58,834 | INFO | app.scrapers.winning_form_scraper | race_parsed url=https://legacy.winningform.co.za/ECP/2F260807_4.htm venue=Fairview date=2026-08-07 race=4 stated=9 parsed=9
2026-08-06 11:39:58,834 | INFO | app.scrapers.winning_form_scraper | horse_names=['Home Reef', 'Makhachev', 'Anatolian Silver', 'Global Ally', 'Richardthefearless', 'Wild Fig', 'Hollandia Bakkerij', 'Flight Display', 'Johnny Drama']
2026-08-06 11:39:59,044 | INFO | httpx | HTTP Request: GET https://legacy.winningform.co.za/ECP/2F260807_5.htm "HTTP/1.1 200 OK"
2026-08-06 11:39:59,116 | INFO | app.scrapers.winning_form_scraper | runner_table_used columns={'number': 0, 'name': 1, 'length_behind': 2, 'speed_index': 3, 'predicted_time': 4, 'merit': 5, 'weight': 6, 'draw': 7, 'jockey': 9, 'trainer': 10, 'previous_run': 12, 'time': 17} extracted=10 stated=10
2026-08-06 11:39:59,116 | INFO | app.scrapers.winning_form_scraper | race_parsed url=https://legacy.winningform.co.za/ECP/2F260807_5.htm venue=Fairview date=2026-08-07 race=5 stated=10 parsed=10
2026-08-06 11:39:59,116 | INFO | app.scrapers.winning_form_scraper | horse_names=['King Viserys', 'Cheerful Charlie B', 'Green Planet', 'Pedro', 'Lucky Chance', 'Givethatmanabells', 'Umami', 'Star Of Elena', 'Celtic Rush', 'Nautical Landing']
2026-08-06 11:39:59,299 | INFO | httpx | HTTP Request: GET https://legacy.winningform.co.za/ECP/2F260807_6.htm "HTTP/1.1 200 OK"
2026-08-06 11:39:59,379 | INFO | app.scrapers.winning_form_scraper | runner_table_used columns={'number': 0, 'name': 1, 'length_behind': 2, 'speed_index': 3, 'predicted_time': 4, 'merit': 5, 'weight': 6, 'draw': 7, 'jockey': 9, 'trainer': 10, 'previous_run': 12, 'time': 17} extracted=11 stated=11
2026-08-06 11:39:59,380 | INFO | app.scrapers.winning_form_scraper | race_parsed url=https://legacy.winningform.co.za/ECP/2F260807_6.htm venue=Fairview date=2026-08-07 race=6 stated=11 parsed=11
2026-08-06 11:39:59,380 | INFO | app.scrapers.winning_form_scraper | horse_names=['Basingstoke', 'Icy Lancaster', 'Japanese Garden', 'Midnight Music', 'Kilmonivaig', 'Queen Of Jazz', 'Power Of Tiger', 'Daffodil Delight', 'Timeline', 'Gutsy Baby', 'Princess Of Ajiaal']
2026-08-06 11:39:59,556 | INFO | httpx | HTTP Request: GET https://legacy.winningform.co.za/ECP/2F260807_7.htm "HTTP/1.1 200 OK"
2026-08-06 11:39:59,650 | INFO | app.scrapers.winning_form_scraper | runner_table_used columns={'number': 0, 'name': 1, 'length_behind': 2, 'speed_index': 3, 'predicted_time': 4, 'merit': 5, 'weight': 6, 'draw': 7, 'jockey': 9, 'trainer': 10, 'previous_run': 12, 'time': 17} extracted=10 stated=10
2026-08-06 11:39:59,650 | INFO | app.scrapers.winning_form_scraper | race_parsed url=https://legacy.winningform.co.za/ECP/2F260807_7.htm venue=Fairview date=2026-08-07 race=7 stated=10 parsed=10
2026-08-06 11:39:59,651 | INFO | app.scrapers.winning_form_scraper | horse_names=['Coastal Path', 'Stars In Heaven', 'Forest Spy', 'Masked Vigilante', 'Champonelle', 'Stokesy', 'Aquarius', 'Overture', 'Surge Of Power', 'Astronomical Boy']
2026-08-06 11:39:59,830 | INFO | httpx | HTTP Request: GET https://legacy.winningform.co.za/ECP/2F260807_8.htm "HTTP/1.1 200 OK"
2026-08-06 11:39:59,922 | INFO | app.scrapers.winning_form_scraper | runner_table_used columns={'number': 0, 'name': 1, 'length_behind': 2, 'speed_index': 3, 'predicted_time': 4, 'merit': 5, 'weight': 6, 'draw': 7, 'jockey': 9, 'trainer': 10, 'previous_run': 12, 'time': 17} extracted=11 stated=11
2026-08-06 11:39:59,923 | INFO | app.scrapers.winning_form_scraper | race_parsed url=https://legacy.winningform.co.za/ECP/2F260807_8.htm venue=Fairview date=2026-08-07 race=8 stated=11 parsed=11
2026-08-06 11:39:59,923 | INFO | app.scrapers.winning_form_scraper | horse_names=['Captain Clever', 'Free World', 'Cape Capri', 'Chief Runner', 'Piton De Neige', 'Wordsworth', 'In The Bag', 'Bumps Last Grind', 'King Rahul', 'Waltzing Doll', 'Truly Magical']
2026-08-06 11:40:00,523 | INFO | httpx | HTTP Request: GET https://legacy.winningform.co.za/GAU/2T260808_1.htm "HTTP/1.1 200 OK"
2026-08-06 11:40:00,593 | INFO | app.scrapers.winning_form_scraper | runner_table_used columns={'number': 0, 'name': 1, 'length_behind': 2, 'speed_index': 3, 'predicted_time': 4, 'merit': 5, 'weight': 6, 'draw': 7, 'jockey': 9, 'trainer': 10, 'previous_run': 12, 'time': 17} extracted=10 stated=10
2026-08-06 11:40:00,593 | INFO | app.scrapers.winning_form_scraper | race_parsed url=https://legacy.winningform.co.za/GAU/2T260808_1.htm venue=Turffontein date=2026-08-08 race=1 stated=10 parsed=10
2026-08-06 11:40:00,593 | INFO | app.scrapers.winning_form_scraper | horse_names=['Midnight Special', 'Platinum Shay', 'Elegant Edge', 'Surreal Song', "Meghan's Diamond", "Master's Lady", 'Charleston Dawn', 'Lazer Light', 'Moonface', 'Jessica Rabbit']
2026-08-06 11:40:00,889 | INFO | httpx | HTTP Request: GET https://legacy.winningform.co.za/GAU/2T260808_2.htm "HTTP/1.1 200 OK"
2026-08-06 11:40:00,938 | INFO | app.scrapers.winning_form_scraper | runner_table_used columns={'number': 0, 'name': 1, 'length_behind': 2, 'speed_index': 3, 'predicted_time': 4, 'merit': 5, 'weight': 6, 'draw': 7, 'jockey': 9, 'trainer': 10, 'previous_run': 12, 'time': 17} extracted=7 stated=7
2026-08-06 11:40:00,939 | INFO | app.scrapers.winning_form_scraper | race_parsed url=https://legacy.winningform.co.za/GAU/2T260808_2.htm venue=Turffontein date=2026-08-08 race=2 stated=7 parsed=7
2026-08-06 11:40:00,939 | INFO | app.scrapers.winning_form_scraper | horse_names=['Shining Sun', 'Royale Jacket', 'Be The One', 'Seventh Fleet', 'Moethemoneyman', 'From The Get Go', 'Mirum']
2026-08-06 11:40:01,112 | INFO | httpx | HTTP Request: GET https://legacy.winningform.co.za/GAU/2T260808_3.htm "HTTP/1.1 200 OK"
2026-08-06 11:40:01,160 | INFO | app.scrapers.winning_form_scraper | runner_table_used columns={'number': 0, 'name': 1, 'length_behind': 2, 'speed_index': 3, 'predicted_time': 4, 'merit': 5, 'weight': 6, 'draw': 7, 'jockey': 9, 'trainer': 10, 'previous_run': 12, 'time': 17} extracted=7 stated=7
2026-08-06 11:40:01,161 | INFO | app.scrapers.winning_form_scraper | race_parsed url=https://legacy.winningform.co.za/GAU/2T260808_3.htm venue=Turffontein date=2026-08-08 race=3 stated=7 parsed=7
2026-08-06 11:40:01,161 | INFO | app.scrapers.winning_form_scraper | horse_names=["Destiny's Dream", 'Empress Of Peace', 'Be All You Can Be', "Nicci's Law", 'Hot Choice', 'Nicolson Landing', 'Future Red']
2026-08-06 11:40:01,325 | INFO | httpx | HTTP Request: GET https://legacy.winningform.co.za/GAU/2T260808_4.htm "HTTP/1.1 200 OK"
2026-08-06 11:40:01,431 | INFO | app.scrapers.winning_form_scraper | runner_table_used columns={'number': 0, 'name': 1, 'length_behind': 2, 'speed_index': 3, 'predicted_time': 4, 'merit': 5, 'weight': 6, 'draw': 7, 'jockey': 9, 'trainer': 10, 'previous_run': 12, 'time': 17} extracted=7 stated=7
2026-08-06 11:40:01,431 | INFO | app.scrapers.winning_form_scraper | race_parsed url=https://legacy.winningform.co.za/GAU/2T260808_4.htm venue=Turffontein date=2026-08-08 race=4 stated=7 parsed=7
2026-08-06 11:40:01,431 | INFO | app.scrapers.winning_form_scraper | horse_names=["Fire 'n Flames", 'Palace Prince', 'Hotarubi', "King's Express", 'The Equator', 'Royal Invitation', 'Hawkbill']
2026-08-06 11:40:01,635 | INFO | httpx | HTTP Request: GET https://legacy.winningform.co.za/GAU/2T260808_5.htm "HTTP/1.1 200 OK"
2026-08-06 11:40:01,798 | INFO | app.scrapers.winning_form_scraper | runner_table_used columns={'number': 0, 'name': 1, 'length_behind': 2, 'speed_index': 3, 'predicted_time': 4, 'merit': 5, 'weight': 6, 'draw': 7, 'jockey': 9, 'trainer': 10, 'previous_run': 12, 'time': 17} extracted=11 stated=11
2026-08-06 11:40:01,798 | INFO | app.scrapers.winning_form_scraper | race_parsed url=https://legacy.winningform.co.za/GAU/2T260808_5.htm venue=Turffontein date=2026-08-08 race=5 stated=11 parsed=11
2026-08-06 11:40:01,798 | INFO | app.scrapers.winning_form_scraper | horse_names=['Max The Magician', 'Vibe Sa', 'Espinoza', 'Antonio Gaudi', 'Blizzard Snow', 'African Prince', "Dante's Bond", 'Richard The First', 'Titan Of The Turf', 'Famous Lady', 'Kudikaran']
2026-08-06 11:40:01,987 | INFO | httpx | HTTP Request: GET https://legacy.winningform.co.za/GAU/2T260808_6.htm "HTTP/1.1 200 OK"
2026-08-06 11:40:02,098 | INFO | app.scrapers.winning_form_scraper | runner_table_used columns={'number': 0, 'name': 1, 'length_behind': 2, 'speed_index': 3, 'predicted_time': 4, 'merit': 5, 'weight': 6, 'draw': 7, 'jockey': 9, 'trainer': 10, 'previous_run': 12, 'time': 17} extracted=8 stated=8
2026-08-06 11:40:02,098 | INFO | app.scrapers.winning_form_scraper | race_parsed url=https://legacy.winningform.co.za/GAU/2T260808_6.htm venue=Turffontein date=2026-08-08 race=6 stated=8 parsed=8
2026-08-06 11:40:02,099 | INFO | app.scrapers.winning_form_scraper | horse_names=['Eight Hats', 'Kortvandraad', 'Pretty Analia', 'Concordia', 'Secret Life', 'Mattiazo', "Master's Rose", 'Way To Burn']
2026-08-06 11:40:02,286 | INFO | httpx | HTTP Request: GET https://legacy.winningform.co.za/GAU/2T260808_7.htm "HTTP/1.1 200 OK"
2026-08-06 11:40:02,381 | INFO | app.scrapers.winning_form_scraper | runner_table_used columns={'number': 0, 'name': 1, 'length_behind': 2, 'speed_index': 3, 'predicted_time': 4, 'merit': 5, 'weight': 6, 'draw': 7, 'jockey': 9, 'trainer': 10, 'previous_run': 12, 'time': 17} extracted=9 stated=9
2026-08-06 11:40:02,381 | INFO | app.scrapers.winning_form_scraper | race_parsed url=https://legacy.winningform.co.za/GAU/2T260808_7.htm venue=Turffontein date=2026-08-08 race=7 stated=9 parsed=9
2026-08-06 11:40:02,381 | INFO | app.scrapers.winning_form_scraper | horse_names=['Gran Canaria', 'Olympian Gold', 'The Africa House', 'Ariovistus', 'Master Christmas', 'Trombolines', 'Oklahoma Smokeshow', 'Birthright', 'Texas Missile']
2026-08-06 11:40:02,656 | INFO | httpx | HTTP Request: GET https://legacy.winningform.co.za/GAU/2T260808_8.htm "HTTP/1.1 200 OK"
2026-08-06 11:40:02,750 | INFO | app.scrapers.winning_form_scraper | runner_table_used columns={'number': 0, 'name': 1, 'length_behind': 2, 'speed_index': 3, 'predicted_time': 4, 'merit': 5, 'weight': 6, 'draw': 7, 'jockey': 9, 'trainer': 10, 'previous_run': 12, 'time': 17} extracted=10 stated=10
2026-08-06 11:40:02,751 | INFO | app.scrapers.winning_form_scraper | race_parsed url=https://legacy.winningform.co.za/GAU/2T260808_8.htm venue=Turffontein date=2026-08-08 race=8 stated=10 parsed=10
2026-08-06 11:40:02,751 | INFO | app.scrapers.winning_form_scraper | horse_names=['American Beauty', 'Boom Boom', 'Sikeloi', 'Into Dancing', 'Pearl In Her Crown', 'Merryweather', 'Fire In Her Soul', 'Glamorous Lady', 'Hoc Est Vita', 'Lava Lamp']
2026-08-06 11:40:02,992 | INFO | httpx | HTTP Request: GET https://legacy.winningform.co.za/GAU/2T260808_9.htm "HTTP/1.1 200 OK"
2026-08-06 11:40:03,063 | INFO | app.scrapers.winning_form_scraper | runner_table_used columns={'number': 0, 'name': 1, 'length_behind': 2, 'speed_index': 3, 'predicted_time': 4, 'merit': 5, 'weight': 6, 'draw': 7, 'jockey': 9, 'trainer': 10, 'previous_run': 12, 'time': 17} extracted=8 stated=8
2026-08-06 11:40:03,063 | INFO | app.scrapers.winning_form_scraper | race_parsed url=https://legacy.winningform.co.za/GAU/2T260808_9.htm venue=Turffontein date=2026-08-08 race=9 stated=8 parsed=8
2026-08-06 11:40:03,064 | INFO | app.scrapers.winning_form_scraper | horse_names=['Zip Code', 'Bay Empire', "Can't Catch Me", 'Six Of All', 'Michael Faraday', 'Dondoyaki', 'Spy Story', 'Sail The Sky']
2026-08-06 11:40:03,231 | INFO | httpx | HTTP Request: GET https://legacy.winningform.co.za/KZN/2S260809_1.htm "HTTP/1.1 200 OK"
2026-08-06 11:40:03,285 | INFO | app.scrapers.winning_form_scraper | runner_table_used columns={'number': 0, 'name': 1, 'length_behind': 2, 'speed_index': 3, 'predicted_time': 4, 'merit': 5, 'weight': 6, 'draw': 7, 'jockey': 9, 'trainer': 10, 'previous_run': 12, 'time': 17} extracted=9 stated=9
2026-08-06 11:40:03,285 | INFO | app.scrapers.winning_form_scraper | race_parsed url=https://legacy.winningform.co.za/KZN/2S260809_1.htm venue=Hollywoodbets Scottsville Outer date=2026-08-09 race=1 stated=9 parsed=9
2026-08-06 11:40:03,285 | INFO | app.scrapers.winning_form_scraper | horse_names=['Tipperary', "Scott's Bar", 'Theodore Rooseveld', 'Praetorian Guard', 'Joy N Hope', 'Bicameral', 'Elusive Diamond', 'Maggiano', 'Grand Tour']
2026-08-06 11:40:03,443 | INFO | httpx | HTTP Request: GET https://legacy.winningform.co.za/KZN/2S260809_2.htm "HTTP/1.1 200 OK"
2026-08-06 11:40:03,485 | INFO | app.scrapers.winning_form_scraper | runner_table_used columns={'number': 0, 'name': 1, 'length_behind': 2, 'speed_index': 3, 'predicted_time': 4, 'merit': 5, 'weight': 6, 'draw': 7, 'jockey': 9, 'trainer': 10, 'previous_run': 12, 'time': 17} extracted=9 stated=9
2026-08-06 11:40:03,485 | INFO | app.scrapers.winning_form_scraper | race_parsed url=https://legacy.winningform.co.za/KZN/2S260809_2.htm venue=Hollywoodbets Scottsville Outer date=2026-08-09 race=2 stated=9 parsed=9
2026-08-06 11:40:03,486 | INFO | app.scrapers.winning_form_scraper | horse_names=["Rocco's Peace", 'Xiphos', 'Snow Warrior', 'Majestic Limpopo', 'Sebastiaan', 'Diaval', 'Gimme The Sun', 'Hello Handsome', 'Bello Gallico']
2026-08-06 11:40:03,658 | INFO | httpx | HTTP Request: GET https://legacy.winningform.co.za/KZN/2S260809_3.htm "HTTP/1.1 200 OK"
2026-08-06 11:40:03,811 | INFO | app.scrapers.winning_form_scraper | runner_table_used columns={'number': 0, 'name': 1, 'length_behind': 2, 'speed_index': 3, 'predicted_time': 4, 'merit': 5, 'weight': 6, 'draw': 7, 'jockey': 9, 'trainer': 10, 'previous_run': 12, 'time': 17} extracted=7 stated=7
2026-08-06 11:40:03,811 | INFO | app.scrapers.winning_form_scraper | race_parsed url=https://legacy.winningform.co.za/KZN/2S260809_3.htm venue=Hollywoodbets Scottsville Inner date=2026-08-09 race=3 stated=7 parsed=7
2026-08-06 11:40:03,811 | INFO | app.scrapers.winning_form_scraper | horse_names=['Vaans Spirit', 'Hop Hop Spinnekop', 'Gold Gold Baby', 'Heavenly Mafia', "Taylor's Version", 'Praise De La Rey', 'Princess Trippi']
2026-08-06 11:40:04,006 | INFO | httpx | HTTP Request: GET https://legacy.winningform.co.za/KZN/2S260809_4.htm "HTTP/1.1 200 OK"
2026-08-06 11:40:04,038 | INFO | app.scrapers.winning_form_scraper | runner_table_used columns={'number': 0, 'name': 1, 'length_behind': 2, 'speed_index': 3, 'predicted_time': 4, 'merit': 5, 'weight': 6, 'draw': 7, 'jockey': 9, 'trainer': 10, 'previous_run': 12, 'time': 17} extracted=8 stated=8
2026-08-06 11:40:04,038 | INFO | app.scrapers.winning_form_scraper | race_parsed url=https://legacy.winningform.co.za/KZN/2S260809_4.htm venue=Hollywoodbets Scottsville Inner date=2026-08-09 race=4 stated=8 parsed=8
2026-08-06 11:40:04,038 | INFO | app.scrapers.winning_form_scraper | horse_names=['Deonarie', 'Runthruthejungle', 'Judiciary', 'Dreadnought', 'Old Harry Rocks', 'Chakalaka', 'All About Me', 'Preux Chavalier']
2026-08-06 11:40:04,211 | INFO | httpx | HTTP Request: GET https://legacy.winningform.co.za/KZN/2S260809_5.htm "HTTP/1.1 200 OK"
2026-08-06 11:40:04,269 | INFO | app.scrapers.winning_form_scraper | runner_table_used columns={'number': 0, 'name': 1, 'length_behind': 2, 'speed_index': 3, 'predicted_time': 4, 'merit': 5, 'weight': 6, 'draw': 7, 'jockey': 9, 'trainer': 10, 'previous_run': 12, 'time': 17} extracted=8 stated=8
2026-08-06 11:40:04,270 | INFO | app.scrapers.winning_form_scraper | race_parsed url=https://legacy.winningform.co.za/KZN/2S260809_5.htm venue=Hollywoodbets Scottsville Inner date=2026-08-09 race=5 stated=8 parsed=8
2026-08-06 11:40:04,270 | INFO | app.scrapers.winning_form_scraper | horse_names=['Parisian Walkway', 'Powerandtheglory', 'Captain West', 'Cardinal Chief', 'Bruh', 'Bangladesh', 'Heal And Soul', 'Mr Fixit']
2026-08-06 11:40:04,456 | INFO | httpx | HTTP Request: GET https://legacy.winningform.co.za/KZN/2S260809_6.htm "HTTP/1.1 200 OK"
2026-08-06 11:40:04,547 | INFO | app.scrapers.winning_form_scraper | runner_table_used columns={'number': 0, 'name': 1, 'length_behind': 2, 'speed_index': 3, 'predicted_time': 4, 'merit': 5, 'weight': 6, 'draw': 7, 'jockey': 9, 'trainer': 10, 'previous_run': 12, 'time': 17} extracted=11 stated=11
2026-08-06 11:40:04,547 | INFO | app.scrapers.winning_form_scraper | race_parsed url=https://legacy.winningform.co.za/KZN/2S260809_6.htm venue=Hollywoodbets Scottsville Inner date=2026-08-09 race=6 stated=11 parsed=11
2026-08-06 11:40:04,547 | INFO | app.scrapers.winning_form_scraper | horse_names=['Run To Rio', 'Jazz Festival', 'Mister Nibbles', 'Radu', 'Power Star', 'Galaxy Explorer', "Kimball O'hara", 'Twilight Warrior', 'I Am Classy', 'Irish Anthem', 'Twocantango']
2026-08-06 11:40:04,751 | INFO | httpx | HTTP Request: GET https://legacy.winningform.co.za/KZN/2S260809_7.htm "HTTP/1.1 200 OK"
2026-08-06 11:40:04,829 | INFO | app.scrapers.winning_form_scraper | runner_table_used columns={'number': 0, 'name': 1, 'length_behind': 2, 'speed_index': 3, 'predicted_time': 4, 'merit': 5, 'weight': 6, 'draw': 7, 'jockey': 9, 'trainer': 10, 'previous_run': 12, 'time': 17} extracted=7 stated=7
2026-08-06 11:40:04,829 | INFO | app.scrapers.winning_form_scraper | race_parsed url=https://legacy.winningform.co.za/KZN/2S260809_7.htm venue=Hollywoodbets Scottsville Inner date=2026-08-09 race=7 stated=7 parsed=7
2026-08-06 11:40:04,830 | INFO | app.scrapers.winning_form_scraper | horse_names=['Scarlet Macaw', 'La Landonne', 'Miss Ladyaterix', 'Perilla', 'Limitless Sky', 'Lilac In Winter', 'Hierkommiebokkie']
2026-08-06 11:40:05,034 | INFO | httpx | HTTP Request: GET https://legacy.winningform.co.za/KZN/2S260809_8.htm "HTTP/1.1 200 OK"
2026-08-06 11:40:05,110 | INFO | app.scrapers.winning_form_scraper | runner_table_used columns={'number': 0, 'name': 1, 'length_behind': 2, 'speed_index': 3, 'predicted_time': 4, 'merit': 5, 'weight': 6, 'draw': 7, 'jockey': 9, 'trainer': 10, 'previous_run': 12, 'time': 17} extracted=12 stated=12
2026-08-06 11:40:05,110 | INFO | app.scrapers.winning_form_scraper | race_parsed url=https://legacy.winningform.co.za/KZN/2S260809_8.htm venue=Hollywoodbets Scottsville Outer date=2026-08-09 race=8 stated=12 parsed=12
2026-08-06 11:40:05,111 | INFO | app.scrapers.winning_form_scraper | horse_names=['Clair De Lune', 'Ruby Rising', 'Scarlet Starlet', 'Call Me Jane', 'Fascination', 'Arverni Princess', 'Captain Ventura', 'Vision To Achieve', 'Emerald Forge', 'Royal Crest', 'Durban Diamond', 'Grue Of Ice']
2026-08-06 11:40:05,161 | INFO | app.services.monitoring_service | monitoring_cycle_completed
2026-08-06 11:40:05,161 | INFO | app.main | application_started
2026-08-06 12:00:00,014 | INFO | apscheduler.executors.default | Running job "MonitoringService.run_cycle (trigger: cron[hour='0,6,12,18', minute='0'], next run at: 2026-08-06 18:00:00 SAST)" (scheduled at 2026-08-06 12:00:00+02:00)
2026-08-06 12:00:00,015 | INFO | app.services.monitoring_service | monitoring_cycle_started
2026-08-06 12:00:00,265 | INFO | httpx | HTTP Request: GET https://legacy.winningform.co.za "HTTP/1.1 200 OK"
2026-08-06 12:00:00,274 | INFO | app.scrapers.winning_form_scraper | fetch_index_frames=['https://legacy.winningform.co.za/guide.htm', 'https://legacy.winningform.co.za/cover.htm']
2026-08-06 12:00:00,381 | INFO | httpx | HTTP Request: GET https://legacy.winningform.co.za "HTTP/1.1 200 OK"
2026-08-06 12:00:00,506 | INFO | httpx | HTTP Request: GET https://legacy.winningform.co.za/guide.htm "HTTP/1.1 200 OK"
2026-08-06 12:00:00,632 | INFO | httpx | HTTP Request: GET https://legacy.winningform.co.za/cover.htm "HTTP/1.1 200 OK"
2026-08-06 12:00:00,745 | INFO | httpx | HTTP Request: GET https://legacy.winningform.co.za "HTTP/1.1 200 OK"
2026-08-06 12:00:00,859 | INFO | httpx | HTTP Request: GET https://legacy.winningform.co.za/guide.htm "HTTP/1.1 200 OK"
2026-08-06 12:00:00,979 | INFO | httpx | HTTP Request: GET https://legacy.winningform.co.za/cover.htm "HTTP/1.1 200 OK"
2026-08-06 12:00:01,001 | INFO | app.scrapers.winning_form_scraper | race_links_total=49
2026-08-06 12:00:01,002 | INFO | app.scrapers.winning_form_scraper | meetings_seen=['ecp-f260807', 'gau-p260810', 'gau-t260808', 'gau-v260806', 'kzn-d260807', 'kzn-s260809']
2026-08-06 12:00:01,134 | INFO | httpx | HTTP Request: GET https://legacy.winningform.co.za/GAU/2V260806_1.htm "HTTP/1.1 200 OK"
2026-08-06 12:00:01,228 | INFO | app.scrapers.winning_form_scraper | runner_table_used columns={'number': 0, 'name': 1, 'length_behind': 2, 'speed_index': 3, 'predicted_time': 4, 'merit': 5, 'weight': 6, 'draw': 7, 'jockey': 9, 'trainer': 10, 'previous_run': 12, 'time': 17} extracted=6 stated=6
2026-08-06 12:00:01,229 | INFO | app.scrapers.winning_form_scraper | race_parsed url=https://legacy.winningform.co.za/GAU/2V260806_1.htm venue=Vaal date=2026-08-06 race=1 stated=6 parsed=5
2026-08-06 12:00:01,229 | INFO | app.scrapers.winning_form_scraper | horse_names=['Battleground', 'Corrupt', 'Green Machine', 'Taxhaven', 'Bellerophon', 'Samuel Sharpe']
2026-08-06 12:00:01,441 | INFO | httpx | HTTP Request: GET https://legacy.winningform.co.za/GAU/2V260806_2.htm "HTTP/1.1 200 OK"
2026-08-06 12:00:01,551 | INFO | app.scrapers.winning_form_scraper | runner_table_used columns={'number': 0, 'name': 1, 'length_behind': 2, 'speed_index': 3, 'predicted_time': 4, 'merit': 5, 'weight': 6, 'draw': 7, 'jockey': 9, 'trainer': 10, 'previous_run': 12, 'time': 17} extracted=7 stated=7
2026-08-06 12:00:01,552 | INFO | app.scrapers.winning_form_scraper | race_parsed url=https://legacy.winningform.co.za/GAU/2V260806_2.htm venue=Vaal date=2026-08-06 race=2 stated=7 parsed=6
2026-08-06 12:00:01,552 | INFO | app.scrapers.winning_form_scraper | horse_names=['Jet Cat', 'Sergeant Soqrat', 'Bell Of Angelus', 'Oriental Bouquet', 'Phala Millions', 'Caladrius', 'Champagne Problems']
2026-08-06 12:00:01,760 | INFO | httpx | HTTP Request: GET https://legacy.winningform.co.za/GAU/2V260806_3.htm "HTTP/1.1 200 OK"
2026-08-06 12:00:02,036 | INFO | app.scrapers.winning_form_scraper | runner_table_used columns={'number': 0, 'name': 1, 'length_behind': 2, 'speed_index': 3, 'predicted_time': 4, 'merit': 5, 'weight': 6, 'draw': 7, 'jockey': 9, 'trainer': 10, 'previous_run': 12, 'time': 17} extracted=7 stated=7
2026-08-06 12:00:02,037 | INFO | app.scrapers.winning_form_scraper | race_parsed url=https://legacy.winningform.co.za/GAU/2V260806_3.htm venue=Vaal date=2026-08-06 race=3 stated=7 parsed=7
2026-08-06 12:00:02,037 | INFO | app.scrapers.winning_form_scraper | horse_names=['Wings Of Kildra', 'Ada Lovelace', 'Executrix', 'Magic Carpet Ride', 'Royal Horizon', 'Iconic Winter', 'Love Not War']
2026-08-06 12:00:02,245 | INFO | httpx | HTTP Request: GET https://legacy.winningform.co.za/GAU/2V260806_4.htm "HTTP/1.1 200 OK"
2026-08-06 12:00:02,370 | INFO | app.scrapers.winning_form_scraper | runner_table_used columns={'number': 0, 'name': 1, 'length_behind': 2, 'speed_index': 3, 'predicted_time': 4, 'merit': 5, 'weight': 6, 'draw': 7, 'jockey': 9, 'trainer': 10, 'previous_run': 12, 'time': 17} extracted=7 stated=7
2026-08-06 12:00:02,370 | INFO | app.scrapers.winning_form_scraper | race_parsed url=https://legacy.winningform.co.za/GAU/2V260806_4.htm venue=Vaal date=2026-08-06 race=4 stated=7 parsed=7
2026-08-06 12:00:02,371 | INFO | app.scrapers.winning_form_scraper | horse_names=['Winter Rainfall', 'Valieva', "She's All Mine", 'Jazz Pianist', 'Tempranillo', 'Versace Onthetrack', 'Slender Silhouette']
2026-08-06 12:00:02,609 | INFO | httpx | HTTP Request: GET https://legacy.winningform.co.za/GAU/2V260806_5.htm "HTTP/1.1 200 OK"
2026-08-06 12:00:02,731 | INFO | app.scrapers.winning_form_scraper | runner_table_used columns={'number': 0, 'name': 1, 'length_behind': 2, 'speed_index': 3, 'predicted_time': 4, 'merit': 5, 'weight': 6, 'draw': 7, 'jockey': 9, 'trainer': 10, 'previous_run': 12, 'time': 17} extracted=11 stated=11
2026-08-06 12:00:02,732 | INFO | app.scrapers.winning_form_scraper | race_parsed url=https://legacy.winningform.co.za/GAU/2V260806_5.htm venue=Vaal date=2026-08-06 race=5 stated=11 parsed=9
2026-08-06 12:00:02,733 | INFO | app.scrapers.winning_form_scraper | horse_names=['Wish You Were Here', 'Smoking Gun', 'A Roman Twist', "God's Country", 'Cool Gambler', "Ain't No Sunshine", 'Willow Charm', 'Levitator', 'Forever Canford', 'Lannyboy', 'Spirit Of The Sea']
2026-08-06 12:00:02,986 | INFO | httpx | HTTP Request: GET https://legacy.winningform.co.za/GAU/2V260806_6.htm "HTTP/1.1 200 OK"
2026-08-06 12:00:03,110 | INFO | app.scrapers.winning_form_scraper | runner_table_used columns={'number': 0, 'name': 1, 'length_behind': 2, 'speed_index': 3, 'predicted_time': 4, 'merit': 5, 'weight': 6, 'draw': 7, 'jockey': 9, 'trainer': 10, 'previous_run': 12, 'time': 17} extracted=8 stated=8
2026-08-06 12:00:03,111 | INFO | app.scrapers.winning_form_scraper | race_parsed url=https://legacy.winningform.co.za/GAU/2V260806_6.htm venue=Vaal date=2026-08-06 race=6 stated=8 parsed=7
2026-08-06 12:00:03,111 | INFO | app.scrapers.winning_form_scraper | horse_names=['Korcula', 'Epidaurus', 'Twelfth Of Never', 'Gus On The Bus', 'Comic Artist', 'Lanteri', 'Evening News', 'Forever Red']
2026-08-06 12:00:03,409 | INFO | httpx | HTTP Request: GET https://legacy.winningform.co.za/GAU/2V260806_7.htm "HTTP/1.1 200 OK"
2026-08-06 12:00:03,822 | INFO | app.scrapers.winning_form_scraper | runner_table_used columns={'number': 0, 'name': 1, 'length_behind': 2, 'speed_index': 3, 'predicted_time': 4, 'merit': 5, 'weight': 6, 'draw': 7, 'jockey': 9, 'trainer': 10, 'previous_run': 12, 'time': 17} extracted=13 stated=13
2026-08-06 12:00:03,823 | INFO | app.scrapers.winning_form_scraper | race_parsed url=https://legacy.winningform.co.za/GAU/2V260806_7.htm venue=Vaal date=2026-08-06 race=7 stated=13 parsed=13
2026-08-06 12:00:03,824 | INFO | app.scrapers.winning_form_scraper | horse_names=['Itsnowornever', 'Nuclear Force', 'Thoonsil', 'Party Punch', 'Hopscotch', 'Rosy Lemon', 'Cartagena', 'Arlington Action', 'Chabal', 'Repetition', 'Euphrates', 'Gold De Grace', 'Heroic Act']
2026-08-06 12:00:04,040 | INFO | httpx | HTTP Request: GET https://legacy.winningform.co.za/GAU/2V260806_8.htm "HTTP/1.1 200 OK"
2026-08-06 12:00:04,134 | INFO | app.scrapers.winning_form_scraper | runner_table_used columns={'number': 0, 'name': 1, 'length_behind': 2, 'speed_index': 3, 'predicted_time': 4, 'merit': 5, 'weight': 6, 'draw': 7, 'jockey': 9, 'trainer': 10, 'previous_run': 12, 'time': 17} extracted=10 stated=10
2026-08-06 12:00:04,135 | INFO | app.scrapers.winning_form_scraper | race_parsed url=https://legacy.winningform.co.za/GAU/2V260806_8.htm venue=Vaal date=2026-08-06 race=8 stated=10 parsed=8
2026-08-06 12:00:04,136 | INFO | app.scrapers.winning_form_scraper | horse_names=['Freestyle Dance', 'Wartrax Blaze', 'Elisa Mbali', 'One State', 'Campo Formio', 'Sword Of Light', 'Mega Awesome', 'Truro Legacy', 'Cuzzie', 'Noble Chiefdom']
2026-08-06 12:00:04,390 | INFO | httpx | HTTP Request: GET https://legacy.winningform.co.za/KZN/2D260807_1.htm "HTTP/1.1 200 OK"
2026-08-06 12:00:04,511 | INFO | app.scrapers.winning_form_scraper | runner_table_used columns={'number': 0, 'name': 1, 'length_behind': 2, 'speed_index': 3, 'predicted_time': 4, 'merit': 5, 'weight': 6, 'draw': 7, 'jockey': 9, 'trainer': 10, 'previous_run': 12, 'time': 17} extracted=14 stated=14
2026-08-06 12:00:04,511 | INFO | app.scrapers.winning_form_scraper | race_parsed url=https://legacy.winningform.co.za/KZN/2D260807_1.htm venue=Hollywoodbets Greyville date=2026-08-07 race=1 stated=14 parsed=14
2026-08-06 12:00:04,512 | INFO | app.scrapers.winning_form_scraper | horse_names=['Owner Of Creation', 'Skipper Zip', 'Yeah Baby', 'Simonis', "Hadrian's Wall", 'Golden Diadem', 'Prince Of Rabada', 'Goldsmith', 'Peace Sign', 'Thurloe Place', 'Cuba Libre', 'Flight Twenty One', 'Catch That Kid', 'Big Dipper']
2026-08-06 12:00:04,783 | INFO | httpx | HTTP Request: GET https://legacy.winningform.co.za/KZN/2D260807_2.htm "HTTP/1.1 200 OK"
2026-08-06 12:00:04,854 | INFO | app.scrapers.winning_form_scraper | runner_table_used columns={'number': 0, 'name': 1, 'length_behind': 2, 'speed_index': 3, 'predicted_time': 4, 'merit': 5, 'weight': 6, 'draw': 7, 'jockey': 9, 'trainer': 10, 'previous_run': 12, 'time': 17} extracted=8 stated=8
2026-08-06 12:00:04,854 | INFO | app.scrapers.winning_form_scraper | race_parsed url=https://legacy.winningform.co.za/KZN/2D260807_2.htm venue=Hollywoodbets Greyville date=2026-08-07 race=2 stated=8 parsed=8
2026-08-06 12:00:04,855 | INFO | app.scrapers.winning_form_scraper | horse_names=['Hazel Green', 'Tears Of The Sun', 'Queen Of Denmark', 'America First', 'Eastern Glow', "Loreley's Rock", 'Lagertha The Queen', 'Periwinkle']
2026-08-06 12:00:05,082 | INFO | httpx | HTTP Request: GET https://legacy.winningform.co.za/KZN/2D260807_3.htm "HTTP/1.1 200 OK"
2026-08-06 12:00:05,173 | INFO | app.scrapers.winning_form_scraper | runner_table_used columns={'number': 0, 'name': 1, 'length_behind': 2, 'speed_index': 3, 'predicted_time': 4, 'merit': 5, 'weight': 6, 'draw': 7, 'jockey': 9, 'trainer': 10, 'previous_run': 12, 'time': 17} extracted=7 stated=7
2026-08-06 12:00:05,173 | INFO | app.scrapers.winning_form_scraper | race_parsed url=https://legacy.winningform.co.za/KZN/2D260807_3.htm venue=Hollywoodbets Greyville date=2026-08-07 race=3 stated=7 parsed=7
2026-08-06 12:00:05,174 | INFO | app.scrapers.winning_form_scraper | horse_names=['Crimson Typhoon', 'Fire Force', 'Augrabies', 'Captive Prince', 'Lacryma Christi', 'Noctambulist', 'Chaos Queen']
2026-08-06 12:00:05,439 | INFO | httpx | HTTP Request: GET https://legacy.winningform.co.za/KZN/2D260807_4.htm "HTTP/1.1 200 OK"
2026-08-06 12:00:05,619 | INFO | app.scrapers.winning_form_scraper | runner_table_used columns={'number': 0, 'name': 1, 'length_behind': 2, 'speed_index': 3, 'predicted_time': 4, 'merit': 5, 'weight': 6, 'draw': 7, 'jockey': 9, 'trainer': 10, 'previous_run': 12, 'time': 17} extracted=13 stated=13
2026-08-06 12:00:05,620 | INFO | app.scrapers.winning_form_scraper | race_parsed url=https://legacy.winningform.co.za/KZN/2D260807_4.htm venue=Hollywoodbets Greyville date=2026-08-07 race=4 stated=13 parsed=13
2026-08-06 12:00:05,621 | INFO | app.scrapers.winning_form_scraper | horse_names=['Tunguska', 'High Queue', 'Zena Rose', 'The Mikado', 'Shiny Bob', 'No Pressure', 'Heavenly Mafia', 'Fast And Free', 'Day Two', 'Christmas Cactus', 'National Dream', 'Status', 'Reign On Impact']
2026-08-06 12:00:05,879 | INFO | httpx | HTTP Request: GET https://legacy.winningform.co.za/KZN/2D260807_5.htm "HTTP/1.1 200 OK"
2026-08-06 12:00:06,024 | INFO | app.scrapers.winning_form_scraper | runner_table_used columns={'number': 0, 'name': 1, 'length_behind': 2, 'speed_index': 3, 'predicted_time': 4, 'merit': 5, 'weight': 6, 'draw': 7, 'jockey': 9, 'trainer': 10, 'previous_run': 12, 'time': 17} extracted=9 stated=9
2026-08-06 12:00:06,024 | INFO | app.scrapers.winning_form_scraper | race_parsed url=https://legacy.winningform.co.za/KZN/2D260807_5.htm venue=Hollywoodbets Greyville date=2026-08-07 race=5 stated=9 parsed=9
2026-08-06 12:00:06,025 | INFO | app.scrapers.winning_form_scraper | horse_names=['Position Of Power', 'Thisiswhatitmeans', 'Teflon Man', 'Future Variety', 'Soho Star', 'Imposing', 'King Of The Gauls', 'Good Traveller', 'Narina Trogon']
2026-08-06 12:00:07,123 | INFO | httpx | HTTP Request: GET https://legacy.winningform.co.za/KZN/2D260807_6.htm "HTTP/1.1 200 OK"
2026-08-06 12:00:07,352 | INFO | app.scrapers.winning_form_scraper | runner_table_used columns={'number': 0, 'name': 1, 'length_behind': 2, 'speed_index': 3, 'predicted_time': 4, 'merit': 5, 'weight': 6, 'draw': 7, 'jockey': 9, 'trainer': 10, 'previous_run': 12, 'time': 17} extracted=11 stated=11
2026-08-06 12:00:07,353 | INFO | app.scrapers.winning_form_scraper | race_parsed url=https://legacy.winningform.co.za/KZN/2D260807_6.htm venue=Hollywoodbets Greyville date=2026-08-07 race=6 stated=11 parsed=11
2026-08-06 12:00:07,353 | INFO | app.scrapers.winning_form_scraper | horse_names=['Warrior Royale', 'Swiatek', "That's My Baby", 'Happy Fortune', 'Miss Twinkle', 'Sonic Jet', 'Gorgeous Girl', 'Warning Sound', 'Red Taffety', 'Drumnadrochit', 'Forward Motion']
2026-08-06 12:00:07,670 | INFO | httpx | HTTP Request: GET https://legacy.winningform.co.za/KZN/2D260807_7.htm "HTTP/1.1 200 OK"
2026-08-06 12:00:07,831 | INFO | app.scrapers.winning_form_scraper | runner_table_used columns={'number': 0, 'name': 1, 'length_behind': 2, 'speed_index': 3, 'predicted_time': 4, 'merit': 5, 'weight': 6, 'draw': 7, 'jockey': 9, 'trainer': 10, 'previous_run': 12, 'time': 17} extracted=10 stated=10
2026-08-06 12:00:07,831 | INFO | app.scrapers.winning_form_scraper | race_parsed url=https://legacy.winningform.co.za/KZN/2D260807_7.htm venue=Hollywoodbets Greyville date=2026-08-07 race=7 stated=10 parsed=10
2026-08-06 12:00:07,832 | INFO | app.scrapers.winning_form_scraper | horse_names=['Maphaka', 'Future Flo', 'Miss World', 'Ubukhwebezana', 'Street Outlaw', 'City Of Love', 'What A Fortune', 'African Skyline', 'Cowdray Park', 'Johnny Appleseed']
2026-08-06 12:00:08,246 | INFO | httpx | HTTP Request: GET https://legacy.winningform.co.za/KZN/2D260807_8.htm "HTTP/1.1 200 OK"
2026-08-06 12:00:08,411 | INFO | app.scrapers.winning_form_scraper | runner_table_used columns={'number': 0, 'name': 1, 'length_behind': 2, 'speed_index': 3, 'predicted_time': 4, 'merit': 5, 'weight': 6, 'draw': 7, 'jockey': 9, 'trainer': 10, 'previous_run': 12, 'time': 17} extracted=11 stated=11
2026-08-06 12:00:08,411 | INFO | app.scrapers.winning_form_scraper | race_parsed url=https://legacy.winningform.co.za/KZN/2D260807_8.htm venue=Hollywoodbets Greyville date=2026-08-07 race=8 stated=11 parsed=11
2026-08-06 12:00:08,412 | INFO | app.scrapers.winning_form_scraper | horse_names=['Next Of Kin', 'Mvelelo', "Tam's Knight", 'Mar Del Plata', 'Tobacconist', 'Blue Steel', 'Phutulicious', 'War Emperor', 'My Boy Lollipop', 'Steamy Windows', 'Zagreb']
2026-08-06 12:00:08,927 | INFO | httpx | HTTP Request: GET https://legacy.winningform.co.za/ECP/2F260807_1.htm "HTTP/1.1 200 OK"
2026-08-06 12:00:09,108 | INFO | app.scrapers.winning_form_scraper | runner_table_used columns={'number': 0, 'name': 1, 'length_behind': 2, 'speed_index': 3, 'predicted_time': 4, 'merit': 5, 'weight': 6, 'draw': 7, 'jockey': 9, 'trainer': 10, 'previous_run': 12, 'time': 17} extracted=10 stated=10
2026-08-06 12:00:09,108 | INFO | app.scrapers.winning_form_scraper | race_parsed url=https://legacy.winningform.co.za/ECP/2F260807_1.htm venue=Fairview date=2026-08-07 race=1 stated=10 parsed=10
2026-08-06 12:00:09,109 | INFO | app.scrapers.winning_form_scraper | horse_names=['Good Shine', 'Green Point', 'Crimson Clover', 'Takemetothemoon', 'Norse Warrior', 'Stone Of Scone', 'J Lordi', 'Blue Dame', 'Storm Burst', 'Golden Fifties']
2026-08-06 12:00:09,508 | INFO | httpx | HTTP Request: GET https://legacy.winningform.co.za/ECP/2F260807_2.htm "HTTP/1.1 200 OK"
2026-08-06 12:00:09,626 | INFO | app.scrapers.winning_form_scraper | runner_table_used columns={'number': 0, 'name': 1, 'length_behind': 2, 'speed_index': 3, 'predicted_time': 4, 'merit': 5, 'weight': 6, 'draw': 7, 'jockey': 9, 'trainer': 10, 'previous_run': 12, 'time': 17} extracted=10 stated=10
2026-08-06 12:00:09,627 | INFO | app.scrapers.winning_form_scraper | race_parsed url=https://legacy.winningform.co.za/ECP/2F260807_2.htm venue=Fairview date=2026-08-07 race=2 stated=10 parsed=10
2026-08-06 12:00:09,627 | INFO | app.scrapers.winning_form_scraper | horse_names=['Touch The Sword', 'Caughtubysurprise', 'Fonte', 'Kim Kay', 'Jewel Mule', 'Redlight Lane', 'Harpa', 'World Of Diamonds', 'Without Hesitation', 'Gallic Greeting']
2026-08-06 12:00:10,010 | INFO | httpx | HTTP Request: GET https://legacy.winningform.co.za/ECP/2F260807_3.htm "HTTP/1.1 200 OK"
2026-08-06 12:00:10,175 | INFO | app.scrapers.winning_form_scraper | runner_table_used columns={'number': 0, 'name': 1, 'length_behind': 2, 'speed_index': 3, 'predicted_time': 4, 'merit': 5, 'weight': 6, 'draw': 7, 'jockey': 9, 'trainer': 10, 'previous_run': 12, 'time': 17} extracted=9 stated=9
2026-08-06 12:00:10,175 | INFO | app.scrapers.winning_form_scraper | race_parsed url=https://legacy.winningform.co.za/ECP/2F260807_3.htm venue=Fairview date=2026-08-07 race=3 stated=9 parsed=9
2026-08-06 12:00:10,175 | INFO | app.scrapers.winning_form_scraper | horse_names=['Frequent Traveller', 'Secret Eruption', 'Witching Hour', 'Lady Limoncello', 'Lady Of Fate', 'Blue Crystal', 'Island Jewel', 'Burning Desire', 'Total Eruption']
2026-08-06 12:00:10,538 | INFO | httpx | HTTP Request: GET https://legacy.winningform.co.za/ECP/2F260807_4.htm "HTTP/1.1 200 OK"
2026-08-06 12:00:10,674 | INFO | app.scrapers.winning_form_scraper | runner_table_used columns={'number': 0, 'name': 1, 'length_behind': 2, 'speed_index': 3, 'predicted_time': 4, 'merit': 5, 'weight': 6, 'draw': 7, 'jockey': 9, 'trainer': 10, 'previous_run': 12, 'time': 17} extracted=9 stated=9
2026-08-06 12:00:10,674 | INFO | app.scrapers.winning_form_scraper | race_parsed url=https://legacy.winningform.co.za/ECP/2F260807_4.htm venue=Fairview date=2026-08-07 race=4 stated=9 parsed=9
2026-08-06 12:00:10,675 | INFO | app.scrapers.winning_form_scraper | horse_names=['Home Reef', 'Makhachev', 'Anatolian Silver', 'Global Ally', 'Richardthefearless', 'Wild Fig', 'Hollandia Bakkerij', 'Flight Display', 'Johnny Drama']
2026-08-06 12:00:11,028 | INFO | httpx | HTTP Request: GET https://legacy.winningform.co.za/ECP/2F260807_5.htm "HTTP/1.1 200 OK"
2026-08-06 12:00:11,241 | INFO | app.scrapers.winning_form_scraper | runner_table_used columns={'number': 0, 'name': 1, 'length_behind': 2, 'speed_index': 3, 'predicted_time': 4, 'merit': 5, 'weight': 6, 'draw': 7, 'jockey': 9, 'trainer': 10, 'previous_run': 12, 'time': 17} extracted=10 stated=10
2026-08-06 12:00:11,242 | INFO | app.scrapers.winning_form_scraper | race_parsed url=https://legacy.winningform.co.za/ECP/2F260807_5.htm venue=Fairview date=2026-08-07 race=5 stated=10 parsed=10
2026-08-06 12:00:11,242 | INFO | app.scrapers.winning_form_scraper | horse_names=['King Viserys', 'Cheerful Charlie B', 'Green Planet', 'Pedro', 'Lucky Chance', 'Givethatmanabells', 'Umami', 'Star Of Elena', 'Celtic Rush', 'Nautical Landing']
2026-08-06 12:00:11,705 | INFO | httpx | HTTP Request: GET https://legacy.winningform.co.za/ECP/2F260807_6.htm "HTTP/1.1 200 OK"
2026-08-06 12:00:12,013 | INFO | app.scrapers.winning_form_scraper | runner_table_used columns={'number': 0, 'name': 1, 'length_behind': 2, 'speed_index': 3, 'predicted_time': 4, 'merit': 5, 'weight': 6, 'draw': 7, 'jockey': 9, 'trainer': 10, 'previous_run': 12, 'time': 17} extracted=11 stated=11
2026-08-06 12:00:12,014 | INFO | app.scrapers.winning_form_scraper | race_parsed url=https://legacy.winningform.co.za/ECP/2F260807_6.htm venue=Fairview date=2026-08-07 race=6 stated=11 parsed=11
2026-08-06 12:00:12,014 | INFO | app.scrapers.winning_form_scraper | horse_names=['Basingstoke', 'Icy Lancaster', 'Japanese Garden', 'Midnight Music', 'Kilmonivaig', 'Queen Of Jazz', 'Power Of Tiger', 'Daffodil Delight', 'Timeline', 'Gutsy Baby', 'Princess Of Ajiaal']
2026-08-06 12:00:12,364 | INFO | httpx | HTTP Request: GET https://legacy.winningform.co.za/ECP/2F260807_7.htm "HTTP/1.1 200 OK"
2026-08-06 12:00:12,510 | INFO | app.scrapers.winning_form_scraper | runner_table_used columns={'number': 0, 'name': 1, 'length_behind': 2, 'speed_index': 3, 'predicted_time': 4, 'merit': 5, 'weight': 6, 'draw': 7, 'jockey': 9, 'trainer': 10, 'previous_run': 12, 'time': 17} extracted=10 stated=10
2026-08-06 12:00:12,511 | INFO | app.scrapers.winning_form_scraper | race_parsed url=https://legacy.winningform.co.za/ECP/2F260807_7.htm venue=Fairview date=2026-08-07 race=7 stated=10 parsed=10
2026-08-06 12:00:12,511 | INFO | app.scrapers.winning_form_scraper | horse_names=['Coastal Path', 'Stars In Heaven', 'Forest Spy', 'Masked Vigilante', 'Champonelle', 'Stokesy', 'Aquarius', 'Overture', 'Surge Of Power', 'Astronomical Boy']
2026-08-06 12:00:12,818 | INFO | httpx | HTTP Request: GET https://legacy.winningform.co.za/ECP/2F260807_8.htm "HTTP/1.1 200 OK"
2026-08-06 12:00:12,984 | INFO | app.scrapers.winning_form_scraper | runner_table_used columns={'number': 0, 'name': 1, 'length_behind': 2, 'speed_index': 3, 'predicted_time': 4, 'merit': 5, 'weight': 6, 'draw': 7, 'jockey': 9, 'trainer': 10, 'previous_run': 12, 'time': 17} extracted=11 stated=11
2026-08-06 12:00:12,985 | INFO | app.scrapers.winning_form_scraper | race_parsed url=https://legacy.winningform.co.za/ECP/2F260807_8.htm venue=Fairview date=2026-08-07 race=8 stated=11 parsed=11
2026-08-06 12:00:12,985 | INFO | app.scrapers.winning_form_scraper | horse_names=['Captain Clever', 'Free World', 'Cape Capri', 'Chief Runner', 'Piton De Neige', 'Wordsworth', 'In The Bag', 'Bumps Last Grind', 'King Rahul', 'Waltzing Doll', 'Truly Magical']
2026-08-06 12:00:13,327 | INFO | httpx | HTTP Request: GET https://legacy.winningform.co.za/GAU/2T260808_1.htm "HTTP/1.1 200 OK"
2026-08-06 12:00:13,454 | INFO | app.scrapers.winning_form_scraper | runner_table_used columns={'number': 0, 'name': 1, 'length_behind': 2, 'speed_index': 3, 'predicted_time': 4, 'merit': 5, 'weight': 6, 'draw': 7, 'jockey': 9, 'trainer': 10, 'previous_run': 12, 'time': 17} extracted=10 stated=10
2026-08-06 12:00:13,455 | INFO | app.scrapers.winning_form_scraper | race_parsed url=https://legacy.winningform.co.za/GAU/2T260808_1.htm venue=Turffontein date=2026-08-08 race=1 stated=10 parsed=10
2026-08-06 12:00:13,455 | INFO | app.scrapers.winning_form_scraper | horse_names=['Midnight Special', 'Platinum Shay', 'Elegant Edge', 'Surreal Song', "Meghan's Diamond", "Master's Lady", 'Charleston Dawn', 'Lazer Light', 'Moonface', 'Jessica Rabbit']
2026-08-06 12:00:13,832 | INFO | httpx | HTTP Request: GET https://legacy.winningform.co.za/GAU/2T260808_2.htm "HTTP/1.1 200 OK"
2026-08-06 12:00:13,901 | INFO | app.scrapers.winning_form_scraper | runner_table_used columns={'number': 0, 'name': 1, 'length_behind': 2, 'speed_index': 3, 'predicted_time': 4, 'merit': 5, 'weight': 6, 'draw': 7, 'jockey': 9, 'trainer': 10, 'previous_run': 12, 'time': 17} extracted=7 stated=7
2026-08-06 12:00:13,902 | INFO | app.scrapers.winning_form_scraper | race_parsed url=https://legacy.winningform.co.za/GAU/2T260808_2.htm venue=Turffontein date=2026-08-08 race=2 stated=7 parsed=7
2026-08-06 12:00:13,902 | INFO | app.scrapers.winning_form_scraper | horse_names=['Shining Sun', 'Royale Jacket', 'Be The One', 'Seventh Fleet', 'Moethemoneyman', 'From The Get Go', 'Mirum']
2026-08-06 12:00:14,363 | INFO | httpx | HTTP Request: GET https://legacy.winningform.co.za/GAU/2T260808_3.htm "HTTP/1.1 200 OK"
2026-08-06 12:00:14,477 | INFO | app.scrapers.winning_form_scraper | runner_table_used columns={'number': 0, 'name': 1, 'length_behind': 2, 'speed_index': 3, 'predicted_time': 4, 'merit': 5, 'weight': 6, 'draw': 7, 'jockey': 9, 'trainer': 10, 'previous_run': 12, 'time': 17} extracted=7 stated=7
2026-08-06 12:00:14,477 | INFO | app.scrapers.winning_form_scraper | race_parsed url=https://legacy.winningform.co.za/GAU/2T260808_3.htm venue=Turffontein date=2026-08-08 race=3 stated=7 parsed=7
2026-08-06 12:00:14,477 | INFO | app.scrapers.winning_form_scraper | horse_names=["Destiny's Dream", 'Empress Of Peace', 'Be All You Can Be', "Nicci's Law", 'Hot Choice', 'Nicolson Landing', 'Future Red']
2026-08-06 12:00:14,851 | INFO | httpx | HTTP Request: GET https://legacy.winningform.co.za/GAU/2T260808_4.htm "HTTP/1.1 200 OK"
2026-08-06 12:00:14,967 | INFO | app.scrapers.winning_form_scraper | runner_table_used columns={'number': 0, 'name': 1, 'length_behind': 2, 'speed_index': 3, 'predicted_time': 4, 'merit': 5, 'weight': 6, 'draw': 7, 'jockey': 9, 'trainer': 10, 'previous_run': 12, 'time': 17} extracted=7 stated=7
2026-08-06 12:00:14,968 | INFO | app.scrapers.winning_form_scraper | race_parsed url=https://legacy.winningform.co.za/GAU/2T260808_4.htm venue=Turffontein date=2026-08-08 race=4 stated=7 parsed=7
2026-08-06 12:00:14,968 | INFO | app.scrapers.winning_form_scraper | horse_names=["Fire 'n Flames", 'Palace Prince', 'Hotarubi', "King's Express", 'The Equator', 'Royal Invitation', 'Hawkbill']
2026-08-06 12:00:15,322 | INFO | httpx | HTTP Request: GET https://legacy.winningform.co.za/GAU/2T260808_5.htm "HTTP/1.1 200 OK"
2026-08-06 12:00:15,520 | INFO | app.scrapers.winning_form_scraper | runner_table_used columns={'number': 0, 'name': 1, 'length_behind': 2, 'speed_index': 3, 'predicted_time': 4, 'merit': 5, 'weight': 6, 'draw': 7, 'jockey': 9, 'trainer': 10, 'previous_run': 12, 'time': 17} extracted=11 stated=11
2026-08-06 12:00:15,521 | INFO | app.scrapers.winning_form_scraper | race_parsed url=https://legacy.winningform.co.za/GAU/2T260808_5.htm venue=Turffontein date=2026-08-08 race=5 stated=11 parsed=11
2026-08-06 12:00:15,521 | INFO | app.scrapers.winning_form_scraper | horse_names=['Max The Magician', 'Vibe Sa', 'Espinoza', 'Antonio Gaudi', 'Blizzard Snow', 'African Prince', "Dante's Bond", 'Richard The First', 'Titan Of The Turf', 'Famous Lady', 'Kudikaran']
2026-08-06 12:00:15,963 | INFO | httpx | HTTP Request: GET https://legacy.winningform.co.za/GAU/2T260808_6.htm "HTTP/1.1 200 OK"
2026-08-06 12:00:16,148 | INFO | app.scrapers.winning_form_scraper | runner_table_used columns={'number': 0, 'name': 1, 'length_behind': 2, 'speed_index': 3, 'predicted_time': 4, 'merit': 5, 'weight': 6, 'draw': 7, 'jockey': 9, 'trainer': 10, 'previous_run': 12, 'time': 17} extracted=8 stated=8
2026-08-06 12:00:16,148 | INFO | app.scrapers.winning_form_scraper | race_parsed url=https://legacy.winningform.co.za/GAU/2T260808_6.htm venue=Turffontein date=2026-08-08 race=6 stated=8 parsed=8
2026-08-06 12:00:16,149 | INFO | app.scrapers.winning_form_scraper | horse_names=['Eight Hats', 'Kortvandraad', 'Pretty Analia', 'Concordia', 'Secret Life', 'Mattiazo', "Master's Rose", 'Way To Burn']
2026-08-06 12:00:16,728 | INFO | httpx | HTTP Request: GET https://legacy.winningform.co.za/GAU/2T260808_7.htm "HTTP/1.1 200 OK"
2026-08-06 12:00:16,870 | INFO | app.scrapers.winning_form_scraper | runner_table_used columns={'number': 0, 'name': 1, 'length_behind': 2, 'speed_index': 3, 'predicted_time': 4, 'merit': 5, 'weight': 6, 'draw': 7, 'jockey': 9, 'trainer': 10, 'previous_run': 12, 'time': 17} extracted=9 stated=9
2026-08-06 12:00:16,870 | INFO | app.scrapers.winning_form_scraper | race_parsed url=https://legacy.winningform.co.za/GAU/2T260808_7.htm venue=Turffontein date=2026-08-08 race=7 stated=9 parsed=9
2026-08-06 12:00:16,871 | INFO | app.scrapers.winning_form_scraper | horse_names=['Gran Canaria', 'Olympian Gold', 'The Africa House', 'Ariovistus', 'Master Christmas', 'Trombolines', 'Oklahoma Smokeshow', 'Birthright', 'Texas Missile']
2026-08-06 12:00:17,127 | INFO | httpx | HTTP Request: GET https://legacy.winningform.co.za/GAU/2T260808_8.htm "HTTP/1.1 200 OK"
2026-08-06 12:00:17,300 | INFO | app.scrapers.winning_form_scraper | runner_table_used columns={'number': 0, 'name': 1, 'length_behind': 2, 'speed_index': 3, 'predicted_time': 4, 'merit': 5, 'weight': 6, 'draw': 7, 'jockey': 9, 'trainer': 10, 'previous_run': 12, 'time': 17} extracted=10 stated=10
2026-08-06 12:00:17,301 | INFO | app.scrapers.winning_form_scraper | race_parsed url=https://legacy.winningform.co.za/GAU/2T260808_8.htm venue=Turffontein date=2026-08-08 race=8 stated=10 parsed=10
2026-08-06 12:00:17,301 | INFO | app.scrapers.winning_form_scraper | horse_names=['American Beauty', 'Boom Boom', 'Sikeloi', 'Into Dancing', 'Pearl In Her Crown', 'Merryweather', 'Fire In Her Soul', 'Glamorous Lady', 'Hoc Est Vita', 'Lava Lamp']
2026-08-06 12:00:17,589 | INFO | httpx | HTTP Request: GET https://legacy.winningform.co.za/GAU/2T260808_9.htm "HTTP/1.1 200 OK"
2026-08-06 12:00:17,713 | INFO | app.scrapers.winning_form_scraper | runner_table_used columns={'number': 0, 'name': 1, 'length_behind': 2, 'speed_index': 3, 'predicted_time': 4, 'merit': 5, 'weight': 6, 'draw': 7, 'jockey': 9, 'trainer': 10, 'previous_run': 12, 'time': 17} extracted=8 stated=8
2026-08-06 12:00:17,713 | INFO | app.scrapers.winning_form_scraper | race_parsed url=https://legacy.winningform.co.za/GAU/2T260808_9.htm venue=Turffontein date=2026-08-08 race=9 stated=8 parsed=8
2026-08-06 12:00:17,713 | INFO | app.scrapers.winning_form_scraper | horse_names=['Zip Code', 'Bay Empire', "Can't Catch Me", 'Six Of All', 'Michael Faraday', 'Dondoyaki', 'Spy Story', 'Sail The Sky']
2026-08-06 12:00:17,967 | INFO | httpx | HTTP Request: GET https://legacy.winningform.co.za/KZN/2S260809_1.htm "HTTP/1.1 200 OK"
2026-08-06 12:00:18,032 | INFO | app.scrapers.winning_form_scraper | runner_table_used columns={'number': 0, 'name': 1, 'length_behind': 2, 'speed_index': 3, 'predicted_time': 4, 'merit': 5, 'weight': 6, 'draw': 7, 'jockey': 9, 'trainer': 10, 'previous_run': 12, 'time': 17} extracted=9 stated=9
2026-08-06 12:00:18,032 | INFO | app.scrapers.winning_form_scraper | race_parsed url=https://legacy.winningform.co.za/KZN/2S260809_1.htm venue=Hollywoodbets Scottsville Outer date=2026-08-09 race=1 stated=9 parsed=9
2026-08-06 12:00:18,033 | INFO | app.scrapers.winning_form_scraper | horse_names=['Tipperary', "Scott's Bar", 'Theodore Rooseveld', 'Praetorian Guard', 'Joy N Hope', 'Bicameral', 'Elusive Diamond', 'Maggiano', 'Grand Tour']
2026-08-06 12:00:18,330 | INFO | httpx | HTTP Request: GET https://legacy.winningform.co.za/KZN/2S260809_2.htm "HTTP/1.1 200 OK"
2026-08-06 12:00:18,396 | INFO | app.scrapers.winning_form_scraper | runner_table_used columns={'number': 0, 'name': 1, 'length_behind': 2, 'speed_index': 3, 'predicted_time': 4, 'merit': 5, 'weight': 6, 'draw': 7, 'jockey': 9, 'trainer': 10, 'previous_run': 12, 'time': 17} extracted=9 stated=9
2026-08-06 12:00:18,397 | INFO | app.scrapers.winning_form_scraper | race_parsed url=https://legacy.winningform.co.za/KZN/2S260809_2.htm venue=Hollywoodbets Scottsville Outer date=2026-08-09 race=2 stated=9 parsed=9
2026-08-06 12:00:18,397 | INFO | app.scrapers.winning_form_scraper | horse_names=["Rocco's Peace", 'Xiphos', 'Snow Warrior', 'Majestic Limpopo', 'Sebastiaan', 'Diaval', 'Gimme The Sun', 'Hello Handsome', 'Bello Gallico']
2026-08-06 12:00:18,760 | INFO | httpx | HTTP Request: GET https://legacy.winningform.co.za/KZN/2S260809_3.htm "HTTP/1.1 200 OK"
2026-08-06 12:00:18,865 | INFO | app.scrapers.winning_form_scraper | runner_table_used columns={'number': 0, 'name': 1, 'length_behind': 2, 'speed_index': 3, 'predicted_time': 4, 'merit': 5, 'weight': 6, 'draw': 7, 'jockey': 9, 'trainer': 10, 'previous_run': 12, 'time': 17} extracted=7 stated=7
2026-08-06 12:00:18,866 | INFO | app.scrapers.winning_form_scraper | race_parsed url=https://legacy.winningform.co.za/KZN/2S260809_3.htm venue=Hollywoodbets Scottsville Inner date=2026-08-09 race=3 stated=7 parsed=7
2026-08-06 12:00:18,866 | INFO | app.scrapers.winning_form_scraper | horse_names=['Vaans Spirit', 'Hop Hop Spinnekop', 'Gold Gold Baby', 'Heavenly Mafia', "Taylor's Version", 'Praise De La Rey', 'Princess Trippi']
2026-08-06 12:00:19,239 | INFO | httpx | HTTP Request: GET https://legacy.winningform.co.za/KZN/2S260809_4.htm "HTTP/1.1 200 OK"
2026-08-06 12:00:19,315 | INFO | app.scrapers.winning_form_scraper | runner_table_used columns={'number': 0, 'name': 1, 'length_behind': 2, 'speed_index': 3, 'predicted_time': 4, 'merit': 5, 'weight': 6, 'draw': 7, 'jockey': 9, 'trainer': 10, 'previous_run': 12, 'time': 17} extracted=8 stated=8
2026-08-06 12:00:19,316 | INFO | app.scrapers.winning_form_scraper | race_parsed url=https://legacy.winningform.co.za/KZN/2S260809_4.htm venue=Hollywoodbets Scottsville Inner date=2026-08-09 race=4 stated=8 parsed=8
2026-08-06 12:00:19,317 | INFO | app.scrapers.winning_form_scraper | horse_names=['Deonarie', 'Runthruthejungle', 'Judiciary', 'Dreadnought', 'Old Harry Rocks', 'Chakalaka', 'All About Me', 'Preux Chavalier']
2026-08-06 12:00:19,592 | INFO | httpx | HTTP Request: GET https://legacy.winningform.co.za/KZN/2S260809_5.htm "HTTP/1.1 200 OK"
2026-08-06 12:00:19,746 | INFO | app.scrapers.winning_form_scraper | runner_table_used columns={'number': 0, 'name': 1, 'length_behind': 2, 'speed_index': 3, 'predicted_time': 4, 'merit': 5, 'weight': 6, 'draw': 7, 'jockey': 9, 'trainer': 10, 'previous_run': 12, 'time': 17} extracted=8 stated=8
2026-08-06 12:00:19,746 | INFO | app.scrapers.winning_form_scraper | race_parsed url=https://legacy.winningform.co.za/KZN/2S260809_5.htm venue=Hollywoodbets Scottsville Inner date=2026-08-09 race=5 stated=8 parsed=8
2026-08-06 12:00:19,747 | INFO | app.scrapers.winning_form_scraper | horse_names=['Parisian Walkway', 'Powerandtheglory', 'Captain West', 'Cardinal Chief', 'Bruh', 'Bangladesh', 'Heal And Soul', 'Mr Fixit']
2026-08-06 12:00:20,075 | INFO | httpx | HTTP Request: GET https://legacy.winningform.co.za/KZN/2S260809_6.htm "HTTP/1.1 200 OK"
2026-08-06 12:00:20,401 | INFO | app.scrapers.winning_form_scraper | runner_table_used columns={'number': 0, 'name': 1, 'length_behind': 2, 'speed_index': 3, 'predicted_time': 4, 'merit': 5, 'weight': 6, 'draw': 7, 'jockey': 9, 'trainer': 10, 'previous_run': 12, 'time': 17} extracted=11 stated=11
2026-08-06 12:00:20,404 | INFO | app.scrapers.winning_form_scraper | race_parsed url=https://legacy.winningform.co.za/KZN/2S260809_6.htm venue=Hollywoodbets Scottsville Inner date=2026-08-09 race=6 stated=11 parsed=11
2026-08-06 12:00:20,404 | INFO | app.scrapers.winning_form_scraper | horse_names=['Run To Rio', 'Jazz Festival', 'Mister Nibbles', 'Radu', 'Power Star', 'Galaxy Explorer', "Kimball O'hara", 'Twilight Warrior', 'I Am Classy', 'Irish Anthem', 'Twocantango']
2026-08-06 12:00:21,171 | INFO | httpx | HTTP Request: GET https://legacy.winningform.co.za/KZN/2S260809_7.htm "HTTP/1.1 200 OK"
2026-08-06 12:00:21,281 | INFO | app.scrapers.winning_form_scraper | runner_table_used columns={'number': 0, 'name': 1, 'length_behind': 2, 'speed_index': 3, 'predicted_time': 4, 'merit': 5, 'weight': 6, 'draw': 7, 'jockey': 9, 'trainer': 10, 'previous_run': 12, 'time': 17} extracted=7 stated=7
2026-08-06 12:00:21,281 | INFO | app.scrapers.winning_form_scraper | race_parsed url=https://legacy.winningform.co.za/KZN/2S260809_7.htm venue=Hollywoodbets Scottsville Inner date=2026-08-09 race=7 stated=7 parsed=7
2026-08-06 12:00:21,281 | INFO | app.scrapers.winning_form_scraper | horse_names=['Scarlet Macaw', 'La Landonne', 'Miss Ladyaterix', 'Perilla', 'Limitless Sky', 'Lilac In Winter', 'Hierkommiebokkie']
2026-08-06 12:00:21,540 | INFO | httpx | HTTP Request: GET https://legacy.winningform.co.za/KZN/2S260809_8.htm "HTTP/1.1 200 OK"
2026-08-06 12:00:21,740 | INFO | app.scrapers.winning_form_scraper | runner_table_used columns={'number': 0, 'name': 1, 'length_behind': 2, 'speed_index': 3, 'predicted_time': 4, 'merit': 5, 'weight': 6, 'draw': 7, 'jockey': 9, 'trainer': 10, 'previous_run': 12, 'time': 17} extracted=12 stated=12
2026-08-06 12:00:21,741 | INFO | app.scrapers.winning_form_scraper | race_parsed url=https://legacy.winningform.co.za/KZN/2S260809_8.htm venue=Hollywoodbets Scottsville Outer date=2026-08-09 race=8 stated=12 parsed=12
2026-08-06 12:00:21,741 | INFO | app.scrapers.winning_form_scraper | horse_names=['Clair De Lune', 'Ruby Rising', 'Scarlet Starlet', 'Call Me Jane', 'Fascination', 'Arverni Princess', 'Captain Ventura', 'Vision To Achieve', 'Emerald Forge', 'Royal Crest', 'Durban Diamond', 'Grue Of Ice']
2026-08-06 12:00:22,071 | INFO | httpx | HTTP Request: GET https://legacy.winningform.co.za/GAU/2P260810_1.htm "HTTP/1.1 200 OK"
2026-08-06 12:00:22,302 | INFO | app.scrapers.winning_form_scraper | runner_table_used columns={'number': 0, 'name': 1, 'length_behind': 2, 'speed_index': 3, 'predicted_time': 4, 'merit': 5, 'weight': 6, 'draw': 7, 'jockey': 9, 'trainer': 10, 'previous_run': 12, 'time': 17} extracted=10 stated=10
2026-08-06 12:00:22,303 | INFO | app.scrapers.winning_form_scraper | race_parsed url=https://legacy.winningform.co.za/GAU/2P260810_1.htm venue=Fairview Polytrack date=2026-08-10 race=1 stated=10 parsed=10
2026-08-06 12:00:22,303 | INFO | app.scrapers.winning_form_scraper | horse_names=["Monkey's Wedding", 'Masterofthebaroque', 'Capranica', 'Dead Poets Society', 'Window To My Soul', 'Straight Red', 'Luca Da Wheels', 'Lyrics And Songs', 'Island Jewel', 'Fleet Return']
2026-08-06 12:00:22,500 | INFO | httpx | HTTP Request: GET https://legacy.winningform.co.za/GAU/2P260810_2.htm "HTTP/1.1 200 OK"
2026-08-06 12:00:22,627 | INFO | app.scrapers.winning_form_scraper | runner_table_used columns={'number': 0, 'name': 1, 'length_behind': 2, 'speed_index': 3, 'predicted_time': 4, 'merit': 5, 'weight': 6, 'draw': 7, 'jockey': 9, 'trainer': 10, 'previous_run': 12, 'time': 17} extracted=7 stated=7
2026-08-06 12:00:22,628 | INFO | app.scrapers.winning_form_scraper | race_parsed url=https://legacy.winningform.co.za/GAU/2P260810_2.htm venue=Fairview Polytrack date=2026-08-10 race=2 stated=7 parsed=7
2026-08-06 12:00:22,628 | INFO | app.scrapers.winning_form_scraper | horse_names=['Gimmethegold', 'Love From Afar', 'Xtines Princess', 'Apples And Tea', 'Makajima', 'Norse Warrior', 'Playmaker']
2026-08-06 12:00:22,851 | INFO | httpx | HTTP Request: GET https://legacy.winningform.co.za/GAU/2P260810_3.htm "HTTP/1.1 200 OK"
2026-08-06 12:00:22,940 | INFO | app.scrapers.winning_form_scraper | runner_table_used columns={'number': 0, 'name': 1, 'length_behind': 2, 'speed_index': 3, 'predicted_time': 4, 'merit': 5, 'weight': 6, 'draw': 7, 'jockey': 9, 'trainer': 10, 'previous_run': 12, 'time': 17} extracted=6 stated=6
2026-08-06 12:00:22,940 | INFO | app.scrapers.winning_form_scraper | race_parsed url=https://legacy.winningform.co.za/GAU/2P260810_3.htm venue=Fairview Polytrack date=2026-08-10 race=3 stated=6 parsed=6
2026-08-06 12:00:22,940 | INFO | app.scrapers.winning_form_scraper | horse_names=['Rhythm', 'Warrior Of Royalty', "Slash 'n Burn", 'Chocolate Bomb', 'Bumps Last Grind', 'Master Mtoto']
2026-08-06 12:00:23,136 | INFO | httpx | HTTP Request: GET https://legacy.winningform.co.za/GAU/2P260810_4.htm "HTTP/1.1 200 OK"
2026-08-06 12:00:23,252 | INFO | app.scrapers.winning_form_scraper | runner_table_used columns={'number': 0, 'name': 1, 'length_behind': 2, 'speed_index': 3, 'predicted_time': 4, 'merit': 5, 'weight': 6, 'draw': 7, 'jockey': 9, 'trainer': 10, 'previous_run': 12, 'time': 17} extracted=8 stated=8
2026-08-06 12:00:23,253 | INFO | app.scrapers.winning_form_scraper | race_parsed url=https://legacy.winningform.co.za/GAU/2P260810_4.htm venue=Fairview Polytrack date=2026-08-10 race=4 stated=8 parsed=8
2026-08-06 12:00:23,254 | INFO | app.scrapers.winning_form_scraper | horse_names=['Kings Again', 'Gorgeous Cape', 'Sports Fan', 'Sweet Julia', 'Roaming Spirit', 'Detailed Forecast', 'Gaslight Dancer', 'Windsor Silk']
2026-08-06 12:00:23,514 | INFO | httpx | HTTP Request: GET https://legacy.winningform.co.za/GAU/2P260810_5.htm "HTTP/1.1 200 OK"
2026-08-06 12:00:23,627 | INFO | app.scrapers.winning_form_scraper | runner_table_used columns={'number': 0, 'name': 1, 'length_behind': 2, 'speed_index': 3, 'predicted_time': 4, 'merit': 5, 'weight': 6, 'draw': 7, 'jockey': 9, 'trainer': 10, 'previous_run': 12, 'time': 17} extracted=8 stated=8
2026-08-06 12:00:23,628 | INFO | app.scrapers.winning_form_scraper | race_parsed url=https://legacy.winningform.co.za/GAU/2P260810_5.htm venue=Fairview Polytrack date=2026-08-10 race=5 stated=8 parsed=8
2026-08-06 12:00:23,628 | INFO | app.scrapers.winning_form_scraper | horse_names=['Spirit Of Nical', 'Tp Thunderchild', "You're My Angel", 'Rare Earth', 'Looking Good', 'Queen Of Castille', 'Jazz Away', 'Love You Lots']
2026-08-06 12:00:23,900 | INFO | httpx | HTTP Request: GET https://legacy.winningform.co.za/GAU/2P260810_6.htm "HTTP/1.1 200 OK"
2026-08-06 12:00:24,041 | INFO | app.scrapers.winning_form_scraper | runner_table_used columns={'number': 0, 'name': 1, 'length_behind': 2, 'speed_index': 3, 'predicted_time': 4, 'merit': 5, 'weight': 6, 'draw': 7, 'jockey': 9, 'trainer': 10, 'previous_run': 12, 'time': 17} extracted=9 stated=9
2026-08-06 12:00:24,041 | INFO | app.scrapers.winning_form_scraper | race_parsed url=https://legacy.winningform.co.za/GAU/2P260810_6.htm venue=Fairview Polytrack date=2026-08-10 race=6 stated=9 parsed=9
2026-08-06 12:00:24,042 | INFO | app.scrapers.winning_form_scraper | horse_names=['El Capitan', "Honorine's Gimmie", 'Notorix', 'Diablo', 'Charlie Malone', 'Eugenius', 'Ayuwi Yuwi', "Clara Lume'", 'Clairwood Rose']
2026-08-06 12:00:24,296 | INFO | httpx | HTTP Request: GET https://legacy.winningform.co.za/GAU/2P260810_7.htm "HTTP/1.1 200 OK"
2026-08-06 12:00:24,444 | INFO | app.scrapers.winning_form_scraper | runner_table_used columns={'number': 0, 'name': 1, 'length_behind': 2, 'speed_index': 3, 'predicted_time': 4, 'merit': 5, 'weight': 6, 'draw': 7, 'jockey': 9, 'trainer': 10, 'previous_run': 12, 'time': 17} extracted=8 stated=8
2026-08-06 12:00:24,446 | INFO | app.scrapers.winning_form_scraper | race_parsed url=https://legacy.winningform.co.za/GAU/2P260810_7.htm venue=Fairview Polytrack date=2026-08-10 race=7 stated=8 parsed=8
2026-08-06 12:00:24,446 | INFO | app.scrapers.winning_form_scraper | horse_names=['Kleinzee', 'Royal Missy', 'Silvonian', 'Honorable Member', 'George Handel', 'Ingqwele', 'Royal City Girl', 'Terminator']
2026-08-06 12:00:24,654 | INFO | httpx | HTTP Request: GET https://legacy.winningform.co.za/GAU/2P260810_8.htm "HTTP/1.1 200 OK"
2026-08-06 12:00:24,843 | INFO | app.scrapers.winning_form_scraper | runner_table_used columns={'number': 0, 'name': 1, 'length_behind': 2, 'speed_index': 3, 'predicted_time': 4, 'merit': 5, 'weight': 6, 'draw': 7, 'jockey': 9, 'trainer': 10, 'previous_run': 12, 'time': 17} extracted=13 stated=13
2026-08-06 12:00:24,844 | INFO | app.scrapers.winning_form_scraper | race_parsed url=https://legacy.winningform.co.za/GAU/2P260810_8.htm venue=Fairview Polytrack date=2026-08-10 race=8 stated=13 parsed=13
2026-08-06 12:00:24,844 | INFO | app.scrapers.winning_form_scraper | horse_names=['Past And Present', 'Supreme Judge', 'El Romiachi', 'Amanzimtexas', 'Hospices De Beaune', 'Blue Palace', 'Fantine', 'Sabrage', 'King Rahul', 'Northern Kitten', 'Gimme The Truth', 'Greek Heiress', 'Dream Decision']
2026-08-06 12:00:24,939 | INFO | app.services.monitoring_service | monitoring_cycle_completed
2026-08-06 12:00:24,939 | INFO | apscheduler.executors.default | Job "MonitoringService.run_cycle (trigger: cron[hour='0,6,12,18', minute='0'], next run at: 2026-08-06 18:00:00 SAST)" executed successfully
2026-08-06 12:27:42,510 | INFO | apscheduler.scheduler | Adding job tentatively -- it will be properly scheduled when the scheduler starts
2026-08-06 12:27:42,512 | INFO | apscheduler.scheduler | Added job "MonitoringService.run_cycle" to job store "default"
2026-08-06 12:27:42,512 | INFO | apscheduler.scheduler | Scheduler started
2026-08-06 12:27:42,512 | INFO | app.services.monitoring_service | monitoring_cycle_started
2026-08-06 12:27:42,823 | INFO | httpx | HTTP Request: GET https://legacy.winningform.co.za "HTTP/1.1 200 OK"
2026-08-06 12:27:42,829 | INFO | app.scrapers.winning_form_scraper | fetch_index_frames=['https://legacy.winningform.co.za/guide.htm', 'https://legacy.winningform.co.za/cover.htm']
2026-08-06 12:27:42,946 | INFO | httpx | HTTP Request: GET https://legacy.winningform.co.za "HTTP/1.1 200 OK"
2026-08-06 12:27:43,073 | INFO | httpx | HTTP Request: GET https://legacy.winningform.co.za/guide.htm "HTTP/1.1 200 OK"
2026-08-06 12:27:43,178 | INFO | httpx | HTTP Request: GET https://legacy.winningform.co.za/cover.htm "HTTP/1.1 200 OK"
2026-08-06 12:27:43,276 | INFO | httpx | HTTP Request: GET https://legacy.winningform.co.za "HTTP/1.1 200 OK"
2026-08-06 12:27:43,378 | INFO | httpx | HTTP Request: GET https://legacy.winningform.co.za/guide.htm "HTTP/1.1 200 OK"
2026-08-06 12:27:43,481 | INFO | httpx | HTTP Request: GET https://legacy.winningform.co.za/cover.htm "HTTP/1.1 200 OK"
2026-08-06 12:27:43,489 | INFO | app.scrapers.winning_form_scraper | race_links_total=49
2026-08-06 12:27:43,490 | INFO | app.scrapers.winning_form_scraper | meetings_seen=['ecp-f260807', 'gau-p260810', 'gau-t260808', 'gau-v260806', 'kzn-d260807', 'kzn-s260809']
2026-08-06 12:27:43,647 | INFO | httpx | HTTP Request: GET https://legacy.winningform.co.za/GAU/2V260806_1.htm "HTTP/1.1 200 OK"
2026-08-06 12:27:43,716 | INFO | app.scrapers.winning_form_scraper | runner_table_used columns={'number': 0, 'name': 1, 'length_behind': 2, 'speed_index': 3, 'predicted_time': 4, 'merit': 5, 'weight': 6, 'draw': 7, 'jockey': 9, 'trainer': 10, 'previous_run': 12, 'time': 17} extracted=6 stated=6
2026-08-06 12:27:43,716 | INFO | app.scrapers.winning_form_scraper | race_parsed url=https://legacy.winningform.co.za/GAU/2V260806_1.htm venue=Vaal date=2026-08-06 race=1 stated=6 parsed=5
2026-08-06 12:27:43,716 | INFO | app.scrapers.winning_form_scraper | horse_names=['Battleground', 'Corrupt', 'Green Machine', 'Taxhaven', 'Bellerophon', 'Samuel Sharpe']
2026-08-06 12:27:43,880 | INFO | httpx | HTTP Request: GET https://legacy.winningform.co.za/GAU/2V260806_2.htm "HTTP/1.1 200 OK"
2026-08-06 12:27:43,944 | INFO | app.scrapers.winning_form_scraper | runner_table_used columns={'number': 0, 'name': 1, 'length_behind': 2, 'speed_index': 3, 'predicted_time': 4, 'merit': 5, 'weight': 6, 'draw': 7, 'jockey': 9, 'trainer': 10, 'previous_run': 12, 'time': 17} extracted=7 stated=7
2026-08-06 12:27:43,945 | INFO | app.scrapers.winning_form_scraper | race_parsed url=https://legacy.winningform.co.za/GAU/2V260806_2.htm venue=Vaal date=2026-08-06 race=2 stated=7 parsed=6
2026-08-06 12:27:43,945 | INFO | app.scrapers.winning_form_scraper | horse_names=['Jet Cat', 'Sergeant Soqrat', 'Bell Of Angelus', 'Oriental Bouquet', 'Phala Millions', 'Caladrius', 'Champagne Problems']
2026-08-06 12:27:44,104 | INFO | httpx | HTTP Request: GET https://legacy.winningform.co.za/GAU/2V260806_3.htm "HTTP/1.1 200 OK"
2026-08-06 12:27:44,158 | INFO | app.scrapers.winning_form_scraper | runner_table_used columns={'number': 0, 'name': 1, 'length_behind': 2, 'speed_index': 3, 'predicted_time': 4, 'merit': 5, 'weight': 6, 'draw': 7, 'jockey': 9, 'trainer': 10, 'previous_run': 12, 'time': 17} extracted=7 stated=7
2026-08-06 12:27:44,159 | INFO | app.scrapers.winning_form_scraper | race_parsed url=https://legacy.winningform.co.za/GAU/2V260806_3.htm venue=Vaal date=2026-08-06 race=3 stated=7 parsed=7
2026-08-06 12:27:44,159 | INFO | app.scrapers.winning_form_scraper | horse_names=['Wings Of Kildra', 'Ada Lovelace', 'Executrix', 'Magic Carpet Ride', 'Royal Horizon', 'Iconic Winter', 'Love Not War']
2026-08-06 12:27:44,321 | INFO | httpx | HTTP Request: GET https://legacy.winningform.co.za/GAU/2V260806_4.htm "HTTP/1.1 200 OK"
2026-08-06 12:27:44,444 | INFO | app.scrapers.winning_form_scraper | runner_table_used columns={'number': 0, 'name': 1, 'length_behind': 2, 'speed_index': 3, 'predicted_time': 4, 'merit': 5, 'weight': 6, 'draw': 7, 'jockey': 9, 'trainer': 10, 'previous_run': 12, 'time': 17} extracted=7 stated=7
2026-08-06 12:27:44,444 | INFO | app.scrapers.winning_form_scraper | race_parsed url=https://legacy.winningform.co.za/GAU/2V260806_4.htm venue=Vaal date=2026-08-06 race=4 stated=7 parsed=7
2026-08-06 12:27:44,445 | INFO | app.scrapers.winning_form_scraper | horse_names=['Winter Rainfall', 'Valieva', "She's All Mine", 'Jazz Pianist', 'Tempranillo', 'Versace Onthetrack', 'Slender Silhouette']
2026-08-06 12:27:44,606 | INFO | httpx | HTTP Request: GET https://legacy.winningform.co.za/GAU/2V260806_5.htm "HTTP/1.1 200 OK"
2026-08-06 12:27:44,666 | INFO | app.scrapers.winning_form_scraper | runner_table_used columns={'number': 0, 'name': 1, 'length_behind': 2, 'speed_index': 3, 'predicted_time': 4, 'merit': 5, 'weight': 6, 'draw': 7, 'jockey': 9, 'trainer': 10, 'previous_run': 12, 'time': 17} extracted=11 stated=11
2026-08-06 12:27:44,667 | INFO | app.scrapers.winning_form_scraper | race_parsed url=https://legacy.winningform.co.za/GAU/2V260806_5.htm venue=Vaal date=2026-08-06 race=5 stated=11 parsed=9
2026-08-06 12:27:44,667 | INFO | app.scrapers.winning_form_scraper | horse_names=['Wish You Were Here', 'Smoking Gun', 'A Roman Twist', "God's Country", 'Cool Gambler', "Ain't No Sunshine", 'Willow Charm', 'Levitator', 'Forever Canford', 'Lannyboy', 'Spirit Of The Sea']
2026-08-06 12:27:44,824 | INFO | httpx | HTTP Request: GET https://legacy.winningform.co.za/GAU/2V260806_6.htm "HTTP/1.1 200 OK"
2026-08-06 12:27:44,878 | INFO | app.scrapers.winning_form_scraper | runner_table_used columns={'number': 0, 'name': 1, 'length_behind': 2, 'speed_index': 3, 'predicted_time': 4, 'merit': 5, 'weight': 6, 'draw': 7, 'jockey': 9, 'trainer': 10, 'previous_run': 12, 'time': 17} extracted=8 stated=8
2026-08-06 12:27:44,878 | INFO | app.scrapers.winning_form_scraper | race_parsed url=https://legacy.winningform.co.za/GAU/2V260806_6.htm venue=Vaal date=2026-08-06 race=6 stated=8 parsed=7
2026-08-06 12:27:44,878 | INFO | app.scrapers.winning_form_scraper | horse_names=['Korcula', 'Epidaurus', 'Twelfth Of Never', 'Gus On The Bus', 'Comic Artist', 'Lanteri', 'Evening News', 'Forever Red']
2026-08-06 12:27:45,074 | INFO | httpx | HTTP Request: GET https://legacy.winningform.co.za/GAU/2V260806_7.htm "HTTP/1.1 200 OK"
2026-08-06 12:27:45,165 | INFO | app.scrapers.winning_form_scraper | runner_table_used columns={'number': 0, 'name': 1, 'length_behind': 2, 'speed_index': 3, 'predicted_time': 4, 'merit': 5, 'weight': 6, 'draw': 7, 'jockey': 9, 'trainer': 10, 'previous_run': 12, 'time': 17} extracted=13 stated=13
2026-08-06 12:27:45,165 | INFO | app.scrapers.winning_form_scraper | race_parsed url=https://legacy.winningform.co.za/GAU/2V260806_7.htm venue=Vaal date=2026-08-06 race=7 stated=13 parsed=13
2026-08-06 12:27:45,165 | INFO | app.scrapers.winning_form_scraper | horse_names=['Itsnowornever', 'Nuclear Force', 'Thoonsil', 'Party Punch', 'Hopscotch', 'Rosy Lemon', 'Cartagena', 'Arlington Action', 'Chabal', 'Repetition', 'Euphrates', 'Gold De Grace', 'Heroic Act']
2026-08-06 12:27:45,334 | INFO | httpx | HTTP Request: GET https://legacy.winningform.co.za/GAU/2V260806_8.htm "HTTP/1.1 200 OK"
2026-08-06 12:27:45,420 | INFO | app.scrapers.winning_form_scraper | runner_table_used columns={'number': 0, 'name': 1, 'length_behind': 2, 'speed_index': 3, 'predicted_time': 4, 'merit': 5, 'weight': 6, 'draw': 7, 'jockey': 9, 'trainer': 10, 'previous_run': 12, 'time': 17} extracted=10 stated=10
2026-08-06 12:27:45,420 | INFO | app.scrapers.winning_form_scraper | race_parsed url=https://legacy.winningform.co.za/GAU/2V260806_8.htm venue=Vaal date=2026-08-06 race=8 stated=10 parsed=8
2026-08-06 12:27:45,421 | INFO | app.scrapers.winning_form_scraper | horse_names=['Freestyle Dance', 'Wartrax Blaze', 'Elisa Mbali', 'One State', 'Campo Formio', 'Sword Of Light', 'Mega Awesome', 'Truro Legacy', 'Cuzzie', 'Noble Chiefdom']
2026-08-06 12:27:45,614 | INFO | httpx | HTTP Request: GET https://legacy.winningform.co.za/KZN/2D260807_1.htm "HTTP/1.1 200 OK"
2026-08-06 12:27:45,659 | INFO | app.scrapers.winning_form_scraper | runner_table_used columns={'number': 0, 'name': 1, 'length_behind': 2, 'speed_index': 3, 'predicted_time': 4, 'merit': 5, 'weight': 6, 'draw': 7, 'jockey': 9, 'trainer': 10, 'previous_run': 12, 'time': 17} extracted=14 stated=14
2026-08-06 12:27:45,659 | INFO | app.scrapers.winning_form_scraper | race_parsed url=https://legacy.winningform.co.za/KZN/2D260807_1.htm venue=Hollywoodbets Greyville date=2026-08-07 race=1 stated=14 parsed=14
2026-08-06 12:27:45,660 | INFO | app.scrapers.winning_form_scraper | horse_names=['Owner Of Creation', 'Skipper Zip', 'Yeah Baby', 'Simonis', "Hadrian's Wall", 'Golden Diadem', 'Prince Of Rabada', 'Goldsmith', 'Peace Sign', 'Thurloe Place', 'Cuba Libre', 'Flight Twenty One', 'Catch That Kid', 'Big Dipper']
2026-08-06 12:27:45,823 | INFO | httpx | HTTP Request: GET https://legacy.winningform.co.za/KZN/2D260807_2.htm "HTTP/1.1 200 OK"
2026-08-06 12:27:45,859 | INFO | app.scrapers.winning_form_scraper | runner_table_used columns={'number': 0, 'name': 1, 'length_behind': 2, 'speed_index': 3, 'predicted_time': 4, 'merit': 5, 'weight': 6, 'draw': 7, 'jockey': 9, 'trainer': 10, 'previous_run': 12, 'time': 17} extracted=8 stated=8
2026-08-06 12:27:45,859 | INFO | app.scrapers.winning_form_scraper | race_parsed url=https://legacy.winningform.co.za/KZN/2D260807_2.htm venue=Hollywoodbets Greyville date=2026-08-07 race=2 stated=8 parsed=8
2026-08-06 12:27:45,859 | INFO | app.scrapers.winning_form_scraper | horse_names=['Hazel Green', 'Tears Of The Sun', 'Queen Of Denmark', 'America First', 'Eastern Glow', "Loreley's Rock", 'Lagertha The Queen', 'Periwinkle']
2026-08-06 12:27:46,066 | INFO | httpx | HTTP Request: GET https://legacy.winningform.co.za/KZN/2D260807_3.htm "HTTP/1.1 200 OK"
2026-08-06 12:27:46,115 | INFO | app.scrapers.winning_form_scraper | runner_table_used columns={'number': 0, 'name': 1, 'length_behind': 2, 'speed_index': 3, 'predicted_time': 4, 'merit': 5, 'weight': 6, 'draw': 7, 'jockey': 9, 'trainer': 10, 'previous_run': 12, 'time': 17} extracted=7 stated=7
2026-08-06 12:27:46,115 | INFO | app.scrapers.winning_form_scraper | race_parsed url=https://legacy.winningform.co.za/KZN/2D260807_3.htm venue=Hollywoodbets Greyville date=2026-08-07 race=3 stated=7 parsed=7
2026-08-06 12:27:46,116 | INFO | app.scrapers.winning_form_scraper | horse_names=['Crimson Typhoon', 'Fire Force', 'Augrabies', 'Captive Prince', 'Lacryma Christi', 'Noctambulist', 'Chaos Queen']
2026-08-06 12:27:46,327 | INFO | httpx | HTTP Request: GET https://legacy.winningform.co.za/KZN/2D260807_4.htm "HTTP/1.1 200 OK"
2026-08-06 12:27:46,417 | INFO | app.scrapers.winning_form_scraper | runner_table_used columns={'number': 0, 'name': 1, 'length_behind': 2, 'speed_index': 3, 'predicted_time': 4, 'merit': 5, 'weight': 6, 'draw': 7, 'jockey': 9, 'trainer': 10, 'previous_run': 12, 'time': 17} extracted=13 stated=13
2026-08-06 12:27:46,418 | INFO | app.scrapers.winning_form_scraper | race_parsed url=https://legacy.winningform.co.za/KZN/2D260807_4.htm venue=Hollywoodbets Greyville date=2026-08-07 race=4 stated=13 parsed=13
2026-08-06 12:27:46,418 | INFO | app.scrapers.winning_form_scraper | horse_names=['Tunguska', 'High Queue', 'Zena Rose', 'The Mikado', 'Shiny Bob', 'No Pressure', 'Heavenly Mafia', 'Fast And Free', 'Day Two', 'Christmas Cactus', 'National Dream', 'Status', 'Reign On Impact']
2026-08-06 12:27:46,591 | INFO | httpx | HTTP Request: GET https://legacy.winningform.co.za/KZN/2D260807_5.htm "HTTP/1.1 200 OK"
2026-08-06 12:27:46,653 | INFO | app.scrapers.winning_form_scraper | runner_table_used columns={'number': 0, 'name': 1, 'length_behind': 2, 'speed_index': 3, 'predicted_time': 4, 'merit': 5, 'weight': 6, 'draw': 7, 'jockey': 9, 'trainer': 10, 'previous_run': 12, 'time': 17} extracted=9 stated=9
2026-08-06 12:27:46,653 | INFO | app.scrapers.winning_form_scraper | race_parsed url=https://legacy.winningform.co.za/KZN/2D260807_5.htm venue=Hollywoodbets Greyville date=2026-08-07 race=5 stated=9 parsed=9
2026-08-06 12:27:46,654 | INFO | app.scrapers.winning_form_scraper | horse_names=['Position Of Power', 'Thisiswhatitmeans', 'Teflon Man', 'Future Variety', 'Soho Star', 'Imposing', 'King Of The Gauls', 'Good Traveller', 'Narina Trogon']
2026-08-06 12:27:46,840 | INFO | httpx | HTTP Request: GET https://legacy.winningform.co.za/KZN/2D260807_6.htm "HTTP/1.1 200 OK"
2026-08-06 12:27:46,908 | INFO | app.scrapers.winning_form_scraper | runner_table_used columns={'number': 0, 'name': 1, 'length_behind': 2, 'speed_index': 3, 'predicted_time': 4, 'merit': 5, 'weight': 6, 'draw': 7, 'jockey': 9, 'trainer': 10, 'previous_run': 12, 'time': 17} extracted=11 stated=11
2026-08-06 12:27:46,908 | INFO | app.scrapers.winning_form_scraper | race_parsed url=https://legacy.winningform.co.za/KZN/2D260807_6.htm venue=Hollywoodbets Greyville date=2026-08-07 race=6 stated=11 parsed=11
2026-08-06 12:27:46,908 | INFO | app.scrapers.winning_form_scraper | horse_names=['Warrior Royale', 'Swiatek', "That's My Baby", 'Happy Fortune', 'Miss Twinkle', 'Sonic Jet', 'Gorgeous Girl', 'Warning Sound', 'Red Taffety', 'Drumnadrochit', 'Forward Motion']
2026-08-06 12:27:47,080 | INFO | httpx | HTTP Request: GET https://legacy.winningform.co.za/KZN/2D260807_7.htm "HTTP/1.1 200 OK"
2026-08-06 12:27:47,272 | INFO | app.scrapers.winning_form_scraper | runner_table_used columns={'number': 0, 'name': 1, 'length_behind': 2, 'speed_index': 3, 'predicted_time': 4, 'merit': 5, 'weight': 6, 'draw': 7, 'jockey': 9, 'trainer': 10, 'previous_run': 12, 'time': 17} extracted=10 stated=10
2026-08-06 12:27:47,273 | INFO | app.scrapers.winning_form_scraper | race_parsed url=https://legacy.winningform.co.za/KZN/2D260807_7.htm venue=Hollywoodbets Greyville date=2026-08-07 race=7 stated=10 parsed=10
2026-08-06 12:27:47,273 | INFO | app.scrapers.winning_form_scraper | horse_names=['Maphaka', 'Future Flo', 'Miss World', 'Ubukhwebezana', 'Street Outlaw', 'City Of Love', 'What A Fortune', 'African Skyline', 'Cowdray Park', 'Johnny Appleseed']
2026-08-06 12:27:47,468 | INFO | httpx | HTTP Request: GET https://legacy.winningform.co.za/KZN/2D260807_8.htm "HTTP/1.1 200 OK"
2026-08-06 12:27:47,541 | INFO | app.scrapers.winning_form_scraper | runner_table_used columns={'number': 0, 'name': 1, 'length_behind': 2, 'speed_index': 3, 'predicted_time': 4, 'merit': 5, 'weight': 6, 'draw': 7, 'jockey': 9, 'trainer': 10, 'previous_run': 12, 'time': 17} extracted=11 stated=11
2026-08-06 12:27:47,542 | INFO | app.scrapers.winning_form_scraper | race_parsed url=https://legacy.winningform.co.za/KZN/2D260807_8.htm venue=Hollywoodbets Greyville date=2026-08-07 race=8 stated=11 parsed=11
2026-08-06 12:27:47,542 | INFO | app.scrapers.winning_form_scraper | horse_names=['Next Of Kin', 'Mvelelo', "Tam's Knight", 'Mar Del Plata', 'Tobacconist', 'Blue Steel', 'Phutulicious', 'War Emperor', 'My Boy Lollipop', 'Steamy Windows', 'Zagreb']
2026-08-06 12:27:47,700 | INFO | httpx | HTTP Request: GET https://legacy.winningform.co.za/ECP/2F260807_1.htm "HTTP/1.1 200 OK"
2026-08-06 12:27:47,750 | INFO | app.scrapers.winning_form_scraper | runner_table_used columns={'number': 0, 'name': 1, 'length_behind': 2, 'speed_index': 3, 'predicted_time': 4, 'merit': 5, 'weight': 6, 'draw': 7, 'jockey': 9, 'trainer': 10, 'previous_run': 12, 'time': 17} extracted=10 stated=10
2026-08-06 12:27:47,751 | INFO | app.scrapers.winning_form_scraper | race_parsed url=https://legacy.winningform.co.za/ECP/2F260807_1.htm venue=Fairview date=2026-08-07 race=1 stated=10 parsed=10
2026-08-06 12:27:47,751 | INFO | app.scrapers.winning_form_scraper | horse_names=['Good Shine', 'Green Point', 'Crimson Clover', 'Takemetothemoon', 'Norse Warrior', 'Stone Of Scone', 'J Lordi', 'Blue Dame', 'Storm Burst', 'Golden Fifties']
2026-08-06 12:27:47,959 | INFO | httpx | HTTP Request: GET https://legacy.winningform.co.za/ECP/2F260807_2.htm "HTTP/1.1 200 OK"
2026-08-06 12:27:48,012 | INFO | app.scrapers.winning_form_scraper | runner_table_used columns={'number': 0, 'name': 1, 'length_behind': 2, 'speed_index': 3, 'predicted_time': 4, 'merit': 5, 'weight': 6, 'draw': 7, 'jockey': 9, 'trainer': 10, 'previous_run': 12, 'time': 17} extracted=10 stated=10
2026-08-06 12:27:48,012 | INFO | app.scrapers.winning_form_scraper | race_parsed url=https://legacy.winningform.co.za/ECP/2F260807_2.htm venue=Fairview date=2026-08-07 race=2 stated=10 parsed=10
2026-08-06 12:27:48,012 | INFO | app.scrapers.winning_form_scraper | horse_names=['Touch The Sword', 'Caughtubysurprise', 'Fonte', 'Kim Kay', 'Jewel Mule', 'Redlight Lane', 'Harpa', 'World Of Diamonds', 'Without Hesitation', 'Gallic Greeting']
2026-08-06 12:27:48,196 | INFO | httpx | HTTP Request: GET https://legacy.winningform.co.za/ECP/2F260807_3.htm "HTTP/1.1 200 OK"
2026-08-06 12:27:48,324 | INFO | app.scrapers.winning_form_scraper | runner_table_used columns={'number': 0, 'name': 1, 'length_behind': 2, 'speed_index': 3, 'predicted_time': 4, 'merit': 5, 'weight': 6, 'draw': 7, 'jockey': 9, 'trainer': 10, 'previous_run': 12, 'time': 17} extracted=9 stated=9
2026-08-06 12:27:48,325 | INFO | app.scrapers.winning_form_scraper | race_parsed url=https://legacy.winningform.co.za/ECP/2F260807_3.htm venue=Fairview date=2026-08-07 race=3 stated=9 parsed=9
2026-08-06 12:27:48,325 | INFO | app.scrapers.winning_form_scraper | horse_names=['Frequent Traveller', 'Secret Eruption', 'Witching Hour', 'Lady Limoncello', 'Lady Of Fate', 'Blue Crystal', 'Island Jewel', 'Burning Desire', 'Total Eruption']
2026-08-06 12:27:48,504 | INFO | httpx | HTTP Request: GET https://legacy.winningform.co.za/ECP/2F260807_4.htm "HTTP/1.1 200 OK"
2026-08-06 12:27:48,573 | INFO | app.scrapers.winning_form_scraper | runner_table_used columns={'number': 0, 'name': 1, 'length_behind': 2, 'speed_index': 3, 'predicted_time': 4, 'merit': 5, 'weight': 6, 'draw': 7, 'jockey': 9, 'trainer': 10, 'previous_run': 12, 'time': 17} extracted=9 stated=9
2026-08-06 12:27:48,573 | INFO | app.scrapers.winning_form_scraper | race_parsed url=https://legacy.winningform.co.za/ECP/2F260807_4.htm venue=Fairview date=2026-08-07 race=4 stated=9 parsed=9
2026-08-06 12:27:48,573 | INFO | app.scrapers.winning_form_scraper | horse_names=['Home Reef', 'Makhachev', 'Anatolian Silver', 'Global Ally', 'Richardthefearless', 'Wild Fig', 'Hollandia Bakkerij', 'Flight Display', 'Johnny Drama']
2026-08-06 12:27:48,738 | INFO | httpx | HTTP Request: GET https://legacy.winningform.co.za/ECP/2F260807_5.htm "HTTP/1.1 200 OK"
2026-08-06 12:27:48,803 | INFO | app.scrapers.winning_form_scraper | runner_table_used columns={'number': 0, 'name': 1, 'length_behind': 2, 'speed_index': 3, 'predicted_time': 4, 'merit': 5, 'weight': 6, 'draw': 7, 'jockey': 9, 'trainer': 10, 'previous_run': 12, 'time': 17} extracted=10 stated=10
2026-08-06 12:27:48,804 | INFO | app.scrapers.winning_form_scraper | race_parsed url=https://legacy.winningform.co.za/ECP/2F260807_5.htm venue=Fairview date=2026-08-07 race=5 stated=10 parsed=10
2026-08-06 12:27:48,804 | INFO | app.scrapers.winning_form_scraper | horse_names=['King Viserys', 'Cheerful Charlie B', 'Green Planet', 'Pedro', 'Lucky Chance', 'Givethatmanabells', 'Umami', 'Star Of Elena', 'Celtic Rush', 'Nautical Landing']
2026-08-06 12:27:49,005 | INFO | httpx | HTTP Request: GET https://legacy.winningform.co.za/ECP/2F260807_6.htm "HTTP/1.1 200 OK"
2026-08-06 12:27:49,088 | INFO | app.scrapers.winning_form_scraper | runner_table_used columns={'number': 0, 'name': 1, 'length_behind': 2, 'speed_index': 3, 'predicted_time': 4, 'merit': 5, 'weight': 6, 'draw': 7, 'jockey': 9, 'trainer': 10, 'previous_run': 12, 'time': 17} extracted=11 stated=11
2026-08-06 12:27:49,088 | INFO | app.scrapers.winning_form_scraper | race_parsed url=https://legacy.winningform.co.za/ECP/2F260807_6.htm venue=Fairview date=2026-08-07 race=6 stated=11 parsed=11
2026-08-06 12:27:49,088 | INFO | app.scrapers.winning_form_scraper | horse_names=['Basingstoke', 'Icy Lancaster', 'Japanese Garden', 'Midnight Music', 'Kilmonivaig', 'Queen Of Jazz', 'Power Of Tiger', 'Daffodil Delight', 'Timeline', 'Gutsy Baby', 'Princess Of Ajiaal']
2026-08-06 12:27:49,270 | INFO | httpx | HTTP Request: GET https://legacy.winningform.co.za/ECP/2F260807_7.htm "HTTP/1.1 200 OK"
2026-08-06 12:27:49,357 | INFO | app.scrapers.winning_form_scraper | runner_table_used columns={'number': 0, 'name': 1, 'length_behind': 2, 'speed_index': 3, 'predicted_time': 4, 'merit': 5, 'weight': 6, 'draw': 7, 'jockey': 9, 'trainer': 10, 'previous_run': 12, 'time': 17} extracted=10 stated=10
2026-08-06 12:27:49,358 | INFO | app.scrapers.winning_form_scraper | race_parsed url=https://legacy.winningform.co.za/ECP/2F260807_7.htm venue=Fairview date=2026-08-07 race=7 stated=10 parsed=10
2026-08-06 12:27:49,358 | INFO | app.scrapers.winning_form_scraper | horse_names=['Coastal Path', 'Stars In Heaven', 'Forest Spy', 'Masked Vigilante', 'Champonelle', 'Stokesy', 'Aquarius', 'Overture', 'Surge Of Power', 'Astronomical Boy']
2026-08-06 12:27:49,535 | INFO | httpx | HTTP Request: GET https://legacy.winningform.co.za/ECP/2F260807_8.htm "HTTP/1.1 200 OK"
2026-08-06 12:27:49,627 | INFO | app.scrapers.winning_form_scraper | runner_table_used columns={'number': 0, 'name': 1, 'length_behind': 2, 'speed_index': 3, 'predicted_time': 4, 'merit': 5, 'weight': 6, 'draw': 7, 'jockey': 9, 'trainer': 10, 'previous_run': 12, 'time': 17} extracted=11 stated=11
2026-08-06 12:27:49,627 | INFO | app.scrapers.winning_form_scraper | race_parsed url=https://legacy.winningform.co.za/ECP/2F260807_8.htm venue=Fairview date=2026-08-07 race=8 stated=11 parsed=11
2026-08-06 12:27:49,628 | INFO | app.scrapers.winning_form_scraper | horse_names=['Captain Clever', 'Free World', 'Cape Capri', 'Chief Runner', 'Piton De Neige', 'Wordsworth', 'In The Bag', 'Bumps Last Grind', 'King Rahul', 'Waltzing Doll', 'Truly Magical']
2026-08-06 12:27:49,817 | INFO | httpx | HTTP Request: GET https://legacy.winningform.co.za/GAU/2T260808_1.htm "HTTP/1.1 200 OK"
2026-08-06 12:27:49,898 | INFO | app.scrapers.winning_form_scraper | runner_table_used columns={'number': 0, 'name': 1, 'length_behind': 2, 'speed_index': 3, 'predicted_time': 4, 'merit': 5, 'weight': 6, 'draw': 7, 'jockey': 9, 'trainer': 10, 'previous_run': 12, 'time': 17} extracted=10 stated=10
2026-08-06 12:27:49,898 | INFO | app.scrapers.winning_form_scraper | race_parsed url=https://legacy.winningform.co.za/GAU/2T260808_1.htm venue=Turffontein date=2026-08-08 race=1 stated=10 parsed=10
2026-08-06 12:27:49,898 | INFO | app.scrapers.winning_form_scraper | horse_names=['Midnight Special', 'Platinum Shay', 'Elegant Edge', 'Surreal Song', "Meghan's Diamond", "Master's Lady", 'Charleston Dawn', 'Lazer Light', 'Moonface', 'Jessica Rabbit']
2026-08-06 12:27:50,073 | INFO | httpx | HTTP Request: GET https://legacy.winningform.co.za/GAU/2T260808_2.htm "HTTP/1.1 200 OK"
2026-08-06 12:27:50,117 | INFO | app.scrapers.winning_form_scraper | runner_table_used columns={'number': 0, 'name': 1, 'length_behind': 2, 'speed_index': 3, 'predicted_time': 4, 'merit': 5, 'weight': 6, 'draw': 7, 'jockey': 9, 'trainer': 10, 'previous_run': 12, 'time': 17} extracted=7 stated=7
2026-08-06 12:27:50,117 | INFO | app.scrapers.winning_form_scraper | race_parsed url=https://legacy.winningform.co.za/GAU/2T260808_2.htm venue=Turffontein date=2026-08-08 race=2 stated=7 parsed=7
2026-08-06 12:27:50,117 | INFO | app.scrapers.winning_form_scraper | horse_names=['Shining Sun', 'Royale Jacket', 'Be The One', 'Seventh Fleet', 'Moethemoneyman', 'From The Get Go', 'Mirum']
2026-08-06 12:27:50,268 | INFO | httpx | HTTP Request: GET https://legacy.winningform.co.za/GAU/2T260808_3.htm "HTTP/1.1 200 OK"
2026-08-06 12:27:50,324 | INFO | app.scrapers.winning_form_scraper | runner_table_used columns={'number': 0, 'name': 1, 'length_behind': 2, 'speed_index': 3, 'predicted_time': 4, 'merit': 5, 'weight': 6, 'draw': 7, 'jockey': 9, 'trainer': 10, 'previous_run': 12, 'time': 17} extracted=7 stated=7
2026-08-06 12:27:50,324 | INFO | app.scrapers.winning_form_scraper | race_parsed url=https://legacy.winningform.co.za/GAU/2T260808_3.htm venue=Turffontein date=2026-08-08 race=3 stated=7 parsed=7
2026-08-06 12:27:50,325 | INFO | app.scrapers.winning_form_scraper | horse_names=["Destiny's Dream", 'Empress Of Peace', 'Be All You Can Be', "Nicci's Law", 'Hot Choice', 'Nicolson Landing', 'Future Red']
2026-08-06 12:27:50,494 | INFO | httpx | HTTP Request: GET https://legacy.winningform.co.za/GAU/2T260808_4.htm "HTTP/1.1 200 OK"
2026-08-06 12:27:50,544 | INFO | app.scrapers.winning_form_scraper | runner_table_used columns={'number': 0, 'name': 1, 'length_behind': 2, 'speed_index': 3, 'predicted_time': 4, 'merit': 5, 'weight': 6, 'draw': 7, 'jockey': 9, 'trainer': 10, 'previous_run': 12, 'time': 17} extracted=7 stated=7
2026-08-06 12:27:50,545 | INFO | app.scrapers.winning_form_scraper | race_parsed url=https://legacy.winningform.co.za/GAU/2T260808_4.htm venue=Turffontein date=2026-08-08 race=4 stated=7 parsed=7
2026-08-06 12:27:50,545 | INFO | app.scrapers.winning_form_scraper | horse_names=["Fire 'n Flames", 'Palace Prince', 'Hotarubi', "King's Express", 'The Equator', 'Royal Invitation', 'Hawkbill']
2026-08-06 12:27:50,738 | INFO | httpx | HTTP Request: GET https://legacy.winningform.co.za/GAU/2T260808_5.htm "HTTP/1.1 200 OK"
2026-08-06 12:27:50,801 | INFO | app.scrapers.winning_form_scraper | runner_table_used columns={'number': 0, 'name': 1, 'length_behind': 2, 'speed_index': 3, 'predicted_time': 4, 'merit': 5, 'weight': 6, 'draw': 7, 'jockey': 9, 'trainer': 10, 'previous_run': 12, 'time': 17} extracted=11 stated=11
2026-08-06 12:27:50,801 | INFO | app.scrapers.winning_form_scraper | race_parsed url=https://legacy.winningform.co.za/GAU/2T260808_5.htm venue=Turffontein date=2026-08-08 race=5 stated=11 parsed=11
2026-08-06 12:27:50,801 | INFO | app.scrapers.winning_form_scraper | horse_names=['Max The Magician', 'Vibe Sa', 'Espinoza', 'Antonio Gaudi', 'Blizzard Snow', 'African Prince', "Dante's Bond", 'Richard The First', 'Titan Of The Turf', 'Famous Lady', 'Kudikaran']
2026-08-06 12:27:50,964 | INFO | httpx | HTTP Request: GET https://legacy.winningform.co.za/GAU/2T260808_6.htm "HTTP/1.1 200 OK"
2026-08-06 12:27:51,015 | INFO | app.scrapers.winning_form_scraper | runner_table_used columns={'number': 0, 'name': 1, 'length_behind': 2, 'speed_index': 3, 'predicted_time': 4, 'merit': 5, 'weight': 6, 'draw': 7, 'jockey': 9, 'trainer': 10, 'previous_run': 12, 'time': 17} extracted=8 stated=8
2026-08-06 12:27:51,015 | INFO | app.scrapers.winning_form_scraper | race_parsed url=https://legacy.winningform.co.za/GAU/2T260808_6.htm venue=Turffontein date=2026-08-08 race=6 stated=8 parsed=8
2026-08-06 12:27:51,015 | INFO | app.scrapers.winning_form_scraper | horse_names=['Eight Hats', 'Kortvandraad', 'Pretty Analia', 'Concordia', 'Secret Life', 'Mattiazo', "Master's Rose", 'Way To Burn']
2026-08-06 12:27:51,191 | INFO | httpx | HTTP Request: GET https://legacy.winningform.co.za/GAU/2T260808_7.htm "HTTP/1.1 200 OK"
2026-08-06 12:27:51,251 | INFO | app.scrapers.winning_form_scraper | runner_table_used columns={'number': 0, 'name': 1, 'length_behind': 2, 'speed_index': 3, 'predicted_time': 4, 'merit': 5, 'weight': 6, 'draw': 7, 'jockey': 9, 'trainer': 10, 'previous_run': 12, 'time': 17} extracted=9 stated=9
2026-08-06 12:27:51,251 | INFO | app.scrapers.winning_form_scraper | race_parsed url=https://legacy.winningform.co.za/GAU/2T260808_7.htm venue=Turffontein date=2026-08-08 race=7 stated=9 parsed=9
2026-08-06 12:27:51,251 | INFO | app.scrapers.winning_form_scraper | horse_names=['Gran Canaria', 'Olympian Gold', 'The Africa House', 'Ariovistus', 'Master Christmas', 'Trombolines', 'Oklahoma Smokeshow', 'Birthright', 'Texas Missile']
2026-08-06 12:27:51,420 | INFO | httpx | HTTP Request: GET https://legacy.winningform.co.za/GAU/2T260808_8.htm "HTTP/1.1 200 OK"
2026-08-06 12:27:51,482 | INFO | app.scrapers.winning_form_scraper | runner_table_used columns={'number': 0, 'name': 1, 'length_behind': 2, 'speed_index': 3, 'predicted_time': 4, 'merit': 5, 'weight': 6, 'draw': 7, 'jockey': 9, 'trainer': 10, 'previous_run': 12, 'time': 17} extracted=10 stated=10
2026-08-06 12:27:51,483 | INFO | app.scrapers.winning_form_scraper | race_parsed url=https://legacy.winningform.co.za/GAU/2T260808_8.htm venue=Turffontein date=2026-08-08 race=8 stated=10 parsed=10
2026-08-06 12:27:51,483 | INFO | app.scrapers.winning_form_scraper | horse_names=['American Beauty', 'Boom Boom', 'Sikeloi', 'Into Dancing', 'Pearl In Her Crown', 'Merryweather', 'Fire In Her Soul', 'Glamorous Lady', 'Hoc Est Vita', 'Lava Lamp']
2026-08-06 12:27:51,667 | INFO | httpx | HTTP Request: GET https://legacy.winningform.co.za/GAU/2T260808_9.htm "HTTP/1.1 200 OK"
2026-08-06 12:27:51,722 | INFO | app.scrapers.winning_form_scraper | runner_table_used columns={'number': 0, 'name': 1, 'length_behind': 2, 'speed_index': 3, 'predicted_time': 4, 'merit': 5, 'weight': 6, 'draw': 7, 'jockey': 9, 'trainer': 10, 'previous_run': 12, 'time': 17} extracted=8 stated=8
2026-08-06 12:27:51,722 | INFO | app.scrapers.winning_form_scraper | race_parsed url=https://legacy.winningform.co.za/GAU/2T260808_9.htm venue=Turffontein date=2026-08-08 race=9 stated=8 parsed=8
2026-08-06 12:27:51,722 | INFO | app.scrapers.winning_form_scraper | horse_names=['Zip Code', 'Bay Empire', "Can't Catch Me", 'Six Of All', 'Michael Faraday', 'Dondoyaki', 'Spy Story', 'Sail The Sky']
2026-08-06 12:27:51,871 | INFO | httpx | HTTP Request: GET https://legacy.winningform.co.za/KZN/2S260809_1.htm "HTTP/1.1 200 OK"
2026-08-06 12:27:51,915 | INFO | app.scrapers.winning_form_scraper | runner_table_used columns={'number': 0, 'name': 1, 'length_behind': 2, 'speed_index': 3, 'predicted_time': 4, 'merit': 5, 'weight': 6, 'draw': 7, 'jockey': 9, 'trainer': 10, 'previous_run': 12, 'time': 17} extracted=9 stated=9
2026-08-06 12:27:51,916 | INFO | app.scrapers.winning_form_scraper | race_parsed url=https://legacy.winningform.co.za/KZN/2S260809_1.htm venue=Hollywoodbets Scottsville Outer date=2026-08-09 race=1 stated=9 parsed=9
2026-08-06 12:27:51,916 | INFO | app.scrapers.winning_form_scraper | horse_names=['Tipperary', "Scott's Bar", 'Theodore Rooseveld', 'Praetorian Guard', 'Joy N Hope', 'Bicameral', 'Elusive Diamond', 'Maggiano', 'Grand Tour']
2026-08-06 12:27:52,054 | INFO | httpx | HTTP Request: GET https://legacy.winningform.co.za/KZN/2S260809_2.htm "HTTP/1.1 200 OK"
2026-08-06 12:27:52,103 | INFO | app.scrapers.winning_form_scraper | runner_table_used columns={'number': 0, 'name': 1, 'length_behind': 2, 'speed_index': 3, 'predicted_time': 4, 'merit': 5, 'weight': 6, 'draw': 7, 'jockey': 9, 'trainer': 10, 'previous_run': 12, 'time': 17} extracted=9 stated=9
2026-08-06 12:27:52,103 | INFO | app.scrapers.winning_form_scraper | race_parsed url=https://legacy.winningform.co.za/KZN/2S260809_2.htm venue=Hollywoodbets Scottsville Outer date=2026-08-09 race=2 stated=9 parsed=9
2026-08-06 12:27:52,103 | INFO | app.scrapers.winning_form_scraper | horse_names=["Rocco's Peace", 'Xiphos', 'Snow Warrior', 'Majestic Limpopo', 'Sebastiaan', 'Diaval', 'Gimme The Sun', 'Hello Handsome', 'Bello Gallico']
2026-08-06 12:27:52,250 | INFO | httpx | HTTP Request: GET https://legacy.winningform.co.za/KZN/2S260809_3.htm "HTTP/1.1 200 OK"
2026-08-06 12:27:52,398 | INFO | app.scrapers.winning_form_scraper | runner_table_used columns={'number': 0, 'name': 1, 'length_behind': 2, 'speed_index': 3, 'predicted_time': 4, 'merit': 5, 'weight': 6, 'draw': 7, 'jockey': 9, 'trainer': 10, 'previous_run': 12, 'time': 17} extracted=7 stated=7
2026-08-06 12:27:52,398 | INFO | app.scrapers.winning_form_scraper | race_parsed url=https://legacy.winningform.co.za/KZN/2S260809_3.htm venue=Hollywoodbets Scottsville Inner date=2026-08-09 race=3 stated=7 parsed=7
2026-08-06 12:27:52,398 | INFO | app.scrapers.winning_form_scraper | horse_names=['Vaans Spirit', 'Hop Hop Spinnekop', 'Gold Gold Baby', 'Heavenly Mafia', "Taylor's Version", 'Praise De La Rey', 'Princess Trippi']
2026-08-06 12:27:52,554 | INFO | httpx | HTTP Request: GET https://legacy.winningform.co.za/KZN/2S260809_4.htm "HTTP/1.1 200 OK"
2026-08-06 12:27:52,587 | INFO | app.scrapers.winning_form_scraper | runner_table_used columns={'number': 0, 'name': 1, 'length_behind': 2, 'speed_index': 3, 'predicted_time': 4, 'merit': 5, 'weight': 6, 'draw': 7, 'jockey': 9, 'trainer': 10, 'previous_run': 12, 'time': 17} extracted=8 stated=8
2026-08-06 12:27:52,588 | INFO | app.scrapers.winning_form_scraper | race_parsed url=https://legacy.winningform.co.za/KZN/2S260809_4.htm venue=Hollywoodbets Scottsville Inner date=2026-08-09 race=4 stated=8 parsed=8
2026-08-06 12:27:52,588 | INFO | app.scrapers.winning_form_scraper | horse_names=['Deonarie', 'Runthruthejungle', 'Judiciary', 'Dreadnought', 'Old Harry Rocks', 'Chakalaka', 'All About Me', 'Preux Chavalier']
2026-08-06 12:27:52,735 | INFO | httpx | HTTP Request: GET https://legacy.winningform.co.za/KZN/2S260809_5.htm "HTTP/1.1 200 OK"
2026-08-06 12:27:52,788 | INFO | app.scrapers.winning_form_scraper | runner_table_used columns={'number': 0, 'name': 1, 'length_behind': 2, 'speed_index': 3, 'predicted_time': 4, 'merit': 5, 'weight': 6, 'draw': 7, 'jockey': 9, 'trainer': 10, 'previous_run': 12, 'time': 17} extracted=8 stated=8
2026-08-06 12:27:52,788 | INFO | app.scrapers.winning_form_scraper | race_parsed url=https://legacy.winningform.co.za/KZN/2S260809_5.htm venue=Hollywoodbets Scottsville Inner date=2026-08-09 race=5 stated=8 parsed=8
2026-08-06 12:27:52,789 | INFO | app.scrapers.winning_form_scraper | horse_names=['Parisian Walkway', 'Powerandtheglory', 'Captain West', 'Cardinal Chief', 'Bruh', 'Bangladesh', 'Heal And Soul', 'Mr Fixit']
2026-08-06 12:27:52,995 | INFO | httpx | HTTP Request: GET https://legacy.winningform.co.za/KZN/2S260809_6.htm "HTTP/1.1 200 OK"
2026-08-06 12:27:53,122 | INFO | app.scrapers.winning_form_scraper | runner_table_used columns={'number': 0, 'name': 1, 'length_behind': 2, 'speed_index': 3, 'predicted_time': 4, 'merit': 5, 'weight': 6, 'draw': 7, 'jockey': 9, 'trainer': 10, 'previous_run': 12, 'time': 17} extracted=11 stated=11
2026-08-06 12:27:53,122 | INFO | app.scrapers.winning_form_scraper | race_parsed url=https://legacy.winningform.co.za/KZN/2S260809_6.htm venue=Hollywoodbets Scottsville Inner date=2026-08-09 race=6 stated=11 parsed=11
2026-08-06 12:27:53,123 | INFO | app.scrapers.winning_form_scraper | horse_names=['Run To Rio', 'Jazz Festival', 'Mister Nibbles', 'Radu', 'Power Star', 'Galaxy Explorer', "Kimball O'hara", 'Twilight Warrior', 'I Am Classy', 'Irish Anthem', 'Twocantango']
2026-08-06 12:27:53,547 | INFO | httpx | HTTP Request: GET https://legacy.winningform.co.za/KZN/2S260809_7.htm "HTTP/1.1 200 OK"
2026-08-06 12:27:53,600 | INFO | app.scrapers.winning_form_scraper | runner_table_used columns={'number': 0, 'name': 1, 'length_behind': 2, 'speed_index': 3, 'predicted_time': 4, 'merit': 5, 'weight': 6, 'draw': 7, 'jockey': 9, 'trainer': 10, 'previous_run': 12, 'time': 17} extracted=7 stated=7
2026-08-06 12:27:53,600 | INFO | app.scrapers.winning_form_scraper | race_parsed url=https://legacy.winningform.co.za/KZN/2S260809_7.htm venue=Hollywoodbets Scottsville Inner date=2026-08-09 race=7 stated=7 parsed=7
2026-08-06 12:27:53,601 | INFO | app.scrapers.winning_form_scraper | horse_names=['Scarlet Macaw', 'La Landonne', 'Miss Ladyaterix', 'Perilla', 'Limitless Sky', 'Lilac In Winter', 'Hierkommiebokkie']
2026-08-06 12:27:53,839 | INFO | httpx | HTTP Request: GET https://legacy.winningform.co.za/KZN/2S260809_8.htm "HTTP/1.1 200 OK"
2026-08-06 12:27:53,909 | INFO | app.scrapers.winning_form_scraper | runner_table_used columns={'number': 0, 'name': 1, 'length_behind': 2, 'speed_index': 3, 'predicted_time': 4, 'merit': 5, 'weight': 6, 'draw': 7, 'jockey': 9, 'trainer': 10, 'previous_run': 12, 'time': 17} extracted=12 stated=12
2026-08-06 12:27:53,910 | INFO | app.scrapers.winning_form_scraper | race_parsed url=https://legacy.winningform.co.za/KZN/2S260809_8.htm venue=Hollywoodbets Scottsville Outer date=2026-08-09 race=8 stated=12 parsed=12
2026-08-06 12:27:53,910 | INFO | app.scrapers.winning_form_scraper | horse_names=['Clair De Lune', 'Ruby Rising', 'Scarlet Starlet', 'Call Me Jane', 'Fascination', 'Arverni Princess', 'Captain Ventura', 'Vision To Achieve', 'Emerald Forge', 'Royal Crest', 'Durban Diamond', 'Grue Of Ice']
2026-08-06 12:27:54,098 | INFO | httpx | HTTP Request: GET https://legacy.winningform.co.za/GAU/2P260810_1.htm "HTTP/1.1 200 OK"
2026-08-06 12:27:54,154 | INFO | app.scrapers.winning_form_scraper | runner_table_used columns={'number': 0, 'name': 1, 'length_behind': 2, 'speed_index': 3, 'predicted_time': 4, 'merit': 5, 'weight': 6, 'draw': 7, 'jockey': 9, 'trainer': 10, 'previous_run': 12, 'time': 17} extracted=10 stated=10
2026-08-06 12:27:54,154 | INFO | app.scrapers.winning_form_scraper | race_parsed url=https://legacy.winningform.co.za/GAU/2P260810_1.htm venue=Fairview Polytrack date=2026-08-10 race=1 stated=10 parsed=10
2026-08-06 12:27:54,155 | INFO | app.scrapers.winning_form_scraper | horse_names=["Monkey's Wedding", 'Masterofthebaroque', 'Capranica', 'Dead Poets Society', 'Window To My Soul', 'Straight Red', 'Luca Da Wheels', 'Lyrics And Songs', 'Island Jewel', 'Fleet Return']
2026-08-06 12:27:54,423 | INFO | httpx | HTTP Request: GET https://legacy.winningform.co.za/GAU/2P260810_2.htm "HTTP/1.1 200 OK"
2026-08-06 12:27:54,461 | INFO | app.scrapers.winning_form_scraper | runner_table_used columns={'number': 0, 'name': 1, 'length_behind': 2, 'speed_index': 3, 'predicted_time': 4, 'merit': 5, 'weight': 6, 'draw': 7, 'jockey': 9, 'trainer': 10, 'previous_run': 12, 'time': 17} extracted=7 stated=7
2026-08-06 12:27:54,462 | INFO | app.scrapers.winning_form_scraper | race_parsed url=https://legacy.winningform.co.za/GAU/2P260810_2.htm venue=Fairview Polytrack date=2026-08-10 race=2 stated=7 parsed=7
2026-08-06 12:27:54,462 | INFO | app.scrapers.winning_form_scraper | horse_names=['Gimmethegold', 'Love From Afar', 'Xtines Princess', 'Apples And Tea', 'Makajima', 'Norse Warrior', 'Playmaker']
2026-08-06 12:27:54,613 | INFO | httpx | HTTP Request: GET https://legacy.winningform.co.za/GAU/2P260810_3.htm "HTTP/1.1 200 OK"
2026-08-06 12:27:54,655 | INFO | app.scrapers.winning_form_scraper | runner_table_used columns={'number': 0, 'name': 1, 'length_behind': 2, 'speed_index': 3, 'predicted_time': 4, 'merit': 5, 'weight': 6, 'draw': 7, 'jockey': 9, 'trainer': 10, 'previous_run': 12, 'time': 17} extracted=6 stated=6
2026-08-06 12:27:54,655 | INFO | app.scrapers.winning_form_scraper | race_parsed url=https://legacy.winningform.co.za/GAU/2P260810_3.htm venue=Fairview Polytrack date=2026-08-10 race=3 stated=6 parsed=6
2026-08-06 12:27:54,655 | INFO | app.scrapers.winning_form_scraper | horse_names=['Rhythm', 'Warrior Of Royalty', "Slash 'n Burn", 'Chocolate Bomb', 'Bumps Last Grind', 'Master Mtoto']
2026-08-06 12:27:54,801 | INFO | httpx | HTTP Request: GET https://legacy.winningform.co.za/GAU/2P260810_4.htm "HTTP/1.1 200 OK"
2026-08-06 12:27:54,865 | INFO | app.scrapers.winning_form_scraper | runner_table_used columns={'number': 0, 'name': 1, 'length_behind': 2, 'speed_index': 3, 'predicted_time': 4, 'merit': 5, 'weight': 6, 'draw': 7, 'jockey': 9, 'trainer': 10, 'previous_run': 12, 'time': 17} extracted=8 stated=8
2026-08-06 12:27:54,865 | INFO | app.scrapers.winning_form_scraper | race_parsed url=https://legacy.winningform.co.za/GAU/2P260810_4.htm venue=Fairview Polytrack date=2026-08-10 race=4 stated=8 parsed=8
2026-08-06 12:27:54,866 | INFO | app.scrapers.winning_form_scraper | horse_names=['Kings Again', 'Gorgeous Cape', 'Sports Fan', 'Sweet Julia', 'Roaming Spirit', 'Detailed Forecast', 'Gaslight Dancer', 'Windsor Silk']
2026-08-06 12:27:55,027 | INFO | httpx | HTTP Request: GET https://legacy.winningform.co.za/GAU/2P260810_5.htm "HTTP/1.1 200 OK"
2026-08-06 12:27:55,064 | INFO | app.scrapers.winning_form_scraper | runner_table_used columns={'number': 0, 'name': 1, 'length_behind': 2, 'speed_index': 3, 'predicted_time': 4, 'merit': 5, 'weight': 6, 'draw': 7, 'jockey': 9, 'trainer': 10, 'previous_run': 12, 'time': 17} extracted=8 stated=8
2026-08-06 12:27:55,064 | INFO | app.scrapers.winning_form_scraper | race_parsed url=https://legacy.winningform.co.za/GAU/2P260810_5.htm venue=Fairview Polytrack date=2026-08-10 race=5 stated=8 parsed=8
2026-08-06 12:27:55,065 | INFO | app.scrapers.winning_form_scraper | horse_names=['Spirit Of Nical', 'Tp Thunderchild', "You're My Angel", 'Rare Earth', 'Looking Good', 'Queen Of Castille', 'Jazz Away', 'Love You Lots']
2026-08-06 12:27:55,252 | INFO | httpx | HTTP Request: GET https://legacy.winningform.co.za/GAU/2P260810_6.htm "HTTP/1.1 200 OK"
2026-08-06 12:27:55,312 | INFO | app.scrapers.winning_form_scraper | runner_table_used columns={'number': 0, 'name': 1, 'length_behind': 2, 'speed_index': 3, 'predicted_time': 4, 'merit': 5, 'weight': 6, 'draw': 7, 'jockey': 9, 'trainer': 10, 'previous_run': 12, 'time': 17} extracted=9 stated=9
2026-08-06 12:27:55,312 | INFO | app.scrapers.winning_form_scraper | race_parsed url=https://legacy.winningform.co.za/GAU/2P260810_6.htm venue=Fairview Polytrack date=2026-08-10 race=6 stated=9 parsed=9
2026-08-06 12:27:55,313 | INFO | app.scrapers.winning_form_scraper | horse_names=['El Capitan', "Honorine's Gimmie", 'Notorix', 'Diablo', 'Charlie Malone', 'Eugenius', 'Ayuwi Yuwi', "Clara Lume'", 'Clairwood Rose']
2026-08-06 12:27:55,515 | INFO | httpx | HTTP Request: GET https://legacy.winningform.co.za/GAU/2P260810_7.htm "HTTP/1.1 200 OK"
2026-08-06 12:27:55,581 | INFO | app.scrapers.winning_form_scraper | runner_table_used columns={'number': 0, 'name': 1, 'length_behind': 2, 'speed_index': 3, 'predicted_time': 4, 'merit': 5, 'weight': 6, 'draw': 7, 'jockey': 9, 'trainer': 10, 'previous_run': 12, 'time': 17} extracted=8 stated=8
2026-08-06 12:27:55,581 | INFO | app.scrapers.winning_form_scraper | race_parsed url=https://legacy.winningform.co.za/GAU/2P260810_7.htm venue=Fairview Polytrack date=2026-08-10 race=7 stated=8 parsed=8
2026-08-06 12:27:55,581 | INFO | app.scrapers.winning_form_scraper | horse_names=['Kleinzee', 'Royal Missy', 'Silvonian', 'Honorable Member', 'George Handel', 'Ingqwele', 'Royal City Girl', 'Terminator']
2026-08-06 12:27:55,781 | INFO | httpx | HTTP Request: GET https://legacy.winningform.co.za/GAU/2P260810_8.htm "HTTP/1.1 200 OK"
2026-08-06 12:27:55,877 | INFO | app.scrapers.winning_form_scraper | runner_table_used columns={'number': 0, 'name': 1, 'length_behind': 2, 'speed_index': 3, 'predicted_time': 4, 'merit': 5, 'weight': 6, 'draw': 7, 'jockey': 9, 'trainer': 10, 'previous_run': 12, 'time': 17} extracted=13 stated=13
2026-08-06 12:27:55,877 | INFO | app.scrapers.winning_form_scraper | race_parsed url=https://legacy.winningform.co.za/GAU/2P260810_8.htm venue=Fairview Polytrack date=2026-08-10 race=8 stated=13 parsed=13
2026-08-06 12:27:55,877 | INFO | app.scrapers.winning_form_scraper | horse_names=['Past And Present', 'Supreme Judge', 'El Romiachi', 'Amanzimtexas', 'Hospices De Beaune', 'Blue Palace', 'Fantine', 'Sabrage', 'King Rahul', 'Northern Kitten', 'Gimme The Truth', 'Greek Heiress', 'Dream Decision']
2026-08-06 12:27:55,927 | INFO | app.services.monitoring_service | monitoring_cycle_completed
2026-08-06 12:27:55,927 | INFO | app.main | application_started
2026-08-06 12:42:19,854 | INFO | apscheduler.scheduler | Scheduler has been shut down
2026-08-06 12:42:19,858 | INFO | app.main | application_stopped
